Date,Open,High,Low,Close,Adj Close,Volume
2005-01-21,16.000000,16.200001,15.500000,16.000000,12.753256,22145000
2005-01-24,16.049999,16.080000,16.000000,16.000000,12.753256,3509900
2005-01-25,16.000000,16.010000,15.500000,15.650000,12.474279,2995500
2005-01-26,15.550000,15.630000,15.500000,15.590000,12.426454,1467500
2005-01-27,15.590000,15.850000,15.100000,15.780000,12.577898,858000
2005-01-28,15.800000,16.020000,15.780000,16.000000,12.753256,697300
2005-01-31,16.049999,16.260000,16.020000,16.129999,12.856874,1641900
2005-02-01,16.129999,16.280001,16.000000,16.200001,12.912668,838100
2005-02-02,16.200001,16.340000,16.160000,16.200001,12.912668,759200
2005-02-03,16.209999,16.209999,15.990000,16.010000,12.761224,729500
2005-02-04,16.040001,16.070000,16.000000,16.040001,12.785145,926600
2005-02-07,16.030001,16.100000,15.750000,15.750000,12.553983,1128300
2005-02-08,15.750000,16.000000,15.710000,15.800000,12.593842,274900
2005-02-09,15.830000,15.940000,15.680000,15.790000,12.585869,410500
2005-02-10,15.700000,15.710000,15.500000,15.580000,12.418486,551600
2005-02-11,15.520000,15.740000,15.250000,15.570000,12.410510,842000
2005-02-14,15.300000,15.650000,15.100000,15.600000,12.434423,652500
2005-02-15,15.570000,16.000000,15.550000,15.940000,12.705434,438400
2005-02-16,15.950000,16.139999,15.810000,16.100000,12.832965,514800
2005-02-17,16.150000,16.700001,16.110001,16.500000,13.151792,928500
2005-02-18,16.570000,16.799999,16.400000,16.740000,13.343095,2403100
2005-02-22,16.520000,16.790001,16.370001,16.450001,13.111942,782700
2005-02-23,16.400000,16.750000,16.350000,16.600000,13.231502,474500
2005-02-24,16.510000,16.750000,16.450001,16.750000,13.351065,483000
2005-02-25,16.750000,17.270000,16.750000,17.270000,13.765542,1240600
2005-02-28,17.250000,17.250000,16.549999,16.700001,13.311209,993300
2005-03-01,16.680000,16.680000,16.120001,16.160000,12.880788,916800
2005-03-02,16.549999,16.709999,16.049999,16.360001,13.040209,1275400
2005-03-03,16.500000,16.700001,16.250000,16.250000,12.952523,836400
2005-03-04,16.400000,16.760000,16.350000,16.510000,13.159767,1138700
2005-03-07,16.680000,17.160000,16.670000,17.090000,13.622072,1395900
2005-03-08,17.450001,17.450001,17.200001,17.250000,13.749606,1201500
2005-03-09,17.500000,18.240000,17.360001,17.950001,14.307559,1465300
2005-03-10,17.950001,18.090000,17.389999,17.900000,14.267703,966700
2005-03-11,18.049999,18.080000,17.900000,18.000000,14.347413,722300
2005-03-14,18.030001,18.160000,17.420000,17.850000,14.227852,1093100
2005-03-15,17.980000,18.250000,17.520000,17.650000,14.068437,687800
2005-03-16,17.450001,17.700001,17.180000,17.320000,13.805397,726300
2005-03-17,17.219999,17.500000,17.219999,17.389999,13.861197,301200
2005-03-18,17.350000,17.400000,17.170000,17.260000,13.757575,383200
2005-03-21,17.260000,17.350000,16.760000,16.950001,13.510483,394800
2005-03-22,17.070000,17.139999,16.990000,16.990000,13.542368,282500
2005-03-23,17.000000,17.299999,16.700001,16.900000,13.470630,767300
2005-03-24,18.150000,18.650000,17.750000,18.090000,14.419146,2373600
2005-03-28,18.299999,18.340000,17.780001,17.830000,14.211907,732200
2005-03-29,17.780001,18.000000,17.400000,17.410000,13.877133,457300
2005-03-30,17.469999,17.850000,17.450001,17.700001,14.108295,522800
2005-03-31,17.700001,18.200001,17.700001,17.990000,14.339445,1568500
2005-04-01,17.990000,18.160000,17.500000,18.100000,14.427119,472000
2005-04-04,18.020000,18.049999,17.160000,17.389999,13.861197,317800
2005-04-05,17.389999,17.430000,17.150000,17.330000,13.813375,294900
2005-04-06,17.400000,17.480000,17.200001,17.250000,13.749606,339900
2005-04-07,17.250000,17.389999,17.129999,17.280001,13.773519,148700
2005-04-08,17.180000,17.180000,17.020000,17.020000,13.566278,256800
2005-04-11,17.049999,17.139999,16.980000,17.080000,13.614103,198600
2005-04-12,17.070000,17.309999,16.719999,17.309999,13.797430,353600
2005-04-13,17.309999,17.309999,16.790001,16.809999,13.398885,307000
2005-04-14,16.799999,16.870001,16.129999,16.180000,12.896732,393000
2005-04-15,16.170000,16.170000,15.530000,15.650000,12.474279,367600
2005-04-18,15.000000,15.360000,14.950000,15.300000,12.195298,887200
2005-04-19,15.500000,15.600000,15.350000,15.600000,12.434423,583900
2005-04-20,15.630000,15.690000,15.050000,15.100000,12.035885,186800
2005-04-21,15.200000,15.380000,15.070000,15.240000,12.147477,989500
2005-04-22,15.150000,15.210000,14.700000,15.000000,11.956174,858800
2005-04-25,15.050000,15.270000,15.000000,15.270000,12.171390,438900
2005-04-26,15.270000,15.320000,14.750000,14.780000,11.780823,408600
2005-04-27,14.780000,14.780000,14.200000,14.300000,11.398221,496200
2005-04-28,14.320000,14.410000,14.060000,14.100000,11.238806,445600
2005-04-29,14.500000,14.700000,14.290000,14.550000,11.597491,874600
2005-05-02,14.600000,15.120000,14.600000,15.120000,12.051828,862700
2005-05-03,15.020000,15.350000,15.020000,15.120000,12.051828,353400
2005-05-04,15.150000,15.210000,15.000000,15.210000,12.123566,573700
2005-05-05,15.220000,15.570000,15.160000,15.500000,12.354712,517700
2005-05-06,15.550000,15.770000,15.410000,15.470000,12.330802,335500
2005-05-09,15.500000,16.000000,15.500000,15.910000,12.681519,839900
2005-05-10,15.750000,16.200001,14.700000,15.150000,12.075740,1417000
2005-05-11,15.140000,15.240000,15.000000,15.090000,12.027915,816500
2005-05-12,15.070000,15.280000,14.680000,14.850000,11.836617,770900
2005-05-13,14.850000,14.900000,14.250000,14.260000,11.366340,420000
2005-05-16,14.300000,14.510000,14.060000,14.060000,11.206924,592700
2005-05-17,14.080000,14.160000,13.540000,14.160000,11.286635,805600
2005-05-18,14.210000,14.810000,14.080000,14.640000,11.669230,640000
2005-05-19,15.450000,15.450000,15.110000,15.280000,12.179358,698600
2005-05-20,15.400000,15.670000,15.250000,15.550000,12.394570,381100
2005-05-23,15.600000,16.299999,15.510000,16.250000,12.952523,756600
2005-05-24,16.250000,16.250000,15.800000,16.100000,12.832965,592200
2005-05-25,16.020000,16.110001,15.780000,15.940000,12.705434,336200
2005-05-26,16.040001,16.040001,15.410000,15.620000,12.450369,330900
2005-05-27,15.600000,15.630000,15.200000,15.530000,12.378626,297500
2005-05-31,15.520000,15.530000,15.320000,15.480000,12.338776,261900
2005-06-01,15.500000,15.940000,15.500000,15.760000,12.561957,457000
2005-06-02,15.700000,15.950000,15.640000,15.950000,12.713405,333500
2005-06-03,15.900000,15.900000,15.800000,15.880000,12.657606,195900
2005-06-06,15.870000,15.870000,15.800000,15.850000,12.633690,295100
2005-06-07,15.900000,15.900000,15.690000,15.820000,12.609780,247100
2005-06-08,15.810000,15.810000,15.740000,15.790000,12.585869,575200
2005-06-09,15.800000,15.840000,15.750000,15.800000,12.593842,492300
2005-06-10,15.800000,15.800000,15.740000,15.800000,12.593842,236700
2005-06-13,15.750000,15.780000,15.540000,15.640000,12.466307,149600
2005-06-14,15.600000,15.800000,15.550000,15.700000,12.514129,528500
2005-06-15,15.760000,15.870000,15.720000,15.870000,12.649636,1340000
2005-06-16,15.870000,16.379999,15.870000,16.299999,12.992378,633500
2005-06-17,16.350000,16.350000,15.400000,15.650000,12.474279,354400
2005-06-20,15.640000,15.750000,15.200000,15.380000,12.259068,248200
2005-06-21,15.350000,15.600000,15.250000,15.470000,12.330802,191100
2005-06-22,15.520000,15.860000,15.520000,15.860000,12.641663,277900
2005-06-23,15.850000,15.900000,15.570000,15.780000,12.577898,235400
2005-06-24,15.750000,15.850000,15.650000,15.840000,12.625725,482000
2005-06-27,15.840000,15.840000,15.500000,15.670000,12.490224,145700
2005-06-28,15.560000,15.760000,15.560000,15.720000,12.530077,468700
2005-06-29,15.730000,15.860000,15.650000,15.800000,12.593842,713200
2005-06-30,15.800000,15.960000,15.800000,15.890000,12.665582,788200
2005-07-01,15.940000,16.000000,15.890000,15.970000,12.729343,237100
2005-07-05,15.920000,16.059999,15.880000,16.040001,12.785145,244000
2005-07-06,16.020000,16.230000,15.970000,16.219999,12.928611,333500
2005-07-07,16.030001,16.110001,15.880000,16.100000,12.832965,311100
2005-07-08,16.100000,16.250000,15.920000,16.230000,12.936584,1252400
2005-07-11,16.400000,17.010000,16.400000,16.940001,13.502511,766000
2005-07-12,17.100000,17.500000,17.000000,17.420000,13.885108,1072800
2005-07-13,17.410000,17.850000,17.400000,17.780001,14.172053,676900
2005-07-14,17.879999,17.889999,17.549999,17.770000,14.164086,353300
2005-07-15,17.770000,17.980000,17.760000,17.860001,14.235818,281700
2005-07-18,17.150000,17.790001,17.150000,17.690001,14.100320,480900
2005-07-19,17.840000,18.090000,17.660000,17.980000,14.331472,499400
2005-07-20,17.950001,18.469999,17.770000,18.420000,14.682188,1111800
2005-07-21,18.500000,18.700001,18.230000,18.530001,14.769865,600400
2005-07-22,18.500000,18.500000,18.360001,18.420000,14.682188,139000
2005-07-25,18.400000,18.549999,18.379999,18.400000,14.666244,1887400
2005-07-26,18.400000,18.469999,18.100000,18.400000,14.666244,408800
2005-07-27,18.400000,18.850000,18.400000,18.790001,14.977102,331000
2005-07-28,18.700001,18.780001,18.559999,18.700001,14.905379,219700
2005-07-29,18.700001,18.820000,18.500000,18.820000,15.001016,197300
2005-08-01,18.870001,18.870001,18.629999,18.809999,14.993044,199200
2005-08-02,18.799999,18.980000,18.799999,18.879999,15.080919,251200
2005-08-03,18.879999,19.000000,18.570000,18.590000,14.849267,530700
2005-08-04,18.600000,18.600000,18.330000,18.440001,14.729450,1220900
2005-08-05,18.480000,18.490000,18.260000,18.440001,14.729450,61700
2005-08-08,18.490000,18.559999,18.299999,18.420000,14.713474,92700
2005-08-09,19.250000,19.299999,18.719999,19.010000,15.184752,910100
2005-08-10,19.250000,19.280001,19.020000,19.120001,15.272614,270500
2005-08-11,19.049999,19.629999,19.049999,19.580000,15.640062,320700
2005-08-12,19.480000,19.610001,19.299999,19.610001,15.664016,343100
2005-08-15,19.620001,19.889999,19.500000,19.740000,15.767870,223800
2005-08-16,19.610001,19.770000,19.549999,19.600000,15.656027,742100
2005-08-17,19.580000,19.580000,19.320000,19.440001,15.528229,445000
2005-08-18,19.410000,19.440001,19.139999,19.230000,15.360482,331800
2005-08-19,19.230000,19.230000,19.059999,19.209999,15.344513,180500
2005-08-22,19.209999,19.719999,19.110001,19.459999,15.544204,582200
2005-08-23,19.549999,20.059999,19.549999,20.059999,16.023466,468100
2005-08-24,19.930000,19.969999,19.709999,19.750000,15.775845,437900
2005-08-25,19.790001,19.850000,18.790001,19.150000,15.296586,633400
2005-08-26,19.150000,19.379999,18.730000,18.830000,15.040976,307300
2005-08-29,18.670000,18.700001,18.010000,18.610001,14.865244,387600
2005-08-30,18.600000,18.670000,18.260000,18.410000,14.705489,273300
2005-08-31,18.410000,18.549999,18.049999,18.430000,14.721466,451000
2005-09-01,18.500000,18.799999,18.350000,18.650000,14.897201,433600
2005-09-02,18.650000,18.700001,18.450001,18.590000,14.849267,115900
2005-09-06,18.660000,18.740000,18.480000,18.660000,14.905187,190400
2005-09-07,18.600000,19.030001,18.590000,18.820000,15.032988,230200
2005-09-08,18.870001,19.049999,18.830000,18.889999,15.088902,211300
2005-09-09,18.900000,19.049999,18.700001,19.030001,15.200727,108100
2005-09-12,19.100000,19.260000,18.770000,19.230000,15.360482,144600
2005-09-13,19.230000,19.330000,19.070000,19.260000,15.384447,219300
2005-09-14,19.150000,19.340000,19.059999,19.129999,15.280607,885000
2005-09-15,19.129999,19.139999,18.340000,18.480000,14.761402,540500
2005-09-16,18.510000,18.629999,18.350000,18.420000,14.713474,114400
2005-09-19,18.459999,18.459999,17.870001,18.150000,14.497811,210300
2005-09-20,18.100000,18.100000,17.650000,17.680000,14.122386,684900
2005-09-21,17.570000,17.580000,16.950001,17.110001,13.667078,259500
2005-09-22,17.110001,17.209999,16.650000,17.100000,13.659088,413400
2005-09-23,17.020000,17.530001,16.959999,17.350000,13.858782,554600
2005-09-26,17.450001,17.450001,17.030001,17.110001,13.667078,296100
2005-09-27,17.049999,17.139999,16.570000,16.950001,13.539273,288900
2005-09-28,16.959999,17.059999,16.740000,16.860001,13.467386,319100
2005-09-29,16.900000,17.040001,16.690001,17.030001,13.603174,174800
2005-09-30,17.030001,17.520000,16.950001,17.250000,13.778908,232700
2005-10-03,17.299999,17.340000,16.690001,16.770000,13.395491,207900
2005-10-04,16.719999,17.180000,16.700001,16.920000,13.515308,96600
2005-10-05,16.920000,16.920000,16.650000,16.860001,13.467386,186000
2005-10-06,16.860001,16.860001,16.510000,16.700001,13.339580,309100
2005-10-07,16.680000,17.180000,16.680000,17.030001,13.603174,141300
2005-10-10,17.080000,17.080000,16.570000,16.680000,13.323602,111800
2005-10-11,16.680000,17.180000,16.680000,16.850000,13.459391,251400
2005-10-12,16.809999,16.870001,16.670000,16.680000,13.355307,159400
2005-10-13,16.680000,16.870001,16.600000,16.709999,13.379323,152300
2005-10-14,16.700001,17.120001,16.469999,16.930000,13.555478,138400
2005-10-17,16.930000,16.930000,16.660000,16.680000,13.355307,137100
2005-10-18,16.700001,16.740000,16.520000,16.600000,13.291253,159800
2005-10-19,16.610001,16.830000,16.490000,16.620001,13.307263,146500
2005-10-20,16.620001,16.709999,16.320000,16.350000,13.091083,288400
2005-10-21,16.450001,16.480000,16.299999,16.309999,13.059056,205200
2005-10-24,16.370001,16.809999,16.320000,16.660000,13.339287,336100
2005-10-25,16.750000,16.770000,16.400000,16.500000,13.211185,173200
2005-10-26,16.450001,16.750000,16.400000,16.480000,13.195170,216300
2005-10-27,16.469999,16.500000,16.250000,16.260000,13.019021,67200
2005-10-28,16.420000,17.250000,16.420000,17.250000,13.811696,252600
2005-10-31,17.400000,17.639999,17.340000,17.639999,14.123954,278600
2005-11-01,17.620001,17.860001,17.309999,17.799999,14.252065,234500
2005-11-02,17.830000,18.219999,17.750000,18.219999,14.588356,418900
2005-11-03,18.209999,18.400000,17.889999,17.920000,14.348149,191100
2005-11-04,17.920000,18.160000,17.670000,18.120001,14.508274,133700
2005-11-07,18.200001,18.500000,17.750000,18.299999,14.652396,228400
2005-11-08,18.299999,18.299999,17.629999,17.750000,14.212029,207100
2005-11-09,17.600000,17.600000,16.100000,16.570000,13.267231,1064600
2005-11-10,16.600000,16.740000,16.200001,16.299999,13.051049,1589500
2005-11-11,17.490000,17.799999,17.330000,17.549999,14.051895,985700
2005-11-14,17.250000,17.290001,16.850000,17.010000,13.619526,2238300
2005-11-15,17.049999,17.350000,16.920000,17.150000,13.731628,687900
2005-11-16,17.139999,17.200001,16.750000,17.100000,13.691589,815900
2005-11-17,17.120001,17.350000,16.969999,17.090000,13.683585,544100
2005-11-18,17.090000,17.250000,16.980000,17.010000,13.619526,244700
2005-11-21,17.000000,17.020000,16.860001,16.889999,13.523445,176200
2005-11-22,16.980000,17.420000,16.980000,17.160000,13.739638,827900
2005-11-23,17.180000,17.400000,17.150000,17.370001,13.907773,670400
2005-11-25,17.370001,17.520000,17.309999,17.520000,14.027875,302500
2005-11-28,17.559999,17.580000,17.350000,17.420000,13.947805,232300
2005-11-29,17.500000,17.620001,17.280001,17.410000,13.939798,525100
2005-11-30,17.450001,17.530001,17.160000,17.299999,13.851721,552800
2005-12-01,17.400000,17.500000,17.330000,17.490000,14.003856,404500
2005-12-02,17.400000,17.500000,17.330000,17.400000,13.931793,291800
2005-12-05,17.400000,17.590000,17.170000,17.500000,14.011862,279100
2005-12-06,17.610001,17.750000,17.500000,17.650000,14.131961,295500
2005-12-07,17.700001,17.750000,17.360001,17.400000,13.931793,381900
2005-12-08,17.510000,17.530001,17.100000,17.200001,13.771660,674400
2005-12-09,17.200001,17.340000,17.070000,17.100000,13.691589,533400
2005-12-12,17.219999,17.600000,17.150000,17.450001,13.971834,769400
2005-12-13,18.750000,18.900000,18.379999,18.790001,15.044733,3481500
2005-12-14,18.900000,18.990000,18.500000,18.700001,14.972684,1961700
2005-12-15,18.750000,18.950001,18.580000,18.879999,15.116808,1818800
2005-12-16,18.900000,19.379999,18.860001,19.290001,15.445071,987800
2005-12-19,19.440001,19.690001,19.309999,19.639999,15.725311,972000
2005-12-20,19.750000,19.750000,19.270000,19.330000,15.477105,275700
2005-12-21,19.340000,19.510000,18.969999,19.150000,15.332982,288500
2005-12-22,19.190001,19.230000,19.020000,19.090000,15.284945,251400
2005-12-23,19.129999,19.500000,19.129999,19.389999,15.525143,280600
2005-12-27,19.379999,19.760000,19.330000,19.350000,15.493116,232400
2005-12-28,19.450001,19.450001,18.840000,19.299999,15.453084,580100
2005-12-29,19.299999,19.580000,19.040001,19.180000,15.357006,236800
2005-12-30,19.040001,19.190001,18.820000,19.120001,15.308957,279400
2006-01-03,19.350000,19.840000,18.900000,19.770000,15.829402,651700
2006-01-04,19.770000,19.950001,19.450001,19.799999,15.853424,216800
2006-01-05,19.799999,19.959999,19.450001,19.770000,15.829402,611800
2006-01-06,19.830000,19.889999,19.629999,19.730000,15.797376,218700
2006-01-09,19.740000,19.740000,19.219999,19.379999,15.517138,560500
2006-01-10,19.280001,19.639999,19.270000,19.500000,15.613212,303800
2006-01-11,19.410000,19.510000,19.250000,19.270000,15.460777,170200
2006-01-12,19.270000,19.290001,18.900000,19.020000,15.260195,227800
2006-01-13,19.090000,19.400000,19.040001,19.139999,15.356472,211300
2006-01-17,19.250000,20.120001,19.120001,20.049999,16.086592,1104200
2006-01-18,20.000000,20.230000,19.580000,19.809999,15.894022,1367000
2006-01-19,19.900000,20.100000,19.830000,20.000000,16.046469,471000
2006-01-20,20.000000,20.000000,19.540001,19.620001,15.741591,210000
2006-01-23,19.600000,19.860001,19.469999,19.730000,15.829853,585000
2006-01-24,19.799999,20.309999,19.750000,20.290001,16.279144,355600
2006-01-25,20.290001,20.520000,20.150000,20.340000,16.319262,662900
2006-01-26,20.350000,20.510000,20.219999,20.350000,16.327291,358400
2006-01-27,20.590000,20.600000,20.170000,20.280001,16.271130,191900
2006-01-30,20.379999,20.490000,19.850000,20.160000,16.174845,392500
2006-01-31,20.150000,20.480000,20.120001,20.469999,16.423574,242900
2006-02-01,20.350000,20.490000,20.160000,20.180000,16.190899,419100
2006-02-02,20.209999,20.500000,19.900000,20.020000,16.062517,470800
2006-02-03,19.930000,21.000000,19.500000,20.219999,16.222982,533000
2006-02-06,20.250000,20.740000,20.160000,20.620001,16.543913,650400
2006-02-07,20.620001,20.620001,20.120001,20.320000,16.303223,515900
2006-02-08,20.330000,20.330000,20.150000,20.240000,16.239033,304800
2006-02-09,20.200001,20.650000,20.200001,20.320000,16.303223,331400
2006-02-10,20.350000,20.650000,20.049999,20.629999,16.551929,206600
2006-02-13,20.580000,20.580000,20.129999,20.190001,16.198915,224800
2006-02-14,20.180000,20.219999,19.549999,20.219999,16.222982,686600
2006-02-15,20.260000,21.629999,20.260000,21.150000,16.969147,1194000
2006-02-16,22.000000,22.000000,20.250000,20.680000,16.592062,1232100
2006-02-17,20.620001,21.309999,20.299999,21.219999,17.025312,721400
2006-02-21,21.450001,21.559999,21.100000,21.379999,17.153679,299100
2006-02-22,21.379999,21.570000,21.219999,21.570000,17.306124,400400
2006-02-23,21.700001,21.719999,21.340000,21.590000,17.322170,414200
2006-02-24,21.570000,21.719999,21.379999,21.510000,17.257986,505000
2006-02-27,21.600000,21.959999,21.570000,21.860001,17.538795,488100
2006-02-28,21.840000,21.850000,21.350000,21.400000,17.169720,330600
2006-03-01,21.450001,21.469999,21.090000,21.389999,17.161701,307900
2006-03-02,21.350000,21.969999,21.010000,21.900000,17.570885,271700
2006-03-03,21.750000,21.910000,21.590000,21.730000,17.434494,366500
2006-03-06,21.700001,21.700001,20.870001,20.980000,16.832748,288700
2006-03-07,21.350000,21.360001,20.370001,20.490000,16.439613,586800
2006-03-08,20.379999,20.580000,20.080000,20.350000,16.327291,676700
2006-03-09,20.450001,20.549999,20.230000,20.299999,16.287165,256400
2006-03-10,20.299999,20.670000,20.200001,20.620001,16.543913,98600
2006-03-13,20.650000,21.000000,20.309999,20.870001,16.744499,315600
2006-03-14,20.780001,20.840000,20.580000,20.730000,16.632166,111600
2006-03-15,20.799999,21.559999,20.799999,21.500000,17.249960,391500
2006-03-16,21.500000,21.750000,21.139999,21.690001,17.402403,406600
2006-03-17,21.700001,21.700001,20.860001,21.020000,16.864849,248900
2006-03-20,21.150000,21.680000,20.920000,21.040001,16.880892,436900
2006-03-21,21.120001,21.459999,21.000000,21.020000,16.864849,269300
2006-03-22,21.090000,21.389999,20.990000,21.370001,17.145653,289800
2006-03-23,21.250000,21.309999,20.860001,20.860001,16.736469,453700
2006-03-24,20.900000,21.070000,20.540001,20.590000,16.519852,128200
2006-03-27,20.580000,20.889999,20.510000,20.799999,16.688339,383200
2006-03-28,20.719999,20.959999,19.900000,20.160000,16.174845,635400
2006-03-29,20.299999,20.530001,20.190001,20.430000,16.391474,176400
2006-03-30,20.430000,20.850000,20.260000,20.840000,16.720423,245000
2006-03-31,20.840000,21.120001,20.570000,20.969999,16.824726,363400
2006-04-03,20.980000,21.200001,20.500000,20.580000,16.511820,351200
2006-04-04,20.580000,21.059999,20.459999,21.010000,16.856813,338400
2006-04-05,21.010000,21.100000,20.440001,20.540001,16.479731,736400
2006-04-06,20.540001,20.600000,20.160000,20.190001,16.198915,484100
2006-04-07,20.180000,20.290001,20.000000,20.030001,16.070539,354400
2006-04-10,20.110001,20.250000,19.990000,20.040001,16.078569,190700
2006-04-11,20.370001,20.469999,19.850000,19.940001,16.030338,324200
2006-04-12,20.000000,20.350000,19.990000,20.240000,16.271513,239500
2006-04-13,20.150000,20.270000,20.030001,20.240000,16.271513,163900
2006-04-17,20.240000,20.610001,20.150000,20.440001,16.432295,601700
2006-04-18,20.549999,20.980000,20.549999,20.879999,16.786022,479400
2006-04-19,20.950001,21.500000,20.950001,21.490000,17.276419,602000
2006-04-20,21.490000,21.590000,21.110001,21.500000,17.284458,212700
2006-04-21,21.500000,21.920000,21.350000,21.790001,17.517595,263700
2006-04-24,21.790001,21.980000,21.610001,21.980000,17.670343,202200
2006-04-25,21.980000,21.980000,21.580000,21.700001,17.445250,363100
2006-04-26,21.690001,21.860001,21.620001,21.809999,17.533672,179700
2006-04-27,21.780001,22.330000,21.570000,22.110001,17.774851,547200
2006-04-28,22.000000,22.219999,21.770000,21.950001,17.646233,374400
2006-05-01,22.049999,22.150000,21.740000,22.010000,17.694460,392600
2006-05-02,22.010000,22.260000,22.010000,22.080000,17.750738,450300
2006-05-03,22.139999,22.730000,22.139999,22.510000,18.096426,747500
2006-05-04,22.510000,22.690001,22.330000,22.440001,18.040152,651700
2006-05-05,22.500000,22.709999,22.459999,22.500000,18.088387,501600
2006-05-08,22.530001,22.750000,22.360001,22.730000,18.273289,441600
2006-05-09,22.650000,22.709999,22.150000,22.420000,18.024073,426200
2006-05-10,21.200001,21.719999,21.150000,21.270000,17.099554,6175500
2006-05-11,21.290001,21.670000,21.290001,21.540001,17.316614,3782400
2006-05-12,21.540001,21.549999,20.530001,20.820000,16.737783,2374500
2006-05-15,21.000000,21.000000,20.340000,20.730000,16.665430,1587900
2006-05-16,20.850000,21.230000,20.799999,21.059999,16.930731,1404400
2006-05-17,21.000000,21.080000,20.370001,20.400000,16.400129,1446900
2006-05-18,20.400000,20.790001,20.150000,20.270000,16.295631,1784400
2006-05-19,20.500000,20.719999,20.209999,20.600000,16.560915,1897900
2006-05-22,20.600000,20.600000,19.370001,19.809999,15.925815,1806500
2006-05-23,19.900000,20.160000,19.750000,19.809999,15.925815,1221900
2006-05-24,19.820000,19.910000,18.920000,19.160000,15.403262,2008800
2006-05-25,19.250000,19.670000,19.250000,19.580000,15.740916,1493700
2006-05-26,19.639999,19.870001,19.430000,19.610001,15.765033,1045500
2006-05-30,19.549999,19.549999,19.000000,19.030001,15.298753,898800
2006-05-31,19.900000,19.900000,19.600000,19.709999,15.845428,1789200
2006-06-01,19.969999,20.350000,19.750000,20.209999,16.247393,1401100
2006-06-02,20.250000,20.510000,20.150000,20.459999,16.448381,963200
2006-06-05,20.459999,20.459999,19.870001,19.990000,16.070524,552200
2006-06-06,20.090000,20.230000,19.540001,19.879999,15.982093,1017500
2006-06-07,19.900000,19.959999,19.110001,19.129999,15.379142,768300
2006-06-08,19.700001,19.700001,18.500000,19.139999,15.387185,1930200
2006-06-09,19.120001,19.320000,18.860001,18.910000,15.202276,974200
2006-06-12,18.950001,19.100000,18.590000,18.660000,15.001302,501200
2006-06-13,18.639999,18.990000,18.610001,18.840000,15.146005,820300
2006-06-14,18.850000,19.070000,18.820000,18.980000,15.258561,688800
2006-06-15,19.090000,19.870001,19.000000,19.700001,15.837394,1118100
2006-06-16,19.690001,19.799999,19.309999,19.700001,15.837394,904800
2006-06-19,19.740000,19.799999,19.150000,19.250000,15.475615,383400
2006-06-20,19.290001,19.620001,19.200001,19.200001,15.435416,931600
2006-06-21,19.170000,19.770000,19.150000,19.570000,15.732880,597100
2006-06-22,19.580000,19.920000,19.459999,19.870001,15.974051,960000
2006-06-23,19.879999,20.120001,19.600000,19.990000,16.070524,859600
2006-06-26,20.090000,20.200001,19.889999,19.980000,16.062490,441600
2006-06-27,20.100000,20.290001,19.750000,20.000000,16.078562,536300
2006-06-28,20.100000,20.129999,19.750000,20.000000,16.078562,328000
2006-06-29,20.209999,20.420000,19.990000,20.389999,16.392096,820700
2006-06-30,20.420000,20.570000,20.170000,20.420000,16.416214,1518500
2006-07-03,20.430000,20.660000,20.430000,20.580000,16.544844,458700
2006-07-05,20.480000,20.639999,20.110001,20.469999,16.456417,451800
2006-07-06,20.480000,20.570000,20.230000,20.389999,16.392096,471200
2006-07-07,20.440001,20.530001,20.180000,20.430000,16.424255,577900
2006-07-10,20.639999,20.700001,20.459999,20.620001,16.577002,650100
2006-07-11,20.580000,20.700001,20.350000,20.500000,16.480530,559800
2006-07-12,20.469999,20.530001,20.080000,20.139999,16.222767,501600
2006-07-13,20.070000,20.150000,19.610001,19.650000,15.828078,561700
2006-07-14,19.650000,19.700001,19.410000,19.510000,15.715307,666000
2006-07-17,19.440001,19.600000,19.000000,19.250000,15.505873,705200
2006-07-18,19.299999,19.459999,18.799999,19.000000,15.304499,724000
2006-07-19,19.090000,19.719999,19.090000,19.490000,15.699196,1005700
2006-07-20,19.540001,19.650000,19.370001,19.379999,15.610597,497000
2006-07-21,19.350000,19.350000,18.799999,18.850000,15.183673,509500
2006-07-24,18.870001,19.570000,18.719999,19.430000,15.650864,1633100
2006-07-25,19.580000,19.730000,19.389999,19.580000,15.771692,606400
2006-07-26,19.540001,19.549999,19.150000,19.440001,15.658921,360700
2006-07-27,19.450001,19.580000,18.780001,18.809999,15.151449,964500
2006-07-28,18.830000,19.360001,18.809999,19.200001,15.465599,789100
2006-07-31,19.200001,19.209999,18.920000,19.209999,15.473658,427600
2006-08-01,18.250000,18.260000,16.799999,17.250000,13.894874,3967800
2006-08-02,17.250000,18.020000,17.250000,17.730000,14.281515,1277400
2006-08-03,17.590000,17.650000,17.299999,17.350000,13.975423,1126500
2006-08-04,17.500000,17.719999,17.450001,17.700001,14.257350,701900
2006-08-07,17.700001,17.900000,17.610001,17.889999,14.410396,629800
2006-08-08,17.900000,18.440001,17.900000,18.370001,14.797035,1167400
2006-08-09,18.469999,18.500000,18.129999,18.200001,14.660106,1300600
2006-08-10,18.180000,18.379999,17.990000,18.350000,14.780927,695400
2006-08-11,18.290001,18.370001,17.850000,18.000000,14.498999,639400
2006-08-14,18.200001,18.379999,17.920000,17.990000,14.490944,577300
2006-08-15,18.170000,18.469999,18.049999,18.410000,14.829252,662100
2006-08-16,18.410000,18.700001,18.410000,18.580000,14.966189,644500
2006-08-17,18.620001,19.120001,18.590000,19.000000,15.304499,931900
2006-08-18,19.000000,19.070000,18.610001,19.059999,15.352828,397500
2006-08-21,18.950001,18.950001,18.549999,18.600000,14.982295,693500
2006-08-22,18.500000,18.700001,18.500000,18.690001,15.054802,361900
2006-08-23,18.629999,18.700001,18.290001,18.370001,14.797035,447900
2006-08-24,18.340000,18.450001,18.240000,18.290001,14.732592,1334600
2006-08-25,18.250000,18.379999,18.230000,18.240000,14.692320,174000
2006-08-28,18.190001,18.430000,18.190001,18.389999,14.813142,290800
2006-08-29,18.389999,18.740000,18.350000,18.700001,15.062854,417800
2006-08-30,18.520000,18.730000,18.450001,18.590000,14.974249,644300
2006-08-31,18.650000,18.840000,18.379999,18.490000,14.893688,589500
2006-09-01,18.520000,18.790001,18.330000,18.690001,15.054802,391700
2006-09-05,18.650000,18.750000,18.379999,18.469999,14.877585,517800
2006-09-06,18.410000,18.410000,17.840000,17.860001,14.386221,750800
2006-09-07,17.889999,17.920000,17.570000,17.809999,14.345957,543200
2006-09-08,17.930000,18.180000,17.850000,18.040001,14.531216,187200
2006-09-11,18.049999,18.190001,17.760000,18.170000,14.635937,261900
2006-09-12,18.170000,18.290001,18.120001,18.200001,14.660106,353900
2006-09-13,18.219999,18.250000,17.959999,17.990000,14.490944,585400
2006-09-14,17.900000,18.080000,17.750000,17.840000,14.370122,807300
2006-09-15,18.010000,18.040001,17.840000,17.910000,14.426502,894900
2006-09-18,17.920000,18.270000,17.650000,18.049999,14.539275,572100
2006-09-19,18.049999,18.090000,17.650000,17.850000,14.378176,614600
2006-09-20,17.850000,18.280001,17.850000,18.250000,14.700373,1547300
2006-09-21,18.209999,18.820000,18.120001,18.469999,14.877585,971000
2006-09-22,18.430000,18.450001,18.100000,18.139999,14.611770,402200
2006-09-25,17.910000,18.500000,17.910000,18.320000,14.756762,828400
2006-09-26,18.350000,18.490000,18.240000,18.320000,14.756762,956700
2006-09-27,18.200001,18.379999,18.180000,18.230000,14.684260,793900
2006-09-28,18.330000,18.389999,17.959999,18.010000,14.507053,688600
2006-09-29,18.000000,18.090000,17.889999,17.900000,14.418447,604700
2006-10-02,17.910000,17.910000,17.500000,17.590000,14.168742,937100
2006-10-03,17.580000,18.000000,17.450001,17.790001,14.329841,1001100
2006-10-04,17.820000,17.959999,17.549999,17.780001,14.321792,791400
2006-10-05,17.770000,18.480000,17.770000,18.350000,14.780927,880700
2006-10-06,18.260000,18.280001,17.980000,18.059999,14.547327,483600
2006-10-09,18.020000,18.110001,17.950001,18.030001,14.523164,477100
2006-10-10,18.100000,18.219999,17.870001,17.930000,14.442617,420500
2006-10-11,17.879999,17.959999,17.799999,17.840000,14.402249,376500
2006-10-12,17.850000,18.049999,17.790001,17.850000,14.410323,896000
2006-10-13,17.879999,18.400000,17.809999,18.190001,14.684805,654700
2006-10-16,18.120001,18.780001,18.120001,18.780001,15.161111,857500
2006-10-17,18.780001,18.910000,18.540001,18.590000,15.007730,631400
2006-10-18,18.680000,18.969999,18.660000,18.740000,15.128819,921500
2006-10-19,18.730000,19.500000,18.680000,19.299999,15.580914,1546800
2006-10-20,19.260000,19.410000,19.180000,19.240000,15.532475,981500
2006-10-23,19.309999,19.580000,19.270000,19.450001,15.702003,578700
2006-10-24,19.500000,19.750000,19.400000,19.580000,15.806955,872900
2006-10-25,19.750000,20.020000,19.650000,19.709999,15.911901,1051600
2006-10-26,19.809999,20.129999,19.549999,20.100000,16.226753,848700
2006-10-27,20.080000,20.090000,19.690001,19.790001,15.976489,664200
2006-10-30,19.820000,19.830000,19.440001,19.600000,15.823096,1039500
2006-10-31,20.250000,21.350000,20.230000,20.610001,16.638472,2964800
2006-11-01,20.910000,21.100000,20.549999,20.840000,16.824152,1140900
2006-11-02,20.809999,21.200001,20.809999,21.070000,17.009829,1147500
2006-11-03,21.200001,21.350000,20.850000,20.950001,16.912956,879000
2006-11-06,21.049999,21.200001,20.930000,21.100000,17.034048,790000
2006-11-07,21.100000,21.200001,20.940001,20.959999,16.921026,968900
2006-11-08,19.900000,20.280001,19.660000,20.250000,16.347839,7795900
2006-11-09,20.340000,20.469999,20.070000,20.250000,16.347839,4559400
2006-11-10,20.350000,20.400000,19.959999,20.010000,16.154089,2031300
2006-11-13,20.000000,20.150000,19.920000,20.070000,16.202528,2020000
2006-11-14,20.070000,20.200001,19.590000,19.889999,16.057220,2713400
2006-11-15,19.950001,20.500000,19.900000,20.440001,16.501226,1962500
2006-11-16,20.440001,20.520000,20.340000,20.469999,16.525454,1292900
2006-11-17,20.400000,20.879999,20.250000,20.879999,16.856441,2322400
2006-11-20,20.950001,21.240000,20.719999,21.030001,16.977535,2010700
2006-11-21,21.160000,21.370001,21.040001,21.330000,17.219728,2091500
2006-11-22,21.420000,21.570000,21.110001,21.500000,17.356974,903600
2006-11-24,21.500000,21.559999,21.270000,21.530001,17.381199,294800
2006-11-27,21.900000,21.900000,21.379999,21.500000,17.356974,1895300
2006-11-28,21.600000,21.889999,21.520000,21.830000,17.623383,2533200
2006-11-29,21.969999,22.250000,21.770000,21.889999,17.671816,1640100
2006-11-30,22.049999,22.330000,21.910000,22.000000,17.760618,1557400
2006-12-01,22.100000,22.209999,21.760000,21.959999,17.728331,1563100
2006-12-04,21.799999,22.110001,21.799999,21.950001,17.720261,1980000
2006-12-05,21.959999,22.709999,21.910000,22.639999,18.277292,2312900
2006-12-06,22.730000,23.120001,22.690001,22.870001,18.462967,3358700
2006-12-07,23.150000,23.639999,23.100000,23.200001,18.729382,2489400
2006-12-08,23.290001,23.299999,22.860001,22.990000,18.559849,1248000
2006-12-11,23.020000,23.160000,22.850000,22.950001,18.527557,958000
2006-12-12,22.860001,22.950001,22.559999,22.660000,18.293442,1041100
2006-12-13,23.440001,23.850000,23.070000,23.799999,19.213760,3326300
2006-12-14,24.000000,25.680000,23.809999,25.020000,20.198669,3511100
2006-12-15,25.010000,25.500000,25.010000,25.400000,20.505447,1911900
2006-12-18,25.650000,25.650000,24.900000,25.040001,20.214819,1361500
2006-12-19,25.110001,25.760000,25.000000,25.760000,20.796070,2692500
2006-12-20,25.750000,26.000000,25.450001,25.740000,20.779926,1429000
2006-12-21,25.530001,25.660000,24.930000,25.070000,20.239040,1128900
2006-12-22,25.020000,25.469999,24.969999,25.150000,20.303621,1141400
2006-12-26,25.150000,25.379999,25.020000,25.100000,20.263252,844700
2006-12-27,24.950001,25.440001,24.950001,25.430000,20.529667,605900
2006-12-28,25.959999,26.330000,25.450001,25.790001,20.820284,1105800
2006-12-29,25.850000,26.080000,25.709999,25.879999,20.892948,795100
2007-01-03,25.959999,26.000000,25.010000,25.309999,20.432787,1518300
2007-01-04,25.309999,25.469999,25.059999,25.200001,20.343985,1002900
2007-01-05,24.900000,25.170000,24.670000,25.059999,20.230961,1562200
2007-01-08,25.000000,25.000000,24.660000,24.930000,20.126013,1151700
2007-01-09,24.860001,25.100000,24.719999,24.920000,20.117935,894300
2007-01-10,24.910000,24.920000,24.520000,24.799999,20.053255,1311400
2007-01-11,24.600000,24.950001,24.500000,24.760000,20.020906,1180600
2007-01-12,24.570000,25.639999,24.570000,25.400000,20.538412,1041500
2007-01-16,25.530001,25.750000,25.360001,25.680000,20.764816,586300
2007-01-17,25.590000,25.850000,25.000000,25.799999,20.861856,682900
2007-01-18,25.790001,25.850000,25.139999,25.270000,20.433292,678200
2007-01-19,25.299999,25.320000,25.020000,25.230000,20.400949,487500
2007-01-22,25.340000,25.549999,24.860001,25.500000,20.619265,1124700
2007-01-23,25.490000,25.840000,25.379999,25.740000,20.813332,627600
2007-01-24,25.740000,26.250000,25.660000,26.010000,21.031652,973700
2007-01-25,26.030001,26.250000,25.680000,25.740000,20.813332,868500
2007-01-26,25.670000,25.910000,25.170000,25.770000,20.837593,1017500
2007-01-29,25.799999,26.040001,25.670000,26.020000,21.039743,658400
2007-01-30,25.120001,26.280001,25.120001,26.120001,21.120598,847100
2007-01-31,26.120001,26.250000,25.900000,26.250000,21.225719,527300
2007-02-01,26.500000,26.750000,26.400000,26.480000,21.411695,627200
2007-02-02,26.480000,26.750000,26.250000,26.680000,21.573420,751400
2007-02-05,26.719999,27.100000,26.490000,26.570000,21.484474,2351100
2007-02-06,28.160000,28.709999,27.320000,27.850000,22.519480,5729900
2007-02-07,28.250000,28.500000,27.469999,27.639999,22.349670,3234800
2007-02-08,27.799999,28.129999,27.520000,28.110001,22.729719,1718300
2007-02-09,28.400000,28.570000,28.000000,28.370001,22.939951,2861800
2007-02-12,28.440001,28.670000,28.230000,28.530001,23.069330,1285000
2007-02-13,28.620001,29.190001,28.620001,28.990000,23.441280,2018900
2007-02-14,29.080000,29.209999,28.549999,28.730000,23.231045,1513900
2007-02-15,28.730000,29.459999,28.730000,29.110001,23.538311,1347600
2007-02-16,29.110001,29.500000,29.070000,29.299999,23.691950,1024800
2007-02-20,29.299999,29.799999,29.100000,29.680000,23.999214,1219700
2007-02-21,29.670000,30.100000,29.600000,29.879999,24.160936,1389800
2007-02-22,29.870001,29.969999,29.020000,29.190001,23.603004,1321300
2007-02-23,29.120001,29.870001,29.049999,29.629999,23.958780,1106200
2007-02-26,29.660000,29.940001,29.450001,29.780001,24.080076,1526000
2007-02-27,29.000000,29.290001,28.280001,29.150000,23.570658,1891900
2007-02-28,29.150000,29.170000,28.250000,28.580000,23.109762,1333300
2007-03-01,28.250000,28.500000,27.500000,28.299999,22.883347,1501700
2007-03-02,28.309999,28.650000,28.100000,28.330000,22.907604,1570900
2007-03-05,28.740000,30.000000,28.650000,29.330000,23.716206,4264700
2007-03-06,30.040001,30.430000,29.490000,30.110001,24.346909,2489200
2007-03-07,30.340000,30.340000,29.790001,29.910000,24.185192,1877600
2007-03-08,30.100000,30.290001,29.959999,30.180000,24.403513,1857600
2007-03-09,30.360001,30.490000,30.030001,30.190001,24.411592,692800
2007-03-12,30.219999,30.799999,30.049999,30.620001,24.759296,2560600
2007-03-13,30.580000,31.110001,30.410000,30.469999,24.638006,1789900
2007-03-14,30.600000,30.650000,29.990000,30.400000,24.581406,1183300
2007-03-15,30.219999,30.600000,29.959999,30.250000,24.460115,884800
2007-03-16,30.200001,30.360001,30.040001,30.120001,24.354996,738900
2007-03-19,30.150000,30.459999,30.090000,30.219999,24.435850,1032300
2007-03-20,30.450001,30.510000,30.250000,30.480000,24.646093,1072500
2007-03-21,30.490000,31.000000,30.440001,30.870001,24.961445,1267800
2007-03-22,32.000000,32.000000,30.549999,31.270000,25.284882,1254500
2007-03-23,31.080000,31.200001,30.500000,30.830000,24.929104,737700
2007-03-26,31.059999,31.150000,30.610001,30.799999,24.904856,681600
2007-03-27,30.799999,30.910000,30.450001,30.780001,24.888674,1110800
2007-03-28,30.270000,30.950001,30.270000,30.809999,24.912931,967800
2007-03-29,30.870001,31.020000,30.250000,30.459999,24.629919,1097100
2007-03-30,30.400000,31.049999,30.400000,30.840000,24.937191,1060800
2007-04-02,30.790001,31.059999,30.590000,30.990000,25.058474,777800
2007-04-03,31.200001,31.750000,30.990000,31.670000,25.608326,1383800
2007-04-04,31.650000,31.650000,30.610001,31.110001,25.155506,1554400
2007-04-05,31.200001,31.639999,31.129999,31.559999,25.519375,644000
2007-04-09,31.690001,32.070000,31.530001,32.040001,25.907509,1785000
2007-04-10,32.160000,32.209999,31.660000,31.889999,25.786219,1154500
2007-04-11,32.000000,32.000000,31.350000,31.510000,25.510948,1136900
2007-04-12,31.790001,32.090000,31.549999,31.950001,25.867184,861100
2007-04-13,31.950001,32.250000,31.760000,32.169998,26.045296,619500
2007-04-16,32.200001,32.200001,31.850000,31.870001,25.802408,700000
2007-04-17,31.990000,32.500000,31.959999,32.400002,26.231504,1303600
2007-04-18,32.650002,33.669998,32.500000,33.389999,27.033020,1856500
2007-04-19,33.330002,33.349998,32.779999,32.869999,26.612019,957400
2007-04-20,32.869999,33.189999,32.450001,32.770000,26.531061,958800
2007-04-23,32.669998,33.029999,32.419998,32.750000,26.514864,770900
2007-04-24,32.799999,33.060001,32.349998,32.360001,26.199121,981700
2007-04-25,32.490002,32.900002,32.470001,32.529999,26.336754,963000
2007-04-26,32.599998,32.919998,32.419998,32.610001,26.401525,833500
2007-04-27,32.610001,32.779999,32.450001,32.669998,26.450100,1364100
2007-04-30,32.680000,33.389999,32.660000,33.169998,26.854914,1540400
2007-05-01,33.900002,34.610001,33.180000,33.970001,27.502605,3229500
2007-05-02,34.369999,34.799999,34.340000,34.689999,28.085518,1045500
2007-05-03,34.900002,35.000000,34.650002,34.680000,28.077423,1402600
2007-05-04,34.810001,35.070000,34.720001,34.799999,28.174576,813900
2007-05-07,35.290001,35.570000,34.970001,35.049999,28.376991,903600
2007-05-08,35.099998,35.419998,34.930000,35.139999,28.449856,1279500
2007-05-09,35.119999,35.290001,34.840000,35.060001,28.385090,856600
2007-05-10,35.070000,35.430000,34.810001,35.029999,28.360790,1138400
2007-05-11,34.980000,36.040001,34.910000,36.020000,29.162312,1071800
2007-05-14,36.150002,36.869999,36.119999,36.360001,29.437582,1709000
2007-05-15,35.490002,35.840000,35.040001,35.169998,28.474140,2558200
2007-05-16,35.259998,35.509998,34.889999,35.410000,28.668446,1719100
2007-05-17,35.049999,36.139999,35.049999,35.939999,29.097553,1101400
2007-05-18,36.000000,36.029999,35.639999,36.000000,29.146124,725600
2007-05-21,36.000000,36.090000,35.650002,36.020000,29.162312,1413100
2007-05-22,35.900002,36.119999,35.820000,35.980000,29.129934,807200
2007-05-23,35.980000,36.500000,35.869999,35.990002,29.138031,1501700
2007-05-24,36.490002,36.490002,35.630001,35.630001,28.846560,1995200
2007-05-25,36.000000,36.590000,36.000000,36.560001,29.599503,1043000
2007-05-29,36.720001,36.750000,36.110001,36.200001,29.308039,865200
2007-05-30,36.000000,36.470001,35.790001,36.470001,29.526625,1335000
2007-05-31,36.630001,36.910000,36.240002,36.389999,29.461874,3683200
2007-06-01,36.759998,37.410000,36.599998,37.200001,30.117647,1663900
2007-06-04,37.389999,37.500000,36.799999,36.959999,29.923340,1293600
2007-06-05,37.099998,37.990002,37.099998,37.869999,30.660097,2357700
2007-06-06,37.990002,38.080002,37.439999,37.630001,30.465799,2232900
2007-06-07,37.660000,37.810001,37.090000,37.169998,30.093370,2204700
2007-06-08,37.000000,37.110001,36.720001,37.009998,29.963840,2527200
2007-06-11,37.119999,37.560001,37.000000,37.380001,30.263386,2321700
2007-06-12,37.400002,37.470001,37.070000,37.299999,30.198631,1786400
2007-06-13,37.150002,37.500000,36.820000,37.330002,30.222902,1965300
2007-06-14,37.500000,37.750000,37.360001,37.439999,30.311956,1885000
2007-06-15,37.910000,38.000000,37.389999,37.470001,30.336254,2736500
2007-06-18,37.000000,37.400002,37.000000,37.299999,30.198631,2299800
2007-06-19,37.299999,37.419998,36.930000,37.000000,29.955734,2113900
2007-06-20,37.160000,37.310001,36.610001,36.619999,29.648062,2423600
2007-06-21,36.700001,37.380001,36.660000,37.160000,30.085266,1525500
2007-06-22,36.970001,37.980000,36.840000,37.889999,30.676287,3811000
2007-06-25,37.799999,38.340000,37.520000,38.090000,30.838209,2160100
2007-06-26,38.500000,38.919998,38.389999,38.740002,31.364462,2595000
2007-06-27,38.730000,38.820000,37.799999,38.639999,31.283491,2197800
2007-06-28,38.990002,39.020000,38.500000,38.700001,31.332081,1476100
2007-06-29,38.970001,39.430000,38.650002,38.779999,31.396851,1357100
2007-07-02,39.240002,39.939999,39.009998,39.389999,31.890724,3772400
2007-07-03,39.630001,40.000000,39.400002,39.619999,32.076920,1243400
2007-07-05,40.000000,40.450001,39.619999,40.430000,32.732727,1608100
2007-07-06,40.430000,41.049999,40.299999,40.959999,33.161797,1388200
2007-07-09,41.639999,41.639999,39.959999,40.529999,32.813656,2833400
2007-07-10,40.340000,41.250000,40.340000,40.799999,33.032272,1806000
2007-07-11,40.639999,40.840000,39.869999,40.660000,32.951237,1591900
2007-07-12,40.660000,41.639999,40.580002,41.459999,33.599552,1178400
2007-07-13,41.380001,42.009998,41.299999,41.980000,34.020969,1444800
2007-07-16,42.099998,42.490002,41.919998,41.919998,33.972336,2022300
2007-07-17,42.099998,42.250000,41.200001,41.290001,33.461792,1916800
2007-07-18,41.060001,41.720001,41.040001,41.270000,33.445568,2231200
2007-07-19,41.250000,41.360001,37.619999,38.299999,31.038660,6671800
2007-07-20,36.720001,37.500000,36.000000,37.310001,30.236353,6387500
2007-07-23,37.099998,38.250000,36.779999,38.020000,30.811747,3107600
2007-07-24,37.900002,39.150002,37.720001,38.529999,31.225061,3512200
2007-07-25,40.750000,41.110001,39.139999,39.990002,32.408237,3914700
2007-07-26,39.750000,39.959999,37.290001,38.990002,31.597843,2354100
2007-07-27,37.000000,38.000000,35.689999,36.340000,29.450254,5622000
2007-07-30,36.540001,36.919998,35.799999,36.570000,29.636648,2762800
2007-07-31,37.500000,38.279999,37.060001,37.500000,30.390327,2825700
2007-08-01,37.639999,38.529999,37.080002,38.380001,31.103493,3014600
2007-08-02,38.139999,38.240002,37.000000,37.119999,30.082378,2179500
2007-08-03,37.000000,37.400002,36.400002,37.020000,30.001348,2821100
2007-08-06,37.029999,37.150002,35.240002,36.070000,29.231445,2492600
2007-08-07,35.880001,36.000000,34.910000,35.209999,28.534494,2238100
2007-08-08,37.250000,37.720001,34.570000,36.500000,29.579922,4138100
2007-08-09,35.220001,36.500000,31.490000,32.779999,26.565199,4875300
2007-08-10,32.250000,34.000000,31.020000,33.520000,27.164906,3982000
2007-08-13,34.099998,36.000000,34.000000,35.540001,28.801929,2940700
2007-08-14,35.790001,36.000000,33.660000,34.110001,27.643049,2770800
2007-08-15,33.750000,34.509998,33.000000,33.080002,26.808319,3127800
2007-08-16,33.000000,33.410000,30.700001,32.369999,26.232929,3180900
2007-08-17,33.000000,33.750000,31.750000,32.619999,26.435532,2909300
2007-08-20,33.029999,33.950001,32.250000,33.730000,27.335094,2089300
2007-08-21,33.700001,34.029999,33.060001,33.360001,27.035238,2384000
2007-08-22,34.020000,34.470001,33.570000,34.000000,27.553902,1431600
2007-08-23,34.500000,35.130001,33.740002,33.990002,27.545797,1217600
2007-08-24,34.150002,35.580002,33.959999,35.189999,28.518290,1970100
2007-08-27,35.340000,35.590000,34.590000,34.990002,28.356211,1069900
2007-08-28,34.730000,34.770000,33.509998,33.799999,27.391821,1228700
2007-08-29,34.020000,34.730000,33.500000,34.590000,28.032040,1591700
2007-08-30,34.070000,35.000000,34.029999,34.950001,28.323792,1898000
2007-08-31,35.049999,36.410000,35.040001,35.919998,29.109888,1766900
2007-09-04,36.029999,36.610001,35.500000,36.389999,29.490795,1451100
2007-09-05,36.349998,36.360001,35.230000,35.700001,28.931589,1954000
2007-09-06,35.889999,36.049999,35.380001,36.000000,29.174719,1357900
2007-09-07,35.400002,35.700001,34.910000,35.240002,28.558821,1313600
2007-09-10,35.480000,35.650002,34.880001,35.000000,28.364305,833400
2007-09-11,35.000000,36.060001,34.799999,35.900002,29.093687,1527200
2007-09-12,35.770000,35.950001,34.790001,35.130001,28.469662,1860200
2007-09-13,35.259998,35.680000,34.900002,35.029999,28.388626,1025200
2007-09-14,34.900002,36.090000,34.799999,35.619999,28.866758,1105600
2007-09-17,35.509998,36.000000,35.430000,35.700001,28.931589,769300
2007-09-18,35.860001,36.849998,35.150002,36.810001,29.831148,1985200
2007-09-19,36.810001,37.520000,36.450001,36.730000,29.766312,1504600
2007-09-20,37.000000,37.279999,36.419998,36.599998,29.660967,1128700
2007-09-21,36.759998,38.000000,36.389999,37.740002,30.584827,1883600
2007-09-24,37.560001,38.759998,37.090000,37.360001,30.276878,2120700
2007-09-25,37.000000,37.340000,36.509998,36.590000,29.652855,1799300
2007-09-26,37.799999,38.810001,37.580002,38.410000,31.127804,2286900
2007-09-27,38.669998,39.090000,38.360001,38.709999,31.370924,1445700
2007-09-28,38.869999,39.279999,38.320000,38.980000,31.589739,1450300
2007-10-01,39.000000,40.119999,38.759998,39.820000,32.270489,2098800
2007-10-02,39.919998,39.930000,39.049999,39.470001,31.986839,1312300
2007-10-03,39.590000,39.709999,39.110001,39.270000,31.824743,842700
2007-10-04,39.180000,39.880001,39.110001,39.880001,32.319115,1307800
2007-10-05,39.880001,40.250000,39.400002,39.930000,32.359627,1268100
2007-10-08,39.919998,40.799999,39.840000,39.980000,32.400135,1016600
2007-10-09,39.709999,41.029999,39.500000,40.759998,33.032265,1394300
2007-10-10,40.759998,41.160000,40.349998,40.840000,33.097095,1473400
2007-10-11,40.820000,41.070000,40.279999,40.599998,32.934860,1647200
2007-10-12,40.830002,41.389999,40.610001,40.919998,33.194443,1402600
2007-10-15,41.090000,41.580002,40.770000,41.080002,33.324245,1881800
2007-10-16,40.990002,40.990002,39.450001,40.419998,32.788841,1869400
2007-10-17,40.919998,40.919998,39.380001,40.119999,32.545490,1237800
2007-10-18,40.389999,40.849998,39.580002,40.680000,32.999760,954300
2007-10-19,40.419998,40.509998,38.720001,38.950001,31.596382,1810500
2007-10-22,38.759998,39.200001,38.049999,39.119999,31.734272,1753100
2007-10-23,40.950001,41.459999,39.500000,40.119999,32.545490,3704100
2007-10-24,40.700001,41.419998,40.080002,41.230000,33.445919,2706000
2007-10-25,40.820000,41.520000,40.470001,41.400002,33.583813,1560600
2007-10-26,41.720001,41.919998,41.070000,41.849998,33.948860,1419500
2007-10-29,41.700001,42.099998,41.290001,41.950001,34.029991,1225900
2007-10-30,42.000000,42.250000,40.840000,40.930000,33.202545,1793500
2007-10-31,41.220001,42.049999,40.919998,41.959999,34.038101,1457100
2007-11-01,41.799999,42.480000,40.799999,41.430000,33.608162,1585500
2007-11-02,42.060001,42.500000,41.169998,41.770000,33.883949,1644600
2007-11-05,41.799999,42.160000,41.009998,41.340000,33.535152,1473500
2007-11-06,41.310001,42.369999,41.310001,42.169998,34.208435,1277000
2007-11-07,41.400002,42.099998,41.400002,41.689999,33.819084,1504200
2007-11-08,41.299999,42.320000,40.310001,41.290001,33.494598,1762500
2007-11-09,41.160000,41.160000,39.250000,39.299999,31.880287,1654800
2007-11-12,39.000000,39.669998,37.720001,37.720001,30.598598,1535600
2007-11-13,37.509998,39.119999,37.480000,38.970001,31.612587,1345800
2007-11-14,39.779999,39.779999,38.849998,39.049999,31.677490,1198700
2007-11-15,38.639999,39.110001,37.299999,37.709999,30.590477,1454300
2007-11-16,37.389999,38.049999,37.270000,37.980000,30.809496,1330700
2007-11-19,37.919998,37.990002,36.099998,36.430000,29.552143,1587000
2007-11-20,37.099998,37.520000,36.290001,36.639999,29.722488,1453400
2007-11-21,37.110001,37.110001,35.160000,35.669998,28.935627,1479900
2007-11-23,35.849998,37.070000,35.700001,36.919998,29.949615,638800
2007-11-26,36.529999,37.270000,36.139999,36.259998,29.414240,1654600
2007-11-27,36.639999,37.130001,36.060001,36.660000,29.738705,1378100
2007-11-28,36.470001,38.549999,36.470001,38.490002,31.223215,1599700
2007-11-29,38.680000,39.459999,38.450001,38.810001,31.482811,1186400
2007-11-30,39.450001,40.020000,38.939999,39.680000,32.188557,3813400
2007-12-03,39.650002,40.270000,39.389999,39.939999,32.399464,1233600
2007-12-04,39.939999,40.000000,38.580002,38.720001,31.409798,1446300
2007-12-05,39.419998,39.500000,38.439999,38.919998,31.572027,1202600
2007-12-06,39.119999,39.560001,38.759998,39.560001,32.091206,1795400
2007-12-07,39.970001,40.880001,39.340000,39.779999,32.269669,1852100
2007-12-10,39.500000,40.310001,39.049999,39.450001,32.001987,1436500
2007-12-11,41.220001,42.500000,40.599998,41.029999,33.283672,3709100
2007-12-12,41.570000,43.720001,41.570000,42.860001,34.768173,5038800
2007-12-13,42.450001,44.169998,42.450001,44.029999,35.717289,2269900
2007-12-14,43.340000,44.770000,43.340000,44.330002,35.960632,2175400
2007-12-17,43.779999,44.150002,42.669998,43.000000,34.881741,2015200
2007-12-18,43.830002,43.830002,41.560001,41.900002,33.989414,1861300
2007-12-19,41.980000,42.049999,41.450001,41.490002,33.656822,1195600
2007-12-20,42.209999,42.209999,40.630001,41.570000,33.721737,1461100
2007-12-21,41.599998,42.840000,41.599998,42.410000,34.403145,1015500
2007-12-24,42.770000,43.340000,42.520000,42.990002,34.873634,349000
2007-12-26,42.810001,42.810001,41.720001,42.259998,34.281448,532600
2007-12-27,42.619999,42.860001,42.000000,42.259998,34.281448,769100
2007-12-28,41.980000,42.720001,41.419998,42.040001,34.102997,1019700
2007-12-31,41.630001,42.540001,41.630001,42.320000,34.330135,675500
2008-01-02,42.730000,43.720001,42.560001,43.020000,34.897976,1554600
2008-01-03,43.029999,43.700001,41.110001,41.590000,33.737946,1645800
2008-01-04,41.279999,41.279999,39.660000,40.169998,32.586037,1508000
2008-01-07,40.080002,40.279999,38.450001,39.259998,31.847847,2060400
2008-01-08,39.450001,39.970001,38.700001,38.709999,31.401684,1396400
2008-01-09,38.520000,38.520000,36.919998,38.299999,31.069092,2617200
2008-01-10,37.730000,39.130001,37.730000,38.790001,31.466583,2611200
2008-01-11,38.840000,38.840000,37.650002,37.980000,30.841293,1501300
2008-01-14,37.980000,38.700001,37.209999,38.369999,31.158022,1221900
2008-01-15,37.980000,38.490002,37.160000,37.509998,30.459641,1528700
2008-01-16,37.389999,37.389999,35.029999,35.570000,28.884289,2256100
2008-01-17,36.130001,36.380001,34.189999,34.400002,27.934208,2035600
2008-01-18,34.119999,36.070000,34.119999,35.110001,28.510748,2526500
2008-01-22,32.889999,35.110001,32.889999,33.790001,27.438866,2165200
2008-01-23,33.150002,34.680000,31.760000,34.450001,27.974800,2302300
2008-01-24,34.389999,35.369999,34.230000,35.130001,28.526993,1358000
2008-01-25,35.650002,36.939999,35.650002,36.160000,29.363388,2001900
2008-01-28,36.330002,37.310001,35.650002,37.310001,30.297237,2381200
2008-01-29,38.240002,38.240002,36.509998,36.770000,29.858736,1209000
2008-01-30,36.730000,37.650002,35.930000,36.580002,29.704451,1061700
2008-01-31,36.250000,37.549999,35.669998,37.230000,30.232267,1950400
2008-02-01,37.000000,38.250000,36.750000,37.910000,30.784473,1743900
2008-02-04,37.980000,39.099998,37.910000,38.529999,31.287933,2199000
2008-02-05,39.520000,41.400002,38.549999,39.950001,32.441032,3686600
2008-02-06,40.290001,40.520000,39.009998,39.049999,31.710190,1912300
2008-02-07,39.669998,40.340000,38.830002,39.259998,31.880728,1741800
2008-02-08,39.459999,39.459999,37.650002,38.720001,31.442223,1789800
2008-02-11,39.410000,40.529999,38.950001,39.950001,32.441032,2205700
2008-02-12,40.060001,40.400002,39.320000,39.639999,32.189312,1636900
2008-02-13,39.720001,40.439999,39.720001,40.320000,32.741478,1761100
2008-02-14,40.189999,40.880001,39.750000,39.860001,32.367958,1170700
2008-02-15,39.480000,40.500000,39.250000,40.450001,32.847050,1257300
2008-02-19,40.639999,41.000000,40.299999,40.910000,33.220581,1040600
2008-02-20,40.689999,40.980000,39.860001,40.779999,33.115021,1410100
2008-02-21,40.840000,41.310001,40.410000,40.700001,33.050056,1223100
2008-02-22,40.959999,40.980000,39.900002,40.779999,33.115021,1037400
2008-02-25,41.040001,41.349998,40.330002,41.250000,33.496689,1076500
2008-02-26,41.279999,41.279999,40.000000,40.529999,32.912018,1737100
2008-02-27,40.029999,40.959999,40.020000,40.599998,32.968861,914400
2008-02-28,40.389999,40.869999,40.070000,40.500000,32.887657,777100
2008-02-29,40.419998,40.529999,38.439999,38.900002,31.588377,1055900
2008-03-03,39.049999,39.950001,38.049999,39.930000,32.424789,1058100
2008-03-04,39.330002,40.310001,39.130001,39.860001,32.367958,1528100
2008-03-05,39.700001,40.610001,39.439999,40.130001,32.587196,1080600
2008-03-06,39.799999,39.799999,38.259998,38.419998,31.198606,1610000
2008-03-07,38.009998,39.230000,37.869999,37.959999,30.825062,1502200
2008-03-10,37.630001,37.900002,36.500000,36.549999,29.680098,1567100
2008-03-11,37.169998,38.470001,37.169998,38.250000,31.060553,1653700
2008-03-12,38.500000,39.360001,38.330002,38.450001,31.222973,1123700
2008-03-13,37.660000,38.599998,36.730000,38.450001,31.222973,1292700
2008-03-14,38.709999,39.070000,36.860001,37.820000,30.711374,1639100
2008-03-17,36.560001,37.779999,36.320000,36.900002,29.964304,1217300
2008-03-18,37.770000,38.500000,37.450001,38.349998,31.141764,1440600
2008-03-19,38.130001,38.759998,37.259998,37.310001,30.297237,1826000
2008-03-20,36.650002,38.310001,36.599998,37.849998,30.735741,1070000
2008-03-24,38.169998,40.200001,38.169998,39.599998,32.156822,1450700
2008-03-25,39.990002,39.990002,39.400002,39.669998,32.213654,1228300
2008-03-26,39.669998,39.900002,39.430000,39.820000,32.335464,966600
2008-03-27,40.599998,40.599998,39.599998,39.770000,32.294857,1473600
2008-03-28,40.200001,40.200001,38.889999,39.090000,31.742676,995100
2008-03-31,38.869999,39.500000,38.770000,39.049999,31.710190,1006900
2008-04-01,40.599998,41.250000,39.500000,40.959999,33.261181,1785100
2008-04-02,41.349998,41.349998,40.009998,40.459999,32.855167,1053500
2008-04-03,40.470001,40.660000,40.000000,40.500000,32.887657,1169200
2008-04-04,40.720001,41.950001,40.590000,41.759998,33.910824,1235900
2008-04-07,42.230000,43.110001,41.549999,42.080002,34.170685,2107100
2008-04-08,41.529999,43.119999,41.529999,42.270000,34.324963,1334600
2008-04-09,42.290001,42.349998,41.259998,41.740002,33.894588,1018800
2008-04-10,41.660000,42.389999,41.000000,42.029999,34.130070,1188200
2008-04-11,41.400002,41.470001,40.330002,40.500000,32.918991,988400
2008-04-14,40.500000,42.009998,40.500000,41.580002,33.796825,1099100
2008-04-15,41.669998,42.099998,40.580002,41.060001,33.374161,1124500
2008-04-16,41.549999,42.939999,41.220001,42.810001,34.796585,1802600
2008-04-17,42.650002,43.580002,42.320000,42.570000,34.601513,1105200
2008-04-18,42.810001,43.820000,42.540001,43.549999,35.398060,1493400
2008-04-21,43.790001,44.740002,43.220001,44.279999,35.991405,1895200
2008-04-22,45.000000,45.779999,43.799999,45.320000,36.836746,3200100
2008-04-23,45.660000,45.660000,43.959999,44.540001,36.202763,1309900
2008-04-24,44.860001,44.860001,42.730000,44.020000,35.780094,1948800
2008-04-25,44.290001,45.439999,44.259998,45.310001,36.828632,1019000
2008-04-28,45.689999,45.689999,44.540001,45.419998,36.918022,1484200
2008-04-29,45.270000,45.349998,44.150002,44.279999,35.991405,1209600
2008-04-30,44.549999,45.310001,44.470001,44.750000,36.373447,1234900
2008-05-01,44.849998,45.020000,43.209999,44.830002,36.438469,1104600
2008-05-02,45.000000,45.270000,44.180000,45.020000,36.592907,847500
2008-05-05,45.099998,45.250000,44.349998,44.980000,36.560394,984300
2008-05-06,44.549999,45.880001,44.520000,45.669998,37.121243,1163500
2008-05-07,45.869999,45.900002,44.599998,44.930000,36.519756,1347100
2008-05-08,45.340000,46.000000,44.740002,45.590000,37.056210,1577900
2008-05-09,45.439999,46.810001,44.810001,46.349998,37.673927,1330700
2008-05-12,46.639999,48.500000,46.450001,48.130001,39.120735,1983900
2008-05-13,48.130001,48.430000,47.320000,47.919998,38.950062,1440300
2008-05-14,48.380001,49.939999,46.990002,47.139999,38.316071,3824800
2008-05-15,47.279999,47.470001,46.380001,47.169998,38.340446,2178900
2008-05-16,48.740002,49.000000,47.040001,48.400002,39.340225,1542400
2008-05-19,48.220001,49.060001,47.310001,47.570000,38.665581,1370400
2008-05-20,47.950001,48.919998,47.240002,48.730000,39.608440,1497200
2008-05-21,48.560001,48.860001,47.549999,47.770000,38.828152,1272600
2008-05-22,47.910000,49.200001,47.799999,48.709999,39.592186,1140400
2008-05-23,48.810001,48.810001,46.910000,47.480000,38.592434,1168200
2008-05-27,47.410000,48.080002,47.189999,47.959999,38.982571,872800
2008-05-28,47.869999,48.439999,47.290001,48.340000,39.291443,940000
2008-05-29,48.389999,48.389999,47.500000,47.770000,38.828152,1055000
2008-05-30,47.750000,48.849998,47.500000,48.700001,39.584057,1751900
2008-06-02,48.630001,48.630001,47.669998,48.330002,39.283329,882100
2008-06-03,48.639999,48.639999,47.119999,47.490002,38.600552,1512100
2008-06-04,47.490002,48.259998,47.110001,47.779999,38.836258,1023200
2008-06-05,48.150002,49.360001,47.470001,49.180000,39.974197,1198900
2008-06-06,49.029999,49.029999,47.480000,47.570000,38.665581,842500
2008-06-09,47.700001,48.439999,47.480000,48.150002,39.137012,803200
2008-06-10,47.220001,47.950001,46.250000,47.709999,38.779381,1594500
2008-06-11,47.860001,48.000000,47.000000,47.029999,38.226662,720700
2008-06-12,47.230000,48.150002,47.209999,47.639999,38.722469,847000
2008-06-13,47.790001,48.650002,47.180000,48.240002,39.210155,1547400
2008-06-16,47.619999,49.910000,47.619999,49.639999,40.348099,1797000
2008-06-17,49.860001,50.990002,49.110001,49.869999,40.535049,1724700
2008-06-18,49.869999,49.869999,48.320000,49.009998,39.836033,1114600
2008-06-19,48.880001,49.930000,48.860001,49.439999,40.185555,1056400
2008-06-20,49.279999,50.439999,48.830002,49.590000,40.307468,1843400
2008-06-23,49.490002,50.200001,48.689999,50.000000,40.640720,1152400
2008-06-24,49.869999,49.930000,47.799999,48.250000,39.218292,1678800
2008-06-25,48.180000,50.299999,48.180000,49.720001,40.413124,1088000
2008-06-26,49.400002,49.470001,47.400002,47.459999,38.576172,1126500
2008-06-27,47.529999,47.730000,45.369999,46.230000,37.576401,3550000
2008-06-30,46.099998,46.830002,45.599998,45.660000,37.113110,1138900
2008-07-01,47.020000,47.020000,43.939999,45.349998,36.861122,2065800
2008-07-02,45.660000,45.750000,42.459999,42.910000,34.877865,2246100
2008-07-03,43.080002,43.320000,41.470001,43.000000,34.951015,1887200
2008-07-07,43.099998,44.200001,42.200001,43.049999,34.991653,1761100
2008-07-08,43.000000,43.430000,41.820000,43.020000,34.967281,1659100
2008-07-09,43.250000,44.200001,42.810001,42.840000,34.820976,971700
2008-07-10,43.860001,44.650002,42.959999,44.250000,35.967030,1722800
2008-07-11,43.750000,45.630001,42.990002,45.070000,36.666691,2174900
2008-07-14,46.189999,47.000000,45.360001,45.410000,36.943287,1588000
2008-07-15,44.799999,45.330002,43.660000,44.540001,36.235508,1729300
2008-07-16,44.430000,44.720001,43.130001,44.360001,36.089062,1924300
2008-07-17,44.689999,45.160000,43.700001,43.900002,35.714836,1573800
2008-07-18,44.450001,45.099998,43.430000,44.389999,36.113476,1750800
2008-07-21,44.750000,46.849998,44.189999,44.520000,36.219238,1981200
2008-07-22,41.889999,41.970001,37.759998,39.669998,32.273525,10779600
2008-07-23,39.970001,41.119999,39.119999,39.529999,32.159607,3765000
2008-07-24,39.900002,42.500000,38.930000,39.130001,31.834200,2827800
2008-07-25,40.189999,40.360001,37.000000,40.000000,32.541996,2140100
2008-07-28,39.779999,40.150002,38.480000,38.599998,31.403038,2139000
2008-07-29,38.750000,39.180000,38.410000,38.529999,31.346081,2513200
2008-07-30,38.939999,39.230000,38.509998,39.099998,31.809790,1979200
2008-07-31,38.820000,39.770000,38.410000,38.529999,31.346081,1733800
2008-08-01,38.810001,39.130001,38.310001,38.590000,31.394884,1805400
2008-08-04,38.720001,38.720001,34.419998,35.110001,28.563732,3357500
2008-08-05,35.630001,35.980000,34.169998,35.509998,28.889153,3446000
2008-08-06,35.759998,37.490002,35.310001,37.060001,30.150166,2005200
2008-08-07,36.930000,37.180000,36.060001,36.160000,29.417955,1631900
2008-08-08,36.400002,38.360001,36.189999,37.810001,30.760315,3007200
2008-08-11,38.740002,39.099998,37.630001,38.009998,30.923016,2219300
2008-08-12,38.279999,39.270000,37.889999,38.930000,31.671494,1582300
2008-08-13,38.810001,39.790001,38.610001,39.650002,32.257259,1431300
2008-08-14,39.810001,39.810001,38.689999,38.740002,31.516909,1397400
2008-08-15,38.860001,39.320000,38.080002,38.540001,31.354208,1041900
2008-08-18,38.880001,39.869999,37.060001,37.240002,30.296597,2106900
2008-08-19,37.160000,37.240002,35.950001,37.150002,30.223385,2620200
2008-08-20,37.549999,38.450001,37.160000,37.709999,30.678967,1397200
2008-08-21,37.549999,38.029999,36.860001,37.180000,30.247789,1540000
2008-08-22,37.430000,38.209999,37.130001,38.090000,30.988106,1049600
2008-08-25,37.639999,38.139999,37.130001,37.389999,30.418631,566400
2008-08-26,37.230000,37.279999,36.180000,37.000000,30.101343,1467000
2008-08-27,36.880001,37.840000,36.669998,36.959999,30.068796,1088900
2008-08-28,37.470001,37.669998,36.810001,37.450001,30.467445,1035900
2008-08-29,38.349998,38.799999,37.770000,38.560001,31.370489,1195000
2008-09-02,38.650002,39.080002,38.220001,38.220001,31.093872,1828000
2008-09-03,38.290001,38.439999,36.419998,36.820000,29.954905,1790400
2008-09-04,36.820000,36.820000,33.820000,34.470001,28.043058,3123500
2008-09-05,34.029999,35.270000,33.169998,35.099998,28.555595,2077600
2008-09-08,36.660000,36.660000,35.000000,36.270000,29.507446,2527500
2008-09-09,36.779999,36.779999,34.490002,34.599998,28.148819,4037500
2008-09-10,34.680000,36.490002,34.430000,35.509998,28.889153,2342700
2008-09-11,35.430000,36.610001,34.250000,36.430000,29.637617,1516600
2008-09-12,35.910000,37.330002,35.910000,37.049999,30.142014,2073300
2008-09-15,36.330002,36.369999,33.849998,34.009998,27.668825,1923500
2008-09-16,33.110001,33.290001,31.520000,33.220001,27.026117,5485100
2008-09-17,32.700001,32.900002,30.750000,30.959999,25.187502,2080800
2008-09-18,31.120001,32.369999,29.190001,32.139999,26.147490,3223600
2008-09-19,33.750000,42.000000,32.139999,33.740002,27.449173,2830100
2008-09-22,34.040001,34.540001,32.279999,32.450001,26.399691,1767300
2008-09-23,32.200001,33.270000,31.000000,31.750000,25.830204,1839900
2008-09-24,32.000000,32.560001,31.330000,32.160000,26.163765,1713400
2008-09-25,32.299999,32.299999,29.790001,30.629999,24.919029,3169900
2008-09-26,29.520000,30.450001,28.000000,30.250000,24.609877,1856100
2008-09-29,29.540001,29.780001,25.549999,25.910000,21.079077,3434300
2008-09-30,25.840000,28.139999,24.680000,27.910000,22.706173,3874600
2008-10-01,27.760000,27.760000,25.660000,26.500000,21.559069,3935900
2008-10-02,26.209999,26.690001,22.740000,22.930000,18.654697,2924200
2008-10-03,23.000000,23.670000,21.530001,21.820000,17.751652,5108900
2008-10-06,21.010000,21.809999,18.770000,20.160000,16.401159,3765000
2008-10-07,20.240000,20.680000,17.830000,18.100000,14.725248,4138000
2008-10-08,17.150000,19.180000,17.070000,18.549999,15.091354,4679600
2008-10-09,19.049999,20.969999,18.280001,18.280001,14.871694,4611300
2008-10-10,17.129999,19.840000,13.810000,17.320000,14.121581,3314100
2008-10-13,18.379999,20.799999,18.000000,20.459999,16.681730,3613200
2008-10-14,21.660000,21.860001,18.930000,19.570000,15.956079,2145900
2008-10-15,19.570000,19.570000,16.900000,16.990000,13.852526,2778000
2008-10-16,17.010000,18.350000,16.150000,18.090000,14.749388,3296800
2008-10-17,17.940001,20.090000,17.219999,18.809999,15.336432,3035000
2008-10-20,19.290001,19.900000,18.799999,19.690001,16.053928,2982800
2008-10-21,16.480000,17.500000,13.810000,14.300000,11.659276,8591900
2008-10-22,14.580000,14.860000,13.650000,14.260000,11.626662,5339000
2008-10-23,14.560000,14.960000,13.170000,14.560000,11.871262,4398800
2008-10-24,13.600000,14.210000,11.710000,13.610000,11.096695,3082700
2008-10-27,13.460000,13.470000,11.370000,11.370000,9.270349,4161600
2008-10-28,11.580000,12.800000,10.810000,12.020000,9.800315,4407000
2008-10-29,11.850000,13.280000,11.620000,13.000000,10.599341,4202600
2008-10-30,13.350000,14.120000,11.830000,13.040000,10.631952,8614200
2008-10-31,13.000000,14.440000,12.750000,13.860000,11.300526,3339100
2008-11-03,14.190000,15.100000,13.910000,14.140000,11.528823,2931600
2008-11-04,14.550000,15.690000,14.310000,15.350000,12.515376,2644800
2008-11-05,15.180000,15.520000,14.140000,14.190000,11.569586,2107000
2008-11-06,13.830000,14.080000,12.940000,12.990000,10.591187,1519200
2008-11-07,13.240000,14.130000,12.970000,14.130000,11.520666,2039500
2008-11-10,15.080000,15.220000,14.200000,14.420000,11.757115,3209900
2008-11-11,14.380000,14.380000,13.270000,13.690000,11.161920,2864700
2008-11-12,13.870000,13.870000,12.200000,12.200000,9.947072,3558500
2008-11-13,12.410000,13.550000,11.660000,13.550000,11.047771,3414100
2008-11-14,13.170000,13.640000,12.650000,12.910000,10.525961,2204100
2008-11-17,12.800000,13.300000,12.540000,12.970000,10.574879,2256000
2008-11-18,12.720000,12.920000,12.140000,12.640000,10.305821,2703100
2008-11-19,12.350000,12.620000,11.050000,11.080000,9.033899,4088300
2008-11-20,11.140000,11.250000,8.370000,8.460000,6.897726,6653100
2008-11-21,7.020000,7.800000,5.710000,7.600000,6.196538,7806100
2008-11-24,7.960000,8.830000,7.600000,8.700000,7.093406,3410600
2008-11-25,8.810000,9.590000,8.810000,9.470000,7.721214,3109000
2008-11-26,9.280000,11.120000,9.190000,11.040000,9.001286,4052300
2008-11-28,11.040000,11.580000,11.000000,11.550000,9.417109,849100
2008-12-01,11.010000,11.120000,10.020000,10.060000,8.202260,4516800
2008-12-02,10.370000,10.590000,9.840000,10.330000,8.422397,3435900
2008-12-03,9.620000,11.000000,9.620000,10.600000,8.642539,3529900
2008-12-04,10.210000,11.620000,10.030000,11.500000,9.376337,4501000
2008-12-05,11.000000,11.460000,10.700000,10.920000,8.903445,5560900
2008-12-08,11.550000,13.060000,11.080000,12.280000,10.012301,5354500
2008-12-09,12.080000,12.710000,11.790000,11.880000,9.686168,3951900
2008-12-10,12.220000,12.590000,11.190000,11.740000,9.572018,3154100
2008-12-11,11.700000,12.020000,11.020000,11.120000,9.066515,2519900
2008-12-12,10.590000,11.450000,10.500000,11.240000,9.164352,1847500
2008-12-15,11.330000,11.790000,11.150000,11.470000,9.351879,1505900
2008-12-16,11.590000,12.510000,11.450000,12.500000,10.191671,2076100
2008-12-17,12.170000,13.110000,12.000000,12.680000,10.338437,2401100
2008-12-18,12.940000,12.940000,11.700000,12.060000,9.832926,2031200
2008-12-19,12.100000,12.280000,11.880000,11.980000,9.767701,2132200
2008-12-22,12.040000,12.130000,11.170000,11.610000,9.466029,1779700
2008-12-23,11.600000,11.990000,11.400000,11.490000,9.368187,1004500
2008-12-24,11.640000,11.700000,11.050000,11.460000,9.343725,552600
2008-12-26,11.500000,11.740000,11.170000,11.720000,9.555715,463800
2008-12-29,11.710000,11.710000,11.110000,11.240000,9.164352,881900
2008-12-30,11.300000,11.790000,11.150000,11.700000,9.539408,1052700
2008-12-31,11.700000,12.500000,11.700000,12.430000,10.134602,1119600
2009-01-02,12.500000,13.180000,12.250000,13.090000,10.672721,1193600
2009-01-05,13.250000,13.750000,12.710000,13.620000,11.104850,2113400
2009-01-06,13.950000,14.660000,13.650000,14.240000,11.610353,2972500
2009-01-07,13.940000,14.600000,13.790000,14.500000,11.822342,3248900
2009-01-08,14.550000,14.680000,14.230000,14.480000,11.806033,3594200
2009-01-09,14.500000,15.270000,14.410000,14.960000,12.197394,2757300
2009-01-12,14.720000,15.000000,13.430000,13.620000,11.104850,2443300
2009-01-13,13.590000,13.820000,13.200000,13.410000,10.965834,1860900
2009-01-14,12.980000,13.000000,12.300000,12.800000,10.467013,2421400
2009-01-15,12.700000,13.020000,12.010000,12.580000,10.287112,2219000
2009-01-16,12.940000,13.080000,12.010000,12.060000,9.861891,3413300
2009-01-20,12.050000,12.050000,11.180000,11.220000,9.174991,1800000
2009-01-21,11.500000,11.870000,10.950000,11.870000,9.706518,1911700
2009-01-22,11.540000,11.720000,11.180000,11.430000,9.346719,1514100
2009-01-23,11.040000,12.070000,10.590000,11.920000,9.747408,1893700
2009-01-26,11.940000,12.290000,11.540000,11.820000,9.665632,1587700
2009-01-27,11.880000,12.050000,11.510000,11.850000,9.690166,970500
2009-01-28,11.950000,12.630000,11.940000,12.090000,9.886423,2802800
2009-01-29,12.180000,12.180000,11.500000,11.550000,9.444844,1221600
2009-01-30,11.400000,11.560000,10.570000,10.650000,8.708881,2189400
2009-02-02,10.500000,11.020000,10.110000,10.460000,8.553514,3212400
2009-02-03,9.850000,10.150000,9.460000,9.500000,7.768487,6207900
2009-02-04,9.490000,10.120000,9.300000,10.000000,8.177355,5463800
2009-02-05,10.050000,10.510000,9.630000,10.420000,8.520802,2330900
2009-02-06,10.580000,12.080000,10.480000,11.920000,9.747408,3678400
2009-02-09,11.820000,12.470000,11.560000,11.970000,9.788293,2388000
2009-02-10,11.810000,12.260000,11.010000,11.260000,9.207704,2894100
2009-02-11,11.260000,11.520000,11.050000,11.290000,9.232231,2282200
2009-02-12,10.870000,11.280000,10.570000,11.120000,9.093218,1795800
2009-02-13,11.020000,11.470000,10.930000,11.010000,9.003266,1716200
2009-02-17,10.810000,10.840000,10.040000,10.090000,8.250952,1436000
2009-02-18,10.250000,10.250000,9.570000,9.620000,7.866619,2213800
2009-02-19,9.680000,10.250000,9.590000,9.800000,8.013805,1561300
2009-02-20,9.760000,10.140000,9.380000,9.930000,8.120116,2278300
2009-02-23,10.000000,10.430000,9.330000,9.360000,7.654005,3148200
2009-02-24,9.450000,9.830000,9.120000,9.540000,7.801192,2527800
2009-02-25,9.010000,9.690000,8.950000,8.980000,7.343265,2610400
2009-02-26,9.060000,9.470000,8.670000,8.680000,7.097942,1717300
2009-02-27,8.350000,8.810000,8.140000,8.540000,6.983461,3025700
2009-03-02,8.440000,8.440000,7.610000,7.720000,6.312917,3184800
2009-03-03,7.830000,8.130000,7.440000,7.520000,6.149372,3196700
2009-03-04,8.250000,9.650000,8.250000,9.220000,7.539521,3783900
2009-03-05,9.140000,9.140000,8.500000,8.560000,6.999816,3200600
2009-03-06,8.550000,8.780000,8.120000,8.360000,6.836269,3018100
2009-03-09,8.270000,8.940000,8.210000,8.290000,6.779028,2620700
2009-03-10,8.670000,9.630000,8.670000,9.630000,7.874791,3898500
2009-03-11,9.830000,10.650000,9.830000,10.490000,8.578044,3498300
2009-03-12,10.430000,11.400000,10.210000,11.250000,9.199524,3416700
2009-03-13,11.430000,11.790000,10.730000,10.800000,8.831545,3207000
2009-03-16,10.900000,11.220000,10.590000,10.590000,8.659819,1790700
2009-03-17,10.570000,11.090000,10.300000,11.000000,8.995088,1353700
2009-03-18,10.900000,11.510000,10.520000,11.370000,9.297656,1828200
2009-03-19,11.560000,11.880000,11.280000,11.630000,9.510264,1338900
2009-03-20,12.120000,12.300000,11.460000,11.720000,9.583859,2491800
2009-03-23,12.190000,13.470000,11.920000,13.470000,11.014898,3195300
2009-03-24,13.130000,13.570000,12.920000,13.100000,10.712336,2401400
2009-03-25,13.100000,13.660000,12.440000,13.190000,10.785932,2120100
2009-03-26,13.460000,15.190000,13.460000,14.400000,11.775387,4172500
2009-03-27,14.190000,14.720000,14.190000,14.400000,11.775387,3570200
2009-03-30,13.770000,14.290000,12.960000,13.090000,10.704158,2337100
2009-03-31,13.080000,13.830000,12.780000,13.370000,10.933121,2424800
2009-04-01,13.100000,14.360000,12.670000,14.180000,11.595488,3074900
2009-04-02,14.570000,15.890000,14.570000,15.620000,12.773028,3449800
2009-04-03,15.270000,16.709999,15.240000,16.570000,13.549873,2516100
2009-04-06,14.690000,16.020000,14.240000,15.960000,13.051058,3879500
2009-04-07,15.640000,16.219999,15.360000,15.760000,12.887508,3470400
2009-04-08,15.810000,16.790001,15.470000,16.370001,13.386332,2842900
2009-04-09,16.910000,17.860001,16.209999,17.590000,14.383968,3285900
2009-04-13,17.370001,18.120001,16.799999,17.980000,14.736390,2805700
2009-04-14,17.750000,17.910000,16.959999,17.240000,14.129891,2474200
2009-04-15,17.250000,17.500000,16.730000,17.150000,14.056127,3280000
2009-04-16,17.469999,17.830000,16.750000,17.680000,14.490509,3660800
2009-04-17,17.610001,17.780001,17.000000,17.540001,14.375771,2462400
2009-04-20,17.160000,17.190001,15.960000,16.299999,13.359468,2989400
2009-04-21,15.910000,17.559999,15.910000,17.520000,14.359378,1723100
2009-04-22,17.190001,17.790001,16.549999,16.719999,13.703700,3109500
2009-04-23,16.600000,17.129999,15.900000,16.580000,13.588959,3150900
2009-04-24,17.240000,18.480000,16.830000,18.360001,15.047841,3745300
2009-04-27,18.059999,18.520000,17.389999,18.500000,15.162586,2993900
2009-04-28,18.600000,18.920000,17.830000,18.340000,15.031451,4841700
2009-04-29,18.520000,21.059999,18.430000,20.219999,16.572294,5054200
2009-04-30,20.910000,21.469999,20.309999,20.840000,17.080444,4271300
2009-05-01,21.030001,21.920000,20.740000,21.360001,17.506638,2532800
2009-05-04,21.750000,22.639999,21.510000,22.000000,18.031179,3252500
2009-05-05,21.530001,22.440001,21.530001,22.190001,18.186909,3096600
2009-05-06,22.620001,23.340000,21.010000,22.070000,18.088556,3458800
2009-05-07,22.510000,22.520000,19.240000,20.299999,16.637859,4754700
2009-05-08,20.590000,21.709999,19.719999,21.660000,17.752522,3124700
2009-05-11,22.010000,22.160000,19.290001,21.790001,17.859068,5567800
2009-05-12,22.459999,22.950001,19.760000,20.600000,16.883745,4463600
2009-05-13,19.200001,19.490000,18.360001,18.790001,15.400270,4552600
2009-05-14,18.670000,19.830000,18.670000,19.500000,15.982175,4016900
2009-05-15,19.629999,20.129999,18.600000,18.740000,15.359289,3221400
2009-05-18,19.000000,20.100000,18.910000,19.879999,16.293631,2898200
2009-05-19,20.030001,20.730000,19.350000,20.459999,16.768999,2789600
2009-05-20,20.700001,21.500000,20.370001,20.809999,17.055857,2785500
2009-05-21,20.520000,20.530001,19.299999,19.500000,15.982175,1928700
2009-05-22,19.350000,19.950001,19.120001,19.200001,15.736310,2149100
2009-05-26,18.879999,19.590000,18.299999,19.540001,16.014973,3261500
2009-05-27,19.290001,20.160000,19.150000,19.180000,15.719917,2678900
2009-05-28,19.190001,19.799999,18.969999,19.770000,16.203476,2785000
2009-05-29,19.790001,20.639999,19.790001,20.510000,16.809977,2812100
2009-06-01,21.200001,22.049999,21.049999,21.840000,17.900047,3689200
2009-06-02,21.799999,22.330000,21.370001,22.040001,18.063967,3926500
2009-06-03,21.830000,21.830000,20.490000,20.760000,17.014883,2487200
2009-06-04,20.959999,21.320000,20.629999,21.190001,17.367310,2957600
2009-06-05,21.440001,21.730000,21.000000,21.209999,17.383703,3316600
2009-06-08,20.820000,21.889999,20.750000,21.629999,17.727936,2954700
2009-06-09,21.730000,23.230000,21.730000,23.129999,18.957331,2844500
2009-06-10,23.480000,23.620001,21.910000,22.920000,18.785210,2306600
2009-06-11,22.870001,24.299999,22.840000,23.830000,19.531048,2511700
2009-06-12,23.610001,23.920000,22.990000,23.610001,19.350740,1318800
2009-06-15,23.420000,23.420000,22.389999,23.240000,19.047483,1621400
2009-06-16,23.330000,24.049999,22.320000,22.480000,18.424589,3031500
2009-06-17,22.290001,22.620001,21.420000,21.959999,17.998398,2308500
2009-06-18,22.049999,22.889999,21.830000,22.389999,18.350830,713700
2009-06-19,22.709999,22.879999,21.950001,22.250000,18.236082,1144300
2009-06-22,21.900000,21.900000,20.309999,20.370001,16.695236,1940100
2009-06-23,20.459999,21.139999,20.250000,20.820000,17.064053,2164100
2009-06-24,21.120001,22.000000,20.959999,21.830000,17.891855,2293700
2009-06-25,21.610001,22.670000,21.610001,22.580000,18.506548,1950100
2009-06-26,22.030001,22.959999,22.030001,22.900000,18.768816,1771300
2009-06-29,23.000000,24.040001,22.889999,23.860001,19.555635,1693500
2009-06-30,23.770000,23.969999,23.150000,23.750000,19.465488,1762600
2009-07-01,23.940001,24.360001,23.620001,23.770000,19.481869,1129400
2009-07-02,22.809999,23.219999,22.370001,22.650000,18.563927,873000
2009-07-06,22.430000,22.430000,21.280001,22.059999,18.080355,1526100
2009-07-07,22.070000,22.250000,21.309999,21.450001,17.580404,1514300
2009-07-08,21.440001,21.770000,20.549999,20.820000,17.064053,3078500
2009-07-09,21.240000,21.639999,20.820000,21.139999,17.326323,1507800
2009-07-10,20.910000,21.410000,20.270000,20.809999,17.055857,1527200
2009-07-13,20.730000,20.730000,19.719999,20.520000,16.850567,5477000
2009-07-14,20.389999,21.309999,20.389999,20.950001,17.203667,2164800
2009-07-15,21.430000,21.969999,21.280001,21.940001,18.016638,1654200
2009-07-16,21.930000,22.780001,21.930000,22.650000,18.599678,1462000
2009-07-17,22.650000,22.910000,22.250000,22.639999,18.591461,1117600
2009-07-20,22.709999,23.459999,22.600000,23.170000,19.026693,1124000
2009-07-21,23.650000,24.570000,23.379999,24.570000,20.176334,2924700
2009-07-22,24.270000,24.540001,23.860001,24.200001,19.872503,2216100
2009-07-23,24.110001,25.480000,24.100000,25.450001,20.898973,2296100
2009-07-24,25.370001,25.629999,24.809999,25.590000,21.013939,1173700
2009-07-27,25.440001,26.430000,25.440001,26.120001,21.449165,2456600
2009-07-28,24.920000,25.530001,23.959999,24.719999,20.299511,2947000
2009-07-29,24.400000,24.610001,24.180000,24.270000,19.929976,2184300
2009-07-30,24.790001,25.330000,24.740000,24.850000,20.406260,1724900
2009-07-31,24.809999,25.799999,24.730000,25.700001,21.104263,1759900
2009-08-03,25.879999,27.129999,25.879999,27.110001,22.262131,1903100
2009-08-04,26.650000,27.440001,26.650000,27.320000,22.434574,1310800
2009-08-05,27.320000,27.540001,26.570000,26.940001,22.122530,811400
2009-08-06,26.980000,27.150000,25.980000,26.299999,21.596972,925300
2009-08-07,26.809999,27.540001,26.209999,27.389999,22.492062,2043100
2009-08-10,27.090000,27.740000,26.969999,27.430000,22.524900,1516300
2009-08-11,27.150000,27.430000,26.889999,27.240000,22.368879,1299600
2009-08-12,27.139999,27.410000,26.889999,27.180000,22.319609,1789500
2009-08-13,27.340000,27.830000,27.100000,27.340000,22.451000,1364800
2009-08-14,27.190001,27.500000,26.559999,26.920000,22.106104,1562700
2009-08-17,26.280001,26.280001,24.709999,25.120001,20.627983,1957300
2009-08-18,25.090000,25.940001,25.090000,25.879999,21.252077,1588800
2009-08-19,25.200001,26.049999,25.200001,25.900000,21.268499,1455700
2009-08-20,26.070000,26.600000,25.969999,26.129999,21.457373,1133200
2009-08-21,26.549999,26.870001,26.400000,26.700001,21.925449,818500
2009-08-24,26.809999,27.580000,26.420000,26.430000,21.703728,1317200
2009-08-25,26.670000,27.110001,26.370001,26.500000,21.761209,2035300
2009-08-26,26.230000,26.420000,25.940001,26.090000,21.424524,1921200
2009-08-27,26.100000,26.110001,24.990000,25.389999,20.849699,1667100
2009-08-28,25.780001,26.510000,25.389999,25.900000,21.268499,1327900
2009-08-31,25.420000,25.750000,25.090000,25.469999,20.915394,1279100
2009-09-01,25.370001,25.900000,24.389999,24.459999,20.086006,1221600
2009-09-02,24.389999,24.820000,24.150000,24.719999,20.299511,940200
2009-09-03,24.900000,25.139999,24.139999,25.000000,20.529442,1578900
2009-09-04,25.010000,25.010000,24.110001,24.410000,20.044949,1485800
2009-09-08,24.840000,25.360001,24.600000,25.290001,20.767582,1959500
2009-09-09,25.260000,26.020000,24.870001,25.570000,20.997505,1442100
2009-09-10,25.570000,26.620001,25.080000,26.500000,21.761209,1657200
2009-09-11,26.570000,27.150000,26.469999,26.629999,21.867964,1067200
2009-09-14,26.700001,27.150000,26.410000,26.930000,22.114319,1167500
2009-09-15,26.980000,27.450001,26.450001,27.090000,22.245705,1232900
2009-09-16,27.200001,27.570000,26.830000,27.500000,22.582386,1214300
2009-09-17,27.430000,27.930000,27.280001,27.400000,22.500269,1010500
2009-09-18,27.520000,27.680000,26.850000,26.950001,22.130735,2034300
2009-09-21,26.570000,27.459999,26.129999,27.389999,22.492062,1402500
2009-09-22,27.650000,27.680000,26.760000,26.910000,22.097895,2094800
2009-09-23,26.770000,26.990000,25.650000,25.660000,21.071419,1959700
2009-09-24,25.670000,25.820000,24.440001,24.790001,20.356993,1728700
2009-09-25,24.730000,25.270000,24.100000,24.150000,19.831440,2745100
2009-09-28,24.250000,25.719999,24.240000,25.129999,20.636189,2006500
2009-09-29,25.250000,25.680000,24.969999,25.440001,20.890755,1226200
2009-09-30,25.549999,25.639999,24.780001,25.000000,20.529442,1889500
2009-10-01,24.860001,25.010000,24.340000,24.389999,20.028521,1829200
2009-10-02,23.920000,24.250000,23.650000,23.879999,19.609724,1782700
2009-10-05,24.120001,24.440001,23.879999,24.280001,19.938189,1490600
2009-10-06,24.660000,25.100000,24.559999,25.030001,20.554073,1426400
2009-10-07,25.080000,25.620001,24.840000,25.200001,20.693674,1626100
2009-10-08,25.629999,25.959999,25.240000,25.910000,21.276718,1768300
2009-10-09,25.879999,25.980000,25.260000,25.459999,20.907187,1274800
2009-10-12,25.639999,26.000000,25.100000,25.379999,20.841488,1102800
2009-10-13,25.379999,25.670000,24.750000,25.330000,20.833265,970700
2009-10-14,25.730000,26.719999,25.730000,26.480000,21.779108,2290700
2009-10-15,26.150000,26.910000,26.030001,26.900000,22.124548,1188900
2009-10-16,26.650000,26.840000,26.190001,26.410000,21.721539,1229800
2009-10-19,26.629999,27.290001,26.340000,27.200001,22.371296,1168800
2009-10-20,27.170000,27.260000,26.530001,26.959999,22.173897,1670000
2009-10-21,26.780001,27.250000,26.230000,26.340000,21.663965,1740200
2009-10-22,26.290001,27.299999,25.920000,27.030001,22.231476,1405500
2009-10-23,27.230000,27.230000,25.860001,26.120001,21.483021,2067300
2009-10-26,26.230000,26.820000,25.750000,25.959999,21.351419,1586200
2009-10-27,27.820000,28.870001,27.570000,28.190001,23.185543,5628600
2009-10-28,28.150000,28.230000,26.820000,26.889999,22.116323,3347500
2009-10-29,27.350000,28.340000,27.260000,28.250000,23.234892,1862500
2009-10-30,28.200001,28.389999,27.280001,27.450001,22.576908,3120000
2009-11-02,27.780001,28.020000,26.740000,27.309999,22.461761,1841500
2009-11-03,26.950001,27.690001,26.690001,27.430000,22.560459,1643700
2009-11-04,27.850000,28.400000,27.670000,27.900000,22.947023,1614200
2009-11-05,28.110001,29.330000,28.059999,29.240000,24.049141,1719300
2009-11-06,28.740000,29.650000,28.650000,29.290001,24.090263,1913300
2009-11-09,29.639999,30.200001,29.480000,30.129999,24.781139,1728800
2009-11-10,30.090000,30.090000,28.730000,29.440001,24.213629,1713000
2009-11-11,29.570000,29.830000,29.000000,29.250000,24.057365,1463200
2009-11-12,29.330000,29.520000,28.670000,28.799999,23.687250,2383300
2009-11-13,28.799999,29.250000,28.580000,29.180000,23.999790,2423500
2009-11-16,29.639999,29.870001,29.430000,29.700001,24.427477,2347800
2009-11-17,29.620001,29.820000,29.170000,29.610001,24.353456,1570700
2009-11-18,29.799999,29.879999,28.990000,29.400000,24.180738,1498500
2009-11-19,29.139999,29.250000,28.280001,29.120001,23.950447,1424700
2009-11-20,28.690001,29.120001,28.660000,29.070000,23.909313,1017100
2009-11-23,29.530001,30.059999,29.420000,29.650000,24.386351,1766100
2009-11-24,29.639999,29.730000,28.889999,29.250000,24.057365,1237000
2009-11-25,29.350000,30.320000,29.350000,30.129999,24.781139,1060900
2009-11-27,28.879999,29.959999,28.850000,29.629999,24.369909,677800
2009-11-30,29.510000,29.950001,29.360001,29.760000,24.476828,1463200
2009-12-01,30.000000,30.980000,30.000000,30.760000,25.299295,1796500
2009-12-02,30.740000,31.600000,30.600000,31.520000,25.924376,1682300
2009-12-03,31.430000,32.180000,31.270000,31.480000,25.891478,1629700
2009-12-04,31.680000,32.380001,30.760000,30.969999,25.472013,2356400
2009-12-07,30.799999,31.620001,30.790001,31.330000,25.768106,997500
2009-12-08,31.059999,31.299999,30.480000,31.150000,25.620058,1181100
2009-12-09,31.150000,31.770000,30.830000,31.629999,26.014851,1355100
2009-12-10,31.780001,32.389999,31.400000,31.809999,26.162895,1425100
2009-12-11,32.099998,32.380001,31.680000,32.200001,26.483664,961900
2009-12-14,32.590000,33.279999,31.940001,32.790001,26.968918,1344000
2009-12-15,32.779999,33.000000,31.900000,32.029999,26.343840,1262200
2009-12-16,32.389999,33.349998,32.169998,32.900002,27.059401,1128200
2009-12-17,32.669998,32.860001,32.209999,32.349998,26.607027,805800
2009-12-18,32.450001,32.810001,32.099998,32.240002,26.516560,866000
2009-12-21,32.250000,33.040001,31.940001,32.009998,26.327387,1093100
2009-12-22,31.980000,32.330002,31.940001,32.000000,26.319168,662600
2009-12-23,32.369999,32.740002,32.020000,32.590000,26.804420,531500
2009-12-24,32.790001,33.080002,32.549999,33.080002,27.207441,352200
2009-12-28,33.080002,33.410000,32.099998,32.540001,26.763298,616500
2009-12-29,32.610001,32.680000,31.950001,32.180000,26.467209,723900
2009-12-30,32.000000,32.520000,31.900000,32.330002,26.590580,294900
2009-12-31,32.389999,32.389999,32.009998,32.099998,26.401411,420700
2010-01-04,32.630001,33.509998,32.139999,33.259998,27.355482,1081100
2010-01-05,33.330002,34.099998,33.290001,34.000000,27.964111,752100
2010-01-06,34.060001,34.520000,33.880001,34.369999,28.268440,1429300
2010-01-07,34.389999,34.610001,33.930000,34.549999,28.416470,1191400
2010-01-08,34.470001,34.770000,34.160000,34.230000,28.153290,1187300
2010-01-11,34.330002,34.480000,33.799999,34.330002,28.235533,791800
2010-01-12,33.990002,34.000000,32.889999,33.080002,27.207441,827000
2010-01-13,33.080002,33.380001,32.259998,33.180000,27.322723,1492800
2010-01-14,33.169998,33.290001,32.450001,33.070000,27.232136,929300
2010-01-15,33.009998,33.009998,32.349998,32.500000,26.762756,885500
2010-01-19,32.480000,33.220001,32.360001,33.209999,27.347433,1673400
2010-01-20,32.759998,33.000000,32.320000,32.880001,27.075687,1011400
2010-01-21,32.880001,33.080002,32.000000,32.150002,26.474552,1454400
2010-01-22,32.150002,32.150002,31.430000,31.760000,26.153397,1620900
2010-01-25,32.049999,32.520000,31.840000,31.950001,26.309855,1278500
2010-01-26,31.559999,32.090000,31.500000,32.000000,26.351032,1113800
2010-01-27,32.020000,32.389999,31.219999,31.340000,25.807545,1879200
2010-01-28,31.400000,31.500000,29.730000,29.889999,24.613512,2380800
2010-01-29,30.129999,30.620001,28.889999,29.100000,23.962969,1931400
2010-02-01,29.370001,30.049999,29.370001,30.049999,24.745266,915600
2010-02-02,29.830000,31.740000,29.830000,31.389999,25.848715,1905800
2010-02-03,31.110001,32.110001,31.110001,31.330000,25.799301,1001500
2010-02-04,30.840000,30.959999,29.750000,29.780001,24.522930,1253300
2010-02-05,29.820000,29.959999,28.200001,29.889999,24.613512,2759300
2010-02-08,29.990000,30.440001,29.360001,29.570000,24.350000,1669800
2010-02-09,30.530001,30.570000,28.879999,29.920000,24.638216,3318900
2010-02-10,29.990000,30.160000,29.490000,29.770000,24.514696,1364800
2010-02-11,29.629999,30.299999,29.520000,29.980000,24.687624,1558800
2010-02-12,29.379999,30.030001,28.969999,29.820000,24.555866,1701100
2010-02-16,29.770000,30.309999,29.770000,29.980000,24.687624,1616600
2010-02-17,30.150000,31.030001,29.920000,30.629999,25.222876,4133100
2010-02-18,30.639999,30.830000,30.370001,30.760000,25.329929,1700000
2010-02-19,30.730000,31.049999,30.549999,31.040001,25.560501,1833600
2010-02-22,31.200001,31.350000,30.969999,31.219999,25.708723,1881400
2010-02-23,31.059999,31.129999,30.170000,30.459999,25.082884,2535900
2010-02-24,30.440001,31.049999,30.299999,30.969999,25.502859,1383200
2010-02-25,30.920000,31.230000,30.160000,31.219999,25.708723,1385600
2010-02-26,31.219999,31.410000,30.850000,31.190001,25.684019,1103600
2010-03-01,31.270000,32.279999,31.090000,32.259998,26.565132,1638000
2010-03-02,32.380001,33.820000,32.380001,32.740002,26.960403,4143000
2010-03-03,32.740002,32.900002,32.139999,32.360001,26.647472,2325600
2010-03-04,32.099998,32.270000,30.879999,31.190001,25.684019,3630300
2010-03-05,31.480000,32.130001,31.420000,32.080002,26.416914,1755700
2010-03-08,32.070000,32.490002,31.940001,32.080002,26.416914,847800
2010-03-09,31.950001,32.299999,31.750000,32.110001,26.441614,981400
2010-03-10,32.070000,32.599998,31.900000,32.330002,26.622776,779400
2010-03-11,32.080002,32.450001,31.969999,32.450001,26.721594,964600
2010-03-12,32.570000,33.060001,32.570000,32.810001,27.018044,1844300
2010-03-15,34.419998,34.419998,32.279999,32.599998,26.845116,1951300
2010-03-16,32.790001,32.970001,32.570000,32.950001,27.133326,567600
2010-03-17,33.020000,33.529999,32.900002,33.230000,27.363903,1034300
2010-03-18,33.369999,33.369999,32.459999,32.669998,26.902746,1153600
2010-03-19,32.730000,32.730000,31.450001,31.540001,25.972233,1296600
2010-03-22,31.330000,31.950001,30.690001,31.870001,26.243982,1009600
2010-03-23,31.889999,32.180000,31.639999,32.009998,26.359266,893100
2010-03-24,31.719999,32.740002,31.719999,32.650002,26.886286,1224700
2010-03-25,32.900002,33.080002,31.580000,31.620001,26.038113,1384800
2010-03-26,31.680000,32.240002,31.510000,31.770000,26.161629,673100
2010-03-29,31.860001,32.480000,31.780001,32.189999,26.507496,892600
2010-03-30,32.320000,32.849998,32.290001,32.430000,26.705120,890400
2010-03-31,32.209999,32.840000,31.770000,31.850000,26.227510,1890100
2010-04-01,32.270000,32.580002,32.090000,32.459999,26.729822,1173500
2010-04-05,32.430000,33.360001,32.430000,33.230000,27.363903,949100
2010-04-06,33.020000,33.160000,32.450001,33.150002,27.298018,1229500
2010-04-07,33.160000,33.430000,32.720001,32.930000,27.116856,970600
2010-04-08,32.680000,32.970001,32.349998,32.889999,27.083918,1017900
2010-04-09,33.060001,33.599998,32.730000,33.459999,27.553291,882000
2010-04-12,33.520000,33.680000,33.279999,33.580002,27.652115,1161900
2010-04-13,33.290001,33.529999,33.230000,33.500000,27.619141,733700
2010-04-14,33.709999,34.500000,33.540001,34.480000,28.427095,1528500
2010-04-15,34.200001,34.720001,33.919998,34.299999,28.278696,1351400
2010-04-16,34.040001,34.330002,33.480000,33.900002,27.948917,923300
2010-04-19,33.840000,33.840000,32.500000,33.160000,27.338829,1617200
2010-04-20,33.490002,33.759998,33.320000,33.610001,27.709826,704600
2010-04-21,33.689999,33.759998,33.049999,33.169998,27.347067,838300
2010-04-22,32.830002,33.160000,32.360001,33.130001,27.314089,954400
2010-04-23,33.349998,34.680000,33.310001,34.349998,28.319920,1349800
2010-04-26,34.250000,35.230000,34.250000,34.860001,28.740396,1298300
2010-04-27,34.740002,35.830002,33.250000,33.340000,27.487226,3294200
2010-04-28,33.509998,33.810001,31.740000,32.860001,27.091475,3649300
2010-04-29,32.990002,33.849998,32.599998,33.630001,27.726316,1314400
2010-04-30,33.700001,33.759998,31.950001,31.990000,26.374207,1496500
2010-05-03,32.130001,32.549999,31.690001,31.879999,26.283518,1393400
2010-05-04,31.360001,31.370001,29.500000,29.650000,24.444992,2588200
2010-05-05,29.400000,29.480000,28.530001,29.030001,23.933836,3934100
2010-05-06,28.950001,29.270000,24.990000,27.480000,22.655933,3201100
2010-05-07,27.190001,28.100000,26.510000,26.770000,22.070570,4042000
2010-05-10,28.650000,29.090000,27.690001,28.440001,23.447409,2071300
2010-05-11,28.100000,29.290001,27.889999,29.040001,23.942083,2951800
2010-05-12,29.350000,30.469999,29.250000,30.260000,24.947908,3127000
2010-05-13,30.290001,30.490000,29.799999,29.879999,24.634619,2116100
2010-05-14,29.570000,29.950001,28.830000,29.180000,24.057505,3505200
2010-05-17,29.469999,29.700001,27.910000,28.770000,23.719479,3339200
2010-05-18,29.090000,29.559999,28.049999,28.100000,23.167095,2012900
2010-05-19,27.719999,28.040001,26.860001,27.959999,23.051672,2313700
2010-05-20,27.190001,27.309999,25.920000,26.459999,21.814993,3687700
2010-05-21,25.889999,27.850000,25.690001,27.510000,22.680672,3000000
2010-05-24,27.209999,28.000000,26.850000,26.860001,22.144773,2245900
2010-05-25,25.879999,27.620001,25.610001,27.530001,22.697155,2841200
2010-05-26,27.950001,28.320000,27.330000,27.430000,22.614716,1589400
2010-05-27,28.219999,29.320000,28.070000,29.309999,24.164680,1204400
2010-05-28,29.299999,29.330000,28.420000,28.670000,23.637033,1206700
2010-06-01,28.370001,28.930000,27.410000,27.410000,22.598223,1620400
2010-06-02,27.820000,28.670000,27.309999,28.670000,23.637033,1256600
2010-06-03,28.820000,29.020000,27.910000,28.520000,23.513367,1264400
2010-06-04,27.570000,28.070000,27.330000,27.430000,22.614716,2121600
2010-06-07,27.690001,27.770000,26.139999,26.150000,21.559414,1955400
2010-06-08,26.150000,26.690001,25.410000,26.030001,21.460478,2797000
2010-06-09,26.360001,27.120001,26.010000,26.170000,21.575901,2015000
2010-06-10,26.879999,27.889999,26.610001,27.879999,22.985716,1968800
2010-06-11,27.389999,27.990000,27.370001,27.980000,23.068159,1086600
2010-06-14,28.459999,28.889999,28.150000,28.260000,23.299006,1940300
2010-06-15,28.570000,29.059999,28.400000,28.840000,23.777185,1294900
2010-06-16,28.629999,28.750000,28.180000,28.240000,23.282513,1624100
2010-06-17,28.219999,28.430000,27.350000,27.980000,23.068159,1101400
2010-06-18,28.410000,28.900000,28.360001,28.820000,23.760706,1744900
2010-06-21,29.700001,30.480000,28.629999,28.920000,23.843142,2138800
2010-06-22,28.820000,29.350000,28.420000,28.580000,23.562828,1185800
2010-06-23,28.520000,28.580000,27.719999,28.059999,23.134119,888700
2010-06-24,27.730000,27.780001,26.680000,26.770000,22.070570,1620200
2010-06-25,27.059999,27.350000,26.520000,27.020000,22.276688,1476800
2010-06-28,27.150000,27.190001,26.440001,26.459999,21.814993,1871100
2010-06-29,25.930000,25.930000,25.000000,25.190001,20.767937,1257000
2010-06-30,25.270000,25.780001,24.840000,24.910000,20.537092,1251700
2010-07-01,24.910000,25.190001,23.600000,24.430000,20.141357,2119600
2010-07-02,24.540001,24.700001,24.059999,24.260000,20.001198,1226700
2010-07-06,24.719999,25.049999,23.469999,23.840000,19.654934,1936800
2010-07-07,24.040001,25.230000,23.860001,25.219999,20.792677,1650300
2010-07-08,25.520000,26.000000,25.240000,25.980000,21.419258,1313400
2010-07-09,25.840000,26.469999,25.770000,26.350000,21.724304,1152400
2010-07-12,26.330000,26.750000,25.930000,26.430000,21.790260,1351700
2010-07-13,26.830000,27.290001,26.590000,27.120001,22.401508,1610500
2010-07-14,27.219999,27.230000,26.290001,26.500000,21.889387,1847100
2010-07-15,26.459999,26.510000,25.549999,26.230000,21.666361,1704000
2010-07-16,25.879999,26.059999,24.860001,25.030001,20.675140,2669900
2010-07-19,25.150000,25.379999,24.820000,25.180000,20.799047,1313600
2010-07-20,24.650000,26.510000,24.610001,26.450001,21.848078,1947700
2010-07-21,26.850000,27.340000,26.629999,27.150000,22.426289,2322000
2010-07-22,27.559999,28.110001,27.430000,28.040001,23.161446,1897200
2010-07-23,27.959999,28.700001,27.840000,28.370001,23.434027,1911100
2010-07-26,28.350000,29.129999,28.260000,29.129999,24.061794,1352100
2010-07-27,29.280001,29.620001,28.180000,29.129999,24.061794,2493200
2010-07-28,28.940001,29.330000,28.230000,28.440001,23.491854,2172200
2010-07-29,28.600000,29.330000,26.930000,27.950001,23.087107,4256800
2010-07-30,27.530001,28.170000,27.379999,28.090000,23.202745,2180900
2010-08-02,28.750000,29.660000,28.580000,29.270000,24.177441,1693700
2010-08-03,28.959999,29.160000,28.510000,28.860001,23.838772,816500
2010-08-04,29.030001,29.420000,28.730000,29.309999,24.210478,1055100
2010-08-05,29.059999,29.379999,29.059999,29.350000,24.243525,624600
2010-08-06,29.080000,29.400000,28.400000,29.090000,24.028759,1154900
2010-08-09,29.389999,29.830000,29.360001,29.730000,24.557405,877900
2010-08-10,29.450001,29.469999,28.719999,29.209999,24.127882,1083100
2010-08-11,28.230000,28.370001,27.290001,27.610001,22.806259,1473500
2010-08-12,26.990000,27.700001,26.969999,27.250000,22.508892,1383800
2010-08-13,27.100000,27.620001,26.990000,27.420000,22.649317,917800
2010-08-16,27.150000,27.510000,27.070000,27.200001,22.467594,933800
2010-08-17,27.400000,28.770000,27.389999,28.270000,23.351425,1295300
2010-08-18,28.270000,28.330000,27.700001,27.870001,23.021027,1307600
2010-08-19,27.670000,27.860001,26.860001,26.889999,22.211525,1212200
2010-08-20,26.750000,26.780001,26.070000,26.270000,21.699396,1491600
2010-08-23,27.059999,27.059999,25.809999,25.950001,21.435076,1183500
2010-08-24,25.510000,25.620001,24.920000,25.000000,20.650360,1902300
2010-08-25,24.700001,26.230000,24.690001,26.150000,21.600267,3243700
2010-08-26,26.340000,26.600000,26.040001,26.180000,21.625059,2256100
2010-08-27,26.540001,27.139999,26.059999,27.000000,22.302383,1524500
2010-08-30,26.790001,27.230000,26.559999,26.590000,21.963722,857100
2010-08-31,26.500000,27.020000,26.309999,26.700001,22.054586,1776400
2010-09-01,27.360001,28.190001,27.330000,28.049999,23.169703,1104900
2010-09-02,28.219999,28.500000,28.090000,28.450001,23.500109,818100
2010-09-03,28.889999,29.120001,28.690001,29.000000,23.954420,810800
2010-09-07,28.889999,28.920000,27.950001,28.000000,23.128401,923100
2010-09-08,27.910000,28.780001,27.889999,28.570000,23.599234,974800
2010-09-09,29.610001,29.860001,28.629999,28.730000,23.731390,1597700
2010-09-10,28.879999,29.260000,28.860001,29.000000,23.954420,1243500
2010-09-13,29.719999,30.520000,29.610001,30.510000,25.201704,1659300
2010-09-14,30.490000,31.540001,30.280001,31.500000,26.019453,3263100
2010-09-15,31.150000,31.290001,30.670000,31.230000,25.796423,1947900
2010-09-16,31.450001,32.310001,31.240000,32.099998,26.515053,1420400
2010-09-17,32.290001,32.330002,31.600000,31.850000,26.308559,1313000
2010-09-20,31.969999,32.270000,31.639999,31.980000,26.415936,1918700
2010-09-21,31.990000,32.040001,31.350000,31.370001,25.912069,1399600
2010-09-22,31.170000,31.950001,30.840000,31.750000,26.225954,1736200
2010-09-23,31.400000,32.049999,31.059999,31.690001,26.176397,1231200
2010-09-24,32.189999,32.980000,32.099998,32.689999,27.002409,1394800
2010-09-27,32.340000,33.000000,32.340000,32.610001,26.936333,1023900
2010-09-28,32.770000,33.000000,31.920000,32.939999,27.208916,643700
2010-09-29,32.810001,32.810001,32.279999,32.430000,26.787657,1225200
2010-09-30,32.689999,32.799999,31.940001,32.099998,26.515053,1120300
2010-10-01,32.389999,32.669998,32.029999,32.250000,26.638968,1225600
2010-10-04,32.299999,32.400002,31.219999,31.570000,26.077272,1251300
2010-10-05,32.169998,33.119999,31.860001,32.939999,27.208916,1284600
2010-10-06,32.869999,33.450001,32.779999,33.450001,27.630182,1195900
2010-10-07,33.529999,33.590000,32.619999,33.080002,27.324558,2029800
2010-10-08,33.099998,34.279999,32.990002,34.160000,28.216650,1449300
2010-10-11,34.290001,34.450001,33.869999,33.950001,28.043200,675200
2010-10-12,33.830002,34.320000,33.310001,34.240002,28.282740,729800
2010-10-13,34.400002,34.799999,34.000000,34.320000,28.390268,817200
2010-10-14,34.380001,34.450001,33.520000,33.930000,28.067652,946000
2010-10-15,34.270000,34.380001,33.169998,34.040001,28.158649,1080500
2010-10-18,34.049999,34.230000,33.840000,34.180000,28.274458,1395100
2010-10-19,33.419998,33.730000,32.450001,32.720001,27.066717,1600100
2010-10-20,32.770000,34.369999,32.639999,33.950001,28.084208,1195300
2010-10-21,34.150002,35.040001,33.869999,34.029999,28.150375,1990800
2010-10-22,34.080002,34.180000,33.410000,33.750000,27.918756,935100
2010-10-25,34.330002,35.150002,34.330002,34.970001,28.927969,2115400
2010-10-26,34.889999,36.480000,34.860001,35.639999,29.482201,2758900
2010-10-27,35.330002,36.000000,34.930000,35.529999,29.391199,1300100
2010-10-28,35.869999,35.950001,35.180000,35.490002,29.358137,757500
2010-10-29,36.299999,37.029999,35.430000,35.650002,29.490477,2789200
2010-11-01,36.119999,36.349998,35.669998,35.900002,29.697283,1535300
2010-11-02,36.180000,36.860001,36.180000,36.610001,30.284603,1423700
2010-11-03,36.529999,36.930000,36.459999,36.750000,30.400419,1343200
2010-11-04,37.380001,38.450001,37.279999,38.330002,31.707441,1786000
2010-11-05,35.020000,39.189999,35.020000,39.070000,32.319572,1672700
2010-11-08,38.799999,39.400002,38.689999,38.869999,32.154133,1293600
2010-11-09,38.740002,38.750000,36.720001,36.959999,30.574141,1907400
2010-11-10,36.740002,37.790001,36.330002,37.500000,31.020842,1870800
2010-11-11,37.020000,38.080002,37.020000,37.779999,31.252451,2330900
2010-11-12,37.340000,37.470001,36.330002,36.730000,30.383875,1049400
2010-11-15,37.139999,37.669998,36.209999,36.259998,29.995092,923900
2010-11-16,35.930000,35.930000,34.560001,35.070000,29.010691,2165100
2010-11-17,35.180000,35.689999,34.709999,35.240002,29.151331,1499200
2010-11-18,35.869999,37.060001,35.869999,36.820000,30.458340,1190300
2010-11-19,36.770000,37.310001,36.500000,37.169998,30.747852,698400
2010-11-22,36.980000,37.540001,36.689999,37.290001,30.847118,1187800
2010-11-23,36.709999,36.709999,35.980000,36.369999,30.086077,974000
2010-11-24,36.799999,37.169998,36.619999,37.169998,30.747852,1139800
2010-11-26,36.720001,36.779999,36.490002,36.509998,30.201897,380200
2010-11-29,36.470001,36.480000,35.740002,36.360001,30.077793,1020800
2010-11-30,35.889999,37.290001,35.680000,37.000000,30.607227,1800900
2010-12-01,37.230000,38.610001,37.230000,38.430000,31.790155,1471200
2010-12-02,38.389999,38.930000,37.980000,38.810001,32.104504,1246700
2010-12-03,38.529999,39.590000,38.529999,39.480000,32.658741,1010900
2010-12-06,39.200001,39.570000,39.099998,39.490002,32.667007,1183800
2010-12-07,39.959999,39.990002,38.820000,38.939999,32.212040,1748000
2010-12-08,38.900002,39.430000,38.430000,38.480000,31.831526,1533800
2010-12-09,38.730000,39.040001,38.220001,38.910000,32.187222,1583800
2010-12-10,39.060001,39.320000,38.860001,39.169998,32.402294,1040000
2010-12-13,40.169998,40.169998,39.250000,39.560001,32.724915,1456900
2010-12-14,39.630001,40.700001,39.439999,39.830002,32.948265,1635900
2010-12-15,39.759998,40.320000,39.369999,40.049999,33.130260,1871100
2010-12-16,40.110001,40.650002,39.930000,40.279999,33.320515,1846300
2010-12-17,40.200001,40.599998,40.000000,40.500000,33.502502,2412700
2010-12-20,40.540001,41.000000,40.450001,40.570000,33.560413,1280900
2010-12-21,40.750000,41.360001,40.410000,41.150002,34.040203,805700
2010-12-22,41.720001,41.740002,40.750000,40.790001,33.742401,994300
2010-12-23,40.860001,40.930000,40.619999,40.820000,33.767220,955800
2010-12-27,40.599998,40.669998,40.340000,40.389999,33.411518,905600
2010-12-28,40.389999,40.450001,40.119999,40.270000,33.312248,911900
2010-12-29,40.430000,41.000000,40.349998,40.840000,33.783764,632300
2010-12-30,40.750000,41.279999,40.660000,41.040001,33.949215,509400
2010-12-31,40.970001,41.230000,40.970001,41.169998,34.056747,565000
2011-01-03,41.750000,42.930000,41.590000,42.279999,34.974960,1807200
2011-01-04,42.430000,42.860001,41.330002,41.700001,34.495163,1962500
2011-01-05,41.509998,42.240002,41.400002,41.709999,34.503445,1466900
2011-01-06,41.990002,42.349998,41.480000,42.209999,34.917057,1316500
2011-01-07,42.560001,42.700001,41.740002,42.299999,34.991497,1446400
2011-01-10,42.310001,42.990002,41.689999,42.849998,35.446487,1101700
2011-01-11,42.959999,43.580002,42.540001,42.770000,35.380302,1497800
2011-01-12,43.160000,43.750000,43.160000,43.560001,36.033802,987700
2011-01-13,43.610001,43.759998,43.099998,43.189999,35.768787,909400
2011-01-14,43.209999,43.419998,42.700001,43.180000,35.760494,910500
2011-01-18,43.299999,44.000000,43.290001,43.869999,36.331966,1560900
2011-01-19,43.580002,43.810001,42.660000,42.720001,35.379547,1424600
2011-01-20,41.790001,42.060001,40.740002,40.770000,33.764606,2909200
2011-01-21,41.279999,41.570000,40.689999,40.750000,33.748039,1316200
2011-01-24,40.849998,41.320000,40.599998,40.759998,33.756336,1614500
2011-01-25,41.160000,41.160000,39.610001,40.439999,33.491322,1917900
2011-01-26,40.639999,41.599998,40.480000,41.020000,33.971653,2052400
2011-01-27,41.000000,41.200001,40.369999,41.110001,34.046196,1667300
2011-01-28,41.349998,41.709999,40.200001,40.360001,33.425056,1588200
2011-01-31,40.480000,41.740002,40.480000,41.490002,34.360909,1685800
2011-02-01,42.250000,43.500000,42.020000,43.090000,35.685966,3223700
2011-02-02,43.299999,44.450001,43.000000,43.959999,36.406483,2370000
2011-02-03,43.700001,43.919998,42.779999,43.020000,35.628006,1880000
2011-02-04,43.130001,43.270000,42.669998,42.930000,35.553463,987200
2011-02-07,43.029999,43.799999,43.029999,43.250000,35.818497,811800
2011-02-08,43.290001,44.320000,43.070000,44.259998,36.654938,1157500
2011-02-09,44.009998,44.029999,42.990002,43.299999,35.859890,929500
2011-02-10,43.029999,43.790001,42.799999,43.669998,36.166302,1114300
2011-02-11,43.500000,44.080002,43.150002,43.799999,36.273987,728800
2011-02-14,43.869999,44.279999,43.560001,43.980000,36.423042,515500
2011-02-15,43.840000,43.980000,43.110001,43.279999,35.843319,775000
2011-02-16,43.720001,44.180000,43.290001,43.700001,36.191158,1095000
2011-02-17,43.529999,45.419998,43.520000,44.970001,37.242947,1329100
2011-02-18,44.889999,45.330002,43.540001,44.169998,36.580402,1351600
2011-02-22,43.599998,43.630001,41.070000,41.259998,34.170425,1336800
2011-02-23,41.150002,41.259998,39.270000,40.610001,33.632107,2311300
2011-02-24,40.580002,40.680000,39.070000,39.770000,32.936436,2150200
2011-02-25,40.139999,41.169998,40.080002,41.020000,33.971653,1366800
2011-02-28,41.779999,42.549999,40.939999,41.450001,34.327778,1342400
2011-03-01,43.310001,43.630001,40.660000,40.820000,33.806030,1905600
2011-03-02,40.540001,41.060001,40.240002,40.959999,33.921955,2016900
2011-03-03,41.560001,42.439999,41.299999,42.330002,35.056561,1850700
2011-03-04,42.200001,42.290001,41.230000,41.730000,34.559654,961500
2011-03-07,42.040001,42.380001,40.830002,41.349998,34.244946,1257900
2011-03-08,41.470001,42.150002,40.610001,41.750000,34.576225,1052200
2011-03-09,41.660000,41.660000,40.279999,40.470001,33.516151,1584500
2011-03-10,39.980000,39.980000,38.959999,39.009998,32.307041,2204000
2011-03-11,38.639999,40.459999,38.360001,40.009998,33.135193,1411900
2011-03-14,39.720001,40.970001,39.720001,40.180000,33.275990,1229000
2011-03-15,38.720001,40.290001,38.470001,39.980000,33.110355,1981000
2011-03-16,40.419998,40.509998,38.630001,38.849998,32.174526,1774700
2011-03-17,40.560001,40.560001,39.330002,39.419998,32.646576,1757800
2011-03-18,40.119999,40.360001,39.709999,39.849998,33.002712,1240300
2011-03-21,40.590000,41.150002,40.230000,40.810001,33.797733,1093200
2011-03-22,41.910000,42.330002,40.380001,40.439999,33.491322,2547800
2011-03-23,40.480000,41.590000,39.970001,41.220001,34.137283,1568900
2011-03-24,41.650002,42.759998,41.389999,42.619999,35.296730,1958300
2011-03-25,42.669998,43.759998,42.509998,43.080002,35.677692,1645200
2011-03-28,43.259998,43.820000,42.849998,43.000000,35.611427,1906700
2011-03-29,42.950001,43.759998,42.820000,43.730000,36.216007,1110900
2011-03-30,44.230000,44.520000,43.520000,44.369999,36.746029,1683100
2011-03-31,44.180000,44.830002,43.560001,44.369999,36.746029,987500
2011-04-01,44.820000,44.990002,44.000000,44.459999,36.820576,1242000
2011-04-04,44.709999,46.330002,44.470001,45.910000,38.021412,2445600
2011-04-05,45.799999,47.090000,45.520000,46.470001,38.485199,2032000
2011-04-06,46.740002,46.880001,45.689999,46.250000,38.302998,1230000
2011-04-07,46.090000,46.860001,45.619999,46.439999,38.460342,1278600
2011-04-08,46.509998,47.150002,45.779999,46.180000,38.245029,950500
2011-04-11,46.090000,46.279999,44.950001,45.360001,37.565922,1153700
2011-04-12,44.730000,45.029999,43.700001,44.169998,36.580402,2133700
2011-04-13,44.459999,44.709999,43.849998,44.599998,36.936516,1378900
2011-04-14,44.009998,44.730000,43.939999,44.529999,36.919937,1041500
2011-04-15,44.700001,45.450001,44.389999,45.290001,37.550056,1723200
2011-04-18,44.090000,44.860001,42.950001,44.820000,37.160374,3083400
2011-04-19,44.860001,45.820000,44.799999,45.790001,37.964615,1258600
2011-04-20,46.880001,48.080002,46.660000,47.110001,39.059002,2661000
2011-04-21,47.520000,48.450001,47.279999,48.450001,40.170021,1254300
2011-04-25,48.639999,48.779999,47.430000,48.349998,40.087105,1290800
2011-04-26,49.529999,51.000000,49.119999,49.430000,40.982544,2359300
2011-04-27,49.500000,49.500000,47.950001,49.299999,40.874748,1269300
2011-04-28,49.209999,49.759998,48.810001,49.470001,41.015697,1087300
2011-04-29,49.599998,50.099998,49.450001,49.919998,41.388805,737200
2011-05-02,50.189999,50.509998,49.369999,49.529999,41.065441,763200
2011-05-03,49.419998,49.580002,47.759998,48.169998,39.937870,1526400
2011-05-04,48.040001,48.259998,46.560001,47.119999,39.067307,1888600
2011-05-05,47.570000,49.500000,46.880001,48.630001,40.319244,3407400
2011-05-06,49.709999,50.240002,47.970001,48.599998,40.294380,1686900
2011-05-09,48.709999,49.990002,48.689999,49.910000,41.380508,2591400
2011-05-10,51.209999,52.919998,50.590000,52.080002,43.179665,4848500
2011-05-11,52.410000,52.470001,50.160000,50.639999,41.985737,2544100
2011-05-12,50.450001,51.689999,49.250000,51.209999,42.458336,3190300
2011-05-13,51.119999,51.849998,50.270000,51.630001,42.806572,3528100
2011-05-16,51.410000,52.230000,49.740002,50.029999,41.479992,3182600
2011-05-17,49.810001,50.040001,48.049999,49.130001,40.733803,2915800
2011-05-18,49.279999,50.860001,48.930000,50.430000,41.811638,2098700
2011-05-19,50.880001,51.400002,50.080002,50.619999,41.969170,1289200
2011-05-20,50.369999,50.680000,49.520000,50.230000,41.645828,1563800
2011-05-23,49.220001,49.450001,48.160000,48.299999,40.045650,2454900
2011-05-24,48.599998,49.090000,47.930000,48.500000,40.211479,1789800
2011-05-25,48.029999,49.680000,48.000000,49.290001,40.866467,1707300
2011-05-26,48.919998,49.509998,48.680000,49.470001,41.015697,2266800
2011-05-27,49.580002,51.009998,49.580002,50.919998,42.217880,1454100
2011-05-31,51.799999,52.200001,51.380001,52.090000,43.187950,2632700
2011-06-01,51.919998,52.330002,49.770000,49.900002,41.372219,2109200
2011-06-02,49.990002,50.759998,49.230000,49.849998,41.330761,2029000
2011-06-03,48.880001,49.480000,48.270000,48.369999,40.103683,2788900
2011-06-06,48.430000,49.099998,47.750000,47.840000,39.664268,2483400
2011-06-07,48.220001,48.619999,47.740002,47.950001,39.755470,1615000
2011-06-08,47.669998,47.750000,46.630001,46.959999,38.934654,2437800
2011-06-09,46.919998,47.770000,46.790001,47.470001,39.357491,1291800
2011-06-10,47.250000,47.639999,46.250000,46.650002,38.677631,1419900
2011-06-13,46.080002,47.299999,45.799999,46.880001,38.868317,2497000
2011-06-14,47.730000,48.529999,47.680000,48.009998,39.805206,1672500
2011-06-15,47.279999,49.430000,47.160000,48.709999,40.385590,4575600
2011-06-16,48.689999,49.509998,46.540001,47.779999,39.614510,3429100
2011-06-17,48.320000,48.570000,47.160000,47.560001,39.432110,1619100
2011-06-20,47.570000,49.320000,47.279999,49.160000,40.758686,1691500
2011-06-21,49.520000,51.130001,49.520000,50.900002,42.201317,1826000
2011-06-22,50.889999,51.580002,50.380001,50.430000,41.811638,1752900
2011-06-23,49.700001,51.160000,48.580002,51.130001,42.392010,2558900
2011-06-24,51.400002,51.630001,50.299999,50.509998,41.877964,2055500
2011-06-27,50.419998,50.680000,49.660000,50.360001,41.753620,1314100
2011-06-28,50.869999,52.099998,50.529999,52.060001,43.163067,2009100
2011-06-29,52.270000,53.540001,51.840000,52.590000,43.602501,1547000
2011-06-30,52.610001,53.880001,52.330002,53.310001,44.199455,1971400
2011-07-01,52.599998,54.099998,52.599998,54.000000,44.771523,1574000
2011-07-05,54.040001,55.099998,54.040001,54.830002,45.459709,1058400
2011-07-06,54.490002,54.919998,53.720001,54.750000,45.393360,920300
2011-07-07,55.130001,56.650002,55.130001,55.529999,46.040054,1862900
2011-07-08,54.610001,54.650002,53.570000,54.610001,45.277287,1804800
2011-07-11,53.820000,53.919998,52.730000,53.080002,44.008781,1042600
2011-07-12,52.880001,53.950001,52.750000,53.040001,43.975605,1039200
2011-07-13,53.150002,54.599998,53.150002,53.840000,44.638870,1573600
2011-07-14,53.990002,54.580002,52.970001,53.230000,44.182369,930800
2011-07-15,53.619999,53.619999,52.750000,53.610001,44.497780,634900
2011-07-18,53.240002,53.599998,52.340000,52.810001,43.833759,973000
2011-07-19,53.250000,54.250000,53.220001,54.160000,44.954296,1332400
2011-07-20,54.570000,54.709999,53.720001,54.619999,45.336105,2353800
2011-07-21,55.740002,58.680000,54.139999,57.660000,47.859386,3823700
2011-07-22,58.070000,58.070000,56.889999,57.599998,47.809589,1780600
2011-07-25,56.459999,57.639999,56.180000,57.160000,47.444370,1829600
2011-07-26,57.000000,57.290001,56.450001,56.570000,46.954647,1270100
2011-07-27,56.200001,56.779999,53.910000,54.369999,45.128586,2160400
2011-07-28,54.660000,55.970001,54.369999,54.770000,45.460602,1702800
2011-07-29,53.730000,55.630001,53.049999,55.130001,45.759415,1842100
2011-08-01,56.330002,56.939999,54.160000,54.599998,45.319496,1813800
2011-08-02,54.090000,54.450001,50.790001,50.830002,42.190292,3142300
2011-08-03,50.990002,51.250000,46.680000,49.200001,40.837357,5340700
2011-08-04,48.619999,48.619999,44.970001,45.000000,37.351246,4501800
2011-08-05,45.980000,46.000000,42.700001,43.810001,36.363499,4586700
2011-08-08,41.480000,42.209999,37.040001,37.939999,31.491245,4735000
2011-08-09,41.189999,42.119999,38.910000,41.869999,34.753239,3707800
2011-08-10,39.869999,41.770000,38.770000,39.560001,32.835884,2809700
2011-08-11,39.990002,42.830002,39.799999,42.040001,34.894348,3283200
2011-08-12,42.360001,44.189999,42.180000,43.790001,36.346905,3047100
2011-08-15,44.560001,45.380001,44.430000,45.360001,37.650040,2871100
2011-08-16,44.360001,45.320000,43.369999,43.740002,36.305397,2724600
2011-08-17,44.049999,44.930000,42.830002,43.000000,35.691174,2591900
2011-08-18,40.889999,40.970001,38.610001,39.310001,32.628387,3311500
2011-08-19,38.480000,40.349998,38.330002,38.470001,31.931149,1975900
2011-08-22,39.820000,40.009998,37.619999,37.799999,31.375031,2036000
2011-08-23,38.020000,40.299999,37.480000,40.290001,33.441803,2599000
2011-08-24,40.150002,41.700001,39.900002,41.590000,34.520840,2404600
2011-08-25,42.150002,42.470001,40.950001,41.160000,34.163933,1621200
2011-08-26,40.669998,43.849998,40.250000,43.830002,36.380104,2654000
2011-08-29,44.189999,45.590000,43.950001,45.549999,37.807758,1874900
2011-08-30,45.240002,46.349998,45.099998,46.040001,38.214466,1261300
2011-08-31,46.700001,47.849998,46.450001,47.009998,39.019592,3050600
2011-09-01,48.000000,48.000000,46.299999,46.419998,38.529873,3037500
2011-09-02,44.959999,45.040001,43.450001,43.970001,36.496304,2316400
2011-09-06,42.290001,42.540001,40.279999,41.669998,34.587231,4721900
2011-09-07,42.560001,43.660000,42.250000,43.610001,36.197498,2355000
2011-09-08,43.070000,43.860001,42.250000,42.849998,35.566685,1845300
2011-09-09,42.060001,42.450001,40.400002,40.740002,33.815311,2385500
2011-09-12,39.910000,41.480000,39.860001,40.919998,33.964722,1510100
2011-09-13,40.950001,43.130001,40.950001,42.810001,35.533466,1852400
2011-09-14,43.150002,43.910000,41.900002,43.320000,35.956791,1818300
2011-09-15,43.900002,44.580002,43.049999,44.310001,36.778515,1468000
2011-09-16,44.320000,44.490002,43.650002,44.080002,36.587608,1338400
2011-09-19,42.950001,43.889999,42.380001,43.450001,36.064697,1343200
2011-09-20,43.619999,43.889999,42.549999,43.189999,35.848892,1894700
2011-09-21,43.040001,43.040001,38.810001,38.869999,32.263165,2852400
2011-09-22,37.029999,37.369999,34.270000,35.599998,29.548985,5121000
2011-09-23,35.540001,37.169998,35.270000,36.119999,29.980593,2347300
2011-09-26,36.459999,38.080002,35.639999,38.000000,31.541044,1943200
2011-09-27,39.360001,41.160000,39.080002,39.410000,32.711384,2560800
2011-09-28,39.410000,39.700001,36.189999,36.389999,30.204699,2724500
2011-09-29,37.869999,38.450001,35.630001,35.880001,29.781387,3984100
2011-09-30,34.990002,35.000000,32.490002,32.529999,27.000795,6062900
2011-10-03,32.049999,33.450001,31.559999,31.610001,26.237169,2698000
2011-10-04,31.110001,31.830000,29.430000,31.490000,26.137566,4680600
2011-10-05,31.590000,33.959999,31.170000,33.720001,27.988520,2710400
2011-10-06,33.720001,36.950001,33.509998,36.820000,30.561615,3765300
2011-10-07,37.220001,38.090000,35.459999,36.070000,29.939087,3215800
2011-10-10,37.040001,38.520000,37.040001,38.139999,31.657259,1686100
2011-10-11,38.259998,38.759998,37.669998,38.150002,31.665543,1280400
2011-10-12,38.700001,40.430000,38.470001,39.650002,32.910599,2187800
2011-10-13,39.369999,39.509998,37.650002,38.619999,32.104240,1898800
2011-10-14,39.560001,41.220001,39.389999,40.849998,33.958019,2418600
2011-10-17,40.560001,40.580002,38.490002,38.599998,32.087631,1499900
2011-10-18,38.740002,40.020000,37.590000,39.380001,32.736019,2926900
2011-10-19,39.070000,39.169998,37.169998,37.270000,30.982006,2206900
2011-10-20,37.439999,37.630001,36.000000,37.340000,31.040201,3532400
2011-10-21,38.180000,39.939999,38.180000,39.869999,33.143349,2404600
2011-10-24,40.250000,42.330002,40.060001,42.169998,35.055309,3665900
2011-10-25,41.860001,43.470001,39.740002,41.340000,34.365330,4299000
2011-10-26,42.500000,42.680000,40.419998,42.259998,35.130116,3023500
2011-10-27,44.570000,45.950001,44.049999,45.450001,37.781929,2744200
2011-10-28,45.000000,46.349998,44.610001,46.000000,38.239124,1783300
2011-10-31,45.000000,45.009998,43.500000,43.549999,36.202477,1878000
2011-11-01,40.410000,42.360001,39.820000,41.090000,34.157524,2700100
2011-11-02,42.240002,42.889999,41.259998,42.259998,35.130116,1715100
2011-11-03,43.209999,44.110001,42.270000,43.910000,36.501740,1519600
2011-11-04,43.740002,44.380001,42.799999,43.900002,36.493427,1146700
2011-11-07,43.910000,44.380001,42.840000,43.860001,36.460186,826200
2011-11-08,44.240002,45.110001,43.650002,44.849998,37.283157,1778800
2011-11-09,42.459999,43.730000,42.189999,42.480000,35.313000,1508000
2011-11-10,43.689999,43.740002,42.220001,43.150002,35.869968,1205900
2011-11-11,44.070000,44.380001,43.650002,44.049999,36.618122,2135500
2011-11-14,43.990002,44.320000,43.340000,43.689999,36.318855,1120600
2011-11-15,43.650002,43.939999,42.820000,43.400002,36.077785,918300
2011-11-16,42.709999,43.610001,42.450001,42.709999,35.504204,1788600
2011-11-17,42.709999,42.950001,39.720001,40.180000,33.401043,2346600
2011-11-18,40.700001,41.400002,40.450001,40.830002,33.941383,1605800
2011-11-21,39.730000,41.200001,39.730000,41.189999,34.240650,3781000
2011-11-22,40.919998,41.700001,40.549999,41.400002,34.415215,3101200
2011-11-23,40.959999,41.080002,39.360001,40.040001,33.284672,2835400
2011-11-25,39.730000,40.840000,39.730000,40.470001,33.642128,1208500
2011-11-28,42.209999,43.509998,42.080002,42.799999,35.579014,2292200
2011-11-29,43.009998,43.009998,42.049999,42.560001,35.379505,1867100
2011-11-30,45.779999,47.000000,45.480000,46.490002,38.646469,2950800
2011-12-01,46.220001,46.799999,45.419998,46.139999,38.355511,1540800
2011-12-02,46.779999,46.950001,45.430000,45.570000,37.881683,1120900
2011-12-05,46.470001,46.959999,46.009998,46.360001,38.538391,1599500
2011-12-06,46.360001,46.540001,45.340000,46.189999,38.397072,1417800
2011-12-07,45.680000,45.680000,44.520000,45.139999,37.524220,2028300
2011-12-08,44.660000,44.700001,43.060001,43.189999,35.903221,1582200
2011-12-09,42.950001,44.340000,42.560001,44.119999,36.676300,2878800
2011-12-12,43.180000,43.180000,41.980000,42.590000,35.404442,2632800
2011-12-13,43.099998,44.180000,41.939999,42.400002,35.246502,1886800
2011-12-14,42.259998,42.639999,41.619999,42.070000,34.972179,2981500
2011-12-15,42.799999,42.970001,41.490002,41.939999,34.864109,1740100
2011-12-16,42.419998,42.700001,41.709999,42.150002,35.038677,1903600
2011-12-19,42.419998,42.889999,40.750000,40.959999,34.049458,887500
2011-12-20,41.849998,43.580002,41.790001,43.380001,36.061161,1182200
2011-12-21,43.139999,43.430000,42.450001,43.270000,35.969727,967600
2011-12-22,43.369999,44.150002,43.279999,43.799999,36.410301,844300
2011-12-23,43.950001,44.349998,43.860001,44.310001,36.834251,667600
2011-12-27,44.189999,44.599998,43.959999,44.500000,36.992218,649400
2011-12-28,44.349998,44.599998,43.450001,43.740002,36.360416,1195600
2011-12-29,44.000000,44.419998,43.840000,44.410000,36.917389,681800
2011-12-30,44.209999,44.880001,44.160000,44.270000,36.801010,519100
2012-01-03,45.740002,46.490002,45.730000,45.970001,38.214191,1535700
2012-01-04,45.970001,46.799999,45.130001,46.480000,38.638157,1148300
2012-01-05,46.099998,46.099998,44.490002,45.720001,38.006371,1649300
2012-01-06,45.709999,45.709999,44.509998,44.570000,37.050396,1202800
2012-01-09,44.759998,44.919998,43.840000,44.029999,36.601501,1466500
2012-01-10,44.799999,45.750000,44.799999,45.750000,38.031322,1528800
2012-01-11,45.630001,46.000000,45.400002,45.889999,38.147686,981800
2012-01-12,45.939999,47.889999,45.939999,47.189999,39.228355,2670600
2012-01-13,46.799999,46.880001,46.169998,46.470001,38.679005,1584700
2012-01-17,47.250000,47.549999,46.450001,46.520000,38.720627,1035600
2012-01-18,46.599998,50.000000,45.910000,49.000000,40.784851,4024900
2012-01-19,49.430000,49.430000,47.709999,48.799999,40.618370,2434600
2012-01-20,48.560001,48.599998,47.660000,47.860001,39.835987,1326200
2012-01-23,48.270000,48.270000,47.549999,48.029999,39.977467,1122100
2012-01-24,47.340000,48.090000,46.939999,48.000000,39.952492,1124200
2012-01-25,47.849998,49.459999,47.380001,49.040001,40.818134,1266800
2012-01-26,49.419998,49.509998,48.080002,48.259998,40.168903,737800
2012-01-27,48.700001,50.080002,48.590000,49.560001,41.250946,1960400
2012-01-30,48.560001,50.169998,48.560001,49.310001,41.042870,2429200
2012-01-31,49.369999,49.369999,47.490002,48.709999,40.543446,2456000
2012-02-01,49.029999,50.810001,49.009998,50.500000,42.033344,2026200
2012-02-02,50.639999,51.189999,50.029999,50.500000,42.033344,1596200
2012-02-03,51.189999,51.919998,50.939999,51.160000,42.582695,1445000
2012-02-06,50.849998,52.230000,50.759998,52.220001,43.464993,1267600
2012-02-07,51.939999,52.270000,51.220001,51.639999,42.982220,1683800
2012-02-08,51.529999,51.990002,50.099998,50.770000,42.258099,1451800
2012-02-09,51.650002,52.200001,50.919998,51.389999,42.774139,1348900
2012-02-10,50.549999,50.549999,49.660000,49.990002,41.608868,860500
2012-02-13,50.630001,50.970001,50.110001,50.880001,42.349644,925500
2012-02-14,50.599998,50.689999,49.730000,50.439999,41.983402,989800
2012-02-15,50.580002,50.939999,50.070000,50.360001,41.916832,1140900
2012-02-16,49.939999,52.360001,49.939999,51.790001,43.107082,1640700
2012-02-17,51.939999,52.590000,51.849998,51.930000,43.223606,862500
2012-02-21,52.360001,52.540001,50.990002,51.410000,42.790787,811400
2012-02-22,51.139999,51.290001,49.650002,50.040001,41.650482,1262800
2012-02-23,49.880001,49.919998,47.090000,48.709999,40.543446,3844600
2012-02-24,48.709999,48.910000,48.240002,48.520000,40.385315,1422700
2012-02-27,47.860001,49.049999,47.340000,48.369999,40.260475,1564700
2012-02-28,48.369999,48.980000,48.049999,48.180000,40.102310,1576400
2012-02-29,48.200001,48.730000,47.439999,47.570000,39.594589,1458100
2012-03-01,47.950001,48.549999,47.700001,48.410000,40.293755,1421800
2012-03-02,48.340000,48.880001,47.970001,48.459999,40.335388,846700
2012-03-05,48.200001,48.430000,45.990002,46.459999,38.670685,1638600
2012-03-06,45.529999,45.560001,44.340000,44.840000,37.322289,2375200
2012-03-07,44.959999,45.610001,44.889999,45.349998,37.746796,1259300
2012-03-08,45.820000,46.220001,45.410000,45.860001,38.171280,742200
2012-03-09,45.889999,46.520000,45.720001,46.090000,38.362724,732800
2012-03-12,45.900002,46.340000,45.340000,45.689999,38.029770,800300
2012-03-13,46.070000,47.560001,45.910000,47.540001,39.569622,1745000
2012-03-14,47.340000,47.540001,46.080002,46.450001,38.662373,1206500
2012-03-15,46.599998,47.680000,46.279999,47.470001,39.511353,1224200
2012-03-16,47.650002,48.740002,47.040001,47.330002,39.394833,1129500
2012-03-19,47.209999,47.680000,46.880001,47.270000,39.344887,914700
2012-03-20,46.709999,46.709999,45.570000,45.689999,38.029770,1622300
2012-03-21,45.630001,45.980000,45.130001,45.200001,37.621937,1161900
2012-03-22,44.549999,45.049999,42.250000,42.980000,35.774136,3260400
2012-03-23,43.099998,44.540001,42.980000,44.299999,36.872822,3189400
2012-03-26,45.910000,46.040001,45.009998,45.250000,37.663555,1856700
2012-03-27,45.250000,45.709999,45.099998,45.150002,37.580315,2073500
2012-03-28,45.070000,45.240002,44.310001,44.720001,37.222412,1704900
2012-03-29,44.220001,45.880001,44.040001,45.750000,38.079723,2700400
2012-03-30,46.400002,46.880001,45.680000,46.180000,38.437637,1670600
2012-04-02,46.240002,46.990002,45.709999,46.799999,38.953690,1517400
2012-04-03,46.680000,46.840000,45.700001,46.040001,38.321106,1706300
2012-04-04,45.250000,45.439999,44.950001,45.160000,37.588642,1964300
2012-04-05,44.750000,46.009998,44.750000,45.169998,37.596970,1583200
2012-04-09,43.919998,44.580002,43.919998,44.419998,36.972698,1105700
2012-04-10,44.400002,44.820000,43.049999,43.299999,36.040489,1760100
2012-04-11,43.240002,45.040001,43.150002,44.730000,37.230740,2475400
2012-04-12,44.869999,47.270000,44.869999,47.070000,39.178421,2611400
2012-04-13,46.680000,47.150002,46.270000,46.610001,38.845055,2736500
2012-04-16,47.009998,47.150002,45.900002,46.549999,38.795048,2020600
2012-04-17,47.000000,47.970001,46.950001,47.970001,39.978508,1546100
2012-04-18,47.599998,48.000000,47.040001,47.070000,39.228428,1314700
2012-04-19,47.299999,48.720001,46.900002,48.119999,40.103504,2480800
2012-04-20,48.250000,48.490002,47.910000,48.049999,40.045158,1552900
2012-04-23,47.020000,47.369999,46.619999,47.119999,39.270092,2018300
2012-04-24,45.450001,46.869999,44.070000,46.459999,38.720032,5069900
2012-04-25,46.970001,47.639999,46.799999,47.630001,39.695133,1582400
2012-04-26,47.400002,48.540001,47.020000,48.400002,40.336845,1674300
2012-04-27,48.849998,49.799999,48.400002,49.650002,41.378609,2644000
2012-04-30,49.549999,49.590000,48.270000,48.459999,40.386860,1702300
2012-05-01,47.689999,48.830002,47.660000,48.330002,40.278515,1517300
2012-05-02,47.990002,48.020000,47.400002,47.669998,39.728466,1908800
2012-05-03,47.790001,47.790001,47.240002,47.439999,39.536777,2265200
2012-05-04,46.939999,46.939999,46.150002,46.360001,38.636707,3296400
2012-05-07,46.139999,46.470001,45.810001,45.830002,38.194992,2712800
2012-05-08,45.500000,45.509998,44.189999,45.119999,37.603279,2594100
2012-05-09,44.400002,45.279999,43.619999,44.799999,37.336586,2123000
2012-05-10,45.230000,45.500000,44.410000,44.799999,37.336586,1824600
2012-05-11,43.389999,45.119999,43.389999,45.000000,37.503277,2563500
2012-05-14,44.250000,44.360001,43.669998,43.689999,36.411503,1707400
2012-05-15,43.680000,43.680000,42.750000,42.840000,35.703121,2150900
2012-05-16,42.970001,43.849998,41.669998,41.669998,34.728012,1861200
2012-05-17,41.680000,41.910000,40.209999,40.209999,33.511253,1424100
2012-05-18,40.450001,40.720001,39.900002,40.090000,33.411255,1626200
2012-05-21,40.119999,42.169998,40.020000,42.099998,35.086403,1601400
2012-05-22,42.150002,42.380001,40.980000,41.259998,34.386333,1728700
2012-05-23,40.540001,41.349998,39.799999,41.310001,34.427994,1679800
2012-05-24,41.450001,41.509998,40.189999,40.810001,34.011299,1685600
2012-05-25,40.810001,41.070000,40.560001,40.779999,33.986298,763600
2012-05-29,41.459999,42.389999,41.410000,42.209999,35.178078,1335100
2012-05-30,41.349998,41.360001,40.099998,40.299999,33.586258,1471600
2012-05-31,40.290001,40.290001,39.509998,39.810001,33.177891,1934200
2012-06-01,38.470001,38.779999,37.500000,37.730000,31.444412,2673700
2012-06-04,37.930000,37.930000,36.209999,37.380001,31.152718,1677000
2012-06-05,37.060001,38.009998,36.919998,38.000000,31.669428,1010000
2012-06-06,38.590000,39.599998,38.500000,39.099998,32.586178,1717800
2012-06-07,40.160000,40.849998,39.110001,39.230000,32.694523,1553200
2012-06-08,39.000000,39.000000,38.189999,38.410000,32.011131,1793800
2012-06-11,39.049999,39.160000,37.680000,37.709999,31.427750,1672700
2012-06-12,38.000000,38.459999,37.619999,38.259998,31.886112,1561400
2012-06-13,37.919998,38.189999,36.919998,37.220001,31.019369,1210500
2012-06-14,37.290001,37.380001,35.799999,36.540001,30.452660,2732000
2012-06-15,36.810001,38.220001,36.709999,38.130001,31.777761,1555600
2012-06-18,37.900002,38.330002,37.450001,37.990002,31.661100,1440600
2012-06-19,38.540001,39.619999,38.540001,39.070000,32.561172,1312200
2012-06-20,39.119999,39.290001,38.230000,38.490002,32.077797,1283000
2012-06-21,38.450001,38.480000,35.459999,35.540001,29.619257,2595400
2012-06-22,36.000000,36.000000,34.580002,35.610001,29.677593,2171000
2012-06-25,34.880001,34.950001,34.169998,34.840000,29.035866,1195200
2012-06-26,34.889999,35.290001,34.680000,34.910000,29.094210,1248100
2012-06-27,34.820000,34.959999,34.369999,34.549999,28.794184,1814500
2012-06-28,34.070000,34.320000,33.240002,33.599998,28.002447,2976600
2012-06-29,34.750000,34.970001,34.340000,34.619999,28.852518,2165800
2012-07-02,34.639999,34.639999,33.169998,33.540001,27.952440,2461700
2012-07-03,33.610001,34.750000,33.599998,34.459999,28.719170,1264100
2012-07-05,34.189999,34.790001,34.130001,34.290001,28.577497,1887300
2012-07-06,33.689999,33.840000,33.380001,33.490002,27.910772,1884600
2012-07-09,33.389999,33.450001,32.799999,33.279999,27.735760,1656800
2012-07-10,34.270000,34.779999,33.380001,33.700001,28.085787,2184200
2012-07-11,33.720001,34.070000,33.540001,33.790001,28.160793,1971200
2012-07-12,33.400002,33.709999,32.770000,33.450001,27.877443,1901400
2012-07-13,33.709999,34.650002,33.490002,34.500000,28.752518,1677100
2012-07-16,34.240002,34.410000,33.549999,34.169998,28.477486,1131100
2012-07-17,34.200001,35.020000,34.060001,34.959999,29.135868,1826500
2012-07-18,34.830002,35.580002,34.419998,34.950001,29.127544,1634400
2012-07-19,35.060001,36.930000,35.000000,36.830002,30.694344,2629200
2012-07-20,36.419998,36.689999,35.849998,35.939999,29.952620,2363200
2012-07-23,34.820000,35.840000,34.480000,35.520000,29.602579,2305000
2012-07-24,37.680000,39.810001,36.009998,37.560001,31.302731,3646900
2012-07-25,37.529999,37.590000,35.830002,37.000000,30.836023,2799500
2012-07-26,37.360001,37.720001,36.680000,37.610001,31.344395,1742500
2012-07-27,38.200001,38.820000,37.849998,38.189999,31.827784,2428200
2012-07-30,37.980000,38.549999,37.830002,38.029999,31.694418,2290400
2012-07-31,38.020000,38.619999,37.770000,38.130001,31.777761,3028900
2012-08-01,38.840000,39.049999,37.849998,37.880001,31.569420,1494900
2012-08-02,37.520000,38.090000,37.000000,37.610001,31.406593,1590000
2012-08-03,38.430000,38.459999,37.849998,38.290001,31.974436,1533200
2012-08-06,38.529999,39.070000,38.480000,38.709999,32.325146,1886000
2012-08-07,38.930000,39.790001,38.919998,39.509998,32.993198,2041000
2012-08-08,39.419998,40.529999,39.310001,40.400002,33.736385,1830400
2012-08-09,40.200001,40.560001,39.580002,39.980000,33.385674,1765400
2012-08-10,39.630001,41.119999,39.320000,40.689999,33.978561,2858000
2012-08-13,40.500000,40.689999,39.509998,39.740002,33.185253,1230600
2012-08-14,40.090000,40.230000,39.009998,39.099998,32.650826,1090600
2012-08-15,38.560001,40.590000,38.560001,40.509998,33.828251,2326300
2012-08-16,40.410000,41.970001,40.330002,41.529999,34.680016,2552700
2012-08-17,41.660000,41.820000,41.090000,41.290001,34.479607,1446600
2012-08-20,41.090000,41.209999,40.590000,40.880001,34.137234,1382100
2012-08-21,41.000000,41.540001,40.590000,40.799999,34.070427,952300
2012-08-22,40.650002,41.060001,40.110001,41.020000,34.254124,1178800
2012-08-23,40.950001,41.400002,40.560001,40.770000,34.045380,821100
2012-08-24,40.480000,40.740002,40.070000,40.320000,33.669586,655600
2012-08-27,40.389999,40.470001,39.720001,39.939999,33.352268,864500
2012-08-28,39.939999,40.060001,39.320000,39.400002,32.901348,1312500
2012-08-29,39.639999,39.669998,38.900002,38.959999,32.533913,1694300
2012-08-30,38.860001,38.860001,37.970001,38.009998,31.740610,1654400
2012-08-31,38.360001,38.610001,37.880001,38.259998,31.949373,1632100
2012-09-04,38.130001,38.139999,37.020000,37.299999,31.147720,1580800
2012-09-05,37.279999,37.810001,37.009998,37.049999,30.938948,1926800
2012-09-06,37.360001,38.669998,37.360001,38.310001,31.991123,1568000
2012-09-07,38.680000,39.849998,38.320000,39.560001,33.034943,1731800
2012-09-10,39.279999,40.380001,39.150002,40.099998,33.485889,1868000
2012-09-11,40.000000,40.279999,39.730000,39.779999,33.218651,1580900
2012-09-12,39.880001,40.139999,39.389999,39.509998,32.993198,1089200
2012-09-13,39.349998,41.459999,39.160000,41.250000,34.446209,1402900
2012-09-14,41.320000,43.150002,41.320000,42.680000,35.640339,2275700
2012-09-17,42.430000,42.560001,41.330002,41.580002,34.721779,1278100
2012-09-18,41.340000,41.540001,40.970001,41.500000,34.654972,937500
2012-09-19,42.090000,43.180000,41.880001,42.680000,35.640339,2497100
2012-09-20,41.549999,42.209999,40.830002,42.029999,35.097546,1476300
2012-09-21,41.290001,42.119999,39.790001,40.000000,33.402374,3680800
2012-09-24,39.959999,39.970001,38.560001,38.959999,32.533913,2770400
2012-09-25,39.080002,39.400002,37.740002,37.750000,31.523493,1945300
2012-09-26,37.740002,38.459999,37.500000,38.200001,31.899265,1408600
2012-09-27,38.529999,38.730000,37.970001,38.200001,31.899265,1947400
2012-09-28,37.939999,38.349998,37.639999,37.910000,31.657108,2817600
2012-10-01,38.209999,38.610001,37.540001,37.720001,31.498457,1510300
2012-10-02,37.860001,38.410000,37.560001,37.990002,31.723906,1389700
2012-10-03,37.880001,38.090000,37.430000,37.590000,31.389881,1499800
2012-10-04,37.799999,37.939999,37.450001,37.700001,31.481741,1195900
2012-10-05,38.080002,38.330002,37.250000,37.470001,31.289682,2498200
2012-10-08,37.000000,37.119999,36.650002,36.830002,30.755245,2638000
2012-10-09,36.830002,37.209999,36.540001,36.730000,30.671730,1335100
2012-10-10,36.740002,36.740002,35.750000,35.910000,29.986984,1598300
2012-10-11,36.410000,36.740002,35.639999,35.650002,29.769875,2993600
2012-10-12,35.520000,35.880001,34.980000,35.310001,29.485947,2929400
2012-10-15,35.439999,35.860001,34.959999,35.840000,29.928528,1668400
2012-10-16,36.049999,37.349998,36.009998,36.980000,30.880499,1743900
2012-10-17,37.090000,38.110001,36.980000,37.980000,31.715540,1566100
2012-10-18,37.759998,38.410000,37.630001,38.209999,31.907616,1354400
2012-10-19,37.869999,38.000000,37.189999,37.259998,31.114307,1642800
2012-10-22,37.369999,37.689999,36.990002,37.439999,31.264624,1861700
2012-10-23,36.180000,39.459999,36.180000,38.189999,31.890924,3506800
2012-10-24,38.900002,39.000000,38.200001,38.360001,32.032887,2128000
2012-10-25,38.250000,38.590000,37.650002,37.990002,31.786049,1046800
2012-10-26,37.880001,38.509998,37.759998,38.380001,32.112370,825000
2012-10-31,38.419998,38.990002,37.689999,37.990002,31.786049,1211400
2012-11-01,38.070000,40.230000,37.959999,40.160000,33.601685,1313700
2012-11-02,40.450001,40.520000,39.110001,39.160000,32.764999,1116100
2012-11-05,39.000000,39.650002,39.000000,39.599998,33.133141,623200
2012-11-06,39.660000,40.560001,39.470001,40.310001,33.727188,743400
2012-11-07,39.110001,39.759998,38.900002,39.080002,32.698063,1530600
2012-11-08,39.150002,39.369999,37.980000,38.459999,32.179298,1060400
2012-11-09,38.349998,38.910000,38.250000,38.500000,32.212769,935400
2012-11-12,38.689999,38.849998,38.340000,38.509998,32.221130,887600
2012-11-13,38.259998,39.200001,38.259998,39.150002,32.756622,1314900
2012-11-14,39.080002,39.250000,38.759998,38.910000,32.555824,1430500
2012-11-15,38.750000,39.189999,38.610001,38.830002,32.488865,1230000
2012-11-16,38.830002,39.080002,38.130001,38.570000,32.271343,1406200
2012-11-19,39.130001,40.020000,39.130001,39.950001,33.425995,1206000
2012-11-20,39.900002,39.900002,38.759998,39.009998,32.639488,1016900
2012-11-21,39.000000,39.290001,38.660000,39.180000,32.781719,569300
2012-11-23,39.580002,39.930000,39.279999,39.700001,33.216812,316300
2012-11-26,39.520000,39.799999,39.400002,39.669998,33.191704,605200
2012-11-27,39.509998,40.410000,39.369999,39.419998,32.982529,1407500
2012-11-28,39.099998,39.500000,38.880001,39.290001,32.873756,1473100
2012-11-29,39.570000,40.410000,39.150002,40.340000,33.752304,2032100
2012-11-30,40.389999,41.500000,40.310001,41.040001,34.337975,2355000
2012-12-03,41.700001,41.990002,40.700001,40.799999,34.137165,1817300
2012-12-04,40.750000,41.230000,40.430000,40.990002,34.296139,841400
2012-12-05,41.000000,42.299999,41.000000,42.000000,35.141201,2088800
2012-12-06,42.020000,42.139999,41.410000,41.689999,34.881832,980400
2012-12-07,41.889999,42.240002,41.689999,41.939999,35.091000,1129400
2012-12-10,41.830002,42.580002,41.830002,42.430000,35.500980,690400
2012-12-11,42.660000,43.119999,42.349998,42.669998,35.701786,1523300
2012-12-12,43.080002,43.389999,42.520000,43.029999,36.003006,1481600
2012-12-13,42.880001,43.180000,42.189999,42.470001,35.534447,1105000
2012-12-14,42.730000,43.400002,42.509998,43.279999,36.212185,1214400
2012-12-17,43.270000,43.380001,42.619999,43.000000,35.977894,1041300
2012-12-18,42.980000,44.320000,42.880001,44.259998,37.032139,1589000
2012-12-19,44.270000,45.279999,44.259998,45.080002,37.718227,2450400
2012-12-20,45.090000,45.310001,44.630001,45.099998,37.734959,1906000
2012-12-21,44.570000,45.009998,44.400002,44.560001,37.283134,1554100
2012-12-24,44.490002,44.619999,44.000000,44.310001,37.073959,359600
2012-12-26,44.459999,44.930000,44.180000,44.230000,37.007038,519300
2012-12-27,44.360001,44.360001,43.060001,43.959999,36.781132,724900
2012-12-28,43.970001,44.009998,43.160000,43.279999,36.212185,560200
2012-12-31,43.209999,44.549999,43.080002,44.529999,37.258041,810600
2013-01-02,45.610001,46.500000,45.529999,46.500000,38.906330,1636900
2013-01-03,46.509998,46.730000,46.119999,46.430000,38.847763,1396100
2013-01-04,46.380001,47.509998,46.360001,47.500000,39.743027,1251000
2013-01-07,47.160000,47.349998,46.320000,46.880001,39.224281,1408200
2013-01-08,46.869999,47.250000,46.570000,46.759998,39.123875,918200
2013-01-09,46.990002,47.279999,46.869999,47.209999,39.500381,726300
2013-01-10,47.419998,47.669998,47.150002,47.330002,39.600792,852500
2013-01-11,47.240002,47.270000,46.459999,46.639999,39.023460,1343300
2013-01-14,45.849998,46.330002,45.590000,45.849998,38.362473,1562700
2013-01-15,45.750000,46.040001,45.490002,45.830002,38.345745,1250900
2013-01-16,45.720001,46.820000,45.340000,46.750000,39.115509,1211600
2013-01-17,47.060001,47.509998,46.700001,47.029999,39.349770,972500
2013-01-18,47.270000,47.270000,46.459999,47.220001,39.508743,746800
2013-01-22,47.380001,47.639999,46.900002,47.369999,39.634262,1001300
2013-01-23,47.220001,47.549999,47.020000,47.369999,39.634262,640000
2013-01-24,47.259998,47.720001,46.869999,47.060001,39.374870,783500
2013-01-25,47.180000,47.279999,46.680000,46.970001,39.299572,2083800
2013-01-28,47.080002,47.160000,45.889999,46.250000,38.697151,1910100
2013-01-29,47.939999,48.889999,46.830002,48.080002,40.228313,2528100
2013-01-30,47.230000,47.790001,46.990002,47.200001,39.492027,1432000
2013-01-31,46.869999,47.450001,46.599998,46.880001,39.224281,1079600
2013-02-01,47.119999,47.590000,47.060001,47.369999,39.634262,1022800
2013-02-04,46.889999,47.169998,46.520000,46.529999,38.931431,719600
2013-02-05,46.810001,47.270000,46.810001,47.110001,39.416721,874300
2013-02-06,47.180000,48.880001,46.900002,48.830002,40.855843,1841900
2013-02-07,48.840000,48.900002,47.639999,48.500000,40.579723,1154900
2013-02-08,48.520000,49.880001,48.520000,49.500000,41.416416,1326000
2013-02-11,49.240002,49.680000,49.060001,49.500000,41.416416,935600
2013-02-12,49.430000,49.759998,49.040001,49.139999,41.115211,946800
2013-02-13,49.490002,50.680000,49.419998,50.340000,42.119240,1347600
2013-02-14,49.990002,50.330002,49.799999,50.200001,42.064774,941600
2013-02-15,50.200001,50.650002,49.869999,50.160000,42.031254,1039400
2013-02-19,50.150002,50.450001,48.980000,49.740002,41.679325,1446200
2013-02-20,49.639999,49.730000,47.240002,47.500000,39.802338,1380500
2013-02-21,47.119999,47.119999,45.799999,46.320000,38.813564,1733300
2013-02-22,46.549999,47.770000,46.490002,47.549999,39.844219,1208500
2013-02-25,48.020000,48.320000,45.630001,45.660000,38.260506,1508500
2013-02-26,45.930000,46.279999,45.070000,45.860001,38.428101,1830300
2013-02-27,46.040001,47.490002,45.950001,47.160000,39.517422,1028300
2013-02-28,46.959999,47.220001,46.770000,46.849998,39.257668,1575900
2013-03-01,46.680000,46.680000,45.349998,46.209999,38.721375,1506800
2013-03-04,45.980000,46.139999,44.730000,45.680000,38.277283,1490900
2013-03-05,46.090000,46.830002,46.090000,46.389999,38.872200,1052700
2013-03-06,46.720001,46.750000,46.259998,46.419998,38.897354,944400
2013-03-07,46.400002,47.099998,46.380001,46.630001,39.073334,532800
2013-03-08,47.070000,47.490002,46.810001,47.310001,39.643116,728400
2013-03-11,47.189999,47.919998,46.840000,47.880001,40.120743,723500
2013-03-12,47.759998,48.450001,47.560001,48.320000,40.489437,826900
2013-03-13,48.230000,48.259998,47.320000,47.349998,39.676624,1293800
2013-03-14,47.610001,47.610001,46.830002,47.270000,39.609604,1029100
2013-03-15,46.910000,47.759998,46.840000,47.060001,39.433632,1052600
2013-03-18,46.200001,46.430000,45.360001,46.040001,38.578934,1123500
2013-03-19,46.049999,46.200001,44.389999,44.779999,37.523113,1124400
2013-03-20,45.330002,45.619999,44.099998,44.160000,37.003593,1866500
2013-03-21,43.810001,43.959999,43.000000,43.110001,36.123764,2395800
2013-03-22,43.320000,43.939999,43.090000,43.209999,36.207546,1746400
2013-03-25,43.360001,43.529999,42.340000,42.430000,35.553963,1856600
2013-03-26,42.689999,42.900002,42.330002,42.869999,35.922642,1352800
2013-03-27,42.439999,43.750000,42.029999,43.540001,36.484062,2174300
2013-03-28,43.320000,44.080002,42.990002,44.049999,36.911423,1341500
2013-04-01,43.830002,44.040001,42.570000,43.020000,36.048344,1572700
2013-04-02,42.939999,44.139999,42.349998,42.459999,35.579090,2081800
2013-04-03,42.450001,42.570000,41.610001,42.040001,35.227150,1372600
2013-04-04,42.139999,43.270000,42.049999,42.709999,35.788578,1219400
2013-04-05,41.709999,42.849998,41.549999,42.759998,35.830463,1961200
2013-04-08,42.840000,43.080002,42.290001,43.070000,36.090233,1250400
2013-04-09,43.279999,44.349998,43.029999,43.900002,36.785736,1275300
2013-04-10,44.099998,44.820000,43.389999,44.509998,37.296871,1592000
2013-04-11,44.369999,45.529999,44.099998,44.970001,37.682327,1467900
2013-04-12,44.759998,44.830002,43.299999,43.959999,36.836014,1200100
2013-04-15,43.480000,43.650002,41.750000,41.970001,35.168507,1611600
2013-04-16,42.650002,43.689999,42.400002,43.689999,36.609764,1760600
2013-04-17,43.070000,43.250000,42.340000,42.360001,35.495300,1329700
2013-04-18,42.689999,42.840000,41.610001,42.230000,35.386353,2515300
2013-04-19,48.180000,49.180000,45.860001,47.099998,39.467148,5684200
2013-04-22,47.119999,49.070000,46.900002,48.770000,40.866508,2530600
2013-04-23,49.139999,49.349998,48.189999,48.650002,40.765965,1706400
2013-04-24,48.750000,49.220001,48.509998,48.549999,40.682159,1228500
2013-04-25,48.549999,49.009998,48.290001,48.330002,40.497810,1272700
2013-04-26,48.770000,48.770000,47.270000,47.610001,39.894501,885900
2013-04-29,48.099998,48.299999,47.549999,48.259998,40.439163,734500
2013-04-30,48.259998,49.410000,47.820000,49.410000,41.402794,1470100
2013-05-01,49.270000,49.290001,47.490002,47.689999,39.961533,947300
2013-05-02,48.320000,48.380001,47.520000,47.980000,40.280567,635900
2013-05-03,48.910000,49.630001,48.830002,49.060001,41.187244,731000
2013-05-06,49.320000,49.549999,48.849998,49.459999,41.523075,564100
2013-05-07,49.470001,49.509998,49.049999,49.439999,41.506260,892900
2013-05-08,49.290001,49.509998,48.779999,49.340000,41.422314,908900
2013-05-09,49.299999,49.410000,48.490002,48.580002,40.784279,651600
2013-05-10,48.820000,48.820000,47.720001,48.270000,40.524021,1016800
2013-05-13,47.770000,47.869999,47.020000,47.400002,39.793625,1317500
2013-05-14,47.189999,48.480000,47.139999,48.410000,40.641560,754100
2013-05-15,48.389999,49.000000,48.110001,48.849998,41.010952,879200
2013-05-16,48.750000,49.209999,48.310001,48.389999,40.624760,723800
2013-05-17,48.779999,49.759998,48.660000,49.430000,41.497883,874600
2013-05-20,49.220001,49.910000,49.110001,49.259998,41.355148,513100
2013-05-21,49.259998,50.130001,48.970001,50.000000,41.976402,871700
2013-05-22,49.830002,51.580002,49.560001,50.049999,42.018372,2196800
2013-05-23,49.020000,49.820000,48.310001,49.480000,41.539852,1055700
2013-05-24,48.980000,49.360001,48.400002,49.110001,41.229221,567000
2013-05-28,49.799999,49.970001,49.139999,49.509998,41.565033,742500
2013-05-29,48.950001,49.810001,48.950001,49.669998,41.699360,828100
2013-05-30,49.669998,50.009998,49.270000,49.869999,41.867260,541000
2013-05-31,49.570000,50.150002,49.220001,49.349998,41.430721,608300
2013-06-03,49.490002,49.950001,47.770000,49.040001,41.170460,1245600
2013-06-04,48.919998,49.750000,48.290001,48.709999,40.893414,601800
2013-06-05,48.470001,48.520000,47.509998,47.720001,40.062279,619700
2013-06-06,47.630001,48.599998,47.389999,48.590000,40.792671,706500
2013-06-07,48.750000,49.349998,48.009998,49.009998,41.145260,582700
2013-06-10,49.220001,49.220001,48.320000,49.200001,41.304787,770100
2013-06-11,48.099998,48.610001,47.410000,47.770000,40.104256,768600
2013-06-12,48.150002,48.320000,46.730000,47.020000,39.474609,554100
2013-06-13,46.919998,47.830002,46.549999,47.490002,39.869190,1095700
2013-06-14,47.380001,47.689999,47.049999,47.560001,39.927971,762600
2013-06-17,48.060001,48.150002,47.340000,47.580002,39.944744,740800
2013-06-18,47.380001,48.060001,46.930000,47.630001,39.986725,486300
2013-06-19,47.750000,48.549999,47.509998,47.950001,40.255375,1029600
2013-06-20,47.090000,47.160000,45.250000,46.520000,39.054855,1666400
2013-06-21,46.660000,46.770000,45.240002,46.099998,38.702240,1246600
2013-06-24,44.900002,45.279999,43.570000,43.689999,36.678986,2490400
2013-06-25,44.130001,44.490002,43.709999,44.119999,37.039974,978700
2013-06-26,44.430000,44.950001,43.860001,44.689999,37.518501,1208000
2013-06-27,45.000000,45.919998,44.639999,45.490002,38.190136,830400
2013-06-28,45.340000,45.389999,44.389999,44.799999,37.610855,1427600
2013-07-01,45.270000,46.070000,45.080002,45.410000,38.122963,821000
2013-07-02,45.419998,45.570000,44.490002,45.020000,37.795559,604800
2013-07-03,44.849998,45.549999,44.669998,45.369999,38.089394,376700
2013-07-05,45.700001,46.150002,45.180000,45.639999,38.316059,506000
2013-07-08,45.830002,46.090000,45.480000,45.680000,38.349659,793700
2013-07-09,46.160000,46.799999,46.000000,46.590000,39.113609,897400
2013-07-10,46.549999,47.349998,46.090000,46.830002,39.315113,811800
2013-07-11,47.400002,47.900002,47.389999,47.509998,39.885967,1004700
2013-07-12,47.529999,47.770000,47.029999,47.680000,40.028694,710000
2013-07-15,47.680000,47.849998,46.959999,47.529999,39.902775,1028100
2013-07-16,47.779999,47.779999,46.799999,47.270000,39.684494,821500
2013-07-17,47.320000,47.680000,47.110001,47.340000,39.743259,858300
2013-07-18,47.790001,48.299999,47.389999,48.009998,40.305748,1389300
2013-07-19,46.259998,48.240002,45.869999,47.730000,40.070671,3578900
2013-07-22,47.480000,47.799999,47.270000,47.770000,40.104256,1432300
2013-07-23,48.110001,48.799999,47.919998,48.540001,40.750694,1065800
2013-07-24,48.700001,48.820000,48.180000,48.340000,40.582790,987900
2013-07-25,48.189999,48.349998,47.779999,47.919998,40.230175,637600
2013-07-26,47.689999,47.709999,46.810001,46.980000,39.441032,1335600
2013-07-29,46.860001,47.250000,46.650002,47.090000,39.533379,1015300
2013-07-30,47.549999,48.410000,47.130001,48.090000,40.372910,1337000
2013-07-31,48.279999,48.520000,47.910000,48.060001,40.347713,880800
2013-08-01,48.500000,49.220001,48.360001,48.790001,41.114567,828100
2013-08-02,48.750000,49.060001,48.299999,49.040001,41.325222,929900
2013-08-05,49.049999,49.080002,48.599998,48.900002,41.207260,522800
2013-08-06,48.750000,48.820000,47.980000,48.250000,40.659515,918500
2013-08-07,48.009998,48.540001,47.759998,48.070000,40.507828,956000
2013-08-08,48.450001,49.180000,48.419998,48.980000,41.274673,864600
2013-08-09,48.900002,49.380001,48.130001,48.910000,41.215683,1146600
2013-08-12,48.470001,48.930000,48.389999,48.919998,41.224110,1123100
2013-08-13,48.959999,49.759998,48.840000,49.599998,41.797138,1165700
2013-08-14,49.590000,50.910000,49.590000,50.430000,42.496563,1330800
2013-08-15,50.049999,50.049999,48.980000,49.299999,41.544323,1223200
2013-08-16,49.040001,49.590000,48.919998,49.500000,41.712872,698800
2013-08-19,49.340000,49.709999,49.060001,49.209999,41.468483,690500
2013-08-20,49.150002,49.270000,48.700001,48.930000,41.232533,729700
2013-08-21,50.040001,51.650002,49.750000,50.680000,42.707241,2350300
2013-08-22,50.750000,51.230000,50.230000,50.459999,42.521839,653600
2013-08-23,50.459999,50.709999,49.799999,50.650002,42.681950,721500
2013-08-26,50.860001,51.310001,50.700001,50.750000,42.766228,511000
2013-08-27,49.869999,49.939999,48.959999,49.040001,41.325222,883400
2013-08-28,49.070000,49.240002,48.619999,48.820000,41.139847,573400
2013-08-29,48.830002,49.880001,48.830002,49.540001,41.746574,729000
2013-08-30,49.529999,49.849998,48.869999,49.240002,41.493759,655500
2013-09-03,50.029999,50.310001,49.279999,49.570000,41.771862,607300
2013-09-04,49.549999,50.259998,49.250000,50.000000,42.134212,585300
2013-09-05,49.919998,50.459999,49.369999,49.880001,42.033092,386700
2013-09-06,50.220001,50.480000,49.070000,49.139999,41.409500,947400
2013-09-09,49.259998,49.599998,48.970001,49.160000,41.426350,2211300
2013-09-10,49.590000,49.990002,49.439999,49.529999,41.738155,2100900
2013-09-11,49.590000,49.869999,49.310001,49.730000,41.906693,975400
2013-09-12,49.500000,49.930000,49.080002,49.090000,41.367355,793400
2013-09-13,49.310001,49.430000,48.919998,49.169998,41.434784,1071800
2013-09-16,49.830002,50.230000,49.700001,49.730000,41.906693,1125000
2013-09-17,49.799999,50.250000,49.470001,50.040001,42.167927,878600
2013-09-18,50.029999,51.759998,50.020000,51.610001,43.490929,1130700
2013-09-19,51.939999,52.540001,51.660000,51.770000,43.625759,916600
2013-09-20,51.770000,52.110001,51.250000,51.340000,43.263405,897000
2013-09-23,51.099998,51.349998,50.680000,50.880001,42.875767,763200
2013-09-24,50.900002,52.020000,50.630001,51.509998,43.406666,980600
2013-09-25,51.529999,52.470001,51.340000,51.970001,43.794296,746500
2013-09-26,52.270000,53.000000,52.200001,52.860001,44.544277,672100
2013-09-27,52.389999,52.830002,52.130001,52.500000,44.240917,782500
2013-09-30,52.080002,52.849998,52.060001,52.790001,44.485306,897600
2013-10-01,52.599998,53.419998,52.549999,53.389999,44.990913,1370600
2013-10-02,53.250000,53.520000,52.389999,53.520000,45.100449,1024100
2013-10-03,53.320000,53.470001,52.349998,53.020000,44.679111,2124500
2013-10-04,53.009998,54.060001,52.709999,53.830002,45.361694,1112200
2013-10-07,53.119999,53.950001,53.090000,53.630001,45.193161,761600
2013-10-08,53.490002,53.490002,51.660000,51.680000,43.549923,952600
2013-10-09,51.680000,52.040001,51.209999,51.529999,43.423515,746800
2013-10-10,52.090000,53.169998,52.090000,53.040001,44.695969,635700
2013-10-11,52.810001,53.139999,52.610001,52.910000,44.586407,634300
2013-10-14,52.520000,53.380001,52.320000,53.230000,44.856071,517000
2013-10-15,53.119999,53.580002,52.860001,53.209999,44.839241,621900
2013-10-16,53.799999,54.320000,53.599998,53.759998,45.302696,658200
2013-10-17,53.619999,54.450001,53.560001,54.240002,45.707184,898800
2013-10-18,54.509998,54.730000,53.790001,53.980000,45.488102,1525100
2013-10-21,54.730000,57.340000,54.730000,57.160000,48.167828,2244700
2013-10-22,57.689999,58.560001,57.560001,58.250000,49.086353,2587300
2013-10-23,57.770000,58.070000,57.119999,57.970001,48.850410,1308100
2013-10-24,57.950001,58.250000,57.240002,57.970001,48.850410,1245800
2013-10-25,57.840000,58.139999,56.549999,57.580002,48.521755,938200
2013-10-28,57.290001,57.389999,55.770000,56.020000,47.207169,1474500
2013-10-29,56.169998,56.820000,56.070000,56.779999,47.847603,848200
2013-10-30,56.709999,57.240002,55.720001,56.110001,47.283005,879400
2013-10-31,55.900002,56.459999,55.630001,56.009998,47.350636,1172700
2013-11-01,56.009998,56.189999,55.130001,55.889999,47.249199,501300
2013-11-04,55.880001,56.320000,55.330002,55.910000,47.266094,785900
2013-11-05,55.700001,56.930000,55.369999,56.660000,47.900158,884700
2013-11-06,56.950001,57.299999,56.430000,56.880001,48.086143,557500
2013-11-07,56.919998,57.279999,56.060001,56.150002,47.469002,901500
2013-11-08,56.240002,57.330002,56.130001,56.820000,48.035419,789400
2013-11-11,56.880001,57.959999,56.720001,57.889999,48.939987,816300
2013-11-12,57.810001,57.990002,57.130001,57.529999,48.635647,788500
2013-11-13,57.000000,57.669998,56.959999,57.669998,48.754002,697800
2013-11-14,57.709999,58.279999,57.369999,58.099998,49.117519,661700
2013-11-15,57.830002,58.000000,56.820000,56.889999,48.094597,2006500
2013-11-18,56.919998,57.470001,55.810001,55.939999,47.291462,1449500
2013-11-19,56.080002,56.500000,55.500000,55.700001,47.088562,1242100
2013-11-20,55.700001,55.919998,55.160000,55.340000,46.784229,517900
2013-11-21,55.650002,56.150002,55.419998,55.689999,47.080120,551700
2013-11-22,55.790001,56.290001,55.400002,56.090000,47.418282,618900
2013-11-25,56.169998,56.410000,54.689999,54.910000,46.420708,970400
2013-11-26,54.919998,56.169998,54.919998,55.709999,47.097027,891100
2013-11-27,55.590000,55.959999,55.520000,55.939999,47.291462,396300
2013-11-29,56.150002,56.730000,56.009998,56.130001,47.452084,284700
2013-12-02,56.380001,57.259998,56.040001,56.110001,47.435177,407800
2013-12-03,55.770000,56.340000,55.060001,55.509998,46.927956,456000
2013-12-04,55.400002,56.040001,55.130001,55.869999,47.232285,853000
2013-12-05,55.709999,56.310001,55.250000,55.369999,46.809582,927700
2013-12-06,56.180000,56.180000,55.619999,55.880001,47.240746,1311000
2013-12-09,55.970001,56.970001,55.750000,56.840000,48.052326,881900
2013-12-10,56.970001,57.740002,56.570000,56.660000,47.900158,727000
2013-12-11,57.090000,57.529999,55.209999,55.400002,46.834946,885900
2013-12-12,55.619999,55.720001,54.830002,55.000000,46.496799,571100
2013-12-13,55.060001,55.400002,54.660000,55.169998,46.640507,564300
2013-12-16,55.400002,56.180000,54.560001,54.959999,46.462971,821700
2013-12-17,55.000000,55.180000,54.310001,54.759998,46.293896,839500
2013-12-18,54.669998,55.020000,53.520000,54.730000,46.268539,1002200
2013-12-19,54.619999,54.990002,54.049999,54.340000,45.938835,1052000
2013-12-20,54.639999,54.639999,53.799999,54.270000,45.879658,1056100
2013-12-23,54.509998,54.950001,54.099998,54.470001,46.048740,566200
2013-12-24,54.450001,55.490002,54.240002,55.009998,46.505241,432800
2013-12-26,55.220001,55.400002,54.830002,55.200001,46.665878,460200
2013-12-27,55.259998,55.529999,54.919998,55.119999,46.598228,381700
2013-12-30,55.080002,55.299999,54.419998,55.189999,46.657421,440800
2013-12-31,55.169998,55.639999,55.000000,55.310001,46.758869,536600
2014-01-02,55.150002,55.470001,54.889999,54.990002,46.488346,734500
2014-01-03,55.040001,55.580002,54.910000,55.299999,46.750404,471400
2014-01-06,55.259998,55.330002,53.840000,54.040001,45.685211,1225900
2014-01-07,54.180000,54.950001,54.180000,54.660000,46.209362,761300
2014-01-08,54.669998,54.669998,53.020000,53.759998,45.448502,1263500
2014-01-09,53.880001,54.180000,52.590000,54.029999,45.676765,1300300
2014-01-10,54.090000,54.700001,53.790001,54.150002,45.778210,739500
2014-01-13,54.150002,54.180000,53.509998,53.860001,45.533039,889900
2014-01-14,53.959999,55.430000,53.869999,55.400002,46.834946,1179400
2014-01-15,55.480000,56.180000,55.290001,55.779999,47.156204,839600
2014-01-16,55.700001,56.209999,55.580002,56.060001,47.392910,1001000
2014-01-17,56.020000,56.209999,54.860001,55.099998,46.581333,1152200
2014-01-21,55.520000,55.889999,54.540001,54.689999,46.234726,855600
2014-01-22,54.720001,55.160000,54.020000,55.049999,46.539066,1174800
2014-01-23,54.209999,55.189999,54.209999,54.889999,46.403797,1659700
2014-01-24,52.590000,55.500000,51.230000,52.669998,44.527016,4115600
2014-01-27,53.180000,53.180000,51.349998,51.430000,43.478725,2503700
2014-01-28,51.419998,51.830002,50.599998,51.419998,43.470276,1944000
2014-01-29,51.230000,52.389999,51.130001,51.500000,43.537899,1261600
2014-01-30,51.910000,52.209999,51.200001,51.509998,43.546364,951600
2014-01-31,51.040001,51.799999,50.610001,50.639999,42.810867,1386900
2014-02-03,50.740002,50.970001,48.779999,48.830002,41.280693,1780500
2014-02-04,49.150002,49.820000,49.150002,49.599998,41.931644,1728500
2014-02-05,49.500000,49.889999,48.830002,49.580002,41.914749,1530700
2014-02-06,49.860001,50.869999,49.790001,50.669998,42.836227,2135800
2014-02-07,51.759998,52.560001,50.270000,51.209999,43.292740,1646400
2014-02-10,51.200001,51.700001,50.669998,51.299999,43.368824,1389700
2014-02-11,51.200001,51.630001,51.009998,51.439999,43.487179,1424800
2014-02-12,51.529999,52.480000,51.459999,52.240002,44.318577,1782200
2014-02-13,51.810001,53.150002,51.790001,52.799999,44.793663,1421900
2014-02-14,52.790001,53.310001,52.680000,53.099998,45.048164,755500
2014-02-18,53.349998,53.349998,51.910000,52.419998,44.471287,1510400
2014-02-19,52.430000,52.900002,51.889999,52.330002,44.394928,930200
2014-02-20,52.380001,52.950001,52.160000,52.919998,44.895466,823000
2014-02-21,52.950001,53.090000,52.099998,52.119999,44.216770,917400
2014-02-24,52.110001,53.070000,51.970001,52.560001,44.590065,764000
2014-02-25,52.549999,52.939999,52.110001,52.340000,44.403412,743400
2014-02-26,52.400002,53.310001,52.400002,52.919998,44.895466,680400
2014-02-27,52.840000,53.660000,52.750000,53.630001,45.497807,926300
2014-02-28,53.580002,53.810001,53.070000,53.389999,45.294193,1002900
2014-03-03,52.889999,53.009998,51.900002,52.169998,44.259197,1413500
2014-03-04,52.830002,52.930000,52.360001,52.860001,44.844563,757400
2014-03-05,52.919998,52.930000,52.340000,52.419998,44.471287,701100
2014-03-06,52.520000,53.459999,52.419998,53.360001,45.268753,1141200
2014-03-07,53.599998,54.290001,53.349998,54.009998,45.820175,1578400
2014-03-10,53.820000,54.189999,52.939999,53.419998,45.319656,1138700
2014-03-11,53.560001,54.290001,53.419998,53.480000,45.370544,968300
2014-03-12,53.150002,53.939999,52.799999,53.840000,45.675968,886000
2014-03-13,54.049999,54.770000,53.209999,53.340000,45.251778,1024300
2014-03-14,53.160000,54.169998,53.029999,53.720001,45.574162,898200
2014-03-17,54.000000,54.680000,53.919998,54.250000,46.023792,672500
2014-03-18,54.360001,54.889999,54.360001,54.480000,46.218914,764600
2014-03-19,54.700001,55.689999,54.270000,54.990002,46.651588,782500
2014-03-20,54.820000,55.169998,54.509998,54.849998,46.532803,563100
2014-03-21,55.360001,56.200001,55.049999,55.209999,46.838230,1166900
2014-03-24,55.509998,55.840000,54.840000,54.959999,46.626122,666000
2014-03-25,55.189999,55.660000,54.570000,55.060001,46.710964,921200
2014-03-26,55.509998,55.520000,53.970001,53.970001,45.786255,683600
2014-03-27,53.900002,54.220001,53.250000,53.549999,45.429932,1054700
2014-03-28,53.880001,54.080002,53.480000,53.939999,45.760803,697500
2014-03-31,54.400002,55.580002,54.400002,55.509998,47.092731,647300
2014-04-01,55.680000,56.180000,55.509998,56.029999,47.533878,791300
2014-04-02,56.080002,56.610001,55.820000,56.599998,48.017448,535900
2014-04-03,56.770000,57.250000,56.650002,56.830002,48.212578,693900
2014-04-04,57.400002,57.860001,56.430000,56.820000,48.204086,667800
2014-04-07,56.700001,56.820000,54.599998,54.930000,46.600674,795900
2014-04-08,55.130001,55.700001,54.730000,55.590000,47.160610,1004300
2014-04-09,55.680000,56.020000,55.230000,55.660000,47.219975,1091800
2014-04-10,55.520000,56.290001,54.889999,55.009998,46.668545,575300
2014-04-11,54.820000,55.230000,54.480000,54.650002,46.363140,603900
2014-04-14,55.029999,56.130001,54.830002,55.549999,47.126671,990900
2014-04-15,55.529999,56.220001,54.980000,56.209999,47.686577,674300
2014-04-16,56.790001,57.509998,56.689999,57.020000,48.373764,940400
2014-04-17,57.080002,57.939999,56.689999,57.570000,48.840355,1053400
2014-04-21,57.630001,58.470001,57.290001,58.119999,49.306961,1513600
2014-04-22,60.470001,61.820000,59.939999,60.090000,50.978249,3369800
2014-04-23,60.180000,60.310001,58.910000,59.590000,50.554062,1163100
2014-04-24,59.700001,59.980000,58.970001,59.200001,50.223186,860200
2014-04-25,59.080002,59.419998,58.720001,59.279999,50.291065,894200
2014-04-28,59.840000,60.419998,59.009998,59.720001,50.664345,1021400
2014-04-29,60.060001,60.880001,59.970001,60.790001,51.572094,1193200
2014-04-30,60.700001,61.599998,60.400002,61.430000,52.115059,1368000
2014-05-01,61.169998,61.290001,60.759998,61.209999,52.140610,1086500
2014-05-02,61.230000,61.980000,61.110001,61.180000,52.115051,801200
2014-05-05,60.779999,61.770000,60.689999,61.410000,52.310978,916000
2014-05-06,61.200001,61.349998,60.830002,61.080002,52.029877,1102700
2014-05-07,61.130001,61.259998,60.150002,60.709999,51.714691,1262500
2014-05-08,60.540001,60.669998,59.799999,60.110001,51.203598,1265800
2014-05-09,60.150002,60.419998,59.250000,59.520000,50.701015,1397700
2014-05-12,59.790001,60.910000,59.790001,60.889999,51.868011,911300
2014-05-13,60.950001,61.060001,60.080002,60.160000,51.246185,920300
2014-05-14,60.230000,60.360001,59.590000,59.720001,50.871376,629600
2014-05-15,59.700001,59.770000,57.750000,58.380001,49.729919,1351200
2014-05-16,58.630001,59.480000,57.849998,59.459999,50.649910,1449700
2014-05-19,59.410000,60.439999,59.410000,59.709999,50.862858,913900
2014-05-20,59.570000,60.180000,59.000000,59.110001,50.351753,855900
2014-05-21,59.290001,60.599998,59.220001,60.439999,51.484695,895100
2014-05-22,60.389999,61.439999,60.209999,60.730000,51.731735,1000600
2014-05-23,60.700001,61.230000,60.599998,61.180000,52.115051,763600
2014-05-27,61.410000,61.830002,60.779999,61.209999,52.140610,900800
2014-05-28,61.160000,61.490002,60.540001,61.220001,52.149120,1032400
2014-05-29,61.520000,62.750000,61.369999,62.730000,53.435390,974300
2014-05-30,62.610001,62.910000,62.029999,62.700001,53.409832,1491700
2014-06-02,62.910000,62.970001,62.369999,62.820000,53.512058,704100
2014-06-03,62.490002,63.560001,62.459999,63.180000,53.818726,612100
2014-06-04,63.000000,63.360001,62.849998,63.099998,53.750572,612500
2014-06-05,63.270000,64.070000,62.779999,63.869999,54.406487,718700
2014-06-06,64.040001,64.290001,63.689999,64.279999,54.755745,556700
2014-06-09,64.300003,64.459999,63.730000,63.779999,54.329803,696600
2014-06-10,63.520000,63.880001,63.119999,63.570000,54.150940,907100
2014-06-11,63.590000,64.430000,63.279999,64.400002,54.857944,1257700
2014-06-12,64.320000,64.889999,63.930000,64.190002,54.679070,1092600
2014-06-13,64.050003,64.300003,63.560001,64.160004,54.653511,561300
2014-06-16,64.000000,64.120003,63.570000,63.930000,54.457596,597900
2014-06-17,63.900002,64.589996,63.720001,63.840000,54.380924,529100
2014-06-18,64.070000,64.690002,63.930000,64.529999,54.968681,594900
2014-06-19,64.279999,64.650002,64.160004,64.650002,55.070904,506400
2014-06-20,64.709999,64.870003,64.389999,64.650002,55.070904,583500
2014-06-23,64.910004,65.169998,64.519997,64.690002,55.104980,563300
2014-06-24,64.559998,65.040001,63.490002,63.520000,54.108337,683200
2014-06-25,63.599998,64.330002,63.590000,64.110001,54.610920,705600
2014-06-26,64.120003,64.290001,63.070000,63.400002,54.006123,919000
2014-06-27,63.259998,64.059998,62.950001,64.059998,54.568333,2693300
2014-06-30,64.220001,64.730003,63.970001,64.279999,54.755745,1121900
2014-07-01,64.629997,65.260002,64.139999,65.029999,55.394600,865000
2014-07-02,65.029999,66.330002,64.910004,65.610001,55.888672,1114700
2014-07-03,65.709999,66.269997,65.709999,66.050003,56.263481,649600
2014-07-07,65.879997,66.349998,65.430000,65.800003,56.050518,853700
2014-07-08,65.989998,66.059998,65.500000,65.739998,55.999390,678300
2014-07-09,65.879997,65.940002,64.570000,65.059998,55.420162,1309300
2014-07-10,64.029999,64.320000,63.740002,64.120003,54.619442,1072600
2014-07-11,64.120003,64.540001,63.900002,64.269997,54.747208,1057900
2014-07-14,64.639999,64.639999,63.820000,64.370003,54.832405,1262900
2014-07-15,64.959999,65.239998,64.199997,64.459999,54.909061,1349700
2014-07-16,64.830002,65.050003,64.080002,64.099998,54.602402,1157300
2014-07-17,64.010002,64.320000,63.209999,63.299999,53.920940,2159600
2014-07-18,65.500000,65.620003,62.189999,62.630001,53.350204,4089100
2014-07-21,62.740002,63.320000,61.689999,62.090000,52.890209,2734000
2014-07-22,62.299999,62.720001,62.139999,62.590000,53.316128,1619300
2014-07-23,62.619999,62.939999,62.220001,62.259998,53.035027,1178600
2014-07-24,62.560001,62.610001,62.099998,62.439999,53.188351,896500
2014-07-25,62.430000,63.009998,61.980000,62.180000,52.966888,980000
2014-07-28,62.250000,62.880001,62.070000,62.630001,53.350204,999700
2014-07-29,62.840000,62.880001,59.599998,60.160000,51.246185,3052900
2014-07-30,60.410000,60.639999,59.270000,59.380001,50.581757,1368800
2014-07-31,59.150002,59.150002,58.020000,58.209999,49.585110,1367300
2014-08-01,57.919998,58.709999,57.570000,58.330002,49.901649,1281200
2014-08-04,58.599998,59.330002,58.520000,59.230000,50.671612,968900
2014-08-05,58.730000,59.119999,58.250000,58.380001,49.944427,961400
2014-08-06,58.029999,59.040001,58.029999,58.740002,50.252415,752000
2014-08-07,58.770000,59.080002,57.669998,57.959999,49.585114,943300
2014-08-08,57.939999,58.520000,57.680000,58.470001,50.021427,646500
2014-08-11,58.880001,59.290001,58.650002,59.150002,50.603176,1051300
2014-08-12,59.049999,59.320000,58.669998,59.099998,50.560379,775200
2014-08-13,59.270000,59.470001,58.980000,59.349998,50.774258,696100
2014-08-14,59.369999,59.630001,59.250000,59.380001,50.799934,674500
2014-08-15,59.750000,59.930000,59.080002,59.369999,50.791378,958700
2014-08-18,59.750000,60.349998,59.750000,60.230000,51.527103,572900
2014-08-19,60.310001,60.900002,60.310001,60.599998,51.843647,676900
2014-08-20,60.599998,61.470001,60.490002,61.340000,52.476715,781200
2014-08-21,61.270000,61.500000,60.709999,61.349998,52.485279,667400
2014-08-22,61.150002,61.570000,60.820000,61.189999,52.348392,619700
2014-08-25,61.660000,61.980000,61.200001,61.830002,52.895916,504100
2014-08-26,61.990002,61.990002,61.520000,61.820000,52.887360,576800
2014-08-27,61.820000,62.049999,61.599998,61.740002,52.818932,549300
2014-08-28,61.560001,62.070000,61.090000,61.939999,52.990028,519300
2014-08-29,62.160000,62.560001,62.049999,62.540001,53.503330,485700
2014-09-02,62.450001,62.740002,62.080002,62.439999,53.417782,543100
2014-09-03,62.860001,62.980000,62.570000,62.580002,53.537548,864300
2014-09-04,62.509998,63.000000,62.369999,62.660000,53.605991,632000
2014-09-05,62.529999,62.970001,62.360001,62.689999,53.631653,777400
2014-09-08,62.660000,62.830002,62.049999,62.279999,53.280903,704800
2014-09-09,62.250000,62.410000,61.349998,61.480000,52.596508,494400
2014-09-10,61.439999,61.959999,61.060001,61.310001,52.451054,564900
2014-09-11,61.000000,61.430000,60.740002,61.250000,52.399723,720100
2014-09-12,61.259998,61.369999,60.110001,60.349998,51.629772,671400
2014-09-15,60.599998,60.599998,59.560001,60.299999,51.586998,767900
2014-09-16,60.259998,61.500000,60.009998,61.180000,52.339840,589500
2014-09-17,61.259998,61.970001,61.009998,61.299999,52.442497,537100
2014-09-18,61.430000,62.070000,61.389999,61.549999,52.656380,586200
2014-09-19,61.680000,62.410000,61.430000,61.540001,52.647820,794500
2014-09-22,61.340000,61.849998,60.709999,61.270000,52.416843,913500
2014-09-23,61.310001,61.540001,60.959999,60.970001,52.160183,786300
2014-09-24,61.270000,61.669998,60.470001,61.290001,52.433952,733400
2014-09-25,61.250000,61.349998,59.959999,60.619999,51.860764,1002300
2014-09-26,60.619999,60.889999,60.340000,60.619999,51.860764,713400
2014-09-29,60.139999,60.189999,59.650002,59.790001,51.150688,716500
2014-09-30,59.900002,59.900002,58.119999,58.520000,50.064201,1011100
2014-10-01,58.270000,58.270000,56.330002,56.540001,48.370293,1800300
2014-10-02,56.320000,56.910000,55.049999,56.799999,48.592728,1760200
2014-10-03,57.060001,57.599998,56.439999,56.759998,48.558498,731500
2014-10-06,57.209999,57.320000,56.509998,56.590000,48.413078,524100
2014-10-07,56.330002,56.360001,54.669998,54.700001,46.796169,1135100
2014-10-08,54.540001,55.029999,53.580002,54.869999,46.941601,1164800
2014-10-09,54.959999,55.110001,53.369999,53.709999,45.949211,1354700
2014-10-10,53.520000,53.619999,52.250000,52.279999,44.725838,1205900
2014-10-13,52.090000,52.880001,50.869999,50.910000,43.553802,1268700
2014-10-14,51.180000,52.419998,50.770000,51.250000,43.844673,1907000
2014-10-15,50.340000,53.160000,49.419998,52.520000,44.931160,1784000
2014-10-16,51.610001,53.869999,51.480000,53.570000,45.829441,1444200
2014-10-17,54.299999,55.090000,53.750000,54.090000,46.274315,1177700
2014-10-20,53.860001,55.490002,53.860001,55.240002,47.258148,1427300
2014-10-21,57.360001,59.799999,57.209999,58.509998,50.055649,3018200
2014-10-22,59.130001,59.240002,57.250000,57.369999,49.080360,2142700
2014-10-23,58.259998,58.560001,57.480000,57.849998,49.491001,1162400
2014-10-24,58.180000,58.360001,57.119999,58.349998,49.918755,746900
2014-10-27,57.680000,57.709999,55.869999,57.090000,48.840832,1380900
2014-10-28,57.689999,58.320000,57.619999,58.160000,49.756214,912700
2014-10-29,58.240002,58.790001,57.320000,57.680000,49.345570,894700
2014-10-30,57.189999,58.349998,57.189999,57.779999,49.646317,694100
2014-10-31,58.750000,59.320000,58.570000,58.730000,50.462574,1451200
2014-11-03,58.950001,59.470001,58.389999,58.680000,50.419605,791100
2014-11-04,58.599998,58.830002,57.480000,57.700001,49.577568,1268900
2014-11-05,58.040001,59.080002,57.759998,58.959999,50.660194,1371500
2014-11-06,58.799999,59.840000,58.580002,59.549999,51.167141,848700
2014-11-07,59.669998,60.110001,58.930000,59.310001,50.960926,840400
2014-11-10,59.740002,60.070000,59.270000,59.810001,51.390541,942500
2014-11-11,59.750000,60.529999,59.680000,60.340000,51.845936,834500
2014-11-12,60.230000,60.650002,59.950001,60.450001,51.940441,610000
2014-11-13,60.099998,60.630001,59.160000,59.680000,51.278835,883400
2014-11-14,59.590000,59.919998,59.049999,59.759998,51.347572,636000
2014-11-17,59.770000,59.900002,59.310001,59.770000,51.356167,600700
2014-11-18,60.000000,61.000000,59.959999,60.880001,52.309917,822200
2014-11-19,60.900002,61.240002,60.110001,60.220001,51.742821,833800
2014-11-20,59.900002,60.880001,59.799999,60.709999,52.163853,1185100
2014-11-21,61.869999,62.560001,61.230000,61.490002,52.834030,1085200
2014-11-24,61.660000,61.750000,60.849998,61.240002,52.619244,823100
2014-11-25,61.130001,61.590000,60.740002,60.990002,52.404430,481100
2014-11-26,61.000000,61.090000,60.520000,60.980000,52.395836,578700
2014-11-28,60.500000,60.680000,59.500000,60.070000,51.613941,446800
2014-12-01,60.000000,60.490002,59.299999,60.090000,51.631134,782200
2014-12-02,60.000000,60.939999,59.930000,60.709999,52.163853,612200
2014-12-03,60.700001,62.660000,60.619999,62.570000,53.762016,921800
2014-12-04,62.869999,62.880001,61.650002,62.380001,53.598766,557500
2014-12-05,62.470001,63.279999,62.160000,62.869999,54.019779,566000
2014-12-08,62.520000,62.689999,61.410000,61.770000,53.074627,508800
2014-12-09,61.160000,62.619999,61.160000,62.540001,53.736237,785100
2014-12-10,62.070000,62.180000,60.029999,60.080002,51.622532,796200
2014-12-11,60.470001,61.080002,59.119999,59.290001,50.943741,1056200
2014-12-12,58.700001,58.779999,57.270000,57.529999,49.431492,690500
2014-12-15,57.779999,57.950001,56.459999,56.689999,48.709743,992100
2014-12-16,56.310001,57.689999,55.810001,55.889999,48.022362,995900
2014-12-17,56.230000,57.380001,55.990002,57.299999,49.233864,659600
2014-12-18,58.060001,58.610001,57.360001,58.590000,50.342278,816800
2014-12-19,58.830002,59.529999,58.230000,59.490002,51.115589,898100
2014-12-22,59.490002,60.189999,58.980000,59.869999,51.442097,738600
2014-12-23,60.000000,60.740002,59.919998,60.189999,51.717033,506900
2014-12-24,60.209999,60.770000,59.669998,60.310001,51.820152,205600
2014-12-26,60.549999,60.869999,60.330002,60.490002,51.974808,241400
2014-12-29,60.380001,60.959999,60.360001,60.599998,52.069332,297900
2014-12-30,60.509998,61.020000,59.950001,60.430000,51.923264,621300
2014-12-31,60.849998,61.439999,59.950001,59.959999,51.519428,378500
2015-01-02,60.090000,60.610001,59.459999,59.990002,51.545200,452200
2015-01-05,59.310001,59.419998,57.689999,57.950001,49.792374,803200
2015-01-06,57.900002,58.500000,56.980000,57.070000,49.036251,1101500
2015-01-07,57.720001,58.250000,57.029999,57.770000,49.637714,677400
2015-01-08,58.360001,59.200001,58.119999,58.919998,50.625828,747700
2015-01-09,58.970001,59.330002,57.880001,58.209999,50.015774,579500
2015-01-12,58.360001,58.360001,56.990002,57.869999,49.723629,536800
2015-01-13,57.810001,58.509998,56.029999,56.990002,48.967518,1078800
2015-01-14,55.549999,56.000000,54.570000,55.590000,47.764591,1402000
2015-01-15,56.049999,56.650002,55.500000,55.689999,47.850506,1180300
2015-01-16,55.820000,56.529999,55.070000,56.459999,48.512119,1016300
2015-01-20,56.549999,56.720001,55.470001,56.369999,48.434788,803000
2015-01-21,56.209999,58.240002,56.009998,58.049999,49.878292,996100
2015-01-22,58.500000,58.660000,57.480000,58.459999,50.230576,1367900
2015-01-23,55.400002,55.689999,53.520000,53.650002,46.097675,4848200
2015-01-26,53.320000,55.009998,52.560001,54.950001,47.214676,2245900
2015-01-27,53.299999,54.830002,53.180000,54.259998,46.621815,1442900
2015-01-28,54.619999,54.709999,53.340000,53.490002,45.960201,1139200
2015-01-29,53.439999,54.099998,53.080002,53.840000,46.260944,1506900
2015-01-30,53.200001,54.290001,53.180000,53.759998,46.192204,1322000
2015-02-02,53.939999,53.939999,52.990002,53.410000,45.891460,1432500
2015-02-03,54.160000,55.320000,54.160000,55.060001,47.309196,1905800
2015-02-04,54.619999,55.570000,54.419998,55.119999,47.360748,694200
2015-02-05,55.320000,56.099998,54.900002,55.820000,47.962208,784500
2015-02-06,56.250000,56.310001,55.599998,55.730000,47.884880,1032400
2015-02-09,55.700001,56.340000,55.259998,56.080002,48.185608,971000
2015-02-10,56.230000,57.279999,55.900002,57.139999,49.096397,1000500
2015-02-11,57.049999,57.980000,56.849998,57.740002,49.611938,1044300
2015-02-12,57.880001,58.250000,57.560001,57.759998,49.844925,752600
2015-02-13,57.779999,58.389999,57.720001,57.980000,50.034786,986500
2015-02-17,57.660000,58.160000,57.209999,57.840000,49.913967,823100
2015-02-18,57.599998,57.990002,57.360001,57.990002,50.043411,589400
2015-02-19,57.490002,58.439999,57.130001,58.009998,50.060669,575300
2015-02-20,57.770000,57.910000,56.820000,57.549999,49.663708,750500
2015-02-23,57.549999,58.330002,57.369999,58.330002,50.336826,661000
2015-02-24,58.340000,58.549999,57.689999,57.889999,49.957115,621900
2015-02-25,57.900002,58.119999,57.490002,57.840000,49.913967,392600
2015-02-26,57.549999,58.049999,57.150002,57.209999,49.370300,553300
2015-02-27,57.119999,57.599998,56.790001,57.110001,49.284008,588000
2015-03-02,57.029999,58.270000,56.529999,58.250000,50.267788,771900
2015-03-03,58.099998,59.119999,57.830002,57.970001,50.026154,918200
2015-03-04,57.849998,59.240002,57.320000,59.000000,50.915012,1041800
2015-03-05,59.520000,59.520000,58.240002,58.470001,50.457638,970100
2015-03-06,57.970001,58.689999,57.290001,57.619999,49.724117,1041000
2015-03-09,57.750000,58.000000,57.430000,57.730000,49.819042,969900
2015-03-10,57.259998,57.259998,56.009998,56.320000,48.602268,1323400
2015-03-11,56.320000,57.209999,56.270000,56.689999,48.921570,951800
2015-03-12,57.009998,57.619999,56.759998,57.209999,49.370300,825300
2015-03-13,56.810001,57.029999,55.419998,55.810001,48.162159,1072600
2015-03-16,55.840000,56.009998,55.180000,55.529999,47.920525,894600
2015-03-17,55.150002,55.360001,54.410000,55.009998,47.471767,832200
2015-03-18,54.709999,56.529999,54.119999,56.180000,48.481445,1093400
2015-03-19,55.580002,55.860001,55.049999,55.470001,47.868744,577600
2015-03-20,55.750000,56.230000,55.540001,56.180000,48.481445,695100
2015-03-23,56.060001,56.270000,55.549999,55.549999,47.937775,577900
2015-03-24,55.459999,55.869999,54.880001,55.610001,47.989563,841300
2015-03-25,55.790001,56.279999,55.139999,55.169998,47.609856,699100
2015-03-26,55.049999,55.540001,54.770000,54.990002,47.454517,647600
2015-03-27,55.400002,55.730000,54.709999,55.029999,47.489040,795000
2015-03-30,55.400002,56.450001,55.400002,56.169998,48.472813,472200
2015-03-31,56.009998,56.110001,55.279999,55.860001,48.205311,748300
2015-04-01,55.880001,56.040001,54.990002,55.419998,47.825596,656100
2015-04-02,55.299999,55.889999,55.189999,55.459999,47.860100,748500
2015-04-06,55.459999,56.700001,55.139999,56.540001,48.792118,558500
2015-04-07,56.590000,56.950001,56.500000,56.759998,48.981968,488800
2015-04-08,56.770000,57.380001,56.770000,57.299999,49.447971,693200
2015-04-09,57.200001,58.480000,56.959999,58.419998,50.414486,851800
2015-04-10,58.419998,58.939999,58.259998,58.919998,50.845970,703000
2015-04-13,58.939999,58.939999,57.630001,57.630001,49.732738,973100
2015-04-14,57.349998,57.720001,57.220001,57.279999,49.430714,737000
2015-04-15,57.580002,57.880001,57.459999,57.730000,49.819042,1426200
2015-04-16,57.360001,58.560001,57.320000,58.139999,50.172855,1461300
2015-04-17,64.500000,67.699997,64.019997,67.180000,57.974068,6751300
2015-04-20,67.330002,67.500000,66.139999,66.540001,57.421764,2526200
2015-04-21,66.239998,66.589996,65.010002,65.940002,56.904003,2039000
2015-04-22,65.940002,66.610001,65.580002,65.750000,56.740047,1308100
2015-04-23,66.070000,66.400002,65.029999,65.099998,56.179104,1387300
2015-04-24,65.360001,66.169998,65.230003,65.849998,56.826324,1091700
2015-04-27,65.889999,66.580002,65.510002,65.580002,56.593327,706300
2015-04-28,65.680000,66.190002,65.139999,65.849998,56.826324,816800
2015-04-29,65.430000,66.489998,65.250000,66.269997,57.188770,989800
2015-04-30,66.199997,66.930000,66.000000,66.360001,57.526867,1131000
2015-05-01,66.260002,67.370003,66.010002,67.169998,58.229046,757800
2015-05-04,67.070000,67.309998,66.629997,66.959999,58.047001,928500
2015-05-05,67.180000,67.690002,66.610001,66.620003,57.752239,1134300
2015-05-06,67.180000,67.370003,66.209999,66.760002,57.873615,748100
2015-05-07,66.559998,66.669998,65.760002,66.500000,57.648224,1314500
2015-05-08,66.199997,67.910004,66.199997,67.300003,58.341747,662200
2015-05-11,67.250000,67.349998,66.370003,66.449997,57.604874,597900
2015-05-12,66.300003,66.360001,65.419998,65.730003,56.980732,666100
2015-05-13,65.709999,66.709999,65.639999,66.519997,57.665562,585100
2015-05-14,67.230003,67.480003,66.750000,66.930000,58.020988,779400
2015-05-15,66.830002,67.000000,66.339996,67.000000,58.081684,363500
2015-05-18,66.989998,67.639999,66.360001,67.500000,58.515118,730900
2015-05-19,67.690002,67.879997,66.680000,67.010002,58.090332,437300
2015-05-20,66.919998,67.830002,66.809998,67.440002,58.463112,592900
2015-05-21,67.620003,68.410004,67.230003,68.099998,59.035263,791100
2015-05-22,67.849998,68.209999,67.470001,67.849998,58.818516,531600
2015-05-26,67.699997,67.730003,66.930000,67.269997,58.315727,976300
2015-05-27,67.349998,68.349998,67.220001,68.290001,59.199959,828000
2015-05-28,68.040001,68.720001,67.809998,68.639999,59.503380,860200
2015-05-29,68.750000,69.029999,68.400002,68.849998,59.685398,1241800
2015-06-01,69.000000,69.160004,68.300003,69.099998,59.902142,926600
2015-06-02,69.059998,70.000000,68.540001,69.620003,60.352936,956000
2015-06-03,70.000000,70.949997,69.529999,70.639999,61.237152,1062700
2015-06-04,70.080002,70.410004,69.430000,69.790001,60.500305,903000
2015-06-05,69.669998,70.190002,69.239998,70.150002,60.812378,777500
2015-06-08,69.889999,70.160004,69.580002,69.739998,60.456951,1996200
2015-06-09,70.150002,70.639999,69.919998,70.199997,60.855717,971500
2015-06-10,70.550003,71.019997,70.220001,71.010002,61.557907,818100
2015-06-11,71.000000,71.169998,70.760002,71.080002,61.618603,598000
2015-06-12,70.709999,70.709999,70.330002,70.550003,61.159153,648800
2015-06-15,69.919998,70.209999,69.589996,70.000000,60.682350,784700
2015-06-16,70.050003,70.430000,69.680000,70.239998,60.890396,804400
2015-06-17,70.500000,71.080002,69.959999,70.510002,61.124451,671600
2015-06-18,70.559998,71.790001,70.550003,71.379997,61.878654,670700
2015-06-19,71.449997,71.510002,71.010002,71.260002,61.774643,1048000
2015-06-22,71.410004,71.980003,71.000000,71.709999,62.164738,1077800
2015-06-23,71.900002,72.110001,71.449997,71.849998,62.286098,841700
2015-06-24,71.750000,72.150002,71.470001,71.580002,62.052032,651000
2015-06-25,71.599998,72.029999,71.250000,71.680000,62.138721,603500
2015-06-26,72.019997,73.129997,71.669998,72.989998,63.274349,1472500
2015-06-29,72.050003,72.720001,71.559998,71.690002,62.147404,1696400
2015-06-30,72.150002,72.480003,71.839996,71.879997,62.312107,1280600
2015-07-01,72.489998,72.510002,71.919998,72.000000,62.416130,952500
2015-07-02,72.129997,74.190002,71.889999,73.720001,63.907173,1741800
2015-07-06,72.800003,73.470001,72.000000,72.769997,63.083637,1386700
2015-07-07,72.610001,72.690002,70.230003,71.830002,62.268768,1250200
2015-07-08,70.849998,70.870003,67.680000,68.160004,59.087254,1851300
2015-07-09,68.949997,69.529999,67.389999,67.639999,58.636486,2009100
2015-07-10,68.349998,68.690002,67.709999,68.300003,59.208630,1579300
2015-07-13,68.769997,69.629997,68.459999,69.489998,60.240223,1279900
2015-07-14,69.360001,70.900002,69.129997,70.660004,61.254498,899800
2015-07-15,70.610001,70.629997,68.919998,68.980003,59.798134,1721600
2015-07-16,69.190002,69.459999,68.309998,69.209999,59.997494,1543900
2015-07-17,70.000000,70.000000,63.150002,65.769997,57.015400,3681600
2015-07-20,66.019997,66.620003,65.260002,66.269997,57.448837,1224000
2015-07-21,66.190002,66.790001,65.570000,65.699997,56.954716,1502100
2015-07-22,65.320000,66.099998,64.879997,64.940002,56.295891,1629500
2015-07-23,65.349998,65.349998,63.389999,64.589996,55.992462,1707900
2015-07-24,64.500000,64.800003,62.029999,62.470001,54.154648,1564900
2015-07-27,62.029999,62.410000,61.299999,62.040001,53.781883,1610200
2015-07-28,62.689999,64.279999,62.529999,64.129997,55.593685,1662200
2015-07-29,64.029999,65.750000,63.900002,65.580002,56.850693,1589500
2015-07-30,65.589996,66.000000,64.949997,65.809998,57.312244,1509300
2015-07-31,65.910004,66.449997,65.720001,65.919998,57.408047,1301600
2015-08-03,65.820000,66.150002,64.699997,65.279999,56.850689,1454300
2015-08-04,65.370003,66.660004,65.110001,65.529999,57.068401,1080500
2015-08-05,66.139999,66.860001,65.660004,65.760002,57.268707,418800
2015-08-06,65.900002,66.309998,64.459999,65.089996,56.685219,1246400
2015-08-07,64.910004,65.160004,64.599998,64.970001,56.580719,1018000
2015-08-10,65.620003,67.070000,64.970001,66.980003,58.331165,654500
2015-08-11,65.870003,65.870003,63.830002,64.940002,56.554596,2155800
2015-08-12,64.370003,64.620003,63.450001,64.410004,56.093033,2268800
2015-08-13,64.440002,65.099998,64.000000,64.699997,56.345573,1236500
2015-08-14,64.699997,65.129997,63.959999,64.070000,55.796921,1398800
2015-08-17,64.010002,65.169998,63.330002,64.690002,56.336872,991400
2015-08-18,64.519997,64.690002,64.059998,64.290001,55.988525,776900
2015-08-19,63.830002,64.339996,62.590000,63.110001,54.960899,618800
2015-08-20,62.799999,63.020000,61.939999,61.990002,53.985516,734500
2015-08-21,61.759998,61.759998,59.040001,59.070000,51.442547,1662200
2015-08-24,55.720001,58.139999,54.349998,55.880001,48.664471,2405200
2015-08-25,57.779999,58.009998,54.480000,54.480000,47.445248,1790900
2015-08-26,55.750000,56.740002,54.660000,56.509998,49.213112,1651300
2015-08-27,57.630001,60.110001,57.419998,59.310001,51.651566,1545900
2015-08-28,59.020000,60.270000,58.730000,59.970001,52.226353,942700
2015-08-31,59.700001,61.070000,59.009998,60.639999,52.809830,1457300
2015-09-01,59.099998,59.799999,57.619999,58.160000,50.650063,841400
2015-09-02,59.090000,59.349998,58.139999,59.119999,51.486099,1480800
2015-09-03,59.480000,60.549999,58.849998,60.049999,52.296005,1126700
2015-09-04,59.340000,59.799999,58.840000,58.970001,51.355473,1011800
2015-09-08,60.180000,60.590000,59.509998,60.369999,52.574692,1138400
2015-09-09,62.099998,62.869999,61.270000,61.380001,53.454285,1691900
2015-09-10,61.639999,61.849998,60.889999,61.340000,53.419445,841800
2015-09-11,61.009998,61.279999,60.430000,61.029999,53.149464,1071700
2015-09-14,61.029999,61.230000,60.020000,60.630001,52.801121,527200
2015-09-15,60.669998,62.240002,60.570000,62.090000,54.072594,840800
2015-09-16,62.000000,62.910000,62.000000,62.590000,54.508034,703600
2015-09-17,62.340000,63.220001,61.900002,62.049999,54.037758,514700
2015-09-18,61.240002,61.410000,60.290001,60.619999,52.792408,1059800
2015-09-21,61.009998,62.340000,61.009998,61.340000,53.419445,574500
2015-09-22,60.490002,60.549999,59.450001,60.279999,52.496315,1064400
2015-09-23,60.349998,60.919998,59.880001,59.919998,52.182804,676400
2015-09-24,59.200001,60.500000,58.419998,60.080002,52.322144,1082700
2015-09-25,60.750000,60.790001,59.639999,60.189999,52.417934,637700
2015-09-28,59.599998,59.669998,56.180000,56.189999,48.934441,1204200
2015-09-29,56.180000,57.090000,55.830002,56.509998,49.213112,1060600
2015-09-30,57.310001,59.290001,56.599998,59.169998,51.529644,1466600
2015-10-01,59.779999,60.400002,59.299999,60.080002,52.322144,951800
2015-10-02,59.299999,61.389999,58.560001,61.380001,53.454285,1165200
2015-10-05,61.939999,63.849998,61.740002,63.209999,55.047970,1130700
2015-10-06,64.379997,64.919998,63.200001,64.620003,56.275906,1156700
2015-10-07,64.669998,65.900002,64.120003,65.489998,57.033562,966100
2015-10-08,65.230003,67.070000,65.230003,66.839996,58.209251,709400
2015-10-09,66.919998,67.470001,64.849998,65.010002,56.615555,973900
2015-10-12,64.099998,64.589996,63.500000,64.230003,55.936275,1008800
2015-10-13,63.220001,64.330002,62.770000,63.560001,55.352779,1050600
2015-10-14,63.310001,64.029999,63.160000,63.740002,55.509541,861300
2015-10-15,64.129997,64.169998,62.700001,64.160004,55.875305,899000
2015-10-16,64.410004,64.769997,63.070000,64.339996,56.032066,1097200
2015-10-19,63.889999,64.480003,63.250000,63.990002,55.727268,1057700
2015-10-20,64.760002,67.389999,64.739998,65.820000,57.320961,2501800
2015-10-21,66.000000,67.449997,65.220001,66.459999,57.878319,1236900
2015-10-22,67.430000,69.489998,67.430000,68.699997,59.829071,1501900
2015-10-23,69.260002,70.279999,68.790001,69.410004,60.447399,1531800
2015-10-26,69.169998,70.000000,68.570000,69.889999,60.865414,911600
2015-10-27,69.540001,69.910004,68.480003,68.970001,60.064224,1057600
2015-10-28,69.169998,70.930000,68.910004,70.129997,61.074436,742800
2015-10-29,69.589996,70.650002,69.250000,70.150002,61.354305,979800
2015-10-30,70.510002,71.550003,70.029999,71.050003,62.141468,887400
2015-11-02,70.910004,72.120003,70.150002,71.760002,62.762436,903100
2015-11-03,71.510002,72.760002,71.440002,71.500000,62.535042,902500
2015-11-04,71.809998,72.540001,71.500000,72.050003,63.016064,759500
2015-11-05,71.889999,72.050003,70.290001,70.730003,61.861580,715300
2015-11-06,70.419998,72.300003,70.360001,71.470001,62.508812,847500
2015-11-09,71.349998,71.970001,70.050003,70.809998,61.931541,398300
2015-11-10,70.599998,71.190002,69.690002,71.029999,62.123978,528000
2015-11-11,71.150002,71.160004,70.080002,70.400002,61.572948,549600
2015-11-12,68.760002,71.139999,67.720001,67.730003,59.237740,1707900
2015-11-13,67.830002,70.919998,67.809998,70.199997,61.398026,1396200
2015-11-16,70.339996,71.779999,70.010002,71.550003,62.578751,879500
2015-11-17,71.949997,72.370003,70.879997,71.480003,62.517536,938000
2015-11-18,71.610001,72.129997,70.930000,72.089996,63.051067,912000
2015-11-19,72.029999,72.949997,71.529999,71.800003,62.797413,532200
2015-11-20,72.059998,72.360001,71.070000,71.300003,62.360107,680000
2015-11-23,71.050003,71.459999,70.169998,70.669998,61.809113,1146900
2015-11-24,70.309998,71.620003,69.739998,71.370003,62.421329,1054500
2015-11-25,71.059998,71.489998,70.239998,70.639999,61.782852,614900
2015-11-27,70.379997,70.959999,69.839996,70.750000,61.879063,156100
2015-11-30,70.730003,71.290001,70.570000,70.750000,61.879063,646300
2015-12-01,70.949997,71.620003,70.040001,70.589996,61.739147,530700
2015-12-02,70.190002,70.599998,68.739998,68.980003,60.331005,720100
2015-12-03,69.500000,69.550003,68.680000,68.910004,60.269787,565600
2015-12-04,68.949997,70.570000,68.580002,70.040001,61.258083,668700
2015-12-07,69.610001,70.120003,67.790001,68.040001,59.508862,518600
2015-12-08,67.000000,67.550003,66.139999,66.660004,58.301910,929500
2015-12-09,68.320000,68.669998,66.220001,67.040001,58.634247,716500
2015-12-10,67.230003,67.769997,65.709999,66.040001,57.759640,1011900
2015-12-11,65.000000,66.239998,64.739998,65.440002,57.234867,587600
2015-12-14,64.870003,65.370003,63.910000,65.040001,56.885017,806500
2015-12-15,65.839996,66.779999,65.730003,66.529999,58.188198,948700
2015-12-16,67.070000,67.830002,66.220001,67.260002,58.826675,794300
2015-12-17,67.510002,67.669998,65.720001,65.919998,57.654686,568500
2015-12-18,65.349998,66.349998,64.879997,65.169998,56.998714,1626000
2015-12-21,65.449997,65.959999,64.699997,65.150002,56.981224,475900
2015-12-22,65.510002,66.559998,65.000000,66.070000,57.785866,684700
2015-12-23,66.800003,67.709999,66.639999,67.709999,59.220234,755700
2015-12-24,67.400002,67.830002,67.209999,67.620003,59.141529,192800
2015-12-28,67.099998,67.379997,66.180000,67.050003,58.643005,303600
2015-12-29,67.709999,67.980003,67.099998,67.639999,59.159008,335000
2015-12-30,67.120003,67.910004,66.839996,67.440002,58.984100,459400
2015-12-31,67.110001,67.930000,66.889999,67.330002,58.887882,428400
2016-01-04,66.239998,67.089996,65.190002,66.129997,57.838348,798700
2016-01-05,66.870003,67.989998,66.000000,66.930000,58.538044,705200
2016-01-06,65.300003,66.150002,64.930000,65.180000,57.007469,749500
2016-01-07,63.840000,63.849998,62.119999,62.430000,54.602272,1116100
2016-01-08,62.709999,63.369999,62.040001,62.180000,54.383614,727900
2016-01-11,63.009998,63.220001,61.709999,62.299999,54.488564,992400
2016-01-12,63.029999,63.910000,61.610001,63.320000,55.380676,1836900
2016-01-13,63.540001,64.220001,62.509998,62.790001,54.917137,1263700
2016-01-14,63.020000,63.520000,61.189999,63.009998,55.109547,1197300
2016-01-15,61.000000,62.250000,60.849998,61.950001,54.182453,1026700
2016-01-19,62.540001,62.799999,59.540001,60.639999,53.036701,1430200
2016-01-20,59.630001,60.049999,58.049999,59.200001,51.777256,1304400
2016-01-21,59.230000,60.119999,58.919998,59.279999,51.847229,1843400
2016-01-22,60.259998,62.250000,58.560001,61.080002,53.421539,2868700
2016-01-25,60.810001,60.950001,59.590000,59.639999,52.162090,1633900
2016-01-26,59.980000,61.560001,59.529999,61.490002,53.780140,1138700
2016-01-27,61.389999,62.730000,60.939999,61.660000,53.928818,1184300
2016-01-28,62.459999,63.060001,61.840000,62.119999,54.331139,731300
2016-01-29,62.070000,63.750000,61.270000,63.669998,55.686794,1628600
2016-02-01,62.349998,62.439999,61.020000,61.470001,53.762646,1345200
2016-02-02,60.970001,61.380001,59.619999,59.680000,52.197075,906800
2016-02-03,60.529999,60.860001,58.709999,60.480000,52.896767,1117700
2016-02-04,60.450001,62.549999,60.450001,60.860001,53.229130,1071500
2016-02-05,60.549999,61.430000,58.919998,59.009998,51.611080,1196700
2016-02-08,58.029999,58.490002,55.070000,56.410000,49.337086,2191600
2016-02-09,55.759998,58.459999,55.560001,57.540001,50.325386,1525300
2016-02-10,57.849998,58.990002,56.639999,56.939999,49.800621,1061600
2016-02-11,56.139999,57.820000,55.279999,55.810001,49.070862,1139100
2016-02-12,56.340000,57.410000,55.669998,57.310001,50.389732,995900
2016-02-16,57.869999,59.000000,57.410000,58.689999,51.603085,928100
2016-02-17,59.349998,60.150002,59.139999,59.459999,52.280109,822200
2016-02-18,59.660000,59.959999,58.720001,59.150002,52.007545,899000
2016-02-19,58.959999,59.110001,57.880001,59.000000,51.875656,885600
2016-02-22,59.759998,61.189999,59.349998,61.139999,53.757248,957600
2016-02-23,60.759998,61.099998,58.270000,58.669998,51.585499,945400
2016-02-24,58.130001,59.310001,57.490002,59.220001,52.069092,789400
2016-02-25,59.580002,59.970001,58.759998,59.950001,52.710945,1062600
2016-02-26,60.220001,61.169998,60.200001,61.049999,53.678116,687600
2016-02-29,61.189999,62.150002,60.299999,60.340000,53.053848,951200
2016-03-01,60.990002,61.540001,60.080002,61.349998,53.941879,973100
2016-03-02,61.029999,62.070000,60.869999,61.820000,54.355137,777100
2016-03-03,61.730000,62.930000,61.639999,62.810001,55.225594,782100
2016-03-04,63.139999,64.220001,62.320000,63.549999,55.876240,1124600
2016-03-07,63.410000,64.470001,63.070000,64.150002,56.403786,783200
2016-03-08,63.430000,63.490002,61.380001,61.830002,54.363930,891600
2016-03-09,62.630001,63.169998,61.889999,62.509998,54.961807,818600
2016-03-10,62.619999,62.740002,61.369999,62.189999,54.680454,663000
2016-03-11,62.990002,65.370003,62.919998,64.889999,57.054417,719000
2016-03-14,64.400002,64.720001,63.570000,63.939999,56.219143,758400
2016-03-15,63.500000,63.849998,62.970001,63.459999,55.797104,540100
2016-03-16,63.279999,65.230003,63.150002,64.919998,57.080799,568100
2016-03-17,64.910004,66.820000,64.720001,66.610001,58.566746,719200
2016-03-18,66.690002,67.199997,66.389999,67.000000,58.909630,849700
2016-03-21,67.019997,67.330002,66.349998,66.980003,58.892056,714200
2016-03-22,66.300003,66.959999,65.879997,66.790001,58.725010,701500
2016-03-23,66.389999,66.720001,65.260002,65.339996,57.450089,590900
2016-03-24,64.599998,64.959999,63.700001,64.959999,57.115967,888100
2016-03-28,65.019997,65.519997,64.639999,64.919998,57.080799,528600
2016-03-29,64.489998,65.980003,64.120003,65.709999,57.775410,1204300
2016-03-30,66.410004,67.139999,65.959999,66.029999,58.056759,742500
2016-03-31,65.930000,66.029999,65.339996,65.500000,57.590767,618800
2016-04-01,65.000000,66.860001,64.610001,66.629997,58.584316,973600
2016-04-04,66.459999,66.629997,65.790001,66.220001,58.223816,789100
2016-04-05,65.360001,66.639999,65.360001,65.879997,57.924881,893300
2016-04-06,65.790001,67.160004,65.290001,67.139999,59.032730,833000
2016-04-07,66.580002,67.169998,65.160004,65.599998,57.678699,667800
2016-04-08,66.720001,67.290001,66.480003,66.980003,58.892056,951200
2016-04-11,67.410004,68.199997,66.959999,67.040001,58.944813,789600
2016-04-12,67.339996,68.690002,66.940002,68.330002,60.079044,943400
2016-04-13,68.949997,69.220001,68.330002,69.199997,60.843990,607300
2016-04-14,69.209999,70.000000,69.050003,69.330002,60.958305,699200
2016-04-15,69.360001,70.129997,69.099998,69.309998,60.940708,684000
2016-04-18,68.680000,69.989998,68.519997,69.860001,61.424297,1554800
2016-04-19,72.599998,74.550003,69.519997,69.739998,61.318783,2823800
2016-04-20,70.019997,71.620003,69.389999,71.529999,62.892647,1571000
2016-04-21,71.400002,71.980003,70.639999,70.720001,62.180439,821900
2016-04-22,71.089996,72.669998,71.089996,72.279999,63.552090,980300
2016-04-25,71.849998,72.180000,70.400002,70.809998,62.259560,970400
2016-04-26,70.870003,72.160004,70.870003,71.400002,62.778336,791600
2016-04-27,70.910004,71.870003,70.699997,71.500000,62.866261,891600
2016-04-28,70.830002,71.940002,70.589996,70.820000,62.583496,679700
2016-04-29,71.410004,71.610001,69.910004,70.699997,62.477436,985300
2016-05-02,71.089996,71.580002,70.209999,71.250000,62.963463,1162600
2016-05-03,70.199997,71.120003,69.779999,70.980003,62.724869,990200
2016-05-04,70.519997,71.360001,70.190002,70.489998,62.291851,573400
2016-05-05,70.970001,71.529999,70.430000,70.510002,62.309544,630200
2016-05-06,70.019997,71.099998,69.790001,70.830002,62.592316,685000
2016-05-09,70.199997,70.459999,69.320000,69.769997,61.655586,777500
2016-05-10,70.470001,71.059998,70.010002,70.989998,62.733700,703600
2016-05-11,71.010002,71.669998,70.449997,70.449997,62.256508,591000
2016-05-12,71.239998,71.559998,70.220001,70.730003,62.503941,661500
2016-05-13,70.489998,71.419998,69.849998,69.949997,61.814655,728900
2016-05-16,70.209999,71.370003,70.080002,70.959999,62.707199,783500
2016-05-17,70.930000,71.730003,70.419998,71.029999,62.769051,837800
2016-05-18,70.610001,71.330002,69.680000,70.129997,61.973728,652700
2016-05-19,69.790001,70.339996,69.139999,69.500000,61.417004,705700
2016-05-20,69.989998,70.599998,69.480003,70.220001,62.053253,562500
2016-05-23,70.190002,70.440002,69.739998,70.029999,61.885357,501100
2016-05-24,70.120003,71.029999,69.889999,70.540001,62.336044,471900
2016-05-25,70.720001,72.110001,70.599998,71.690002,63.352299,663300
2016-05-26,71.839996,71.959999,70.830002,70.889999,62.645332,495500
2016-05-27,70.750000,71.400002,70.489998,70.989998,62.733700,895700
2016-05-31,70.959999,71.220001,70.050003,70.480003,62.283020,911700
2016-06-01,70.070000,70.440002,69.349998,70.260002,62.088612,1001800
2016-06-02,69.849998,70.769997,69.660004,70.610001,62.397888,878400
2016-06-03,70.279999,70.879997,69.919998,70.669998,62.450928,694200
2016-06-06,71.099998,71.809998,70.830002,71.440002,63.131351,820200
2016-06-07,71.360001,72.279999,71.360001,71.839996,63.484840,1200900
2016-06-08,72.209999,72.550003,71.610001,72.260002,63.856030,832700
2016-06-09,71.660004,71.660004,70.660004,70.919998,62.671837,494100
2016-06-10,70.239998,71.019997,70.239998,70.690002,62.468597,608600
2016-06-13,70.320000,71.000000,69.559998,69.860001,61.735130,684700
2016-06-14,69.559998,69.900002,68.680000,69.389999,61.319778,520300
2016-06-15,69.699997,70.379997,69.379997,69.599998,61.505367,589600
2016-06-16,68.930000,69.879997,68.239998,69.760002,61.646748,788200
2016-06-17,69.860001,70.519997,69.629997,70.050003,61.903042,725400
2016-06-20,71.000000,71.349998,69.730003,69.830002,61.708622,930900
2016-06-21,69.830002,70.040001,68.860001,69.279999,61.222569,619900
2016-06-22,69.620003,69.620003,68.910004,68.949997,60.930965,615100
2016-06-23,69.959999,69.980003,69.320000,69.599998,61.505367,1007200
2016-06-24,67.230003,67.610001,64.830002,65.470001,57.855705,1740900
2016-06-27,64.379997,64.379997,61.110001,61.509998,54.356255,1740500
2016-06-28,62.700001,62.919998,61.889999,62.639999,55.354828,949900
2016-06-29,63.599998,64.480003,63.040001,64.410004,56.918976,1009800
2016-06-30,64.760002,65.470001,64.190002,65.449997,57.838020,920800
2016-07-01,65.529999,66.629997,65.389999,66.050003,58.368244,789700
2016-07-05,65.330002,65.330002,63.970001,64.720001,57.192917,1211200
2016-07-06,64.269997,65.019997,63.570000,64.720001,57.192917,924900
2016-07-07,65.080002,65.879997,64.989998,65.339996,57.740814,742700
2016-07-08,66.209999,67.370003,66.050003,67.139999,59.331467,631200
2016-07-11,67.290001,68.099998,66.800003,67.000000,59.207748,582200
2016-07-12,67.629997,68.709999,67.629997,68.570000,60.595146,647100
2016-07-13,68.739998,69.169998,68.540001,69.059998,61.028164,791500
2016-07-14,70.000000,70.000000,69.379997,69.739998,61.629089,497900
2016-07-15,70.000000,70.699997,69.629997,70.570000,62.362560,1146400
2016-07-18,70.239998,70.760002,69.940002,70.690002,62.468597,602300
2016-07-19,70.580002,70.660004,70.019997,70.209999,62.044415,394500
2016-07-20,70.269997,71.180000,69.949997,71.059998,62.795547,466000
2016-07-21,70.739998,71.040001,69.559998,69.830002,61.708622,651600
2016-07-22,69.830002,70.339996,69.279999,70.239998,62.070946,691100
2016-07-25,70.129997,70.129997,69.190002,70.010002,61.867676,1077900
2016-07-26,67.849998,67.910004,65.120003,65.730003,58.085457,2781400
2016-07-27,65.589996,65.959999,64.150002,65.400002,57.793827,1630300
2016-07-28,64.870003,66.489998,64.650002,66.180000,58.806824,1411700
2016-07-29,65.379997,66.089996,63.389999,63.419998,56.354317,2258000
2016-08-01,63.250000,63.380001,62.009998,62.880001,55.874485,2011000
2016-08-02,62.810001,62.910000,62.000000,62.470001,55.510162,1154300
2016-08-03,62.369999,63.869999,62.369999,63.740002,56.638672,1009500
2016-08-04,63.570000,64.349998,63.570000,64.050003,56.914135,705000
2016-08-05,64.459999,65.129997,64.139999,64.790001,57.571693,715100
2016-08-08,65.010002,65.519997,64.690002,64.940002,57.704987,1216300
2016-08-09,65.029999,66.199997,64.690002,65.680000,58.362534,875300
2016-08-10,65.709999,66.089996,65.269997,65.419998,58.131500,759700
2016-08-11,65.830002,66.260002,65.019997,66.239998,58.860138,592900
2016-08-12,65.989998,66.550003,65.480003,65.730003,58.406975,767000
2016-08-15,66.010002,66.989998,65.820000,66.739998,59.304440,877300
2016-08-16,66.839996,66.889999,66.010002,66.010002,58.655773,870700
2016-08-17,65.879997,65.889999,65.250000,65.660004,58.344765,533400
2016-08-18,65.900002,66.519997,65.660004,66.410004,59.011200,814200
2016-08-19,65.989998,66.489998,65.989998,66.300003,58.913452,926700
2016-08-22,66.000000,66.000000,65.430000,65.680000,58.362534,772100
2016-08-23,66.000000,66.529999,65.830002,66.309998,58.922348,1031900
2016-08-24,66.089996,66.559998,65.949997,65.980003,58.629108,805500
2016-08-25,65.779999,66.190002,65.510002,65.980003,58.629108,960700
2016-08-26,66.110001,66.269997,64.879997,65.209999,57.944901,1248400
2016-08-29,65.110001,66.019997,65.110001,65.790001,58.460278,1193600
2016-08-30,65.889999,65.980003,64.449997,64.650002,57.447281,1287000
2016-08-31,64.339996,64.879997,64.040001,64.430000,57.251793,816900
2016-09-01,64.559998,64.559998,63.209999,63.750000,56.647564,768800
2016-09-02,64.279999,64.680000,63.810001,64.589996,57.393963,665500
2016-09-06,64.750000,64.760002,63.669998,64.360001,57.189594,582600
2016-09-07,63.520000,64.529999,63.419998,64.379997,57.207367,833800
2016-09-08,64.239998,64.320000,63.520000,63.650002,56.558697,573800
2016-09-09,63.080002,63.389999,61.560001,61.560001,54.701553,653200
2016-09-12,61.200001,62.509998,61.119999,62.369999,55.421310,1477100
2016-09-13,61.619999,61.869999,60.650002,60.970001,54.177273,688700
2016-09-14,60.849998,61.529999,60.590000,61.430000,54.586021,988900
2016-09-15,61.360001,62.110001,61.169998,62.020000,55.110302,683800
2016-09-16,61.500000,61.660000,60.959999,61.299999,54.470509,987800
2016-09-19,61.770000,62.520000,61.480000,62.080002,55.163620,661400
2016-09-20,62.320000,62.540001,61.360001,61.759998,54.879261,635800
2016-09-21,62.169998,62.889999,61.669998,62.759998,55.767853,886700
2016-09-22,63.230000,63.689999,62.810001,63.150002,56.114407,1248000
2016-09-23,62.810001,63.119999,62.220001,62.709999,55.723423,1109400
2016-09-26,62.680000,63.150002,62.310001,62.910000,55.901127,955500
2016-09-27,62.590000,63.919998,62.500000,63.759998,56.656448,1115300
2016-09-28,64.120003,66.150002,64.120003,66.080002,58.717979,1839300
2016-09-29,66.099998,66.540001,65.199997,65.620003,58.309216,664500
2016-09-30,65.930000,66.889999,65.730003,66.559998,59.144482,845600
2016-10-03,66.389999,66.800003,65.300003,65.589996,58.282555,1339300
2016-10-04,65.900002,66.860001,65.150002,65.220001,57.953785,1498300
2016-10-05,65.809998,66.110001,65.190002,65.860001,58.522469,991200
2016-10-06,65.650002,66.690002,65.269997,66.580002,59.162266,1252800
2016-10-07,66.830002,66.900002,65.599998,66.050003,58.691315,1682800
2016-10-10,66.760002,67.529999,66.080002,66.430000,59.028984,861200
2016-10-11,66.129997,66.339996,64.959999,65.489998,58.193687,1389000
2016-10-12,65.430000,65.680000,64.620003,64.830002,57.607239,947000
2016-10-13,63.610001,64.050003,63.040001,63.639999,56.549820,1185500
2016-10-14,64.169998,64.669998,63.310001,63.369999,56.309887,1486000
2016-10-17,63.470001,64.260002,63.020000,63.580002,56.496494,2118500
2016-10-18,67.879997,69.610001,67.099998,69.370003,61.641457,3468400
2016-10-19,69.730003,70.769997,69.400002,70.540001,62.681084,1786800
2016-10-20,70.160004,71.370003,70.110001,70.900002,63.000957,1357100
2016-10-21,70.010002,71.129997,69.959999,70.650002,62.778816,1154600
2016-10-24,71.019997,71.940002,70.830002,71.750000,63.756283,1290700
2016-10-25,71.760002,72.360001,71.330002,71.769997,63.774040,1081200
2016-10-26,71.250000,71.709999,70.900002,71.169998,63.240894,824700
2016-10-27,71.379997,71.830002,70.639999,71.709999,64.044678,1066900
2016-10-28,71.739998,73.000000,71.739998,72.320000,64.589478,1372500
2016-10-31,72.610001,73.150002,72.540001,72.919998,65.125336,1132900
2016-11-01,73.309998,74.070000,71.860001,72.419998,64.678772,1071000
2016-11-02,72.139999,72.809998,71.809998,71.820000,64.142906,819800
2016-11-03,71.919998,72.610001,71.779999,71.839996,64.160782,594200
2016-11-04,71.730003,72.860001,71.239998,72.070000,64.366211,676100
2016-11-07,73.199997,73.489998,72.580002,73.250000,65.420059,657600
2016-11-08,73.150002,73.470001,71.750000,72.919998,65.125336,643500
2016-11-09,71.940002,75.870003,71.940002,75.599998,67.518867,1216400
2016-11-10,75.779999,77.489998,75.779999,76.290001,68.135117,1176200
2016-11-11,75.900002,77.089996,75.830002,76.980003,68.751366,919900
2016-11-14,77.059998,78.690002,77.059998,78.489998,70.099930,1857100
2016-11-15,78.309998,79.089996,77.809998,78.680000,70.269623,1065500
2016-11-16,78.160004,79.040001,78.019997,78.709999,70.296425,1160800
2016-11-17,79.070000,79.300003,78.339996,78.669998,70.260704,1053300
2016-11-18,78.459999,78.830002,78.040001,78.110001,69.760574,618800
2016-11-21,78.739998,78.889999,78.269997,78.320000,69.948112,702300
2016-11-22,78.699997,78.730003,77.690002,78.139999,69.787361,811300
2016-11-23,77.769997,78.809998,77.620003,78.690002,70.278564,365800
2016-11-25,78.519997,78.599998,76.949997,77.290001,69.028229,559800
2016-11-28,76.940002,77.589996,75.790001,76.599998,68.411972,1515800
2016-11-29,76.199997,77.739998,76.199997,77.160004,68.912109,807200
2016-11-30,79.250000,80.070000,78.760002,79.320000,70.841217,1413400
2016-12-01,80.059998,80.300003,78.730003,78.800003,70.376808,1158900
2016-12-02,78.910004,79.470001,78.510002,79.099998,70.644745,764200
2016-12-05,79.610001,80.459999,79.309998,80.370003,71.778999,612300
2016-12-06,80.199997,80.830002,79.779999,80.650002,72.029037,926300
2016-12-07,79.849998,81.639999,79.690002,81.629997,72.904297,1597400
2016-12-08,82.089996,83.470001,82.000000,83.209999,74.315430,945500
2016-12-09,83.080002,83.489998,82.169998,82.779999,73.931396,832600
2016-12-12,82.949997,83.599998,82.540001,83.099998,74.217163,626500
2016-12-13,84.400002,84.970001,82.970001,83.300003,74.395790,534300
2016-12-14,83.000000,83.839996,81.669998,81.739998,73.002525,956400
2016-12-15,81.589996,83.730003,81.559998,82.900002,74.038551,953200
2016-12-16,82.660004,83.000000,81.230003,81.650002,72.922173,1331500
2016-12-19,81.360001,81.889999,81.070000,81.879997,73.127579,582000
2016-12-20,82.029999,82.169998,81.379997,82.050003,73.279404,452800
2016-12-21,82.190002,82.190002,81.160004,81.300003,72.609573,446600
2016-12-22,81.430000,81.660004,80.169998,80.279999,71.698593,625300
2016-12-23,80.230003,80.739998,80.019997,80.680000,72.055855,274800
2016-12-27,80.779999,81.139999,80.330002,80.570000,71.957596,256400
2016-12-28,80.949997,80.949997,79.070000,79.160004,70.698318,396900
2016-12-29,79.349998,79.769997,78.959999,79.279999,70.805489,285500
2016-12-30,79.300003,79.500000,78.430000,78.739998,70.323235,439800
2017-01-03,79.419998,80.720001,78.379997,79.510002,71.010918,568000
2017-01-04,79.839996,80.820000,79.410004,80.820000,72.180901,670100
2017-01-05,80.389999,81.879997,80.059998,80.750000,72.118385,751100
2017-01-06,80.830002,81.209999,80.099998,81.029999,72.368431,530800
2017-01-09,80.739998,81.400002,80.120003,80.559998,71.948677,579200
2017-01-10,81.029999,82.510002,80.529999,81.330002,72.636360,712600
2017-01-11,81.410004,83.080002,81.410004,82.989998,74.118927,754300
2017-01-12,82.760002,83.430000,81.820000,83.290001,74.386871,655800
2017-01-13,83.309998,84.010002,82.440002,82.519997,73.699150,397500
2017-01-17,81.949997,82.000000,81.010002,81.480003,72.770348,427000
2017-01-18,81.629997,82.629997,81.260002,82.559998,73.734901,962500
2017-01-19,82.820000,83.279999,81.690002,82.209999,73.422295,864700
2017-01-20,82.620003,83.209999,81.879997,82.720001,73.877800,450300
2017-01-23,82.480003,84.050003,82.339996,83.870003,74.904861,851800
2017-01-24,84.370003,85.680000,84.089996,85.660004,76.503525,798800
2017-01-25,85.709999,86.680000,85.290001,86.559998,77.307312,795000
2017-01-26,86.620003,87.620003,86.080002,86.800003,77.521675,730800
2017-01-27,85.800003,86.120003,84.410004,85.099998,76.003372,992500
2017-01-30,84.570000,84.629997,83.129997,84.120003,75.128143,752300
2017-01-31,84.220001,84.779999,83.650002,84.400002,75.378197,1720200
2017-02-01,84.230003,86.349998,83.489998,85.989998,76.798256,1487900
2017-02-02,86.730003,88.919998,86.720001,87.699997,78.325462,1836900
2017-02-03,88.000000,88.250000,86.510002,86.589996,77.334091,1161100
2017-02-06,86.320000,88.239998,86.080002,88.050003,78.638039,2041300
2017-02-07,87.250000,88.209999,87.250000,87.809998,78.423706,1617600
2017-02-08,87.699997,88.070000,86.930000,87.660004,78.289757,798000
2017-02-09,87.839996,88.360001,87.309998,87.860001,78.468353,755300
2017-02-10,88.449997,88.680000,87.669998,88.260002,78.825600,886300
2017-02-13,88.379997,88.790001,87.750000,88.419998,78.968491,944400
2017-02-14,87.739998,88.480003,87.570000,88.379997,78.932770,1026200
2017-02-15,88.610001,89.059998,87.830002,89.040001,79.522217,988100
2017-02-16,88.639999,89.940002,88.639999,89.029999,79.836067,819800
2017-02-17,89.000000,89.730003,88.500000,89.639999,80.383080,1230400
2017-02-21,89.820000,90.680000,89.550003,90.029999,80.732803,793300
2017-02-22,89.449997,90.519997,89.370003,90.300003,80.974945,720200
2017-02-23,90.370003,91.169998,89.099998,89.669998,80.409996,620400
2017-02-24,88.760002,89.580002,88.290001,88.790001,79.620865,898300
2017-02-27,88.919998,89.000000,88.320000,88.629997,79.477394,755900
2017-02-28,88.639999,89.440002,88.260002,89.169998,79.961617,872400
2017-03-01,90.150002,91.449997,90.099998,90.279999,80.956985,931200
2017-03-02,90.080002,90.500000,88.500000,88.660004,79.504295,852100
2017-03-03,88.570000,90.160004,88.570000,89.989998,80.696945,870600
2017-03-06,89.459999,90.410004,89.400002,90.169998,80.858360,678500
2017-03-07,90.019997,90.730003,89.919998,90.230003,80.912163,785300
2017-03-08,90.169998,90.739998,88.930000,88.980003,79.791229,975700
2017-03-09,88.900002,89.730003,88.699997,89.059998,79.862968,653900
2017-03-10,89.699997,91.250000,89.650002,90.639999,81.279808,1106800
2017-03-13,90.550003,91.639999,90.400002,91.589996,82.131699,816200
2017-03-14,90.269997,91.550003,90.269997,90.760002,81.387421,656300
2017-03-15,91.519997,92.750000,91.430000,92.459999,82.911880,723100
2017-03-16,93.050003,93.050003,91.080002,91.500000,82.051003,560900
2017-03-17,92.010002,92.230003,91.290001,91.940002,82.445572,1031300
2017-03-20,91.940002,92.050003,91.010002,91.779999,82.302086,507000
2017-03-21,92.080002,92.279999,89.230003,89.459999,80.221687,683300
2017-03-22,89.540001,90.150002,88.680000,90.139999,80.831444,1251500
2017-03-23,89.870003,90.930000,88.529999,90.300003,80.974945,964800
2017-03-24,90.260002,90.610001,89.059998,89.470001,80.230652,728500
2017-03-27,88.169998,90.129997,88.040001,89.949997,80.661064,654200
2017-03-28,90.220001,91.209999,89.849998,89.919998,80.634171,1999900
2017-03-29,89.959999,90.029999,88.300003,88.650002,79.495323,1914500
2017-03-30,88.900002,90.589996,88.800003,89.889999,80.607262,1259500
2017-03-31,89.449997,90.529999,89.320000,89.849998,80.571388,959900
2017-04-03,90.269997,90.750000,88.940002,89.739998,80.472755,893100
2017-04-04,90.180000,91.910004,90.169998,91.739998,82.266228,1223600
2017-04-05,92.349998,93.059998,91.269997,91.459999,82.015152,1494700
2017-04-06,91.449997,92.209999,90.709999,91.529999,82.077896,937000
2017-04-07,91.419998,92.610001,91.019997,92.220001,82.696648,766700
2017-04-10,92.199997,92.889999,92.050003,92.309998,82.777359,652500
2017-04-11,92.250000,92.540001,91.250000,92.290001,82.759415,603300
2017-04-12,92.809998,92.809998,90.480003,90.610001,81.252907,833300
2017-04-13,90.500000,91.239998,89.000000,89.160004,79.952652,1022800
2017-04-17,89.000000,90.760002,88.720001,90.500000,81.154282,1805400
2017-04-18,89.269997,90.940002,86.739998,89.099998,79.898834,2247500
2017-04-19,89.330002,89.860001,87.070000,87.779999,78.715164,1942500
2017-04-20,88.199997,90.309998,88.199997,89.500000,80.257545,1259600
2017-04-21,89.449997,90.500000,88.389999,88.400002,79.271141,1173600
2017-04-24,89.629997,90.000000,89.059998,89.300003,80.078194,1111400
2017-04-25,89.940002,90.389999,89.110001,89.110001,79.907806,1064700
2017-04-26,89.059998,89.589996,88.570000,88.589996,79.441513,1013700
2017-04-27,88.269997,88.639999,87.570000,87.910004,79.243210,771400
2017-04-28,87.769997,88.220001,86.769997,87.040001,78.458969,1427100
2017-05-01,86.980003,88.059998,86.760002,87.669998,79.026863,916500
2017-05-02,87.529999,88.400002,86.660004,87.019997,78.440956,1232000
2017-05-03,86.599998,87.110001,85.599998,85.629997,77.187973,1021500
2017-05-04,85.129997,85.519997,84.580002,85.309998,76.899521,1474500
2017-05-05,85.500000,86.510002,85.500000,86.400002,77.882057,797000
2017-05-08,86.489998,86.709999,85.610001,86.180000,77.683762,1057400
2017-05-09,86.389999,86.949997,85.860001,86.650002,78.107414,834100
2017-05-10,86.779999,87.400002,86.459999,86.540001,78.008286,645700
2017-05-11,86.260002,86.650002,85.470001,86.000000,77.521492,596000
2017-05-12,86.019997,86.349998,85.059998,85.320000,76.908554,601000
2017-05-15,86.099998,87.440002,85.779999,86.620003,78.080368,712100
2017-05-16,86.959999,87.980003,86.320000,87.599998,78.963768,789400
2017-05-17,86.580002,86.620003,83.860001,83.879997,75.610497,813600
2017-05-18,83.839996,84.430000,83.339996,83.790001,75.529388,747200
2017-05-19,84.379997,85.680000,84.220001,84.430000,76.106285,690800
2017-05-22,87.959999,87.959999,84.529999,85.230003,76.827415,776200
2017-05-23,85.709999,87.309998,85.150002,87.199997,78.603203,1408400
2017-05-24,87.540001,88.459999,87.160004,87.589996,78.954742,1123200
2017-05-25,87.839996,88.220001,86.639999,87.309998,78.702362,652700
2017-05-26,87.000000,87.320000,86.389999,87.110001,78.522072,532600
2017-05-30,87.099998,87.330002,86.360001,86.550003,78.017258,942900
2017-05-31,86.430000,86.980003,85.050003,86.550003,78.017258,1499900
2017-06-01,87.000000,88.779999,87.000000,87.769997,79.117012,1411000
2017-06-02,87.720001,88.139999,87.089996,88.040001,79.360367,962600
2017-06-05,88.120003,88.300003,86.510002,86.839996,78.278671,2155600
2017-06-06,86.589996,88.639999,85.760002,88.000000,79.324310,796100
2017-06-07,87.889999,88.550003,87.570000,88.260002,79.558685,807500
2017-06-08,88.050003,88.959999,87.839996,88.180000,79.486572,785200
2017-06-09,88.470001,90.190002,88.389999,90.120003,81.235329,785700
2017-06-12,89.989998,90.930000,89.080002,89.489998,80.667427,699900
2017-06-13,89.660004,90.830002,89.620003,90.739998,81.794197,687600
2017-06-14,91.000000,91.000000,89.449997,90.040001,81.163200,485800
2017-06-15,89.410004,90.709999,89.089996,90.089996,81.208275,929100
2017-06-16,90.099998,90.620003,89.239998,90.519997,81.595879,813200
2017-06-19,92.989998,96.970001,92.699997,95.629997,86.202103,2143500
2017-06-20,95.150002,95.730003,93.769997,94.339996,85.039299,1122400
2017-06-21,94.570000,94.820000,94.019997,94.489998,85.174469,1190100
2017-06-22,94.680000,94.989998,93.639999,93.800003,84.552536,904800
2017-06-23,94.160004,94.309998,93.040001,93.559998,84.336182,2331500
2017-06-26,94.019997,94.459999,93.309998,93.760002,84.516472,533400
2017-06-27,94.709999,94.709999,92.459999,92.800003,83.651115,767300
2017-06-28,93.559998,94.050003,92.980003,93.419998,84.209984,1045900
2017-06-29,93.760002,94.370003,92.980003,93.589996,84.363258,598900
2017-06-30,94.129997,95.379997,93.760002,94.940002,85.580132,817100
2017-07-03,95.699997,96.580002,95.550003,96.199997,86.715919,491600
2017-07-05,96.089996,96.279999,94.430000,94.919998,85.562103,651600
2017-07-06,94.779999,95.540001,94.779999,95.070000,85.697311,672400
2017-07-07,95.070000,96.570000,94.489998,96.139999,86.661804,579600
2017-07-10,95.540001,96.360001,95.309998,96.150002,86.670853,612400
2017-07-11,96.379997,97.169998,96.070000,96.389999,86.887184,1129200
2017-07-12,97.029999,97.839996,96.750000,97.790001,88.149155,595000
2017-07-13,97.730003,98.250000,97.099998,97.800003,88.158165,602900
2017-07-14,97.910004,99.040001,97.830002,98.680000,88.951393,647000
2017-07-17,98.900002,99.120003,98.339996,98.860001,89.113678,777800
2017-07-18,99.290001,99.970001,98.540001,98.889999,89.140717,876000
2017-07-19,99.360001,99.900002,98.699997,99.790001,89.952003,846100
2017-07-20,99.800003,99.800003,98.029999,98.300003,88.608894,839200
2017-07-21,98.150002,98.860001,97.160004,97.660004,88.031975,733500
2017-07-24,97.660004,98.400002,96.970001,97.750000,88.113121,768500
2017-07-25,96.250000,97.739998,95.000000,96.250000,86.760994,1345200
2017-07-26,95.949997,96.580002,91.150002,94.739998,85.809952,2427500
2017-07-27,94.769997,94.769997,92.940002,93.360001,84.560028,585700
2017-07-28,93.300003,94.900002,92.660004,94.580002,85.665047,1291500
2017-07-31,95.050003,96.440002,94.830002,96.169998,87.105156,1357400
2017-08-01,96.480003,96.790001,95.559998,96.120003,87.059875,964400
2017-08-02,95.809998,97.320000,95.699997,96.809998,87.684830,795100
2017-08-03,96.800003,97.480003,96.500000,96.830002,87.702965,1009300
2017-08-04,97.110001,97.930000,96.989998,97.639999,88.436592,637800
2017-08-07,97.739998,99.360001,97.739998,98.779999,89.469154,829600
2017-08-08,98.809998,99.110001,98.010002,98.489998,89.206497,834900
2017-08-09,98.239998,99.199997,97.519997,97.690002,88.481888,999200
2017-08-10,97.120003,97.459999,95.779999,96.139999,87.077988,1043000
2017-08-11,95.260002,97.160004,95.260002,96.709999,87.594276,784500
2017-08-14,97.129997,98.040001,97.129997,97.599998,88.400383,593100
2017-08-15,97.940002,98.910004,97.599998,97.980003,88.744583,818900
2017-08-16,98.449997,98.709999,97.760002,98.160004,88.907600,788900
2017-08-17,97.860001,98.360001,96.529999,96.589996,87.485558,521500
2017-08-18,96.599998,96.610001,95.320000,95.769997,86.742882,1105600
2017-08-21,95.860001,96.870003,95.860001,96.680000,87.567101,526500
2017-08-22,97.000000,97.529999,96.680000,97.400002,88.219238,476800
2017-08-23,96.970001,98.059998,96.610001,98.019997,88.780777,652500
2017-08-24,98.300003,98.860001,97.370003,98.620003,89.324219,625700
2017-08-25,98.809998,98.839996,97.980003,98.000000,88.762672,916800
2017-08-28,98.230003,98.330002,96.830002,97.550003,88.355087,508000
2017-08-29,96.949997,97.339996,96.440002,97.199997,88.038071,405100
2017-08-30,96.889999,96.889999,94.379997,94.750000,85.819008,1597300
2017-08-31,95.309998,97.169998,95.010002,97.019997,87.875038,848500
2017-09-01,97.430000,98.290001,96.820000,98.050003,88.807945,506800
2017-09-05,98.080002,98.730003,96.580002,96.720001,87.603325,759200
2017-09-06,97.059998,97.279999,96.010002,97.050003,87.902206,1154700
2017-09-07,97.230003,97.629997,96.800003,96.970001,87.829765,535300
2017-09-08,96.849998,96.919998,96.059998,96.790001,87.666725,502200
2017-09-11,97.589996,98.519997,97.129997,98.260002,88.998154,886200
2017-09-12,98.790001,99.860001,98.529999,99.080002,89.740875,731000
2017-09-13,99.400002,99.510002,98.650002,99.269997,89.912964,735200
2017-09-14,99.070000,100.419998,98.779999,99.970001,90.546974,779000
2017-09-15,99.800003,100.769997,99.400002,100.089996,90.655693,1482400
2017-09-18,100.290001,101.760002,99.930000,101.570000,91.996162,902600
2017-09-19,101.720001,102.709999,101.320000,102.459999,92.802284,680900
2017-09-20,103.080002,104.750000,102.919998,103.940002,94.142784,756300
2017-09-21,103.629997,104.110001,103.239998,103.900002,94.106560,458000
2017-09-22,103.730003,104.550003,103.570000,104.190002,94.369232,355800
2017-09-25,104.099998,104.099998,102.559998,103.110001,93.391014,821200
2017-09-26,103.279999,103.769997,102.879997,103.169998,93.445358,355600
2017-09-27,103.529999,104.580002,102.669998,104.320000,94.486954,574700
2017-09-28,104.089996,104.500000,103.320000,104.339996,94.505089,560200
2017-09-29,104.220001,104.570000,103.470001,104.269997,94.441673,664800
2017-10-02,104.720001,106.089996,104.110001,105.430000,95.492340,1003600
2017-10-03,105.550003,107.239998,105.500000,107.110001,97.013992,754600
2017-10-04,107.120003,108.150002,106.739998,107.080002,96.986809,1303900
2017-10-05,107.550003,108.290001,107.290001,108.220001,98.019356,701300
2017-10-06,107.470001,108.050003,107.370003,107.919998,97.747620,535900
2017-10-09,108.010002,109.089996,107.309998,107.540001,97.403450,873700
2017-10-10,107.760002,108.110001,106.769997,106.900002,96.823776,890300
2017-10-11,107.089996,107.230003,105.550003,106.559998,96.515823,904100
2017-10-12,106.519997,107.970001,106.099998,107.029999,96.941528,752900
2017-10-13,107.769997,107.980003,107.309998,107.349998,97.231361,531300
2017-10-16,108.099998,109.110001,106.669998,107.099998,97.004921,1199600
2017-10-17,107.099998,108.080002,101.879997,104.269997,94.441673,1749900
2017-10-18,104.760002,104.760002,102.820000,104.029999,94.224304,1054500
2017-10-19,103.169998,105.290001,103.050003,105.290001,95.365540,872500
2017-10-20,105.300003,105.930000,105.129997,105.599998,95.646309,490100
2017-10-23,105.639999,105.820000,105.139999,105.169998,95.256836,616400
2017-10-24,105.620003,106.199997,104.940002,105.750000,95.782181,644600
2017-10-25,105.559998,105.720001,103.820000,104.459999,94.613747,619700
2017-10-26,105.019997,106.550003,105.019997,106.050003,96.053909,814300
2017-10-27,105.500000,105.860001,104.599998,105.029999,95.544464,763800
2017-10-30,104.680000,105.040001,103.919998,104.839996,95.371620,747100
2017-10-31,104.669998,104.839996,104.080002,104.309998,94.889481,492000
2017-11-01,105.099998,105.849998,104.650002,105.360001,95.844666,843300
2017-11-02,105.500000,107.080002,105.279999,106.769997,97.127319,931400
2017-11-03,106.470001,107.339996,105.779999,106.129997,96.545128,483000
2017-11-06,106.089996,106.360001,105.540001,106.300003,96.699791,702100
2017-11-07,106.309998,107.309998,106.220001,106.860001,97.209190,548800
2017-11-08,106.849998,106.989998,106.059998,106.279999,96.681587,424400
2017-11-09,105.470001,105.739998,104.589996,104.930000,95.453506,295600
2017-11-10,104.919998,105.800003,104.910004,105.720001,96.172165,805700
2017-11-13,104.870003,106.089996,104.639999,105.800003,96.244919,431800
2017-11-14,105.669998,105.809998,104.669998,104.889999,95.417107,548000
2017-11-15,104.559998,104.559998,102.860001,103.129997,93.816055,858400
2017-11-16,103.150002,104.809998,103.120003,104.230003,94.816719,499800
2017-11-17,104.269997,104.860001,103.809998,104.690002,95.235176,409700
2017-11-20,104.529999,106.029999,104.489998,105.760002,96.208549,428900
2017-11-21,106.449997,107.309998,106.050003,107.080002,97.409332,461000
2017-11-22,107.339996,107.339996,105.559998,105.930000,96.363197,363000
2017-11-24,106.209999,107.139999,106.040001,106.720001,97.081856,171000
2017-11-27,106.500000,107.510002,106.309998,106.830002,97.181908,434700
2017-11-28,106.879997,108.239998,106.680000,107.699997,97.973328,509100
2017-11-29,107.919998,108.010002,106.360001,106.879997,97.227386,512500
2017-11-30,106.849998,108.080002,106.169998,107.239998,97.554871,502000
2017-12-01,107.800003,107.800003,105.230003,106.489998,96.872612,429500
2017-12-04,107.809998,108.040001,106.559998,106.800003,97.154625,446500
2017-12-05,106.910004,107.250000,105.709999,105.860001,96.299515,628000
2017-12-06,105.980003,106.089996,105.230003,105.610001,96.072090,1107400
2017-12-07,105.550003,106.139999,105.239998,105.849998,96.290405,662500
2017-12-08,106.089996,106.849998,105.449997,106.540001,96.918106,780700
2017-12-11,106.309998,106.959999,105.550003,105.660004,96.117592,323300
2017-12-12,105.660004,107.519997,105.449997,106.970001,97.309273,734200
2017-12-13,107.230003,108.559998,106.820000,108.309998,98.528252,780400
2017-12-14,108.360001,108.779999,105.250000,105.730003,96.181252,953400
2017-12-15,105.900002,106.830002,105.480003,106.540001,96.918106,689300
2017-12-18,107.599998,109.449997,107.300003,108.500000,98.701080,655200
2017-12-19,108.540001,109.699997,107.970001,107.980003,98.228035,610100
2017-12-20,108.680000,108.769997,107.680000,107.720001,97.991539,434700
2017-12-21,107.830002,108.230003,106.389999,106.440002,96.827133,539700
2017-12-22,106.349998,106.779999,105.720001,106.540001,96.918106,233900
2017-12-26,106.620003,106.940002,106.089996,106.440002,96.827133,161800
2017-12-27,106.800003,107.269997,106.300003,106.900002,97.245583,210200
2017-12-28,107.190002,108.379997,106.470001,108.239998,98.464561,528600
2017-12-29,108.360001,108.870003,106.970001,107.080002,97.409332,402300
2018-01-02,107.400002,107.519997,106.040001,106.760002,97.118233,669000
2018-01-03,107.080002,107.330002,106.599998,107.180000,97.500298,558200
2018-01-04,107.930000,107.949997,107.139999,107.239998,97.554871,671700
2018-01-05,107.980003,108.419998,107.459999,108.250000,98.473671,482600
2018-01-08,108.470001,109.260002,108.349998,108.730003,98.910309,456300
2018-01-09,109.370003,109.370003,108.410004,108.480003,98.682884,368400
2018-01-10,108.290001,108.650002,106.870003,108.169998,98.400887,434000
2018-01-11,108.449997,111.480003,108.449997,111.269997,101.220917,552000
2018-01-12,111.500000,112.440002,110.949997,111.339996,101.284592,452600
2018-01-16,111.739998,111.860001,108.879997,109.669998,99.765419,675200
2018-01-17,110.430000,111.459999,110.010002,110.760002,100.756989,469900
2018-01-18,110.360001,111.330002,109.709999,111.029999,101.002594,668500
2018-01-19,111.360001,113.330002,110.809998,112.959999,102.758286,699500
2018-01-22,112.690002,112.750000,110.519997,111.120003,101.084473,690600
2018-01-23,110.720001,111.000000,108.870003,110.419998,100.447678,670900
2018-01-24,110.629997,111.449997,109.570000,110.099998,100.156593,689900
2018-01-25,110.809998,112.860001,110.040001,112.339996,102.194283,1256700
2018-01-26,112.870003,114.000000,110.320000,111.360001,101.302795,1319400
2018-01-29,111.650002,112.010002,110.349998,111.099998,101.066261,941900
2018-01-30,110.540001,111.199997,108.830002,109.809998,99.892776,803400
2018-01-31,110.660004,110.760002,107.650002,108.160004,98.391785,865900
2018-02-01,107.510002,108.510002,106.320000,106.809998,97.163712,507500
2018-02-02,106.000000,106.559998,104.690002,105.089996,95.599075,862600
2018-02-05,104.839996,106.279999,100.519997,100.669998,91.578239,939500
2018-02-06,99.400002,104.120003,98.000000,103.260002,93.934326,1415200
2018-02-07,102.980003,104.459999,101.830002,101.879997,92.678947,472300
2018-02-08,101.690002,101.910004,97.720001,97.739998,88.912834,634500
2018-02-09,99.230003,100.750000,96.379997,100.209999,91.159767,1080800
2018-02-12,101.400002,102.620003,100.120003,101.040001,91.914818,584100
2018-02-13,101.010002,101.570000,100.080002,101.150002,92.014870,494500
2018-02-14,100.269997,103.500000,99.849998,102.779999,93.497658,748800
2018-02-15,103.610001,103.610001,101.730003,103.110001,93.797867,531800
2018-02-16,102.470001,103.360001,101.500000,102.489998,93.651642,363600
2018-02-20,102.099998,102.779999,101.580002,102.379997,93.551140,589600
2018-02-21,102.699997,103.980003,102.290001,102.430000,93.596840,400300
2018-02-22,103.040001,103.730003,102.169998,102.540001,93.697350,543800
2018-02-23,103.260002,104.139999,102.599998,103.949997,94.985764,317600
2018-02-26,104.010002,104.330002,102.480003,103.930000,94.967484,443500
2018-02-27,103.980003,104.419998,102.830002,102.830002,93.962326,439700
2018-02-28,102.900002,104.029999,100.839996,100.860001,92.162224,510800
2018-03-01,101.050003,104.209999,100.839996,103.279999,94.373535,1235200
2018-03-02,102.459999,104.959999,102.070000,104.629997,95.607109,858700
2018-03-05,104.029999,106.470001,103.500000,106.220001,97.059998,664200
2018-03-06,106.389999,108.449997,105.059998,107.459999,98.193062,723400
2018-03-07,106.440002,107.860001,106.239998,107.349998,98.092560,496600
2018-03-08,107.930000,107.930000,105.860001,106.760002,97.553436,585900
2018-03-09,107.730003,108.760002,107.260002,108.550003,99.189072,584800
2018-03-12,108.730003,109.169998,107.529999,107.610001,98.330147,490600
2018-03-13,108.220001,109.250000,107.459999,107.830002,98.531166,795300
2018-03-14,108.099998,108.309998,105.529999,106.070000,96.922943,406700
2018-03-15,106.169998,106.849998,105.660004,105.730003,96.612267,448000
2018-03-16,105.730003,107.050003,105.089996,106.730003,97.526016,670700
2018-03-19,106.099998,106.370003,105.309998,105.709999,96.593987,593600
2018-03-20,101.900002,103.730003,100.129997,101.440002,92.692215,1901300
2018-03-21,101.790001,105.059998,101.330002,104.080002,95.104538,1131300
2018-03-22,102.570000,103.800003,99.970001,100.379997,91.723618,846000
2018-03-23,100.739998,101.099998,96.489998,96.720001,88.379242,900500
2018-03-26,98.690002,99.389999,96.839996,98.470001,89.978333,1072200
2018-03-27,98.959999,100.070000,98.010002,98.750000,90.234184,1036000
2018-03-28,99.599998,101.629997,99.080002,99.739998,91.138802,1303300
2018-03-29,100.510002,101.410004,100.050003,100.209999,91.568275,1437300
2018-04-02,100.019997,100.110001,97.410004,98.559998,90.060570,995900
2018-04-03,98.570000,99.190002,96.949997,98.230003,89.759033,1158200
2018-04-04,96.500000,98.919998,95.449997,98.849998,90.325554,1048600
2018-04-05,99.510002,102.669998,99.510002,102.309998,93.487175,1065500
2018-04-06,101.370003,102.489998,98.720001,99.919998,91.303291,1511900
2018-04-09,100.709999,101.980003,100.029999,100.970001,92.262749,647500
2018-04-10,102.639999,104.970001,101.980003,104.419998,95.415230,843600
2018-04-11,103.360001,104.139999,102.209999,103.059998,94.172501,745600
2018-04-12,103.519997,104.919998,103.050003,104.370003,95.369537,750300
2018-04-13,104.919998,104.959999,103.440002,104.160004,95.177658,801300
2018-04-16,105.099998,106.900002,104.610001,106.419998,97.242767,1204000
2018-04-17,112.070000,113.220001,109.150002,110.379997,100.861267,1825900
2018-04-18,110.720001,113.160004,110.669998,111.430000,101.820724,1398800
2018-04-19,111.550003,111.930000,110.320000,111.190002,101.601410,960000
2018-04-20,111.199997,112.110001,110.639999,111.699997,102.067421,867700
2018-04-23,112.169998,112.959999,111.190002,111.639999,102.012589,666100
2018-04-24,111.769997,112.550003,107.629997,109.360001,99.929237,1000000
2018-04-25,109.110001,110.260002,108.220001,109.559998,100.111969,640000
2018-04-26,109.540001,111.169998,109.220001,111.010002,101.436935,587000
2018-04-27,110.599998,110.839996,108.610001,109.290001,100.353416,977500
2018-04-30,109.620003,109.910004,108.500000,108.669998,99.784126,793400
2018-05-01,107.949997,108.500000,103.279999,105.419998,96.799873,1590700
2018-05-02,106.019997,108.199997,106.019997,107.080002,98.324127,1132600
2018-05-03,106.870003,107.680000,105.150002,106.309998,97.617096,903100
2018-05-04,105.559998,108.919998,105.480003,108.410004,99.545372,718700
2018-05-07,108.570000,109.599998,108.139999,108.540001,99.664757,892500
2018-05-08,108.370003,109.900002,108.050003,108.709999,99.820854,726800
2018-05-09,109.309998,110.250000,108.809998,109.190002,100.261589,957100
2018-05-10,109.309998,110.300003,109.309998,109.599998,100.638069,503700
2018-05-11,109.339996,110.000000,107.959999,108.050003,99.214821,923100
2018-05-14,108.580002,109.209999,107.400002,108.199997,99.352562,1001300
2018-05-15,107.349998,108.529999,106.230003,108.250000,99.398438,755000
2018-05-16,108.510002,112.099998,108.510002,111.110001,102.024605,1175500
2018-05-17,113.239998,114.580002,112.000000,113.900002,104.586456,1916100
2018-05-18,114.000000,115.480003,113.599998,114.070000,104.742577,866200
2018-05-21,114.599998,115.550003,114.459999,114.779999,105.394493,574300
2018-05-22,115.709999,116.339996,113.699997,113.879997,104.568100,893000
2018-05-23,112.889999,113.910004,112.379997,113.839996,104.531364,810800
2018-05-24,113.860001,114.809998,113.720001,113.870003,104.558922,555600
2018-05-25,113.139999,114.870003,112.980003,114.430000,105.073143,715800
2018-05-29,113.480003,115.209999,113.290001,114.099998,104.770126,945700
2018-05-30,114.660004,115.510002,114.320000,114.949997,105.550613,763700
2018-05-31,114.750000,115.400002,112.839996,112.919998,103.686592,1770500
2018-06-01,114.120003,115.760002,113.989998,115.190002,105.770966,773200
2018-06-04,115.440002,115.930000,114.849998,115.349998,105.917900,844300
2018-06-05,115.160004,115.800003,114.430000,114.970001,105.568977,1292100
2018-06-06,115.680000,118.010002,115.099998,117.970001,108.323669,1294800
2018-06-07,117.709999,118.400002,116.470001,117.029999,107.460526,739900
2018-06-08,116.720001,117.360001,116.050003,117.110001,107.533997,584100
2018-06-11,117.110001,117.589996,116.699997,117.059998,107.488060,433900
2018-06-12,116.910004,117.500000,115.669998,116.029999,106.542290,774200
2018-06-13,116.269997,117.400002,115.489998,115.669998,106.211723,1257600
2018-06-14,115.820000,116.349998,114.360001,115.099998,105.688347,718900
2018-06-15,115.129997,116.980003,114.400002,116.959999,107.396248,1209300
2018-06-18,116.220001,116.370003,114.239998,114.570000,105.201683,956500
2018-06-19,113.589996,113.589996,111.419998,112.129997,102.961189,1426200
2018-06-20,112.750000,112.809998,110.959999,111.919998,102.768356,774300
2018-06-21,112.000000,112.199997,110.989998,111.300003,102.199074,582600
2018-06-22,112.370003,114.160004,112.070000,114.000000,104.678291,1264400
2018-06-25,113.699997,113.699997,110.000000,111.110001,102.024605,969100
2018-06-26,111.269997,112.449997,110.250000,111.089996,102.006241,687300
2018-06-27,111.389999,113.330002,110.050003,110.269997,101.253288,754800
2018-06-28,110.379997,111.120003,107.910004,110.690002,101.638931,992200
2018-06-29,111.190002,113.050003,111.029999,111.059998,101.978683,700100
2018-07-02,110.070000,111.540001,109.169998,111.410004,102.300072,621200
2018-07-03,112.290001,112.970001,110.610001,111.019997,101.941940,479100
2018-07-05,111.709999,112.570000,111.260002,112.120003,102.952019,725400
2018-07-06,111.860001,112.949997,110.849998,112.430000,103.236671,611300
2018-07-09,112.750000,114.160004,112.750000,113.699997,104.402809,783600
2018-07-10,113.599998,114.769997,113.010002,114.099998,104.770126,628600
2018-07-11,113.129997,113.760002,111.570000,112.349998,103.163208,712200
2018-07-12,113.150002,113.309998,111.150002,111.660004,102.529633,817300
2018-07-13,111.279999,111.790001,110.660004,110.769997,101.712402,756800
2018-07-16,110.820000,111.190002,108.070000,108.570000,99.692284,1221300
2018-07-17,108.570000,110.470001,108.190002,110.139999,101.133904,1452800
2018-07-18,110.349998,111.519997,110.199997,110.959999,101.886856,1020000
2018-07-19,110.379997,111.430000,108.940002,109.980003,100.986992,1051000
2018-07-20,114.500000,114.790001,111.139999,113.330002,104.063072,2901200
2018-07-23,113.839996,114.459999,112.440002,113.059998,103.815155,1525800
2018-07-24,113.760002,115.769997,113.320000,114.129997,104.797676,1557100
2018-07-25,114.169998,114.239998,112.680000,113.980003,104.659927,1167500
2018-07-26,113.489998,116.330002,113.279999,116.029999,107.049469,1131000
2018-07-27,116.419998,116.449997,114.940002,115.629997,106.680405,582000
2018-07-30,115.639999,116.910004,115.019997,115.239998,106.320618,921700
2018-07-31,116.709999,118.239998,115.709999,118.110001,108.968468,1102100
2018-08-01,117.540001,118.510002,115.120003,117.169998,108.101219,1133600
2018-08-02,116.690002,116.690002,114.760002,115.190002,106.274475,857500
2018-08-03,115.400002,116.260002,115.040001,115.900002,106.929527,1153300
2018-08-06,115.830002,117.370003,115.589996,116.599998,107.575333,877900
2018-08-07,116.910004,117.970001,116.680000,116.860001,107.815216,650500
2018-08-08,116.930000,117.800003,116.550003,117.080002,108.018196,887200
2018-08-09,117.070000,118.470001,116.879997,117.650002,108.544090,883100
2018-08-10,117.000000,117.279999,114.839996,116.510002,107.492302,674100
2018-08-13,116.360001,117.580002,115.480003,115.949997,106.975655,627500
2018-08-14,116.300003,117.180000,116.029999,116.709999,107.676834,634900
2018-08-15,115.750000,115.839996,112.980003,114.510002,105.647118,1166700
2018-08-16,115.459999,116.129997,114.970001,115.230003,106.311371,685400
2018-08-17,114.660004,116.040001,114.470001,115.690002,106.735771,567500
2018-08-20,116.250000,116.980003,115.570000,115.739998,106.781914,501100
2018-08-21,115.919998,117.300003,115.919998,116.839996,107.796745,695700
2018-08-22,117.250000,117.459999,116.379997,116.750000,107.713737,494900
2018-08-23,116.559998,116.559998,114.900002,115.389999,106.459000,894900
2018-08-24,116.000000,116.510002,115.529999,116.160004,107.169418,940200
2018-08-27,116.599998,118.169998,116.599998,117.769997,108.654785,747800
2018-08-28,118.269997,119.290001,116.900002,117.430000,108.341110,711200
2018-08-29,117.070000,117.959999,116.160004,117.180000,108.110451,595600
2018-08-30,116.760002,117.000000,115.709999,116.820000,107.778297,696400
2018-08-31,116.559998,117.410004,116.309998,116.830002,107.787552,551100
2018-09-04,116.349998,116.349998,113.849998,114.589996,105.720901,893800
2018-09-05,114.529999,116.040001,114.339996,114.980003,106.080742,773100
2018-09-06,115.330002,116.349998,114.169998,115.309998,106.385185,619300
2018-09-07,114.879997,115.910004,114.150002,115.019997,106.117630,966300
2018-09-10,115.589996,116.260002,114.029999,114.320000,105.471809,481300
2018-09-11,113.839996,115.309998,113.120003,114.860001,105.970032,959100
2018-09-12,114.730003,114.779999,112.400002,112.489998,103.783455,767500
2018-09-13,113.110001,113.699997,112.260002,113.180000,104.420059,645400
2018-09-14,113.010002,113.860001,112.209999,113.169998,104.410820,645900
2018-09-17,113.300003,114.050003,112.449997,113.389999,104.613792,1068300
2018-09-18,113.510002,114.010002,112.190002,113.459999,104.678368,754400
2018-09-19,113.260002,115.650002,113.199997,114.629997,105.757805,919700
2018-09-20,115.620003,117.750000,115.300003,116.860001,107.815216,1061600
2018-09-21,117.360001,117.970001,115.750000,116.220001,107.224754,828900
2018-09-24,116.419998,117.139999,115.949997,116.639999,107.612251,887200
2018-09-25,116.699997,116.730003,115.830002,116.000000,107.021774,868900
2018-09-26,115.639999,115.639999,114.150002,114.160004,105.324203,847600
2018-09-27,114.570000,114.849998,113.220001,113.930000,105.111992,976800
2018-09-28,113.529999,114.599998,113.260002,114.000000,105.176582,796400
2018-10-01,114.879997,115.680000,113.580002,114.089996,105.259613,631800
2018-10-02,114.059998,114.370003,112.879997,113.529999,104.742950,768100
2018-10-03,113.870003,114.930000,112.410004,114.139999,105.305740,1127600
2018-10-04,114.139999,114.510002,112.849998,113.639999,104.844452,879400
2018-10-05,113.260002,113.860001,109.660004,110.099998,101.578430,1466800
2018-10-08,110.089996,111.199997,109.099998,109.209999,100.757317,1499200
2018-10-09,108.220001,108.489998,101.959999,102.000000,94.105362,2282400
2018-10-10,101.839996,102.650002,99.410004,100.489998,92.712234,2517000
2018-10-11,99.769997,102.300003,97.809998,98.309998,90.700974,1516400
2018-10-12,100.000000,101.040001,97.669998,98.680000,91.042328,1033300
2018-10-15,98.309998,98.839996,97.849998,97.949997,90.368835,1386300
2018-10-16,98.470001,100.470001,97.970001,100.029999,92.287819,1370100
2018-10-17,101.330002,101.330002,99.559998,99.750000,92.029510,1111000
2018-10-18,99.370003,100.720001,97.000000,97.169998,89.649185,2185400
2018-10-19,102.010002,103.120003,98.339996,99.620003,91.909576,2740400
2018-10-22,100.150002,100.610001,97.860001,99.250000,91.568214,1495400
2018-10-23,97.519997,100.750000,96.949997,100.089996,92.343185,1657900
2018-10-24,100.000000,100.360001,93.099998,93.360001,86.134094,1862700
2018-10-25,94.440002,97.330002,93.820000,96.410004,88.948013,1422200
2018-10-26,94.089996,96.809998,92.959999,95.989998,89.059357,1720100
2018-10-29,98.110001,99.000000,92.680000,93.820000,87.046043,2271300
2018-10-30,93.449997,95.879997,93.279999,95.680000,88.771751,1230600
2018-10-31,97.040001,98.199997,96.540001,96.940002,89.940781,1679900
2018-11-01,98.129997,100.019997,97.519997,99.540001,92.353050,932000
2018-11-02,100.500000,102.370003,100.389999,101.580002,94.245766,2136800
2018-11-05,101.709999,102.690002,100.389999,101.349998,94.032349,1450100
2018-11-06,101.349998,103.339996,101.349998,103.250000,95.795174,851700
2018-11-07,104.279999,106.690002,103.779999,106.309998,98.634247,1650800
2018-11-08,105.430000,106.550003,104.709999,104.919998,97.344589,1981500
2018-11-09,103.970001,103.970001,101.269997,102.760002,95.340561,1240600
2018-11-12,102.889999,103.099998,99.779999,99.970001,92.751999,1271300
2018-11-13,100.489998,102.599998,99.940002,100.150002,92.919006,1012700
2018-11-14,101.040001,102.099998,100.110001,101.129997,93.828239,1001700
2018-11-15,100.180000,103.129997,100.050003,102.449997,95.052933,1096500
2018-11-16,101.599998,102.830002,100.470001,102.470001,95.071487,1245700
2018-11-19,101.830002,102.199997,100.400002,101.690002,94.347816,1322600
2018-11-20,100.199997,101.070000,98.410004,100.260002,93.021057,1565300
2018-11-21,101.260002,103.440002,101.260002,101.940002,94.579758,1052000
2018-11-23,101.029999,103.489998,100.940002,102.800003,95.377670,936100
2018-11-26,103.419998,104.440002,102.720001,104.000000,96.491013,1706200
2018-11-27,102.910004,103.089996,99.750000,100.220001,92.983940,2469000
2018-11-28,100.220001,100.690002,97.839996,100.489998,93.234459,1829200
2018-11-29,100.349998,101.900002,99.199997,100.550003,93.290123,1225300
2018-11-30,99.849998,101.739998,99.849998,100.930000,93.642677,1470500
2018-12-03,103.330002,104.919998,100.510002,101.650002,94.310699,1098800
2018-12-04,101.440002,102.029999,95.980003,96.040001,89.105751,1097400
2018-12-06,94.309998,94.809998,92.519997,94.660004,87.825394,1384400
2018-12-07,94.919998,95.779999,91.199997,91.260002,84.670868,1330200
2018-12-10,91.089996,91.529999,88.209999,89.730003,83.251350,1498800
2018-12-11,91.570000,92.480003,88.120003,88.519997,82.128693,1141600
2018-12-12,90.089996,90.349998,88.739998,88.769997,82.360657,1177900
2018-12-13,88.879997,89.360001,87.309998,87.809998,81.469963,984800
2018-12-14,86.989998,88.529999,85.809998,86.690002,80.430840,986100
2018-12-17,86.540001,86.750000,83.900002,84.410004,78.315453,966200
2018-12-18,84.900002,85.739998,84.599998,85.489998,79.317467,1174300
2018-12-19,85.750000,87.180000,84.290001,84.769997,78.649460,1412200
2018-12-20,88.339996,90.250000,87.379997,88.709999,82.304977,7411100
2018-12-21,88.820000,89.779999,86.230003,86.889999,80.616394,25292600
2018-12-24,85.739998,86.639999,84.360001,84.459999,78.361839,1416400
2018-12-26,84.739998,87.709999,82.910004,87.709999,81.377190,2062600
2018-12-27,86.650002,89.629997,85.970001,89.620003,83.149277,1971000
2018-12-28,90.010002,90.680000,89.169998,89.489998,83.028664,1456200
2018-12-31,89.699997,90.910004,88.699997,89.970001,83.474014,1226000
2019-01-02,88.580002,91.500000,87.860001,91.209999,84.624474,1849700
2019-01-03,90.849998,90.949997,87.230003,87.879997,81.534920,1635000
2019-01-04,89.660004,91.820000,89.059998,91.459999,84.856422,1451200
2019-01-07,91.180000,93.139999,89.930000,92.320000,85.654335,1175700
2019-01-08,92.239998,93.790001,92.230003,93.610001,86.851196,1936000
2019-01-09,93.620003,95.000000,92.680000,94.040001,87.250145,1020200
2019-01-10,93.339996,94.769997,92.739998,94.430000,87.611992,1048100
2019-01-11,93.480003,95.290001,93.230003,94.760002,87.918175,1155800
2019-01-14,93.720001,95.389999,93.339996,94.739998,87.899612,1268700
2019-01-15,94.000000,94.680000,92.879997,93.970001,87.185226,1214200
2019-01-16,93.959999,95.519997,93.959999,94.650002,87.816093,1349800
2019-01-17,93.910004,96.169998,93.459999,96.160004,89.217087,2102000
2019-01-18,96.739998,98.330002,96.019997,97.809998,90.747955,1345300
2019-01-22,97.180000,97.220001,94.559998,95.730003,88.818138,1240700
2019-01-23,95.959999,96.220001,92.910004,93.370003,86.628517,2010700
2019-01-24,93.269997,95.739998,93.269997,95.680000,88.771751,1185300
2019-01-25,96.989998,97.720001,96.500000,97.269997,90.246933,1141400
2019-01-28,96.500000,97.790001,95.940002,97.650002,90.599503,1977900
2019-01-29,92.260002,96.440002,92.250000,96.260002,89.309868,2626900
2019-01-30,96.989998,98.389999,95.639999,97.809998,90.747955,1215900
2019-01-31,96.669998,96.750000,95.269997,95.760002,88.845978,1661300
2019-02-01,95.940002,98.870003,95.779999,98.709999,91.582962,1185500
2019-02-04,98.790001,99.339996,97.809998,99.339996,92.167488,1278200
2019-02-05,98.879997,99.839996,98.250000,98.720001,91.592232,936600
2019-02-06,97.629997,98.910004,97.400002,98.489998,91.378860,849100
2019-02-07,97.849998,98.230003,95.239998,96.019997,89.087189,808300
2019-02-08,95.180000,96.070000,94.559998,96.029999,89.096466,1213700
2019-02-11,96.449997,96.860001,95.529999,95.980003,89.050079,1123000
2019-02-12,97.000000,99.389999,97.000000,99.279999,92.111824,1511900
2019-02-13,99.529999,100.150002,98.790001,98.820000,91.685028,811700
2019-02-14,98.370003,100.099998,98.220001,99.540001,92.353050,921500
2019-02-15,100.139999,100.510002,99.430000,100.260002,93.528435,1337700
2019-02-19,99.250000,101.440002,98.339996,100.949997,94.172119,1019200
2019-02-20,101.110001,103.260002,100.879997,102.720001,95.823280,875600
2019-02-21,103.059998,103.559998,102.040001,102.500000,95.618073,1149000
2019-02-22,103.190002,104.010002,102.889999,103.739998,96.774788,852100
2019-02-25,104.309998,104.809998,103.860001,104.120003,97.129280,735900
2019-02-26,103.980003,104.580002,102.650002,102.680000,95.785950,845300
2019-02-27,102.449997,103.779999,102.320000,103.389999,96.448296,782600
2019-02-28,103.120003,103.330002,102.029999,102.290001,95.422157,1070700
2019-03-01,103.239998,104.379997,102.489998,102.800003,95.897903,893200
2019-03-04,103.419998,104.139999,101.339996,102.750000,95.851257,987700
2019-03-05,102.610001,103.370003,101.910004,102.720001,95.823280,1094100
2019-03-06,102.940002,104.339996,102.500000,103.059998,96.140442,898500
2019-03-07,102.589996,103.000000,100.110001,101.580002,94.759827,1103100
2019-03-08,100.709999,101.000000,99.440002,99.779999,93.080666,1048100
2019-03-11,100.309998,101.519997,99.650002,101.489998,94.675865,810000
2019-03-12,101.760002,102.250000,101.000000,101.180000,94.386673,818600
2019-03-13,101.690002,102.519997,101.209999,101.820000,94.983696,721100
2019-03-14,101.489998,101.809998,99.930000,100.370003,93.631050,1112400
2019-03-15,100.300003,101.360001,99.959999,101.230003,94.433319,2198500
2019-03-18,101.290001,101.570000,99.769997,101.349998,94.545250,861900
2019-03-19,101.970001,102.800003,100.500000,100.949997,94.172119,644400
2019-03-20,100.959999,101.320000,99.389999,101.000000,94.218750,1165700
2019-03-21,100.830002,103.180000,100.830002,102.680000,95.785950,553600
2019-03-22,101.660004,101.660004,98.080002,98.139999,91.550781,771200
2019-03-25,97.980003,98.610001,96.570000,96.730003,90.235458,849100
2019-03-26,97.419998,98.260002,96.669998,97.089996,90.571274,1099700
2019-03-27,97.099998,97.989998,96.430000,96.989998,90.477997,1177300
2019-03-28,97.120003,98.360001,96.989998,98.279999,91.681389,782000
2019-03-29,98.519997,99.180000,98.040001,98.610001,91.989227,774200
2019-04-01,99.480003,101.389999,99.459999,101.230003,94.433319,845100
2019-04-02,101.669998,102.389999,101.040001,101.809998,94.974373,864200
2019-04-03,102.709999,103.879997,102.449997,103.199997,96.271049,892300
2019-04-04,103.690002,104.970001,103.410004,104.900002,97.856918,1073700
2019-04-05,105.290001,106.209999,105.080002,105.760002,98.659172,863800
2019-04-08,105.000000,105.820000,102.459999,102.610001,95.720657,1685100
2019-04-09,101.669998,101.970001,100.430000,101.620003,94.797150,723600
2019-04-10,102.139999,102.220001,100.480003,101.809998,94.974373,761500
2019-04-11,102.000000,102.699997,101.629997,102.099998,95.244896,563300
2019-04-12,103.410004,105.360001,102.870003,105.300003,98.230049,1479400
2019-04-15,104.839996,105.849998,103.669998,103.989998,97.008011,523600
2019-04-16,104.220001,105.570000,104.099998,105.370003,98.295357,754300
2019-04-17,106.199997,109.010002,105.400002,105.440002,98.360664,1057800
2019-04-18,106.010002,106.510002,104.300003,105.190002,98.127441,896500
2019-04-22,104.750000,105.790001,104.349998,104.470001,97.455788,1044200
2019-04-23,110.209999,113.839996,109.099998,112.169998,104.638802,1956300
2019-04-24,112.260002,112.839996,110.739998,110.889999,103.444733,1480200
2019-04-25,110.430000,110.430000,108.070000,108.699997,101.401787,984600
2019-04-26,108.239998,109.580002,107.839996,108.559998,101.852097,573600
2019-04-29,108.639999,108.849998,107.419998,107.830002,101.167206,1255700
2019-04-30,107.900002,108.800003,107.440002,107.889999,101.223518,1616700
2019-05-01,107.750000,107.989998,105.769997,105.830002,99.290810,1414300
2019-05-02,105.459999,106.620003,105.000000,106.209999,99.647316,1974700
2019-05-03,106.769997,108.949997,106.750000,108.769997,102.049141,1335400
2019-05-06,106.809998,108.099998,105.430000,107.820000,101.157837,1308000
2019-05-07,106.510002,106.779999,105.029999,105.900002,99.356491,1110300
2019-05-08,105.480003,106.250000,104.599998,105.750000,99.215744,876900
2019-05-09,104.260002,104.400002,103.379997,103.599998,97.198578,1354800
2019-05-10,103.330002,103.779999,101.540001,103.360001,96.973427,871800
2019-05-13,101.290001,101.290001,98.160004,99.150002,93.023552,1135800
2019-05-14,99.580002,101.290001,99.320000,100.440002,94.233841,1382800
2019-05-15,99.430000,101.500000,99.169998,101.199997,94.946892,1197800
2019-05-16,101.839996,102.879997,101.349998,101.809998,95.519196,1382400
2019-05-17,100.610001,102.620003,100.580002,101.639999,95.359688,953600
2019-05-20,100.470001,101.000000,99.279999,99.540001,93.389458,1082400
2019-05-21,100.349998,100.930000,99.750000,100.309998,94.111870,832200
2019-05-22,100.019997,100.500000,99.309998,100.110001,93.924240,974000
2019-05-23,98.870003,99.059998,96.849998,98.620003,92.526299,957100
2019-05-24,99.550003,99.940002,98.260002,99.379997,93.239326,792600
2019-05-28,99.360001,100.320000,99.199997,99.629997,93.473900,1617600
2019-05-29,98.629997,99.839996,98.010002,99.599998,93.445747,1044600
2019-05-30,99.629997,100.599998,98.320000,98.589996,92.498161,791700
2019-05-31,97.019997,97.720001,94.730003,94.930000,89.064308,1269000
2019-06-03,94.949997,96.900002,94.870003,96.900002,90.912590,1504200
2019-06-04,98.160004,100.790001,98.160004,100.760002,94.534081,1771800
2019-06-05,101.169998,101.599998,99.449997,100.959999,94.721718,1277400
2019-06-06,100.970001,101.279999,99.750000,100.389999,94.186943,1079900
2019-06-07,100.690002,101.709999,99.430000,101.120003,94.871826,683500
2019-06-10,101.599998,103.180000,101.510002,102.599998,96.260384,732000
2019-06-11,104.190002,105.139999,103.139999,103.610001,97.207962,774200
2019-06-12,103.510002,105.000000,102.300003,104.190002,97.752144,741500
2019-06-13,104.519997,105.320000,104.080002,105.260002,98.756020,672400
2019-06-14,105.269997,105.410004,103.889999,104.190002,97.752144,719900
2019-06-17,104.029999,104.330002,102.760002,102.889999,96.532463,782100
2019-06-18,103.669998,105.389999,102.959999,104.720001,98.249382,769500
2019-06-19,104.769997,104.940002,103.860001,104.589996,98.127419,632400
2019-06-20,105.889999,105.889999,104.209999,105.110001,98.615295,793500
2019-06-21,105.059998,106.279999,104.349998,105.690002,99.159454,1040700
2019-06-24,105.250000,106.169998,104.690002,105.250000,98.746635,627700
2019-06-25,105.360001,105.360001,103.949997,104.430000,97.977310,555900
2019-06-26,104.849998,106.449997,104.800003,105.820000,99.281403,1234300
2019-06-27,106.339996,106.919998,105.949997,106.139999,99.581650,1065800
2019-06-28,106.370003,108.110001,106.370003,107.800003,101.139084,2452300
2019-07-01,109.120003,110.099998,107.940002,109.639999,102.865387,1298800
2019-07-02,109.169998,109.169998,106.970001,107.459999,100.820061,786600
2019-07-03,107.099998,107.500000,106.019997,106.830002,100.229012,428500
2019-07-05,105.900002,106.260002,104.820000,105.629997,99.103157,585900
2019-07-08,105.250000,105.730003,104.080002,104.730003,98.258759,907200
2019-07-09,104.459999,104.860001,103.160004,104.730003,98.258759,898900
2019-07-10,105.559998,105.699997,104.000000,104.400002,97.949165,1252300
2019-07-11,104.500000,105.550003,104.230003,105.330002,98.821701,1549700
2019-07-12,105.680000,107.949997,105.389999,107.010002,100.397896,714500
2019-07-15,107.059998,107.150002,106.040001,107.070000,100.454178,598200
2019-07-16,107.320000,108.699997,106.940002,108.050003,101.373627,713600
2019-07-17,107.889999,108.099998,106.580002,106.589996,100.003838,710700
2019-07-18,105.919998,106.930000,105.830002,106.089996,99.534737,749900
2019-07-19,106.570000,107.900002,106.199997,107.059998,100.444801,882000
2019-07-22,106.879997,107.510002,105.199997,105.680000,99.150078,1002200
2019-07-23,106.019997,110.620003,104.669998,110.309998,103.493980,1490600
2019-07-24,110.099998,112.970001,110.099998,112.260002,105.323479,1223500
2019-07-25,110.989998,112.370003,110.040001,111.510002,105.200859,1049100
2019-07-26,111.480003,111.639999,109.160004,111.160004,104.870659,683400
2019-07-29,110.989998,112.750000,110.750000,112.120003,105.776352,792700
2019-07-30,111.169998,112.709999,110.510002,112.519997,106.153694,896500
2019-07-31,112.480003,113.419998,111.230003,112.169998,105.823524,1169100
2019-08-01,111.989998,113.419998,107.449997,108.230003,102.106430,974600
2019-08-02,107.379997,107.730003,104.620003,107.120003,101.059242,1027200
2019-08-05,105.190002,105.919998,102.050003,103.190002,97.351585,1270400
2019-08-06,104.370003,104.900002,102.470001,104.629997,98.710106,1007100
2019-08-07,103.150002,106.620003,102.500000,106.440002,100.417702,1074000
2019-08-08,107.589996,110.519997,107.589996,109.139999,102.964943,1002400
2019-08-09,108.769997,109.639999,107.879997,109.150002,102.974380,848700
2019-08-12,108.480003,109.379997,107.839996,108.669998,102.521530,961200
2019-08-13,108.349998,113.040001,108.050003,111.000000,104.719704,1133800
2019-08-14,109.040001,109.570000,108.190002,108.629997,102.483795,1403900
2019-08-15,108.940002,109.349998,106.650002,107.440002,101.361122,878400
2019-08-16,108.330002,110.650002,108.089996,110.300003,104.059319,804300
2019-08-19,112.050003,112.830002,111.400002,112.489998,106.125397,868000
2019-08-20,111.790001,112.180000,110.750000,111.739998,105.417831,612500
2019-08-21,113.120003,113.750000,112.879997,113.169998,106.766922,699800
2019-08-22,113.540001,114.779999,112.129997,113.739998,107.304672,867200
2019-08-23,112.980003,113.000000,106.650002,107.250000,101.181885,1104300
2019-08-26,108.110001,108.989998,106.559998,107.400002,101.323395,682400
2019-08-27,108.139999,108.720001,105.930000,107.220001,101.153564,1040600
2019-08-28,107.040001,109.720001,106.589996,109.540001,103.342300,798000
2019-08-29,111.180000,112.360001,110.760002,111.760002,105.436707,671800
2019-08-30,112.849998,114.099998,112.610001,113.370003,106.955612,1061300
2019-09-03,111.889999,112.610001,110.639999,111.699997,105.380096,589100
2019-09-04,113.330002,114.379997,112.879997,113.820000,107.380157,829900
2019-09-05,115.250000,118.339996,114.849998,117.629997,110.974579,819000
2019-09-06,117.879997,118.419998,116.849998,118.070000,111.389687,555500
2019-09-09,118.410004,121.059998,118.199997,120.910004,114.069008,901600
2019-09-10,120.970001,123.900002,120.750000,123.320000,116.342651,1340700
2019-09-11,123.449997,124.360001,121.339996,124.309998,117.276634,947600
2019-09-12,124.989998,125.000000,122.570000,124.199997,117.172844,753800
2019-09-13,125.279999,127.150002,124.949997,125.489998,118.389862,799800
2019-09-16,125.150002,126.010002,123.800003,124.449997,117.408722,607600
2019-09-17,124.129997,124.250000,122.250000,123.980003,116.965309,917000
2019-09-18,123.500000,124.050003,122.230003,123.739998,116.738892,754300
2019-09-19,123.739998,124.419998,123.239998,123.800003,116.795486,685700
2019-09-20,124.220001,124.220001,122.230003,122.680000,115.738853,1506700
2019-09-23,121.589996,123.160004,121.250000,122.470001,115.540749,771300
2019-09-24,122.059998,122.500000,120.830002,121.349998,114.484100,619500
2019-09-25,121.690002,122.620003,121.120003,122.209999,115.295448,716200
2019-09-26,121.180000,122.230003,120.730003,121.589996,114.710526,656300
2019-09-27,121.879997,123.599998,121.559998,122.139999,115.229393,716100
2019-09-30,122.430000,122.980003,121.169998,122.290001,115.370926,777400
2019-10-01,122.480003,123.940002,119.980003,120.349998,113.540688,1197100
2019-10-02,119.139999,119.760002,117.220001,118.099998,111.417992,1067500
2019-10-03,117.690002,118.699997,116.589996,118.669998,111.955742,747100
2019-10-04,118.489998,119.949997,118.209999,119.529999,112.767075,534000
2019-10-07,119.099998,120.440002,118.470001,119.440002,112.682175,707000
2019-10-08,118.570000,119.540001,117.320000,117.849998,111.182137,1067000
2019-10-09,119.529999,119.650002,117.370003,118.720001,112.002914,743500
2019-10-10,119.050003,119.750000,117.660004,118.360001,111.663269,909700
2019-10-11,119.690002,122.830002,119.690002,121.870003,114.974693,802200
2019-10-14,121.120003,121.660004,120.440002,120.440002,113.625587,644400
2019-10-15,120.959999,122.550003,120.540001,122.040001,115.135063,672300
2019-10-16,122.400002,123.639999,121.059998,121.519997,114.644470,752700
2019-10-17,121.930000,122.320000,120.949997,121.959999,115.059601,552700
2019-10-18,121.320000,123.940002,121.320000,121.650002,114.767143,953200
2019-10-21,122.070000,123.040001,121.220001,121.309998,114.446373,991300
2019-10-22,121.050003,122.419998,115.160004,119.300003,112.550095,1479800
2019-10-23,119.239998,122.940002,119.239998,121.760002,114.870926,1083400
2019-10-24,122.839996,123.620003,121.620003,123.519997,116.531334,765800
2019-10-25,122.940002,124.440002,121.989998,123.650002,117.242485,559000
2019-10-28,124.360001,125.809998,121.059998,121.559998,115.260773,1294100
2019-10-29,121.169998,124.459999,121.050003,123.279999,116.891640,625400
2019-10-30,122.669998,122.910004,121.440002,122.279999,115.943466,619100
2019-10-31,122.169998,122.419998,120.089996,121.150002,114.872025,986300
2019-11-01,122.290001,123.330002,121.709999,122.500000,116.152061,1084100
2019-11-04,123.849998,124.110001,122.669998,123.660004,117.251945,925400
2019-11-05,124.059998,125.660004,123.769997,124.480003,118.029457,611600
2019-11-06,124.199997,125.150002,123.489998,125.080002,118.598366,624800
2019-11-07,124.919998,126.050003,124.250000,125.739998,119.224152,777000
2019-11-08,125.720001,128.880005,125.349998,127.309998,120.712799,885800
2019-11-11,126.339996,127.230003,126.339996,126.730003,120.162872,500400
2019-11-12,127.220001,127.709999,126.639999,126.940002,120.361984,438800
2019-11-13,125.980003,126.440002,124.980003,125.410004,118.911263,425700
2019-11-14,125.110001,126.500000,125.110001,126.309998,119.764618,382300
2019-11-15,126.949997,127.580002,125.480003,125.959999,119.432755,630500
2019-11-18,125.400002,125.690002,124.080002,125.480003,118.977631,1006900
2019-11-19,126.309998,126.389999,124.000000,125.889999,119.366386,625800
2019-11-20,125.099998,125.959999,124.099998,124.239998,117.801888,513400
2019-11-21,124.430000,124.709999,123.610001,123.870003,117.451065,647400
2019-11-22,124.269997,125.750000,124.180000,124.790001,118.323387,502300
2019-11-25,125.010002,126.559998,124.489998,126.410004,119.859436,548400
2019-11-26,126.449997,127.519997,125.980003,127.389999,120.788673,553900
2019-11-27,127.529999,127.529999,126.099998,126.529999,119.973228,632600
2019-11-29,126.379997,126.550003,125.419998,125.570000,119.062973,257400
2019-12-02,125.849998,126.639999,124.480003,124.800003,118.332878,714700
2019-12-03,123.070000,123.070000,121.550003,122.559998,116.208946,661100
2019-12-04,123.040001,124.339996,122.029999,122.110001,115.782288,905100
2019-12-05,122.519997,123.440002,121.680000,123.330002,116.939034,548700
2019-12-06,124.489998,125.559998,124.190002,125.209999,118.721626,512600
2019-12-09,125.180000,125.320000,123.290001,123.860001,117.441589,468100
2019-12-10,123.699997,123.699997,120.720001,120.949997,114.682396,891200
2019-12-11,121.750000,122.959999,121.370003,122.790001,116.427025,777800
2019-12-12,122.720001,125.529999,122.250000,125.360001,118.863861,653900
2019-12-13,125.589996,126.309998,124.279999,124.470001,118.019989,423100
2019-12-16,125.250000,126.239998,123.610001,123.680000,117.270912,1143600
2019-12-17,123.680000,124.360001,121.459999,123.230003,116.844238,906800
2019-12-18,123.139999,123.320000,120.889999,121.099998,114.824593,1164700
2019-12-19,121.760002,123.430000,120.910004,122.480003,116.133102,1085900
2019-12-20,122.480003,124.360001,121.760002,123.349998,116.958008,2163000
2019-12-23,123.260002,123.750000,122.260002,123.209999,116.825279,685700
2019-12-24,123.300003,123.699997,122.669998,123.389999,116.995934,167200
2019-12-26,123.059998,123.339996,122.139999,123.110001,116.730446,391700
2019-12-27,123.830002,124.260002,123.300003,123.320000,116.929565,534100
2019-12-30,123.379997,123.629997,122.449997,122.699997,116.341698,416700
2019-12-31,122.559998,123.260002,122.370003,123.120003,116.739952,633000
2020-01-02,123.900002,124.589996,121.309998,121.430000,115.137512,908100
2020-01-03,120.029999,120.739998,119.699997,119.779999,113.573021,770900
2020-01-06,118.919998,119.500000,118.220001,118.459999,112.321404,711400
2020-01-07,117.129997,119.099998,116.120003,118.000000,111.885239,1231300
2020-01-08,117.750000,118.400002,116.550003,117.080002,111.012924,826300
2020-01-09,117.440002,117.860001,116.650002,117.860001,111.752510,998300
2020-01-10,117.959999,118.150002,116.820000,117.010002,110.946541,555100
2020-01-13,117.180000,118.529999,116.889999,118.129997,112.008507,470200
2020-01-14,118.150002,119.370003,117.480003,118.449997,112.311920,856800
2020-01-15,118.070000,119.559998,117.930000,118.199997,112.074890,542200
2020-01-16,118.800003,119.650002,117.750000,118.139999,112.017990,788300
2020-01-17,118.410004,119.099998,117.239998,117.589996,111.496498,1218400
2020-01-21,117.099998,118.330002,116.470001,117.550003,111.458565,924800
2020-01-22,118.080002,118.320000,116.760002,116.779999,110.728477,708600
2020-01-23,115.949997,116.099998,114.239998,115.580002,109.590660,596000
2020-01-24,115.550003,115.989998,114.129997,114.510002,108.576096,697000
2020-01-27,112.209999,112.220001,110.830002,111.339996,105.570366,632900
2020-01-28,111.809998,112.599998,111.239998,112.260002,106.442696,560800
2020-01-29,113.290001,114.190002,111.809998,111.930000,106.129799,531500
2020-01-30,110.589996,111.790001,109.150002,110.190002,104.479965,875900
2020-01-31,107.739998,107.739998,101.150002,103.500000,98.136627,2415000
2020-02-03,104.730003,105.599998,103.000000,104.760002,99.331345,1508100
2020-02-04,106.160004,107.720001,106.059998,107.330002,101.768166,994500
2020-02-05,108.830002,110.279999,108.449997,109.860001,104.167053,1207500
2020-02-06,110.190002,110.470001,108.260002,109.459999,103.787788,782300
2020-02-07,108.199997,108.820000,107.279999,108.589996,102.962868,641600
2020-02-10,108.139999,108.760002,107.529999,107.570000,101.995728,810100
2020-02-11,108.320000,109.279999,107.949997,108.620003,102.991325,604300
2020-02-12,109.779999,111.820000,109.279999,111.419998,105.646217,1051400
2020-02-13,110.500000,111.430000,110.260002,110.500000,104.773903,801100
2020-02-14,109.800003,110.260002,108.900002,110.019997,104.907402,997600
2020-02-18,109.300003,109.699997,106.279999,107.750000,102.742882,1061900
2020-02-19,108.220001,109.139999,107.940002,108.250000,103.219650,674800
2020-02-20,107.949997,109.709999,107.699997,108.900002,103.839439,749300
2020-02-21,108.129997,108.330002,107.180000,107.980003,102.962204,652300
2020-02-24,104.519997,104.889999,102.750000,103.949997,99.119453,764100
2020-02-25,104.580002,104.580002,97.650002,97.809998,93.264786,1328100
2020-02-26,98.830002,99.970001,96.860001,96.870003,92.368469,1691800
2020-02-27,94.410004,96.300003,91.709999,91.730003,87.467323,1169900
2020-02-28,88.779999,94.000000,88.070000,93.739998,89.383919,2435400
2020-03-02,94.089996,96.599998,92.720001,96.370003,91.891716,1434700
2020-03-03,95.989998,97.540001,92.919998,94.650002,90.251648,1216300
2020-03-04,96.360001,98.099998,92.919998,97.879997,93.331543,1091200
2020-03-05,94.489998,95.709999,93.349998,94.750000,90.347000,915000
2020-03-06,91.529999,95.029999,90.739998,92.250000,87.963150,1365600
2020-03-09,85.849998,91.000000,78.419998,79.419998,75.729355,1155600
2020-03-10,83.300003,86.330002,80.190002,86.260002,82.251518,1297200
2020-03-11,83.589996,83.809998,78.330002,80.669998,76.921280,1768800
2020-03-12,75.239998,77.669998,70.269997,73.269997,69.865158,1971000
2020-03-13,78.099998,79.510002,72.349998,78.410004,74.766319,1574800
2020-03-16,70.449997,74.209999,66.120003,66.129997,63.056953,1129500
2020-03-17,68.139999,70.660004,64.440002,70.430000,67.157135,1788100
2020-03-18,64.830002,65.419998,52.700001,59.119999,56.372707,1365600
2020-03-19,58.200001,72.290001,56.459999,63.830002,60.863831,1863500
2020-03-20,65.040001,69.389999,62.020000,64.730003,61.722023,1807300
2020-03-23,64.309998,65.320000,60.330002,62.200001,59.309586,1517800
2020-03-24,67.150002,69.300003,65.129997,66.910004,63.800724,1476100
2020-03-25,67.360001,75.650002,65.589996,72.870003,69.483749,1440400
2020-03-26,73.000000,75.879997,70.000000,75.529999,72.020134,1575000
2020-03-27,72.160004,72.779999,70.330002,71.269997,67.958099,826300
2020-03-30,72.610001,74.930000,69.669998,74.099998,70.656586,853000
2020-03-31,74.050003,75.220001,72.059998,73.389999,69.979576,1006400
2020-04-01,69.910004,71.239998,67.510002,68.050003,64.887749,1117100
2020-04-02,68.150002,72.209999,66.529999,68.599998,65.412186,1593700
2020-04-03,68.339996,71.430000,66.980003,67.099998,63.981876,1110200
2020-04-06,70.790001,73.489998,70.559998,72.470001,69.102341,1177400
2020-04-07,76.070000,78.000000,74.489998,75.839996,72.315727,1174900
2020-04-08,76.809998,82.480003,76.139999,81.980003,78.170410,1116900
2020-04-09,81.849998,86.900002,81.150002,83.910004,80.010735,1096700
2020-04-13,83.070000,83.820000,80.379997,82.099998,78.284821,815500
2020-04-14,83.779999,84.029999,80.410004,81.309998,77.531532,1099800
2020-04-15,77.339996,77.580002,74.529999,75.180000,71.686409,907900
2020-04-16,75.489998,78.209999,71.419998,72.260002,68.902092,1575400
2020-04-17,74.949997,78.989998,74.540001,78.160004,74.527924,1106200
2020-04-20,76.849998,78.239998,74.800003,76.019997,72.487366,742600
2020-04-21,73.790001,75.099998,72.879997,73.459999,70.046326,509500
2020-04-22,75.650002,76.709999,73.599998,75.500000,71.991531,572500
2020-04-23,76.019997,79.320000,76.019997,78.019997,74.394417,570900
2020-04-24,78.800003,79.389999,77.160004,78.790001,75.730461,1363700
2020-04-27,78.510002,83.410004,78.470001,82.610001,79.402115,1147000
2020-04-28,84.449997,86.910004,79.550003,81.940002,78.758133,1766600
2020-04-29,81.089996,87.050003,81.089996,86.339996,82.987282,910300
2020-04-30,84.300003,84.889999,82.279999,83.070000,79.844254,878600
2020-05-01,81.290001,81.290001,78.930000,79.309998,76.230247,898900
2020-05-04,78.260002,78.300003,76.309998,77.839996,74.817329,853600
2020-05-05,79.230003,81.410004,77.830002,78.010002,74.980736,677900
2020-05-06,79.129997,79.500000,77.269997,77.580002,74.567444,542200
2020-05-07,78.480003,80.959999,78.480003,80.349998,77.229866,862600
2020-05-08,82.000000,83.379997,81.639999,82.720001,79.507835,591600
2020-05-11,80.709999,80.980003,79.260002,80.010002,76.903076,653000
2020-05-12,80.459999,81.959999,77.800003,77.849998,74.826958,605800
2020-05-13,77.150002,77.220001,73.160004,73.870003,71.001511,674800
2020-05-14,72.230003,76.169998,69.690002,76.129997,73.173737,1130800
2020-05-15,75.709999,78.410004,75.589996,76.669998,73.692764,2725000
2020-05-18,79.849998,85.160004,79.849998,84.309998,81.036102,1003500
2020-05-19,83.529999,84.730003,82.000000,83.879997,80.622787,885500
2020-05-20,85.370003,86.790001,85.250000,86.099998,82.756584,1154000
2020-05-21,85.599998,86.769997,84.120003,86.120003,82.775810,947800
2020-05-22,85.989998,86.230003,84.239998,85.480003,82.160667,847200
2020-05-26,88.559998,91.489998,88.430000,91.370003,87.821953,902800
2020-05-27,93.540001,96.019997,92.809998,94.099998,90.445946,1462700
2020-05-28,95.379997,95.379997,91.699997,92.339996,88.754272,851300
2020-05-29,90.900002,90.900002,88.089996,89.910004,86.418640,2508900
2020-06-01,90.370003,90.820000,88.910004,89.339996,85.870773,1037900
2020-06-02,89.379997,92.709999,89.379997,92.629997,89.033020,1010600
2020-06-03,94.230003,96.750000,93.949997,95.830002,92.108765,609500
2020-06-04,94.949997,96.400002,93.459999,96.389999,92.647003,692200
2020-06-05,101.010002,102.110001,97.300003,97.720001,93.925369,1088200
2020-06-08,97.610001,99.059998,97.220001,98.730003,94.896141,750700
2020-06-09,97.400002,97.750000,95.290001,97.000000,93.233315,678800
2020-06-10,97.089996,97.839996,94.430000,94.570000,90.897682,831000
2020-06-11,89.809998,90.900002,85.029999,85.559998,82.237564,994100
2020-06-12,89.589996,90.500000,85.820000,88.519997,85.082626,751000
2020-06-15,85.139999,89.800003,84.150002,88.989998,85.534363,1013100
2020-06-16,93.059998,94.459999,89.239998,89.900002,86.409027,1074700
2020-06-17,90.629997,90.690002,88.470001,89.059998,85.601654,810800
2020-06-18,88.519997,89.080002,87.400002,88.139999,84.717377,665700
2020-06-19,90.080002,90.449997,85.360001,86.720001,83.352524,1863500
2020-06-22,86.750000,87.559998,84.860001,86.370003,83.016113,1182900
2020-06-23,87.879997,87.879997,85.339996,85.870003,82.535530,866000
2020-06-24,84.650002,84.650002,82.239998,82.959999,79.738525,1064400
2020-06-25,82.470001,85.209999,81.629997,85.099998,81.795433,771000
2020-06-26,84.830002,84.830002,82.550003,82.779999,79.565506,922700
2020-06-29,83.769997,85.940002,83.180000,85.389999,82.074150,614100
2020-06-30,84.669998,86.910004,84.250000,86.339996,82.987282,833900
2020-07-01,87.040001,87.559998,84.970001,85.730003,82.400955,956300
2020-07-02,87.309998,89.779999,87.309998,88.470001,85.034554,885200
2020-07-06,89.980003,90.410004,88.190002,89.860001,86.370583,826100
2020-07-07,88.760002,89.000000,87.320000,87.989998,84.573196,701000
2020-07-08,87.639999,88.029999,84.870003,85.750000,82.420189,664900
2020-07-09,85.629997,85.930000,83.089996,84.070000,80.805420,611800
2020-07-10,84.540001,86.870003,83.989998,86.449997,83.093010,566200
2020-07-13,87.660004,88.580002,86.940002,87.089996,83.708153,752600
2020-07-14,87.129997,89.000000,86.779999,88.839996,85.390198,720200
2020-07-15,90.660004,92.570000,90.279999,91.900002,88.331375,641400
2020-07-16,91.430000,92.339996,90.019997,90.589996,87.072243,1197100
2020-07-17,90.989998,91.949997,89.470001,89.529999,86.053398,657700
2020-07-20,91.629997,95.470001,91.129997,91.790001,88.225639,1226400
2020-07-21,92.610001,94.400002,92.339996,93.629997,89.994186,878500
2020-07-22,93.239998,93.779999,92.480003,93.669998,90.032631,724700
2020-07-23,93.419998,94.830002,92.639999,94.150002,90.493988,794600
2020-07-24,93.500000,93.800003,92.110001,92.430000,89.429710,846200
2020-07-27,92.879997,95.209999,92.320000,95.199997,92.109772,981800
2020-07-28,94.480003,95.529999,92.440002,93.230003,90.203743,1260600
2020-07-29,94.320000,97.809998,93.360001,97.160004,94.006165,1760400
2020-07-30,97.699997,97.910004,95.680000,97.589996,94.422203,1212400
2020-07-31,97.970001,98.760002,95.199997,97.199997,94.044861,1062000
2020-08-03,97.139999,97.519997,95.150002,96.480003,93.348244,1120200
2020-08-04,96.160004,98.220001,94.930000,97.489998,94.325447,1145400
2020-08-05,98.389999,100.589996,98.379997,99.239998,96.018646,1016200
2020-08-06,98.320000,99.589996,97.750000,98.970001,95.757423,908300
2020-08-07,98.000000,101.089996,98.000000,100.980003,97.702171,818500
2020-08-10,101.050003,103.169998,100.830002,103.150002,99.801735,629300
2020-08-11,104.610001,107.029999,102.989998,103.000000,99.656601,1050200
2020-08-12,104.180000,104.430000,101.750000,102.000000,98.689056,1022400
2020-08-13,101.129997,102.290001,100.680000,101.040001,97.760216,531100
2020-08-14,100.129997,102.250000,100.050003,101.480003,98.185944,444500
2020-08-17,102.139999,102.800003,99.180000,100.760002,97.489304,459600
2020-08-18,100.870003,101.379997,100.230003,100.320000,97.063599,510700
2020-08-19,100.339996,101.510002,99.669998,100.260002,97.005554,379500
2020-08-20,99.080002,100.419998,98.610001,99.959999,96.715271,549800
2020-08-21,99.550003,100.290001,98.830002,99.809998,96.570145,574800
2020-08-24,100.680000,103.190002,100.320000,103.059998,99.714645,592500
2020-08-25,103.269997,104.449997,101.570000,102.169998,98.853539,682700
2020-08-26,102.019997,103.529999,101.239998,102.790001,99.453415,543300
2020-08-27,103.349998,103.589996,101.860001,102.970001,99.627579,473900
2020-08-28,103.230003,104.129997,102.120003,103.940002,100.566101,357000
2020-08-31,103.730003,103.730003,101.070000,101.150002,97.866646,927200
2020-09-01,100.660004,105.190002,100.019997,105.169998,101.756149,917100
2020-09-02,105.300003,106.440002,104.580002,106.169998,102.723701,1314900
2020-09-03,107.099998,107.099998,102.550003,103.739998,100.372581,1041700
2020-09-04,104.980003,106.300003,103.989998,106.180000,102.733368,1403800
2020-09-08,104.430000,104.949997,102.720001,104.160004,100.778938,1118900
2020-09-09,104.720001,107.110001,104.720001,106.440002,102.984932,693500
2020-09-10,106.580002,107.129997,105.050003,105.099998,101.688431,612200
2020-09-11,105.919998,107.330002,105.160004,106.580002,103.120399,551300
2020-09-14,107.419998,109.870003,107.160004,109.410004,105.858528,663900
2020-09-15,109.730003,110.980003,109.400002,110.330002,106.748665,514300
2020-09-16,111.000000,114.320000,110.610001,113.440002,109.757729,1097100
2020-09-17,112.260002,115.029999,111.209999,114.220001,110.512390,1082900
2020-09-18,113.309998,114.690002,112.750000,113.820000,110.125381,1290000
2020-09-21,110.919998,111.480003,108.360001,109.540001,105.984306,908600
2020-09-22,110.129997,110.870003,108.139999,109.160004,105.616646,603400
2020-09-23,108.870003,109.550003,105.900002,106.050003,102.607597,845800
2020-09-24,106.000000,107.230003,104.120003,105.459999,102.036743,599300
2020-09-25,104.449997,106.489998,104.099998,106.139999,102.694679,478600
2020-09-28,108.040001,109.940002,107.580002,108.599998,105.074829,718900
2020-09-29,108.489998,109.220001,106.480003,106.879997,103.410660,476300
2020-09-30,107.610001,109.320000,107.150002,107.449997,103.962143,727600
2020-10-01,108.190002,109.540001,105.589996,106.040001,102.597931,733700
2020-10-02,104.309998,109.309998,103.300003,108.250000,104.736191,775200
2020-10-05,109.199997,111.820000,109.110001,110.699997,107.106651,859600
2020-10-06,111.699997,114.860001,111.089996,111.169998,107.561394,874600
2020-10-07,114.769997,117.129997,113.949997,116.459999,112.679688,778600
2020-10-08,117.209999,118.120003,116.029999,117.949997,114.121315,516800
2020-10-09,119.190002,120.000000,117.180000,117.839996,114.014893,791300
2020-10-12,118.550003,118.550003,116.790001,117.290001,113.482742,704000
2020-10-13,116.449997,117.089996,114.940002,116.370003,112.592598,638000
2020-10-14,116.669998,119.000000,116.669998,118.500000,114.653465,505900
2020-10-15,116.900002,119.510002,115.169998,119.500000,115.621017,538700
2020-10-16,120.010002,120.669998,119.300003,120.099998,116.201523,723500
2020-10-19,120.220001,121.760002,117.309998,117.699997,113.879440,726900
2020-10-20,118.680000,119.589996,117.360001,117.360001,113.550468,451300
2020-10-21,116.760002,118.430000,115.910004,116.199997,112.428123,594300
2020-10-22,116.910004,118.449997,116.279999,118.070000,114.237419,472300
2020-10-23,119.239998,120.290001,118.680000,120.180000,116.278931,1085100
2020-10-26,117.000000,117.470001,113.790001,115.500000,112.330345,974000
2020-10-27,114.550003,115.669998,111.959999,112.110001,109.033386,741000
2020-10-28,109.230003,112.980003,109.139999,111.510002,108.449844,872300
2020-10-29,110.709999,114.879997,110.489998,113.790001,110.667274,741700
2020-10-30,112.949997,113.879997,111.370003,113.510002,110.394966,752900
2020-11-02,115.459999,118.260002,114.919998,117.500000,114.275467,1161100
2020-11-03,119.510002,119.510002,117.639999,118.620003,115.364723,631500
2020-11-04,117.660004,118.389999,115.080002,115.169998,112.009399,668400
2020-11-05,116.779999,121.309998,116.419998,119.669998,116.385910,780100
2020-11-06,120.510002,121.339996,119.150002,119.690002,116.405357,619800
2020-11-09,127.099998,133.949997,124.559998,126.250000,122.785339,1012100
2020-11-10,126.510002,129.869995,126.449997,127.879997,124.370605,987700
2020-11-11,127.989998,128.880005,126.510002,128.199997,124.681824,1089800
2020-11-12,127.260002,128.000000,123.269997,124.419998,121.005547,819500
2020-11-13,125.379997,128.520004,125.040001,128.410004,124.886055,856000
2020-11-16,130.429993,132.960007,130.179993,132.809998,129.165298,885200
2020-11-17,131.139999,132.529999,129.710007,132.410004,128.776276,933400
2020-11-18,132.910004,135.740005,131.929993,133.210007,129.554337,1228000
2020-11-19,131.929993,134.360001,129.000000,133.550003,129.884995,1074500
2020-11-20,133.089996,134.440002,131.529999,131.910004,128.290024,1117000
2020-11-23,133.259995,135.339996,133.259995,134.389999,130.701950,688800
2020-11-24,136.460007,138.309998,135.860001,137.440002,133.668259,976000
2020-11-25,136.479996,136.479996,132.910004,133.009995,129.359818,938300
2020-11-27,133.839996,134.179993,132.839996,133.679993,130.011429,429600
2020-11-30,131.899994,132.880005,129.089996,129.330002,125.780815,1864400
2020-12-01,131.789993,133.179993,129.970001,130.320007,126.743645,993800
2020-12-02,130.009995,131.339996,128.860001,130.649994,127.064575,1153100
2020-12-03,131.130005,131.490005,129.270004,129.699997,126.140648,847800
2020-12-04,130.699997,133.539993,130.509995,132.639999,128.999954,1634100
2020-12-07,132.190002,132.559998,129.550003,129.779999,126.218468,710200
2020-12-08,129.199997,130.710007,128.990005,130.550003,126.967346,525600
2020-12-09,131.690002,132.630005,129.229996,130.550003,126.967346,1038900
2020-12-10,130.279999,131.470001,129.589996,130.970001,127.375809,1190100
2020-12-11,129.940002,131.229996,128.539993,131.000000,127.404968,846200
2020-12-14,132.330002,133.190002,128.889999,128.990005,125.450142,798000
2020-12-15,130.509995,131.339996,128.979996,131.009995,127.414711,703100
2020-12-16,131.619995,132.229996,129.789993,130.020004,126.451874,664800
2020-12-17,131.149994,131.630005,129.529999,130.960007,127.366089,757500
2020-12-18,130.750000,132.250000,129.589996,131.759995,128.144119,1946700
2020-12-21,129.589996,130.940002,128.770004,130.759995,127.171562,524600
2020-12-22,131.229996,131.229996,129.990005,130.210007,126.636681,557700
2020-12-23,130.979996,132.110001,129.360001,129.389999,125.839172,574100
2020-12-24,128.809998,130.399994,128.490005,129.850006,126.286537,195700
2020-12-28,130.649994,130.899994,127.730003,127.769997,124.263618,518700
2020-12-29,128.460007,129.070007,126.209999,127.510002,124.010757,435900
2020-12-30,127.540001,130.119995,127.540001,129.600006,126.043404,690700
2020-12-31,129.820007,130.929993,128.520004,129.940002,126.374077,424700
2021-01-04,130.860001,130.860001,125.860001,125.930000,122.474113,753800
2021-01-05,127.300003,131.850006,127.129997,131.600006,127.988510,1815200
2021-01-06,133.669998,140.089996,133.380005,136.550003,132.802689,1407700
2021-01-07,137.970001,139.889999,136.960007,139.419998,135.593918,809800
2021-01-08,139.419998,139.649994,135.339996,136.820007,133.065277,582700
2021-01-11,135.020004,137.720001,134.279999,136.990005,133.230606,837500
2021-01-12,136.990005,139.029999,135.910004,138.750000,134.942307,834400
2021-01-13,138.660004,139.720001,136.190002,136.800003,133.045822,732200
2021-01-14,137.449997,139.139999,136.820007,137.570007,133.794693,567200
2021-01-15,136.259995,136.690002,133.350006,134.080002,130.400452,759000
2021-01-19,135.020004,136.029999,132.449997,132.539993,128.902725,694700
2021-01-20,133.589996,133.589996,130.889999,132.369995,128.737381,633100
2021-01-21,132.839996,134.130005,131.250000,132.330002,128.698486,847500
2021-01-22,131.149994,132.000000,130.000000,131.399994,127.793983,623300
2021-01-25,130.589996,131.289993,126.910004,128.380005,124.856888,902000
2021-01-26,129.880005,130.779999,125.370003,125.650002,122.201805,777100
2021-01-27,123.330002,123.790001,119.059998,119.370003,116.094139,1515300
2021-01-28,120.709999,123.940002,119.849998,121.680000,118.340752,1373800
2021-01-29,117.000000,123.620003,115.419998,122.150002,118.797859,1912500
2021-02-01,123.639999,124.669998,120.930000,122.669998,119.303589,1330000
2021-02-02,124.290001,125.739998,122.029999,125.019997,121.589088,1281200
2021-02-03,124.529999,127.169998,124.430000,126.250000,122.785339,1224300
2021-02-04,126.419998,127.750000,125.389999,126.059998,122.600548,981300
2021-02-05,127.370003,128.820007,126.309998,127.320000,123.825974,682900
2021-02-08,127.680000,130.279999,127.500000,130.039993,127.150429,680700
2021-02-09,129.710007,130.539993,129.059998,129.380005,126.505096,631300
2021-02-10,130.300003,130.660004,128.360001,129.149994,126.280182,783400
2021-02-11,129.729996,131.259995,128.490005,130.470001,127.570869,850700
2021-02-12,130.550003,132.740005,130.550003,132.729996,129.780655,696800
2021-02-16,133.550003,134.669998,131.000000,131.119995,128.206436,690600
2021-02-17,130.580002,132.479996,129.259995,132.419998,129.477539,797900
2021-02-18,131.309998,132.070007,130.240005,131.399994,128.480179,648200
2021-02-19,132.210007,135.929993,132.210007,135.220001,132.215332,695300
2021-02-22,134.559998,139.029999,134.300003,137.520004,134.464218,849000
2021-02-23,137.520004,137.720001,134.990005,136.960007,133.916672,795200
2021-02-24,137.750000,142.699997,137.220001,141.210007,138.072235,913100
2021-02-25,141.000000,142.449997,138.059998,138.809998,135.725540,677200
2021-02-26,139.059998,140.509995,135.779999,138.910004,135.823334,1143200
2021-03-01,141.550003,144.389999,141.039993,142.509995,139.343307,729000
2021-03-02,142.399994,144.860001,142.399994,142.720001,139.548691,775000
2021-03-03,143.149994,145.100006,142.440002,143.580002,140.389557,693300
2021-03-04,143.339996,145.210007,139.419998,141.789993,138.639313,859900
2021-03-05,143.570007,148.770004,143.270004,147.860001,144.574448,811800
2021-03-08,147.380005,152.600006,147.380005,150.100006,146.764679,955900
2021-03-09,150.100006,150.600006,145.009995,145.360001,142.130020,1091700
2021-03-10,145.520004,148.589996,145.320007,147.559998,144.281113,756500
2021-03-11,148.869995,149.490005,146.660004,147.000000,143.733566,955400
2021-03-12,147.630005,148.789993,147.270004,148.000000,144.711349,764100
2021-03-15,147.429993,148.210007,143.759995,145.910004,142.667770,664900
2021-03-16,145.720001,146.160004,142.410004,143.699997,140.506882,836100
2021-03-17,144.839996,146.559998,143.660004,146.550003,143.293564,752900
2021-03-18,147.520004,151.100006,147.240005,148.669998,145.366440,689900
2021-03-19,147.520004,149.149994,144.039993,147.639999,144.359344,1855900
2021-03-22,147.820007,148.289993,145.479996,146.940002,143.674911,691700
2021-03-23,145.630005,147.250000,140.559998,141.470001,138.326447,998200
2021-03-24,142.419998,145.860001,142.320007,142.919998,139.744217,638300
2021-03-25,142.910004,149.929993,142.169998,149.610001,146.285553,1012400
2021-03-26,153.360001,155.619995,150.880005,152.690002,149.297104,762400
2021-03-29,151.660004,153.839996,150.899994,152.220001,148.837570,788500
2021-03-30,152.940002,153.910004,151.169998,151.490005,148.123795,715000
2021-03-31,151.289993,152.550003,149.490005,149.809998,146.481110,945300
2021-04-01,150.119995,151.949997,148.190002,151.889999,148.514908,670400
2021-04-05,153.380005,154.250000,151.720001,153.720001,150.304245,534400
2021-04-06,152.690002,154.899994,152.479996,153.520004,150.108688,658400
2021-04-07,153.300003,153.300003,150.910004,151.000000,147.644684,689100
2021-04-08,151.000000,151.500000,148.729996,150.100006,146.764679,927600
2021-04-09,151.449997,152.399994,149.850006,152.330002,148.945114,666300
2021-04-12,153.660004,154.940002,153.139999,154.539993,151.106003,1207200
2021-04-13,153.350006,153.589996,151.020004,151.929993,148.553986,769400
2021-04-14,151.729996,154.720001,151.539993,153.479996,150.069565,414800
2021-04-15,154.139999,156.589996,152.839996,155.470001,152.015350,722500
2021-04-16,157.699997,159.309998,157.199997,157.919998,154.410919,753500
2021-04-19,158.399994,158.970001,157.339996,158.270004,154.753128,725300
2021-04-20,157.880005,158.210007,153.779999,155.539993,152.083786,665300
2021-04-21,155.550003,159.320007,155.509995,158.660004,155.134476,592700
2021-04-22,158.639999,158.740005,153.770004,154.070007,150.646454,733500
2021-04-23,151.369995,158.869995,148.500000,157.300003,154.486542,1264600
2021-04-26,158.179993,160.779999,157.000000,157.759995,154.938293,783600
2021-04-27,157.309998,157.309998,155.660004,156.529999,153.730286,869500
2021-04-28,156.779999,157.449997,155.800003,156.190002,153.396378,592300
2021-04-29,157.860001,158.199997,155.500000,157.789993,154.967743,578200
2021-04-30,157.119995,158.289993,155.419998,156.649994,153.848145,773500
2021-05-03,158.500000,161.259995,158.429993,159.800003,156.941818,569400
2021-05-04,158.770004,165.910004,158.460007,165.149994,162.196121,1167900
2021-05-05,166.020004,168.520004,164.550003,167.490005,164.494278,910700
2021-05-06,167.660004,168.589996,163.869995,168.389999,165.378174,667600
2021-05-07,166.550003,168.800003,165.899994,168.630005,165.613892,520200
2021-05-10,170.000000,171.000000,167.100006,167.199997,164.209457,615100
2021-05-11,166.000000,168.660004,164.679993,168.199997,165.191559,469600
2021-05-12,167.580002,168.059998,162.639999,163.000000,160.084579,527300
2021-05-13,163.589996,167.050003,162.929993,166.649994,163.669296,603400
2021-05-14,166.759995,168.000000,166.250000,167.190002,164.199631,545900
2021-05-17,166.649994,169.279999,165.729996,169.029999,166.006729,500100
2021-05-18,168.990005,170.210007,166.919998,167.029999,164.042496,552800
2021-05-19,164.710007,166.070007,162.759995,164.389999,161.449707,846100
2021-05-20,164.039993,165.039993,162.899994,164.279999,161.341675,629200
2021-05-21,165.720001,166.570007,164.080002,164.149994,161.214005,728300
2021-05-24,165.509995,167.139999,164.399994,165.949997,162.981812,590900
2021-05-25,166.360001,167.589996,163.520004,163.809998,160.880096,644000
2021-05-26,163.740005,164.410004,161.850006,163.949997,161.017593,833000
2021-05-27,166.110001,166.910004,164.600006,165.389999,162.431839,1350100
2021-05-28,165.619995,165.720001,163.460007,165.449997,162.490753,673600
2021-06-01,168.240005,169.410004,167.149994,168.429993,165.417450,1093700
2021-06-02,168.649994,168.949997,165.630005,165.789993,162.824661,498100
2021-06-03,165.050003,167.179993,163.139999,167.119995,164.130875,546000
2021-06-04,167.910004,168.250000,165.960007,166.339996,163.364838,640800
2021-06-07,167.000000,167.389999,164.550003,165.300003,162.343445,567800
2021-06-08,164.179993,166.440002,162.649994,164.990005,162.038986,557700
2021-06-09,161.729996,163.539993,160.350006,162.279999,159.377457,511100
2021-06-10,164.360001,164.750000,161.059998,161.139999,158.257843,526000
2021-06-11,162.179993,163.589996,160.070007,160.339996,157.472137,581900
2021-06-14,159.759995,160.369995,155.699997,156.470001,153.671356,774500
2021-06-15,156.940002,157.720001,155.419998,156.699997,153.897263,703700
2021-06-16,155.960007,156.570007,151.929993,152.630005,149.900070,1195100
2021-06-17,152.399994,152.820007,144.589996,147.839996,145.195740,1103200
2021-06-18,145.210007,146.979996,145.070007,146.470001,143.850235,1760700
2021-06-21,148.350006,150.669998,148.350006,149.369995,146.698380,633500
2021-06-22,149.710007,149.789993,147.490005,148.580002,145.922501,632400
2021-06-23,149.500000,149.800003,147.880005,148.750000,146.089462,659200
2021-06-24,149.800003,151.130005,148.559998,150.009995,147.326920,623500
2021-06-25,150.940002,152.089996,149.639999,150.190002,147.503708,1737300
2021-06-28,150.320007,150.320007,147.229996,148.350006,145.696609,539200
2021-06-29,149.320007,150.320007,146.800003,147.080002,144.449310,554600
2021-06-30,147.000000,152.199997,146.809998,151.600006,148.888489,999600
2021-07-01,154.699997,155.250000,150.690002,153.139999,150.400925,940000
2021-07-02,153.279999,155.410004,151.899994,154.729996,151.962494,846600
2021-07-06,154.350006,154.570007,148.679993,150.179993,147.493866,705900
2021-07-07,149.050003,152.979996,149.050003,151.470001,148.760818,449500
2021-07-08,148.860001,150.309998,147.460007,149.729996,147.051926,666100
2021-07-09,152.580002,154.080002,151.720001,153.529999,150.783951,730600
2021-07-12,151.729996,154.990005,151.350006,154.380005,151.618759,673900
2021-07-13,154.389999,154.660004,151.800003,154.169998,151.412521,673800
2021-07-14,154.630005,156.020004,153.550003,154.130005,151.373245,573800
2021-07-15,154.080002,158.089996,153.960007,155.960007,153.170502,1025600
2021-07-16,156.259995,156.740005,151.729996,152.350006,149.625076,951300
2021-07-19,148.990005,149.570007,144.839996,147.619995,144.979660,916600
2021-07-20,146.970001,151.059998,145.600006,151.000000,148.299225,836100
2021-07-21,152.649994,154.580002,151.270004,151.470001,148.760818,769400
2021-07-22,151.119995,151.750000,148.369995,148.880005,146.217148,887400
2021-07-23,153.460007,155.399994,148.899994,152.809998,150.765442,1511600
2021-07-26,154.830002,155.350006,151.380005,153.559998,151.505417,998100
2021-07-27,151.679993,154.929993,149.020004,154.100006,152.038208,809200
2021-07-28,154.529999,154.639999,152.089996,153.860001,151.801392,348500
2021-07-29,155.000000,156.649994,154.960007,155.679993,153.597031,529800
2021-07-30,155.699997,158.210007,154.809998,155.770004,153.685852,534100
2021-08-02,156.279999,158.570007,153.960007,153.990005,151.929672,572700
2021-08-03,154.139999,156.399994,151.720001,156.229996,154.139694,820000
2021-08-04,155.190002,155.779999,152.520004,152.529999,150.489197,464200
2021-08-05,153.490005,154.610001,152.750000,153.050003,151.002258,835400
2021-08-06,154.220001,156.270004,154.100006,155.460007,153.379990,541700
2021-08-09,155.009995,157.649994,153.949997,156.500000,154.406067,593000
2021-08-10,156.399994,161.000000,156.399994,160.339996,158.194702,677400
2021-08-11,161.009995,163.570007,160.149994,163.169998,160.986847,828500
2021-08-12,163.320007,163.809998,161.229996,162.820007,160.641525,485600
2021-08-13,162.880005,163.220001,161.449997,162.380005,160.207413,382800
2021-08-16,160.960007,161.000000,158.250000,159.509995,157.375809,592600
2021-08-17,158.119995,158.250000,154.460007,156.740005,154.642883,469800
2021-08-18,155.979996,157.089996,154.679993,154.830002,152.758423,473300
2021-08-19,152.089996,153.630005,150.860001,152.360001,150.321472,517200
2021-08-20,151.929993,154.229996,151.580002,153.809998,151.752075,670100
2021-08-23,154.979996,156.300003,154.320007,155.449997,153.370117,424200
2021-08-24,156.250000,157.960007,155.630005,157.440002,155.333511,426000
2021-08-25,156.979996,159.690002,156.259995,159.100006,156.971298,327400
2021-08-26,158.990005,158.990005,157.419998,158.190002,156.073471,365700
2021-08-27,158.839996,161.350006,158.619995,160.250000,158.105896,407900
2021-08-30,161.139999,161.160004,159.330002,159.380005,157.247559,358700
2021-08-31,159.000000,159.479996,157.979996,158.600006,156.477997,912600
2021-09-01,158.770004,159.199997,156.190002,157.029999,154.929001,488700
2021-09-02,157.369995,159.199997,156.270004,156.399994,154.307404,538000
2021-09-03,156.089996,156.320007,153.990005,155.139999,153.064285,559200
2021-09-07,153.660004,154.160004,151.690002,152.479996,150.439865,669200
2021-09-08,152.500000,152.669998,150.679993,151.100006,149.078339,559600
2021-09-09,150.789993,154.470001,150.630005,152.860001,150.814789,451400
2021-09-10,154.119995,154.710007,152.729996,153.210007,151.160095,359100
2021-09-13,154.759995,155.070007,153.139999,153.880005,151.821136,468200
2021-09-14,154.570007,154.960007,149.509995,149.710007,147.706940,713500
2021-09-15,150.309998,151.880005,149.809998,151.259995,149.236191,1099200
2021-09-16,151.029999,154.309998,150.500000,152.360001,150.321472,816700
2021-09-17,151.690002,152.500000,147.869995,148.910004,146.917648,1377400
2021-09-20,144.860001,145.639999,142.179993,145.190002,143.247406,1047000
2021-09-21,146.250000,146.750000,143.729996,146.000000,144.046570,789200
2021-09-22,147.720001,149.500000,145.460007,145.669998,143.720978,1188900
2021-09-23,147.029999,151.869995,146.330002,149.449997,147.450394,1219100
2021-09-24,149.199997,153.990005,148.979996,152.850006,150.804916,995900
2021-09-27,154.860001,156.800003,154.470001,155.259995,153.182663,862200
2021-09-28,155.770004,156.490005,152.979996,153.350006,151.298233,633700
2021-09-29,153.410004,154.490005,152.059998,153.850006,151.791534,436200
2021-09-30,154.759995,155.130005,150.509995,150.639999,148.624496,495600
2021-10-01,151.520004,154.270004,150.809998,153.320007,151.268631,483600
2021-10-04,154.169998,155.740005,152.020004,153.279999,151.229172,513800
2021-10-05,154.410004,160.380005,153.949997,159.789993,157.652054,919400
2021-10-06,157.410004,159.130005,154.820007,158.839996,156.714767,755900
2021-10-07,160.740005,161.600006,159.169998,160.070007,157.928314,519500
2021-10-08,160.630005,160.949997,158.770004,159.070007,156.941696,458900
2021-10-11,160.470001,161.800003,159.710007,159.820007,157.681671,507500
2021-10-12,159.490005,160.100006,158.699997,159.240005,157.109421,552500
2021-10-13,159.779999,160.169998,156.860001,158.669998,156.547043,520800
2021-10-14,160.190002,163.089996,160.000000,162.740005,160.562592,601200
2021-10-15,164.440002,166.529999,163.710007,164.750000,162.545685,692200
2021-10-18,164.000000,164.600006,163.020004,163.979996,161.786011,557000
2021-10-19,165.100006,165.539993,163.699997,164.610001,162.407578,584700
2021-10-20,165.509995,168.839996,165.009995,166.559998,164.331482,611100
2021-10-21,166.330002,166.610001,163.929993,165.770004,163.552063,540300
2021-10-22,170.009995,172.509995,167.449997,168.479996,166.225800,906300
2021-10-25,169.940002,171.979996,167.750000,171.410004,169.116592,631400
2021-10-26,172.100006,173.929993,171.320007,171.509995,169.215240,645700
2021-10-27,170.410004,170.520004,163.460007,163.580002,161.391357,691000
2021-10-28,164.070007,166.589996,164.070007,165.470001,163.256073,542600
2021-10-29,164.570007,165.330002,160.550003,161.509995,160.006592,843500
2021-11-01,161.809998,163.570007,161.119995,161.509995,160.006592,846200
2021-11-02,162.509995,166.669998,161.789993,166.130005,164.583603,804300
2021-11-03,165.339996,167.960007,165.339996,166.600006,165.049225,627800
2021-11-04,166.880005,167.759995,165.619995,166.820007,165.267181,695400
2021-11-05,167.949997,170.919998,166.979996,169.399994,167.823151,680400
2021-11-08,170.690002,172.440002,169.779999,169.990005,168.407669,677500
2021-11-09,169.660004,173.899994,169.639999,172.910004,171.300476,810400
2021-11-10,172.910004,174.050003,168.419998,168.960007,167.387253,739500
2021-11-11,169.449997,171.559998,168.610001,170.550003,168.962448,844900
2021-11-12,172.039993,172.179993,170.059998,170.130005,168.546356,895500
2021-11-15,170.369995,171.250000,166.050003,167.419998,165.861588,1053200
2021-11-16,167.320007,169.250000,166.869995,168.630005,167.060318,612800
2021-11-17,168.160004,168.690002,166.589996,166.899994,165.346405,457400
2021-11-18,167.710007,168.690002,166.429993,167.460007,165.901215,453700
2021-11-19,166.880005,167.169998,164.080002,165.740005,164.197220,428400
2021-11-22,163.160004,168.389999,162.979996,166.000000,164.454803,697300
2021-11-23,166.750000,169.119995,165.320007,167.490005,165.930923,579600
2021-11-24,165.889999,167.970001,165.190002,165.960007,164.415176,546600
2021-11-26,161.000000,162.639999,159.050003,160.889999,159.392365,390800
2021-11-29,161.979996,162.320007,159.429993,159.789993,158.302597,1011800
2021-11-30,157.979996,158.919998,150.660004,151.360001,149.951080,1334200
2021-12-01,154.669998,156.009995,148.839996,148.940002,147.553604,870500
2021-12-02,149.740005,154.910004,148.529999,153.839996,152.407990,830100
2021-12-03,154.279999,157.350006,152.179993,153.419998,151.991898,681400
2021-12-06,156.020004,159.880005,155.070007,158.160004,156.687775,714700
2021-12-07,159.789993,161.660004,159.419998,159.850006,158.362061,1185400
2021-12-08,160.800003,161.179993,158.300003,159.820007,158.332321,681000
2021-12-09,158.580002,159.860001,157.679993,158.619995,157.143494,451700
2021-12-10,160.550003,161.350006,158.979996,160.919998,159.422089,604500
2021-12-13,160.449997,160.949997,158.029999,158.070007,156.598618,621700
2021-12-14,157.539993,161.619995,156.789993,159.589996,158.104462,793700
2021-12-15,159.070007,160.309998,156.529999,160.029999,158.540359,739500
2021-12-16,162.289993,164.320007,161.429993,163.080002,161.561981,656300
2021-12-17,162.179993,162.419998,158.949997,159.229996,157.747803,1510100
2021-12-20,157.309998,157.339996,152.419998,155.899994,154.448807,695900
2021-12-21,157.470001,160.250000,157.470001,158.539993,157.064224,921500
2021-12-22,158.800003,159.919998,157.529999,159.470001,157.985580,504600
2021-12-23,160.100006,162.440002,160.009995,161.320007,159.818359,307700
2021-12-27,162.240005,163.910004,161.360001,163.830002,162.305008,255800
2021-12-28,163.570007,165.970001,163.570007,165.479996,163.939636,284800
2021-12-29,165.500000,167.740005,165.500000,167.080002,165.524750,306700
2021-12-30,167.210007,168.339996,166.070007,166.130005,164.583603,388800
2021-12-31,165.410004,169.020004,165.240005,168.059998,166.495621,460600
2022-01-03,168.899994,169.630005,166.619995,167.490005,165.930923,693900
2022-01-04,169.149994,172.710007,168.729996,172.179993,170.577271,568100
2022-01-05,173.539993,176.500000,171.919998,173.820007,172.202011,885900
2022-01-06,175.429993,175.729996,171.539993,171.710007,170.111664,565600
2022-01-07,172.979996,173.149994,171.029999,172.070007,170.468307,713500
2022-01-10,171.759995,173.270004,168.179993,170.289993,168.704849,585200
2022-01-11,171.259995,171.500000,168.380005,171.160004,169.566772,393500
2022-01-12,172.500000,173.899994,171.360001,172.740005,171.132065,380700
2022-01-13,172.750000,175.300003,172.729996,173.360001,171.746292,715100
2022-01-14,171.729996,173.949997,169.940002,173.529999,171.914703,543800
2022-01-18,172.410004,172.750000,169.369995,170.520004,168.932724,673400
2022-01-19,171.619995,171.619995,167.970001,168.100006,166.535263,474800
2022-01-20,168.259995,169.070007,164.649994,164.990005,163.454208,513400
2022-01-21,164.550003,165.419998,160.240005,160.649994,159.154602,543900
2022-01-24,158.089996,161.559998,155.830002,160.800003,159.303207,871300
2022-01-25,159.110001,161.470001,154.679993,159.839996,158.352142,627900
2022-01-26,160.889999,163.630005,158.080002,159.639999,158.154007,687100
2022-01-27,161.820007,165.479996,159.199997,160.070007,158.580017,912300
2022-01-28,161.130005,161.130005,149.179993,153.179993,151.754120,1890200
2022-01-31,150.720001,155.850006,149.300003,155.710007,154.260590,1301900
2022-02-01,155.199997,158.130005,152.729996,157.630005,156.162720,933900
2022-02-02,157.179993,160.070007,155.570007,158.850006,157.371353,769600
2022-02-03,157.750000,161.419998,157.729996,159.869995,158.381851,691600
2022-02-04,158.509995,160.559998,155.089996,156.509995,155.053131,883600
2022-02-07,157.199997,157.199997,154.050003,155.100006,153.656265,652400
2022-02-08,155.000000,158.740005,154.990005,158.279999,156.806656,622900
2022-02-09,159.869995,161.369995,159.130005,160.600006,159.105072,659900
2022-02-10,159.089996,162.080002,159.089996,160.020004,158.530472,604800
2022-02-11,159.500000,160.279999,155.169998,155.570007,154.121887,809300
2022-02-14,156.240005,156.630005,152.199997,154.169998,152.734924,1077400
2022-02-15,155.339996,159.220001,155.089996,158.309998,156.836365,591200
2022-02-16,156.679993,158.240005,154.570007,156.089996,154.637039,636500
2022-02-17,154.179993,154.970001,152.589996,152.929993,151.506454,560200
2022-02-18,156.300003,158.029999,142.910004,144.250000,143.545532,2863400
2022-02-22,141.000000,145.570007,140.759995,144.070007,143.366425,1874400
2022-02-23,145.000000,145.550003,138.139999,138.500000,137.823608,1386500
2022-02-24,134.820007,137.460007,133.500000,137.210007,136.539917,1672000
2022-02-25,138.100006,142.199997,138.059998,141.279999,140.590042,1145600
2022-02-28,138.369995,139.800003,136.589996,139.279999,138.599808,2049600
2022-03-01,139.440002,140.309998,134.389999,135.660004,134.997482,2138500
2022-03-02,136.710007,143.910004,136.460007,143.289993,142.590210,1703000
2022-03-03,144.179993,145.919998,143.289993,144.729996,144.023178,1495100
2022-03-04,141.610001,142.750000,138.720001,141.899994,141.207001,1149100
2022-03-07,140.229996,141.100006,133.380005,133.619995,132.967438,1493600
2022-03-08,135.369995,137.740005,132.259995,133.899994,133.246078,1267200
2022-03-09,137.300003,140.259995,136.440002,138.610001,137.933075,1322000
2022-03-10,136.479996,139.089996,136.479996,138.580002,137.903229,1279500
2022-03-11,139.380005,141.389999,137.880005,138.009995,137.335999,1281100
2022-03-14,139.270004,142.759995,137.820007,139.809998,139.127213,1272100
2022-03-15,140.160004,140.940002,135.199997,138.539993,137.863419,1556300
2022-03-16,140.179993,143.080002,139.339996,142.240005,141.545349,916900
2022-03-17,140.710007,142.820007,139.789993,142.570007,141.873749,1030100
2022-03-18,144.160004,144.160004,139.679993,142.850006,142.152374,2056000
2022-03-21,143.529999,144.880005,141.720001,142.750000,142.052856,776200
2022-03-22,144.089996,144.589996,142.429993,143.679993,142.978317,723600
2022-03-23,143.110001,143.589996,141.470001,141.490005,140.799011,528800
2022-03-24,142.339996,144.050003,141.639999,143.860001,143.157440,539800
2022-03-25,143.250000,144.529999,142.789993,144.110001,143.406219,539000
2022-03-28,143.839996,143.860001,141.470001,143.809998,143.107681,593700
2022-03-29,145.490005,147.139999,144.889999,146.330002,145.615372,763200
2022-03-30,146.330002,146.399994,144.070007,144.639999,143.933624,762200
2022-03-31,144.000000,145.809998,142.839996,142.869995,142.172272,873200
2022-04-01,145.320007,145.320007,141.210007,143.679993,142.978317,802400
2022-04-04,143.679993,144.460007,142.100006,143.380005,142.679794,732500
2022-04-05,142.919998,143.789993,141.889999,142.520004,141.823990,878800
2022-04-06,141.470001,141.639999,138.770004,140.440002,139.754150,942000
2022-04-07,140.600006,141.889999,138.630005,141.130005,140.440781,701800
2022-04-08,142.919998,146.509995,142.470001,144.470001,143.764465,940300
2022-04-11,143.919998,147.699997,143.410004,144.979996,144.271957,989600
2022-04-12,145.210007,147.649994,143.320007,143.970001,143.266907,760600
2022-04-13,143.460007,147.330002,142.970001,147.119995,146.401520,718300
2022-04-14,147.990005,149.389999,145.119995,145.169998,144.461044,987000
2022-04-18,145.250000,146.589996,144.490005,145.320007,144.610321,452000
2022-04-19,145.250000,148.039993,144.690002,147.389999,146.670197,792500
2022-04-20,148.309998,150.000000,147.929993,148.339996,147.615555,965300
2022-04-21,150.619995,151.919998,147.630005,148.039993,147.317017,547400
2022-04-22,147.039993,147.039993,142.660004,142.710007,142.013062,486400
2022-04-25,141.050003,142.320007,136.889999,141.910004,141.216965,713200
2022-04-26,141.479996,143.619995,139.240005,139.240005,138.560013,498500
2022-04-27,139.800003,142.279999,138.470001,140.070007,140.070007,969900
2022-04-28,140.619995,143.770004,138.679993,142.929993,142.929993,1408900
2022-04-29,149.399994,153.979996,146.309998,146.940002,146.940002,1766900
2022-05-02,147.330002,148.960007,142.759995,145.949997,145.949997,1221500
2022-05-03,146.690002,150.669998,146.039993,150.339996,150.339996,881600
2022-05-04,151.449997,156.470001,150.119995,156.080002,156.080002,930900
2022-05-05,155.100006,155.720001,149.179993,151.550003,151.550003,759500
2022-05-06,151.080002,151.240005,147.039993,148.990005,148.990005,1238700
2022-05-09,146.029999,148.380005,142.710007,142.919998,142.919998,1724500
2022-05-10,144.490005,146.169998,140.130005,140.860001,140.860001,1692900
2022-05-11,141.720001,145.309998,141.039993,141.529999,141.529999,991800
2022-05-12,140.559998,140.559998,135.649994,139.020004,139.020004,942100
2022-05-13,140.130005,143.589996,140.119995,142.520004,142.520004,1027800
2022-05-16,141.839996,146.500000,138.820007,144.679993,144.679993,1322300
2022-05-17,152.649994,156.830002,151.240005,155.509995,155.509995,1765800
2022-05-18,153.330002,156.539993,150.750000,151.309998,151.309998,1042000
2022-05-19,149.820007,152.520004,148.529999,150.020004,150.020004,934600
2022-05-20,152.000000,153.869995,148.080002,150.729996,150.729996,1002300
2022-05-23,152.759995,154.039993,150.479996,151.789993,151.789993,662400
2022-05-24,151.000000,151.029999,146.419998,149.470001,149.470001,628800
2022-05-25,149.119995,151.960007,149.100006,151.470001,151.470001,586000
2022-05-26,152.600006,156.660004,152.600006,155.750000,155.750000,559800
2022-05-27,157.360001,159.220001,156.960007,159.210007,159.210007,608300
2022-05-31,157.690002,159.009995,156.320007,156.520004,156.520004,1803100
2022-06-01,156.880005,158.190002,152.750000,155.220001,155.220001,664600
2022-06-02,156.350006,158.539993,155.509995,158.410004,158.410004,400900
2022-06-03,157.160004,158.369995,156.250000,156.830002,156.830002,348400
2022-06-06,157.589996,160.919998,157.339996,159.270004,159.270004,532800
2022-06-07,157.240005,161.369995,156.529999,161.300003,161.300003,595700
2022-06-08,159.410004,160.389999,157.199997,158.440002,158.440002,499200
2022-06-09,156.899994,157.929993,155.139999,155.270004,155.270004,397200
2022-06-10,151.240005,151.389999,145.690002,145.720001,145.720001,748700
2022-06-13,142.360001,143.369995,137.059998,137.729996,137.729996,972200
2022-06-14,137.589996,138.910004,135.100006,136.210007,136.210007,718200
2022-06-15,137.520004,137.759995,131.589996,134.380005,134.380005,1441300
2022-06-16,128.479996,128.910004,121.589996,123.190002,123.190002,1639800
2022-06-17,122.790001,125.320000,119.250000,122.500000,122.500000,3033500
2022-06-21,124.930000,126.540001,123.300003,124.099998,124.099998,1501500
2022-06-22,119.970001,121.949997,118.470001,120.720001,120.720001,1388900
2022-06-23,120.660004,121.180000,118.129997,120.320000,120.320000,1081900
2022-06-24,121.820000,127.580002,121.349998,127.570000,127.570000,1968000
2022-06-27,126.860001,127.570000,123.230003,124.709999,124.709999,1070600
2022-06-28,125.160004,126.669998,122.239998,123.010002,123.010002,1105500
2022-06-29,122.339996,122.699997,117.169998,119.730003,119.730003,1504200
2022-06-30,117.699997,118.970001,115.330002,117.610001,117.610001,1164600
2022-07-01,116.769997,118.790001,113.180000,115.720001,115.720001,1262600