Date,Open,High,Low,Close,Adj Close,Volume
2019-04-16,9.840000,9.850000,9.820000,9.840000,9.840000,770500
2019-04-17,9.890000,9.890000,9.830000,9.840000,9.840000,138100
2019-04-18,9.870000,10.340000,9.840000,9.840000,9.840000,21200
2019-04-22,9.840000,9.840000,9.840000,9.840000,9.840000,100
2019-04-23,9.810000,9.810000,9.810000,9.810000,9.810000,100
2019-04-24,9.840000,9.850000,9.840000,9.850000,9.850000,18400
2019-04-25,9.850000,9.890000,9.850000,9.870000,9.870000,141700
2019-04-26,9.880000,9.880000,9.860000,9.860000,9.860000,130500
2019-04-29,9.860000,9.860000,9.860000,9.860000,9.860000,1470000
2019-04-30,9.840000,9.840000,9.840000,9.840000,9.840000,11000
2019-05-01,9.840000,9.840000,9.840000,9.840000,9.840000,0
2019-05-02,9.860000,9.860000,9.860000,9.860000,9.860000,200
2019-05-03,9.896000,9.905000,9.860000,9.860000,9.860000,700
2019-05-06,9.860000,9.870000,9.860000,9.860000,9.860000,24200
2019-05-07,9.860000,9.860000,9.860000,9.860000,9.860000,0
2019-05-08,9.860000,9.860000,9.860000,9.860000,9.860000,100
2019-05-09,9.860000,9.860000,9.860000,9.860000,9.860000,3300
2019-05-10,9.860000,9.870000,9.860000,9.870000,9.870000,51000
2019-05-13,9.852000,9.852000,9.852000,9.852000,9.852000,200
2019-05-14,9.850000,9.870000,9.850000,9.860000,9.860000,50500
2019-05-15,9.850000,9.880000,9.850000,9.870000,9.870000,196500
2019-05-16,9.870000,9.870000,9.870000,9.870000,9.870000,0
2019-05-17,9.870000,9.870000,9.870000,9.870000,9.870000,1308600
2019-05-20,9.870000,9.870000,9.870000,9.870000,9.870000,0
2019-05-21,9.870000,9.870000,9.850000,9.850000,9.850000,15400
2019-05-22,9.850000,9.870000,9.850000,9.860000,9.860000,63500
2019-05-23,9.850000,9.860000,9.850000,9.860000,9.860000,26300
2019-05-24,9.860000,9.900000,9.850000,9.870000,9.870000,38500
2019-05-28,9.870000,9.870000,9.870000,9.870000,9.870000,0
2019-05-29,9.870000,9.870000,9.870000,9.870000,9.870000,1100
2019-05-30,9.890000,9.920000,9.850000,9.880000,9.880000,84600
2019-05-31,9.880000,9.890000,9.870000,9.880000,9.880000,21700
2019-06-03,9.880000,9.880000,9.880000,9.880000,9.880000,0
2019-06-04,9.880000,9.880000,9.880000,9.880000,9.880000,3900
2019-06-05,9.880000,9.880000,9.860000,9.860000,9.860000,400
2019-06-06,9.865000,9.960000,9.865000,9.880000,9.880000,144700
2019-06-07,9.880000,9.880000,9.880000,9.880000,9.880000,0
2019-06-10,9.880000,9.880000,9.880000,9.880000,9.880000,80700
2019-06-11,9.900000,9.900000,9.900000,9.900000,9.900000,60900
2019-06-12,9.950000,9.950000,9.900000,9.900000,9.900000,4100
2019-06-13,9.900000,9.900000,9.880000,9.880000,9.880000,4800
2019-06-14,9.880000,10.050000,9.880000,10.050000,10.050000,6700
2019-06-17,10.050000,10.050000,9.950000,9.950000,9.950000,51300
2019-06-18,9.930000,9.930000,9.920000,9.920000,9.920000,102000
2019-06-19,9.920000,9.920000,9.920000,9.920000,9.920000,0
2019-06-20,9.900000,9.900000,9.900000,9.900000,9.900000,35100
2019-06-21,9.920000,9.950000,9.920000,9.940000,9.940000,202600
2019-06-24,9.950000,9.950000,9.950000,9.950000,9.950000,400
2019-06-25,9.950000,9.950000,9.950000,9.950000,9.950000,100
2019-06-26,9.960000,9.960000,9.945000,9.945000,9.945000,29100
2019-06-27,9.920000,9.950000,9.920000,9.920000,9.920000,453600
2019-06-28,9.990000,9.990000,9.900000,9.900000,9.900000,4000
2019-07-01,9.900000,9.910000,9.900000,9.900000,9.900000,49400
2019-07-02,9.900000,9.900000,9.890000,9.900000,9.900000,39900
2019-07-03,9.900000,9.900000,9.900000,9.900000,9.900000,3100
2019-07-05,9.900000,9.900000,9.900000,9.900000,9.900000,0
2019-07-08,9.900000,9.950000,9.900000,9.900000,9.900000,37700
2019-07-09,9.900000,9.900000,9.900000,9.900000,9.900000,20000
2019-07-10,9.909000,9.930000,9.909000,9.930000,9.930000,52100
2019-07-11,9.930000,9.930000,9.930000,9.930000,9.930000,0
2019-07-12,9.930000,9.930000,9.930000,9.930000,9.930000,0
2019-07-15,9.944000,9.950000,9.932000,9.937000,9.937000,36100
2019-07-16,9.950000,9.975000,9.950000,9.975000,9.975000,367900
2019-07-17,9.975000,9.975000,9.975000,9.975000,9.975000,100000
2019-07-18,10.000000,10.000000,10.000000,10.000000,10.000000,1000
2019-07-19,10.000000,10.000000,10.000000,10.000000,10.000000,2900
2019-07-22,10.000000,10.000000,10.000000,10.000000,10.000000,100
2019-07-23,9.950000,9.950000,9.930000,9.950000,9.950000,1600
2019-07-24,9.950000,9.950000,9.950000,9.950000,9.950000,0
2019-07-25,9.960000,9.960000,9.960000,9.960000,9.960000,4900
2019-07-26,9.960000,9.960000,9.960000,9.960000,9.960000,200
2019-07-29,9.960000,9.960000,9.960000,9.960000,9.960000,100
2019-07-30,9.960000,9.960000,9.960000,9.960000,9.960000,0
2019-07-31,9.980000,10.000000,9.960000,9.990000,9.990000,4300
2019-08-01,10.000000,10.000000,9.970000,9.970000,9.970000,2258400
2019-08-02,9.980000,9.980000,9.970000,9.980000,9.980000,825200
2019-08-05,9.970000,9.980000,9.970000,9.980000,9.980000,700
2019-08-06,9.980000,10.090000,9.980000,10.000000,10.000000,658800
2019-08-07,9.980000,10.090000,9.980000,10.000000,10.000000,132200
2019-08-08,9.980000,9.990000,9.970000,9.970000,9.970000,304100
2019-08-09,9.980000,9.990000,9.970000,9.970000,9.970000,304100
2019-08-12,9.980000,9.990000,9.970000,9.970000,9.970000,100
2019-08-13,9.964000,9.964000,9.964000,9.964000,9.964000,200
2019-08-14,9.970000,9.980000,9.970000,9.980000,9.980000,3700
2019-08-15,9.950000,9.990000,9.940000,9.990000,9.990000,76400
2019-08-16,9.980000,9.980000,9.980000,9.980000,9.980000,900
2019-08-19,9.980000,9.980000,9.980000,9.980000,9.980000,4700
2019-08-20,9.990000,9.990000,9.990000,9.990000,9.990000,1000
2019-08-21,10.000000,10.000000,10.000000,10.000000,10.000000,10100
2019-08-22,9.980000,9.980000,9.980000,9.980000,9.980000,500
2019-08-23,9.970000,9.970000,9.950000,9.970000,9.970000,11500
2019-08-26,9.970000,9.970000,9.970000,9.970000,9.970000,500
2019-08-27,9.975000,9.980000,9.970000,9.980000,9.980000,93800
2019-08-28,10.000000,10.000000,10.000000,10.000000,10.000000,17700
2019-08-29,9.994000,9.994000,9.994000,9.994000,9.994000,1000
2019-08-30,10.000000,10.020000,10.000000,10.020000,10.020000,51900
2019-09-03,10.000000,10.000000,10.000000,10.000000,10.000000,4500
2019-09-04,10.000000,10.000000,10.000000,10.000000,10.000000,7900
2019-09-05,10.000000,10.000000,10.000000,10.000000,10.000000,2100
2019-09-06,10.000000,10.010000,10.000000,10.010000,10.010000,107600
2019-09-09,10.000000,10.000000,10.000000,10.000000,10.000000,75000
2019-09-10,10.000000,10.050000,10.000000,10.050000,10.050000,4700
2019-09-11,10.040000,10.040000,10.020000,10.020000,10.020000,10700
2019-09-12,10.020000,10.020000,10.020000,10.020000,10.020000,100
2019-09-13,10.010000,10.020000,10.010000,10.010000,10.010000,2200
2019-09-16,10.010000,10.010000,10.010000,10.010000,10.010000,100
2019-09-17,10.010000,10.010000,10.010000,10.010000,10.010000,0
2019-09-18,10.010000,10.010000,9.990000,10.000000,10.000000,24800
2019-09-19,10.020000,10.020000,10.020000,10.020000,10.020000,10400
2019-09-20,10.020000,10.175000,10.000000,10.150000,10.150000,4800
2019-09-23,10.120000,10.120000,10.120000,10.120000,10.120000,200
2019-09-24,10.080000,10.080000,10.050000,10.050000,10.050000,1700
2019-09-25,10.070000,10.070000,10.000000,10.000000,10.000000,9100
2019-09-26,10.000000,10.010000,10.000000,10.010000,10.010000,3100
2019-09-27,10.010000,10.010000,10.010000,10.010000,10.010000,100
2019-09-30,10.010000,10.010000,10.010000,10.010000,10.010000,100
2019-10-01,10.010000,10.010000,10.010000,10.010000,10.010000,100
2019-10-02,10.010000,10.010000,10.010000,10.010000,10.010000,100
2019-10-03,10.010000,10.010000,10.010000,10.010000,10.010000,0
2019-10-04,10.010000,10.010000,10.010000,10.010000,10.010000,0
2019-10-07,10.010000,10.010000,10.010000,10.010000,10.010000,1900
2019-10-08,10.140000,10.140000,10.140000,10.140000,10.140000,200
2019-10-09,10.100000,10.100000,10.090000,10.090000,10.090000,500
2019-10-10,10.060000,10.060000,10.000000,10.060000,10.060000,700
2019-10-11,10.050000,10.050000,9.960000,9.960000,9.960000,7500
2019-10-14,9.960000,9.960000,9.960000,9.960000,9.960000,100
2019-10-15,10.000000,10.000000,10.000000,10.000000,10.000000,400
2019-10-16,10.000000,10.000000,10.000000,10.000000,10.000000,200
2019-10-17,10.000000,10.000000,10.000000,10.000000,10.000000,1100
2019-10-18,10.010000,10.030000,10.010000,10.030000,10.030000,4000
2019-10-21,10.060000,10.060000,10.060000,10.060000,10.060000,100
2019-10-22,10.060000,10.060000,10.060000,10.060000,10.060000,0
2019-10-23,10.060000,10.060000,10.060000,10.060000,10.060000,0
2019-10-24,10.060000,10.060000,10.060000,10.060000,10.060000,0
2019-10-25,10.060000,10.060000,10.060000,10.060000,10.060000,0
2019-10-28,10.060000,10.060000,10.060000,10.060000,10.060000,0
2019-10-29,10.040000,10.040000,10.040000,10.040000,10.040000,400
2019-10-30,10.048000,10.060000,10.030000,10.030000,10.030000,200300
2019-10-31,10.030000,10.050000,10.030000,10.050000,10.050000,2400
2019-11-01,10.050000,10.060000,10.050000,10.060000,10.060000,300
2019-11-04,10.060000,10.060000,10.060000,10.060000,10.060000,0
2019-11-05,10.030000,10.050000,10.030000,10.050000,10.050000,3300
2019-11-06,10.060000,10.060000,10.050000,10.050000,10.050000,3000
2019-11-07,10.050000,10.060000,10.050000,10.050000,10.050000,52000
2019-11-08,10.080000,10.080000,10.050000,10.050000,10.050000,4400
2019-11-11,10.060000,10.060000,10.060000,10.060000,10.060000,200
2019-11-12,10.060000,10.060000,10.060000,10.060000,10.060000,0
2019-11-13,10.040000,10.040000,10.030000,10.030000,10.030000,1800
2019-11-14,10.030000,10.030000,10.030000,10.030000,10.030000,0
2019-11-15,10.030000,10.030000,10.030000,10.030000,10.030000,0
2019-11-18,10.060000,10.060000,10.030000,10.030000,10.030000,400
2019-11-19,10.040000,10.040000,10.040000,10.040000,10.040000,15600
2019-11-20,10.050000,10.050000,10.040000,10.040000,10.040000,3300
2019-11-21,10.040000,10.040000,10.040000,10.040000,10.040000,0
2019-11-22,10.050000,10.050000,10.050000,10.050000,10.050000,1000
2019-11-25,10.060000,10.060000,10.060000,10.060000,10.060000,1000
2019-11-26,10.060000,10.060000,10.060000,10.060000,10.060000,1000
2019-11-27,10.060000,10.060000,10.060000,10.060000,10.060000,1100
2019-11-29,10.060000,10.070000,10.060000,10.070000,10.070000,16500
2019-12-02,10.070000,10.070000,10.070000,10.070000,10.070000,300
2019-12-03,10.070000,10.070000,10.070000,10.070000,10.070000,0
2019-12-04,10.080000,10.080000,10.080000,10.080000,10.080000,4100
2019-12-05,10.090000,10.090000,10.090000,10.090000,10.090000,2600
2019-12-06,10.090000,10.090000,10.090000,10.090000,10.090000,0
2019-12-09,10.080000,10.090000,10.080000,10.090000,10.090000,13000
2019-12-10,10.090000,10.090000,10.080000,10.090000,10.090000,27100
2019-12-11,10.100000,10.100000,10.100000,10.100000,10.100000,2000
2019-12-12,10.100000,10.100000,10.100000,10.100000,10.100000,36900
2019-12-13,10.100000,10.100000,10.100000,10.100000,10.100000,2200
2019-12-16,10.110000,10.140000,10.110000,10.140000,10.140000,5900
2019-12-17,10.130000,10.130000,10.130000,10.130000,10.130000,2000
2019-12-18,10.130000,10.135000,10.120000,10.130000,10.130000,6100
2019-12-19,10.140000,10.150000,10.110000,10.150000,10.150000,121100
2019-12-20,10.140000,10.150000,10.140000,10.150000,10.150000,24500
2019-12-23,10.140000,10.140000,10.140000,10.140000,10.140000,2300
2019-12-24,10.140000,10.140000,10.140000,10.140000,10.140000,0
2019-12-26,10.130000,10.130000,10.130000,10.130000,10.130000,1000
2019-12-27,10.140000,10.140000,10.140000,10.140000,10.140000,100500
2019-12-30,10.150000,10.160000,10.150000,10.160000,10.160000,5300
2019-12-31,10.140000,10.160000,10.140000,10.160000,10.160000,45800
2020-01-02,10.150000,10.160000,10.150000,10.160000,10.160000,64100
2020-01-03,10.160000,10.160000,10.160000,10.160000,10.160000,19300
2020-01-06,10.160000,10.180000,10.160000,10.180000,10.180000,53100
2020-01-07,10.200000,10.200000,10.190000,10.190000,10.190000,300100
2020-01-08,10.200000,10.240000,10.200000,10.240000,10.240000,625500
2020-01-09,10.200000,10.210000,10.200000,10.200000,10.200000,39200
2020-01-10,10.200000,10.200000,10.200000,10.200000,10.200000,1000
2020-01-13,10.200000,10.200000,10.200000,10.200000,10.200000,0
2020-01-14,10.200000,10.200000,10.200000,10.200000,10.200000,530300
2020-01-15,10.200000,10.230000,10.200000,10.220000,10.220000,523500
2020-01-16,10.240000,10.250000,10.220000,10.250000,10.250000,75700
2020-01-17,10.230000,10.230000,10.230000,10.230000,10.230000,5600
2020-01-21,10.210000,10.250000,10.210000,10.230000,10.230000,581100
2020-01-22,10.230000,10.260000,10.230000,10.260000,10.260000,5300
2020-01-23,10.260000,10.260000,10.260000,10.260000,10.260000,0
2020-01-24,10.250000,10.250000,10.250000,10.250000,10.250000,3000
2020-01-27,10.230000,10.230000,10.226000,10.226000,10.226000,18000
2020-01-28,10.230000,10.240000,10.230000,10.230000,10.230000,4300
2020-01-29,10.230000,10.230000,10.230000,10.230000,10.230000,0
2020-01-30,10.230000,10.260000,10.230000,10.230000,10.230000,37600
2020-01-31,10.230000,10.230000,10.230000,10.230000,10.230000,250100
2020-02-03,10.260000,10.260000,10.240000,10.240000,10.240000,7000
2020-02-04,10.260000,10.280000,10.255000,10.260000,10.260000,227100
2020-02-05,10.271000,10.271000,10.250000,10.260000,10.260000,208000
2020-02-06,10.280000,10.290000,10.240000,10.240000,10.240000,56700
2020-02-07,10.290000,10.290000,10.270000,10.270000,10.270000,3600
2020-02-10,10.270000,10.270000,10.270000,10.270000,10.270000,0
2020-02-11,10.270000,10.270000,10.270000,10.270000,10.270000,2600
2020-02-12,10.270000,10.270000,10.270000,10.270000,10.270000,0
2020-02-13,10.270000,10.270000,10.270000,10.270000,10.270000,300
2020-02-14,10.380000,10.380000,10.245000,10.280000,10.280000,490300
2020-02-18,10.290000,10.290000,10.240000,10.240000,10.240000,92300
2020-02-19,10.280000,10.280000,10.260000,10.260000,10.260000,3900
2020-02-20,10.320000,10.320000,10.300000,10.300000,10.300000,1300
2020-02-21,10.300000,10.300000,10.300000,10.300000,10.300000,0
2020-02-24,10.380000,10.380000,10.300000,10.300000,10.300000,337200
2020-02-25,10.280000,10.280000,10.250000,10.250000,10.250000,7500
2020-02-26,10.260000,10.260000,10.260000,10.260000,10.260000,7700
2020-02-27,10.300000,10.300000,10.300000,10.300000,10.300000,100
2020-02-28,10.280000,10.280000,10.230000,10.260000,10.260000,163000
2020-03-02,10.260000,10.260000,10.250000,10.250000,10.250000,604300
2020-03-03,10.250000,10.260000,10.240000,10.250000,10.250000,209100
2020-03-04,10.240000,10.240000,10.229000,10.230000,10.230000,100700
2020-03-05,10.260000,10.260000,10.250000,10.250000,10.250000,10400
2020-03-06,10.250000,10.250000,10.250000,10.250000,10.250000,1400
2020-03-09,10.250000,10.250000,10.210000,10.220000,10.220000,58800
2020-03-10,10.220000,10.280000,10.180000,10.200000,10.200000,4207800
2020-03-11,10.180000,10.250000,10.170000,10.220000,10.220000,62900
2020-03-12,10.060000,10.190000,10.020000,10.190000,10.190000,561800
2020-03-13,10.225000,10.260000,10.100000,10.100000,10.100000,1301500
2020-03-16,10.100000,10.100000,10.100000,10.100000,10.100000,600000
2020-03-17,9.950000,10.300000,9.950000,10.190000,10.190000,266200
2020-03-18,9.950000,10.190000,9.210000,9.750000,9.750000,611300
2020-03-19,9.800000,9.820000,9.750000,9.820000,9.820000,1400
2020-03-20,9.960000,9.960000,9.960000,9.960000,9.960000,50100
2020-03-23,9.950000,9.960000,9.890000,9.910000,9.910000,77900
2020-03-24,9.920000,9.980000,9.920000,9.980000,9.980000,123300
2020-03-25,9.980000,10.160000,9.950000,10.010000,10.010000,53000
2020-03-26,10.250000,10.250000,10.040000,10.150000,10.150000,5100
2020-03-27,9.950000,10.150000,9.950000,10.080000,10.080000,24100
2020-03-30,10.100000,10.140000,10.100000,10.130000,10.130000,1500
2020-03-31,10.130000,10.130000,10.110000,10.110000,10.110000,800
2020-04-01,10.110000,10.130000,10.080000,10.100000,10.100000,7000
2020-04-02,10.110000,10.120000,10.080000,10.080000,10.080000,36400
2020-04-03,10.110000,10.130000,10.060000,10.110000,10.110000,242800
2020-04-06,10.090000,10.130000,10.090000,10.110000,10.110000,37100
2020-04-07,10.080000,10.080000,10.080000,10.080000,10.080000,9600
2020-04-08,10.120000,10.150000,10.120000,10.130000,10.130000,11800
2020-04-09,10.100000,10.140000,10.100000,10.100000,10.100000,13900
2020-04-13,10.110000,10.110000,10.110000,10.110000,10.110000,300
2020-04-14,10.140000,10.140000,10.120000,10.120000,10.120000,1400
2020-04-15,10.140000,10.160000,10.100000,10.140000,10.140000,102900
2020-04-16,10.150000,10.300000,10.140000,10.150000,10.150000,649900
2020-04-17,10.150000,10.170000,10.140000,10.150000,10.150000,104100
2020-04-20,10.150000,10.150000,10.150000,10.150000,10.150000,500
2020-04-21,10.150000,10.150000,10.150000,10.150000,10.150000,0
2020-04-22,10.150000,10.150000,10.150000,10.150000,10.150000,0
2020-04-23,10.170000,10.170000,10.150000,10.160000,10.160000,247700
2020-04-24,10.140000,10.240000,10.130000,10.140000,10.140000,1300
2020-04-27,10.150000,10.160000,10.150000,10.150000,10.150000,27000
2020-04-28,10.150000,10.150000,10.150000,10.150000,10.150000,800
2020-04-29,10.150000,10.150000,10.150000,10.150000,10.150000,160700
2020-04-30,10.150000,10.150000,10.150000,10.150000,10.150000,0
2020-05-01,10.150000,10.150000,10.150000,10.150000,10.150000,0
2020-05-04,10.150000,10.150000,10.150000,10.150000,10.150000,0
2020-05-05,10.150000,10.150000,10.150000,10.150000,10.150000,2300
2020-05-06,10.160000,10.160000,10.130000,10.160000,10.160000,109000
2020-05-07,10.155000,10.220000,10.150000,10.155000,10.155000,26400
2020-05-08,10.155000,10.155000,10.155000,10.155000,10.155000,0
2020-05-11,10.160000,10.160000,10.150000,10.150000,10.150000,65400
2020-05-12,10.180000,10.180000,10.180000,10.180000,10.180000,200
2020-05-13,10.170000,10.170000,10.150000,10.150000,10.150000,4100
2020-05-14,10.160000,10.170000,10.160000,10.170000,10.170000,1300
2020-05-15,10.170000,10.170000,10.170000,10.170000,10.170000,0
2020-05-18,10.180000,10.200000,10.180000,10.200000,10.200000,1900
2020-05-19,10.210000,10.210000,10.200000,10.200000,10.200000,53300
2020-05-20,10.200000,10.245000,10.200000,10.225000,10.225000,30900
2020-05-21,10.225000,10.225000,10.225000,10.225000,10.225000,0
2020-05-22,10.500000,11.550000,10.230000,10.240000,10.240000,108200
2020-05-26,10.620000,10.620000,10.334000,10.350000,10.350000,4500
2020-05-27,10.350000,10.350000,10.350000,10.350000,10.350000,0
2020-05-28,10.220000,10.220000,10.220000,10.220000,10.220000,500
2020-05-29,10.220000,10.220000,10.220000,10.220000,10.220000,0
2020-06-01,10.250000,10.250000,10.250000,10.250000,10.250000,200100
2020-06-02,10.270000,10.300000,10.270000,10.300000,10.300000,86600
2020-06-03,10.260000,10.260000,10.260000,10.260000,10.260000,1100
2020-06-04,10.260000,10.260000,10.260000,10.260000,10.260000,2600
2020-06-05,10.300000,10.350000,10.280000,10.290000,10.290000,155800
2020-06-08,10.290000,10.290000,10.290000,10.290000,10.290000,0
2020-06-09,10.290000,10.450000,10.290000,10.350000,10.350000,126800
2020-06-10,10.320000,10.320000,10.290000,10.290000,10.290000,781200
2020-06-11,10.290000,10.440000,10.290000,10.350000,10.350000,90600
2020-06-12,10.290000,10.450000,10.290000,10.400000,10.400000,14200
2020-06-15,10.350000,10.400000,10.350000,10.400000,10.400000,2300
2020-06-16,10.400000,10.400000,10.400000,10.400000,10.400000,100
2020-06-17,10.425000,10.505000,10.360000,10.400000,10.400000,92300
2020-06-18,10.400000,10.643000,10.400000,10.545000,10.545000,160400
2020-06-19,10.600000,10.795000,10.500000,10.590000,10.590000,80600
2020-06-22,10.650000,10.650000,10.590000,10.635000,10.635000,39800
2020-06-23,10.600000,10.651000,10.600000,10.600000,10.600000,5600
2020-06-24,10.460000,10.460000,10.425000,10.450000,10.450000,216800
2020-06-25,10.500000,10.500000,10.410000,10.410000,10.410000,17500
2020-06-26,10.445000,10.470000,10.420000,10.445000,10.445000,231500
2020-06-29,10.500000,10.720000,10.450000,10.600000,10.600000,773100
2020-06-30,10.414000,10.830000,10.410000,10.750000,10.750000,54800
2020-07-01,10.850000,10.900000,10.740000,10.850000,10.850000,76900
2020-07-02,10.890000,10.890000,10.650000,10.750000,10.750000,63200
2020-07-06,10.850000,10.850000,10.610000,10.750000,10.750000,199600
2020-07-07,10.610000,10.760000,10.555000,10.650000,10.650000,160000
2020-07-08,10.740000,10.750000,10.500000,10.660000,10.660000,440700
2020-07-09,10.650000,11.000000,10.650000,10.980000,10.980000,702600
2020-07-10,11.040000,11.100000,11.000000,11.100000,11.100000,597200
2020-07-13,11.200000,11.295000,10.950000,11.030000,11.030000,301200
2020-07-14,11.030000,11.230000,10.510000,10.980000,10.980000,310100
2020-07-15,11.000000,11.050000,10.840000,11.030000,11.030000,353800
2020-07-16,11.070000,11.070000,10.800000,10.980000,10.980000,587500
2020-07-17,11.100000,11.100000,10.870000,11.000000,11.000000,182600
2020-07-20,11.150000,11.180000,10.900000,11.015000,11.015000,435100
2020-07-21,11.080000,11.100000,11.000000,11.060000,11.060000,174000
2020-07-22,11.100000,11.180000,10.970000,11.100000,11.100000,443100
2020-07-23,12.050000,12.400000,11.700000,11.930000,11.930000,4764800
2020-07-24,11.520000,11.900000,11.502000,11.650000,11.650000,609500
2020-07-27,11.720000,11.800000,11.310000,11.380000,11.380000,421100
2020-07-28,11.520000,11.520000,11.150000,11.300000,11.300000,276700
2020-07-29,11.270000,11.570000,11.110000,11.520000,11.520000,866700
2020-07-30,11.190000,11.400000,11.070000,11.170000,11.170000,522400
2020-07-31,11.200000,11.200000,10.600000,10.900000,10.900000,774800
2020-08-03,11.080000,11.100000,10.650000,10.880000,10.880000,617700
2020-08-04,11.450000,11.690000,11.080000,11.500000,11.500000,2199400
2020-08-05,11.600000,11.650000,11.210000,11.400000,11.400000,352800
2020-08-06,11.400000,11.400000,11.000000,11.380000,11.380000,408000
2020-08-07,11.190000,11.310000,11.080000,11.130000,11.130000,341000
2020-08-10,11.190000,11.250000,10.550000,10.790000,10.790000,1940400
2020-08-11,10.900000,11.000000,10.740000,10.980000,10.980000,475000
2020-08-12,11.000000,11.000000,10.770000,10.850000,10.850000,331900
2020-08-13,10.800000,10.920000,10.770000,10.800000,10.800000,235200
2020-08-14,10.800000,10.900000,10.740000,10.790000,10.790000,261100
2020-08-17,10.850000,10.850000,10.617000,10.680000,10.680000,261400
2020-08-18,10.810000,10.990000,10.440000,10.490000,10.490000,9637200
2020-08-19,10.600000,10.600000,10.350000,10.480000,10.480000,2506900
2020-08-20,10.500000,10.520000,10.390000,10.450000,10.450000,1083400
2020-08-21,10.460000,10.510000,10.370000,10.430000,10.430000,1620000
2020-08-24,10.490000,10.858000,10.460000,10.610000,10.610000,1839600
2020-08-25,10.790000,11.000000,10.680000,10.850000,10.850000,2601500
2020-08-26,11.000000,11.200000,10.830000,10.980000,10.980000,1859300
2020-08-27,11.000000,11.060000,10.740000,10.940000,10.940000,1867500
2020-08-28,10.990000,10.990000,10.800000,10.850000,10.850000,908100
2020-08-31,10.960000,10.970000,10.730000,10.790000,10.790000,913400
2020-09-01,10.900000,10.900000,10.540000,10.690000,10.690000,1277400
2020-09-02,10.810000,11.090000,10.800000,10.950000,10.950000,2412400
2020-09-03,10.950000,10.960000,10.600000,10.800000,10.800000,1114700
2020-09-04,10.720000,10.880000,10.460000,10.780000,10.780000,1357400
2020-09-08,10.755000,11.250000,10.740000,11.000000,11.000000,1537200
2020-09-09,11.150000,11.230000,10.770000,11.060000,11.060000,1383900
2020-09-10,11.230000,11.240000,11.000000,11.150000,11.150000,1324000
2020-09-11,11.160000,11.990000,11.110000,11.590000,11.590000,2628400
2020-09-14,11.950000,13.100000,11.860000,12.710000,12.710000,4885900
2020-09-15,12.920000,13.500000,12.810000,13.000000,13.000000,3515500
2020-09-16,13.271000,13.440000,12.600000,12.800000,12.800000,1851700
2020-09-17,12.570000,12.838000,12.150000,12.400000,12.400000,1216300
2020-09-18,12.500000,12.590000,11.850000,12.200000,12.200000,1347200
2020-09-21,11.900000,11.980000,11.410000,11.640000,11.640000,1858500
2020-09-22,11.840000,12.230000,11.500000,11.900000,11.900000,1284200
2020-09-23,11.900000,11.931000,10.900000,11.110000,11.110000,2367800
2020-09-24,10.810000,11.280000,10.570000,10.960000,10.960000,1947100
2020-09-25,11.119000,11.200000,11.000000,11.200000,11.200000,1092800
2020-09-28,11.330000,11.392000,11.030000,11.300000,11.300000,748300
2020-09-29,11.170000,11.250000,11.050000,11.170000,11.170000,536900
2020-09-30,11.250000,11.250000,11.060000,11.140000,11.140000,604500
2020-10-01,11.120000,11.200000,10.820000,11.130000,11.130000,850800
2020-10-02,10.730000,11.150000,10.710000,10.980000,10.980000,808200
2020-10-05,10.980000,11.070000,10.650000,10.770000,10.770000,1021100
2020-10-06,10.740000,10.800000,10.390000,10.560000,10.560000,1447100
2020-10-07,10.520000,10.600000,10.420000,10.510000,10.510000,791000
2020-10-08,10.450000,10.680000,10.450000,10.670000,10.670000,538600
2020-10-09,10.770000,10.790000,10.545000,10.600000,10.600000,466400
2020-10-12,10.530000,10.620000,10.445000,10.460000,10.460000,784800
2020-10-13,10.490000,10.496000,10.300000,10.400000,10.400000,873300
2020-10-14,10.450000,10.460000,10.330000,10.450000,10.450000,342700
2020-10-15,10.440000,10.450000,10.320000,10.380000,10.380000,266100
2020-10-16,10.340000,10.450000,10.340000,10.410000,10.410000,330500
2020-10-19,10.360000,10.550000,10.360000,10.550000,10.550000,514700
2020-10-20,10.530000,10.530000,10.380000,10.380000,10.380000,436600
2020-10-21,10.370000,10.410000,10.350000,10.350000,10.350000,437300
2020-10-22,10.350000,10.470000,10.315000,10.410000,10.410000,940600
2020-10-23,10.400000,10.400000,10.330000,10.350000,10.350000,330500
2020-10-26,10.330000,10.360000,10.320000,10.340000,10.340000,520300
2020-10-27,10.320000,10.400000,10.310000,10.310000,10.310000,520800
2020-10-28,10.290000,10.310000,10.180000,10.310000,10.310000,641100
2020-10-29,10.220000,10.340000,10.220000,10.240000,10.240000,252800
2020-10-30,10.230000,10.270000,10.200000,10.250000,10.250000,401500
2020-11-02,10.250000,10.300000,10.220000,10.230000,10.230000,281500
2020-11-03,10.240000,10.300000,10.220000,10.230000,10.230000,226500
2020-11-04,10.240000,10.320000,10.230000,10.230000,10.230000,346000
2020-11-05,10.240000,10.330000,10.220000,10.230000,10.230000,401900
2020-11-06,10.230000,10.290000,10.230000,10.270000,10.270000,229000
2020-11-09,10.330000,10.330000,10.220000,10.300000,10.300000,1762800
2020-11-10,10.300000,10.310000,10.230000,10.230000,10.230000,325600
2020-11-11,10.290000,10.295000,10.230000,10.250000,10.250000,303200
2020-11-12,10.230000,10.280000,10.230000,10.230000,10.230000,319800
2020-11-13,10.300000,10.300000,10.235000,10.270000,10.270000,502300
2020-11-16,10.300000,10.321000,10.230000,10.250000,10.250000,848200
2020-11-17,10.260000,10.300000,10.250000,10.250000,10.250000,457200
2020-11-18,10.300000,10.480000,10.280000,10.370000,10.370000,1285100
2020-11-19,10.450000,10.890000,10.430000,10.710000,10.710000,2977700
2020-11-20,10.803000,10.836000,10.550000,10.700000,10.700000,1280000
2020-11-23,10.900000,11.560000,10.900000,11.300000,11.300000,4030400
2020-11-24,11.670000,12.300000,11.000000,11.190000,11.190000,3759800
2020-11-25,11.100000,11.580000,11.010000,11.520000,11.520000,2210900
2020-11-27,12.320000,12.820000,12.130000,12.560000,12.560000,3460600
2020-11-30,13.500000,14.490000,12.390000,13.000000,13.000000,5591100
2020-12-01,13.462000,13.490000,11.930000,12.480000,12.480000,2588500
2020-12-02,11.510000,12.100000,11.170000,11.820000,11.820000,2097500
2020-12-03,12.200000,12.500000,12.000000,12.170000,12.170000,1421800
2020-12-04,12.500000,13.500000,12.498000,13.450000,13.450000,6089200
2020-12-07,17.309999,18.559999,16.500000,18.200001,18.200001,18521700
2020-12-08,17.889999,18.990000,16.820000,17.930000,17.930000,6057000
2020-12-09,19.020000,20.930000,18.510000,20.000000,20.000000,8041200
2020-12-10,19.070000,22.430000,18.570000,22.000000,22.000000,6493400
2020-12-11,21.570000,21.570000,18.910000,20.280001,20.280001,5837000
2020-12-14,20.850000,20.850000,18.639999,19.340000,19.340000,3481400
2020-12-15,19.145000,19.160000,16.610001,18.020000,18.020000,4997000
2020-12-16,18.827999,20.299999,17.760000,19.920000,19.920000,3978600
2020-12-17,19.200001,20.490000,17.879999,18.900000,18.900000,6917100
2020-12-18,19.000000,19.820000,18.200001,19.290001,19.290001,3959300
2020-12-21,19.200001,20.280001,18.900000,19.490000,19.490000,4401300
2020-12-22,22.750000,24.900000,18.100000,18.889999,18.889999,13287800
2020-12-23,20.190001,20.400000,19.000000,19.400000,19.400000,8505700
2020-12-24,19.650000,19.700001,17.250000,17.809999,17.809999,6449200
2020-12-28,17.100000,17.100000,15.300000,15.390000,15.390000,9098600
2020-12-29,15.290000,15.330000,14.030000,14.630000,14.630000,5897300
2020-12-30,14.510000,15.750000,14.290000,14.320000,14.320000,5130800
2020-12-31,14.500000,14.590000,13.520000,13.800000,13.800000,4835500
2021-01-04,13.830000,13.850000,12.000000,12.500000,12.500000,7605500
2021-01-05,13.800000,14.420000,13.400000,14.090000,14.090000,7337000
2021-01-06,14.380000,15.090000,13.700000,14.040000,14.040000,5660500
2021-01-07,14.490000,14.770000,13.940000,14.190000,14.190000,3765200
2021-01-08,15.400000,15.500000,14.110000,15.000000,15.000000,6174700
2021-01-11,15.695000,17.200001,15.480000,17.049999,17.049999,7824600
2021-01-12,16.400000,16.950001,16.150000,16.719999,16.719999,5186800
2021-01-13,19.920000,20.000000,17.830000,19.000000,19.000000,21796700
2021-01-14,19.340000,19.400000,17.360001,17.440001,17.440001,10442300
2021-01-15,17.450001,17.879999,16.709999,16.900000,16.900000,4483500
2021-01-19,17.188000,17.370001,16.020000,16.680000,16.680000,4958000
2021-01-20,16.947001,17.968000,16.750000,17.360001,17.360001,4421600
2021-01-21,17.889999,17.950001,16.850000,17.120001,17.120001,3340300
2021-01-22,17.059999,17.090000,16.670000,17.000000,17.000000,2785700
2021-01-25,17.000000,17.170000,15.650000,16.799999,16.799999,4354000
2021-01-26,16.299999,16.370001,15.850000,16.209999,16.209999,5332100
2021-01-27,15.572000,16.200001,14.800000,15.140000,15.140000,5112100
2021-01-28,15.300000,15.770000,14.900000,15.470000,15.470000,3354700
2021-01-29,15.100000,15.600000,14.800000,15.070000,15.070000,5121000
2021-02-01,15.230000,16.190001,14.540000,15.500000,15.500000,3914800
2021-02-02,16.254999,16.299999,15.600000,15.770000,15.770000,3040100
2021-02-03,16.110001,17.250000,16.110001,16.400000,16.400000,6860600
2021-02-04,17.770000,18.879999,17.170000,18.850000,18.850000,15283500
2021-02-05,18.760000,18.799999,17.430000,17.629999,17.629999,7838600
2021-02-08,17.090000,17.459999,16.528999,17.010000,17.010000,6488100
2021-02-09,17.049999,17.299999,16.430000,16.820000,16.820000,4745000
2021-02-10,16.886999,17.230000,15.640000,16.520000,16.520000,4012300
2021-02-11,16.549999,16.590000,16.000000,16.219999,16.219999,2621700
2021-02-12,16.230000,17.129999,15.870000,16.680000,16.680000,3173500
2021-02-16,17.000000,17.000000,16.379999,16.690001,16.690001,3378300
2021-02-17,16.600000,16.660000,15.930000,16.440001,16.440001,3283400
2021-02-18,16.040001,16.180000,15.460000,15.700000,15.700000,3569100
2021-02-19,15.770000,15.980000,15.230000,15.310000,15.310000,3166000
2021-02-22,15.080000,15.290000,14.600000,14.660000,14.660000,3349100
2021-02-23,13.500000,13.790000,12.500000,13.170000,13.170000,5812800
2021-02-24,13.520000,14.300000,13.357000,14.210000,14.210000,3255400
2021-02-25,14.100000,14.640000,13.310000,13.520000,13.520000,2725000
2021-02-26,13.300000,13.616000,12.750000,12.860000,12.860000,4107300
2021-03-01,13.280000,14.650000,13.010000,14.270000,14.270000,4383600
2021-03-02,14.130000,14.250000,13.660000,13.880000,13.880000,2114800
2021-03-03,14.060000,14.070000,12.920000,13.030000,13.030000,3387300
2021-03-04,12.888000,13.035000,10.900000,11.430000,11.430000,5208200
2021-03-05,11.600000,11.740000,9.680000,11.180000,11.180000,6034000
2021-03-08,11.260000,12.150000,11.030000,11.130000,11.130000,3015000
2021-03-09,11.654000,12.470000,11.580000,12.220000,12.220000,3908400
2021-03-10,12.610000,13.470000,12.440000,12.890000,12.890000,4253900
2021-03-11,13.200000,14.840000,13.150000,14.670000,14.670000,8150400
2021-03-12,15.090000,16.000000,14.150000,14.820000,14.820000,13103500
2021-03-15,15.449000,16.299999,15.040000,15.700000,15.700000,8109000
2021-03-16,15.800000,16.680000,15.070000,15.440000,15.440000,7610900
2021-03-17,14.770000,16.129999,14.654000,15.640000,15.640000,8931800
2021-03-18,15.200000,16.209999,15.040000,15.350000,15.350000,6443300
2021-03-19,15.500000,15.690000,14.880000,15.380000,15.380000,13728800
2021-03-22,15.660000,15.850000,14.900000,15.310000,15.310000,5366800
2021-03-23,15.080000,15.390000,14.660000,14.770000,14.770000,5309000
2021-03-24,15.000000,15.000000,12.980000,12.985000,12.985000,5065200
2021-03-25,12.400000,12.980000,12.000000,12.800000,12.800000,4136300
2021-03-26,12.850000,13.280000,11.890000,12.460000,12.460000,3627500
2021-03-29,12.460000,12.540000,11.650000,11.800000,11.800000,5294600
2021-03-30,9.640000,9.780000,8.520000,9.300000,9.300000,36310300
2021-03-31,9.550000,9.600000,8.960000,9.030000,9.030000,12981100
2021-04-01,9.300000,9.630000,8.960000,8.990000,8.990000,7911400
2021-04-05,9.160000,9.160000,8.050000,8.470000,8.470000,12313000
2021-04-06,8.360000,9.400000,8.320000,9.260000,9.260000,7927800
2021-04-07,9.060000,10.650000,8.920000,9.530000,9.530000,10471000
2021-04-08,9.880000,10.380000,9.710000,10.330000,10.330000,6323300
2021-04-09,10.020000,10.180000,9.540000,9.770000,9.770000,3993200
2021-04-12,9.740000,9.740000,8.790000,8.940000,8.940000,4475300
2021-04-13,8.940000,9.250000,8.510000,9.190000,9.190000,4529700
2021-04-14,9.000000,9.330000,8.920000,9.160000,9.160000,2725000
2021-04-15,9.020000,9.090000,8.200000,8.360000,8.360000,6129700
2021-04-16,8.310000,8.430000,8.120000,8.210000,8.210000,3521900
2021-04-19,8.180000,8.530000,8.060000,8.280000,8.280000,3289800
2021-04-20,7.950000,8.030000,7.500000,7.650000,7.650000,5230800
2021-04-21,7.500000,8.650000,7.330000,8.610000,8.610000,4982700
2021-04-22,8.570000,8.840000,8.262000,8.440000,8.440000,3421100
2021-04-23,8.400000,8.890000,8.320000,8.710000,8.710000,1928600
2021-04-26,8.850000,9.180000,8.610000,8.970000,8.970000,1977000
2021-04-27,9.103000,9.120000,8.820000,8.980000,8.980000,1334600
2021-04-28,8.830000,9.540000,8.770000,9.490000,9.490000,2726600
2021-04-29,9.390000,9.530000,8.892000,9.110000,9.110000,1905200
2021-04-30,8.890000,9.160000,8.670000,8.820000,8.820000,1485100
2021-05-03,8.920000,8.940000,8.290000,8.400000,8.400000,1681000
2021-05-04,8.300000,8.380000,7.952000,8.110000,8.110000,2267000
2021-05-05,8.090000,8.180000,7.960000,8.025000,8.025000,1469800
2021-05-06,7.967000,7.993000,7.235000,7.385000,7.385000,3297200
2021-05-07,7.490000,8.020000,7.320000,7.730000,7.730000,2857200
2021-05-10,7.640000,7.720000,7.000000,7.090000,7.090000,2856000
2021-05-11,6.859000,8.010000,6.510000,7.920000,7.920000,4318300
2021-05-12,7.510000,7.740000,7.220000,7.370000,7.370000,2132300
2021-05-13,7.420000,7.770000,7.050000,7.130000,7.130000,2006600
2021-05-14,7.330000,7.580000,7.180000,7.300000,7.300000,1669500
2021-05-17,7.370000,7.960000,7.270000,7.550000,7.550000,2887800
2021-05-18,7.700000,7.920000,7.080000,7.590000,7.590000,6108000
2021-05-19,7.300000,7.810000,7.180000,7.770000,7.770000,2501300
2021-05-20,7.760000,7.810000,7.530000,7.730000,7.730000,1897000
2021-05-21,7.780000,7.910000,7.610000,7.660000,7.660000,1957600
2021-05-24,8.100000,8.228000,7.560000,7.740000,7.740000,2153900
2021-05-25,7.700000,7.790000,7.420000,7.550000,7.550000,1898900
2021-05-26,7.548000,8.100000,7.520000,7.900000,7.900000,2332100
2021-05-27,7.950000,8.240000,7.810000,8.200000,8.200000,4315900
2021-05-28,8.200000,8.450000,7.900000,7.920000,7.920000,1886500
2021-06-01,8.000000,8.220000,7.830000,8.150000,8.150000,1660700
2021-06-02,8.210000,9.000000,8.060000,8.850000,8.850000,5673900
2021-06-03,8.810000,9.270000,8.500000,8.910000,8.910000,5735000
2021-06-04,9.010000,9.110000,8.562000,8.680000,8.680000,3004100
2021-06-07,8.870000,9.170000,8.610000,8.900000,8.900000,3125800
2021-06-08,9.030000,11.920000,9.030000,10.710000,10.710000,26470200
2021-06-09,12.090000,12.185000,9.810000,10.040000,10.040000,13536900
2021-06-10,9.970000,10.230000,9.260000,9.760000,9.760000,5804200
2021-06-11,9.840000,9.960000,9.350000,9.700000,9.700000,3378600
2021-06-14,9.650000,10.000000,9.400000,9.460000,9.460000,2497500
2021-06-15,9.450000,11.400000,9.389000,11.050000,11.050000,31953300
2021-06-16,10.720000,11.040000,9.830000,10.200000,10.200000,9777300
2021-06-17,10.330000,10.647000,9.610000,9.930000,9.930000,7327300
2021-06-18,9.990000,10.350000,9.830000,9.970000,9.970000,6352000
2021-06-21,9.780000,9.900000,9.325000,9.470000,9.470000,5216900
2021-06-22,9.527000,9.620000,9.130000,9.480000,9.480000,3371100
2021-06-23,9.589000,10.080000,9.550000,10.000000,10.000000,3278100
2021-06-24,10.010000,10.148000,9.660000,9.820000,9.820000,3132000
2021-06-25,9.820000,9.990000,9.610000,9.670000,9.670000,13365600
2021-06-28,9.772000,9.928000,9.580000,9.820000,9.820000,2761100
2021-06-29,9.883000,10.210000,9.640000,9.820000,9.820000,5600000
2021-06-30,9.770000,10.310000,9.650000,9.940000,9.940000,4134800
2021-07-01,10.070000,10.120000,9.450000,9.470000,9.470000,2494100
2021-07-02,9.500000,9.686000,9.040000,9.080000,9.080000,2239300
2021-07-06,9.248000,9.283000,8.930000,9.120000,9.120000,1634600
2021-07-07,9.120000,9.130000,8.540000,8.810000,8.810000,2256900
2021-07-08,8.480000,8.860000,8.414000,8.830000,8.830000,1351900
2021-07-09,8.880000,9.050000,8.700000,9.010000,9.010000,1029900
2021-07-12,9.020000,9.229000,8.752000,9.110000,9.110000,1216400
2021-07-13,9.080000,9.150000,8.790000,8.970000,8.970000,1206200
2021-07-14,9.050000,9.195000,8.670000,8.710000,8.710000,1530800
2021-07-15,8.720000,9.400000,8.610000,8.820000,8.820000,1784900
2021-07-16,8.820000,8.840000,8.450000,8.490000,8.490000,1208600
2021-07-19,8.230000,8.410000,7.937000,8.330000,8.330000,1613700
2021-07-20,8.350000,8.640000,8.100000,8.510000,8.510000,1252200
2021-07-21,8.420000,8.790000,8.350000,8.740000,8.740000,1213100
2021-07-22,8.850000,8.870000,8.410000,8.440000,8.440000,978200
2021-07-23,8.400000,8.467000,8.090000,8.200000,8.200000,976900
2021-07-26,8.130000,8.670000,8.037000,8.350000,8.350000,1402000
2021-07-27,8.350000,8.350000,7.920000,8.090000,8.090000,1755700
2021-07-28,8.133000,8.460000,8.070000,8.380000,8.380000,1212500
2021-07-29,8.400000,8.420000,8.120000,8.120000,8.120000,1372000
2021-07-30,8.050000,8.310000,7.990000,8.130000,8.130000,1090800
2021-08-02,8.250000,8.250000,7.973000,7.990000,7.990000,1199800
2021-08-03,8.120000,8.120000,7.772000,7.840000,7.840000,1063100
2021-08-04,7.770000,8.040000,7.620000,7.630000,7.630000,1215700
2021-08-05,7.630000,8.110000,7.615000,7.950000,7.950000,1305400
2021-08-06,8.000000,8.110000,7.900000,8.010000,8.010000,807300
2021-08-09,7.990000,8.250000,7.950000,7.980000,7.980000,1652900
2021-08-10,8.107000,8.270000,7.900000,7.990000,7.990000,1698700
2021-08-11,8.000000,8.070000,7.810000,7.940000,7.940000,1188300
2021-08-12,7.950000,7.950000,7.560000,7.640000,7.640000,1764600
2021-08-13,7.690000,7.740000,7.010000,7.020000,7.020000,2729400
2021-08-16,7.000000,7.050000,6.550000,6.570000,6.570000,3402200
2021-08-17,6.550000,6.550000,6.148000,6.350000,6.350000,2979900
2021-08-18,6.501000,6.530000,6.120000,6.150000,6.150000,2520900
2021-08-19,6.080000,6.120000,5.750000,5.830000,5.830000,3907300
2021-08-20,5.800000,6.180000,5.790000,5.910000,5.910000,2383600
2021-08-23,6.140000,7.870000,6.100000,7.790000,7.790000,15690400
2021-08-24,7.420000,7.580000,6.920000,7.560000,7.560000,7224200
2021-08-25,7.370000,7.960000,7.350000,7.500000,7.500000,4204600
2021-08-26,7.507000,8.070000,7.400000,7.650000,7.650000,3374700
2021-08-27,7.680000,7.770000,7.200000,7.360000,7.360000,3545400
2021-08-30,7.410000,7.410000,6.980000,7.120000,7.120000,2022400
2021-08-31,7.093000,7.260000,7.030000,7.210000,7.210000,1664600
2021-09-01,7.100000,7.512000,7.070000,7.380000,7.380000,2526300
2021-09-02,7.380000,7.850000,7.370000,7.720000,7.720000,2776400
2021-09-03,7.650000,8.050000,7.569000,7.610000,7.610000,3416300
2021-09-07,7.791000,8.220000,7.720000,7.800000,7.800000,3485900
2021-09-08,7.800000,7.800000,7.090000,7.330000,7.330000,2479400
2021-09-09,7.330000,7.432000,7.140000,7.230000,7.230000,1652600
2021-09-10,7.350000,7.400000,6.850000,6.860000,6.860000,2360100
2021-09-13,6.910000,7.190000,6.765000,7.000000,7.000000,1704100
2021-09-14,7.060000,7.190000,6.790000,6.880000,6.880000,1612600
2021-09-15,6.860000,6.980000,6.750000,6.870000,6.870000,1896300
2021-09-16,6.770000,6.800000,6.650000,6.680000,6.680000,1849300
2021-09-17,6.690000,7.045000,6.690000,6.830000,6.830000,5667300
2021-09-20,6.490000,6.830000,6.430000,6.780000,6.780000,3342000
2021-09-21,6.800000,6.920000,6.430000,6.690000,6.690000,4053800
2021-09-22,6.717000,6.717000,6.290000,6.550000,6.550000,5560800
2021-09-23,6.820000,7.860000,6.820000,7.420000,7.420000,12507500
2021-09-24,7.690000,9.170000,7.570000,9.040000,9.040000,25594200
2021-09-27,8.920000,9.210000,8.010000,8.320000,8.320000,10786900
2021-09-28,8.100000,8.480000,7.650000,7.680000,7.680000,4365600
2021-09-29,7.840000,8.400000,7.370000,7.430000,7.430000,6242600
2021-09-30,7.560000,7.780000,7.365000,7.690000,7.690000,2705300
2021-10-01,7.680000,7.770000,7.120000,7.180000,7.180000,3012300
2021-10-04,7.150000,7.180000,6.680000,6.810000,6.810000,2627300
2021-10-05,6.890000,7.025000,6.780000,6.870000,6.870000,2194300
2021-10-06,6.730000,6.890000,6.570000,6.650000,6.650000,2010000
2021-10-07,6.770000,6.890000,6.618000,6.640000,6.640000,1794200
2021-10-08,6.690000,6.740000,6.450000,6.470000,6.470000,1916500
2021-10-11,6.587000,6.832000,6.442000,6.630000,6.630000,1736500
2021-10-12,6.630000,7.010000,6.618000,6.960000,6.960000,1866100
2021-10-13,7.030000,7.260000,6.980000,7.220000,7.220000,1561600
2021-10-14,7.230000,7.320000,6.985000,7.200000,7.200000,1944900
2021-10-15,7.310000,7.360000,7.110000,7.280000,7.280000,1648400
2021-10-18,6.854000,7.200000,6.850000,7.060000,7.060000,1693600
2021-10-19,7.090000,7.250000,7.040000,7.210000,7.210000,1132300
2021-10-20,7.250000,7.250000,7.050000,7.130000,7.130000,826000
2021-10-21,7.109000,7.400000,7.059000,7.370000,7.370000,2108000
2021-10-22,7.300000,7.372000,6.930000,6.990000,6.990000,1579900
2021-10-25,7.160000,7.640000,7.085000,7.470000,7.470000,2916800
2021-10-26,7.470000,7.905000,7.470000,7.600000,7.600000,2224500
2021-10-27,7.610000,7.780000,7.300000,7.350000,7.350000,1098900
2021-10-28,7.400000,8.150000,7.400000,7.980000,7.980000,3270900
2021-10-29,7.980000,8.310000,7.920000,8.020000,8.020000,1969200
2021-11-01,8.110000,8.500000,8.100000,8.370000,8.370000,3024200
2021-11-02,8.360000,8.390000,7.980000,8.320000,8.320000,1622100
2021-11-03,8.300000,8.670000,8.248000,8.470000,8.470000,1763000
2021-11-04,8.580000,8.647000,8.270000,8.340000,8.340000,1156400
2021-11-05,8.420000,8.710000,8.320000,8.560000,8.560000,2127600
2021-11-08,8.810000,9.270000,8.701000,9.080000,9.080000,3881900
2021-11-09,9.370000,9.380000,8.319000,8.510000,8.510000,3060600
2021-11-10,8.230000,8.791000,7.900000,8.050000,8.050000,3333000
2021-11-11,8.250000,8.595000,8.021000,8.490000,8.490000,1913600
2021-11-12,8.700000,8.760000,8.450000,8.590000,8.590000,1293200
2021-11-15,8.570000,8.610000,8.170000,8.450000,8.450000,2294500
2021-11-16,8.580000,10.550000,8.500000,10.450000,10.450000,20074000
2021-11-17,12.000000,12.640000,10.060000,10.800000,10.800000,70688000
2021-11-18,10.350000,10.590000,9.101000,9.690000,9.690000,13625700
2021-11-19,9.941000,10.270000,9.790000,10.020000,10.020000,6858500
2021-11-22,10.100000,11.840000,10.030000,11.430000,11.430000,23238600
2021-11-23,11.290000,11.600000,10.420000,11.540000,11.540000,11568400
2021-11-24,11.160000,12.440000,11.120000,12.380000,12.380000,14209800
2021-11-26,11.400000,12.305000,11.300000,12.220000,12.220000,6891000
2021-11-29,12.500000,13.350000,11.860000,12.890000,12.890000,14551200
2021-11-30,12.641000,12.720000,11.400000,11.970000,11.970000,10938800
2021-12-01,12.240000,12.420000,11.050000,11.310000,11.310000,6722600
2021-12-02,10.830000,11.510000,10.480000,11.400000,11.400000,8362500
2021-12-03,11.250000,11.340000,10.090000,10.190000,10.190000,6565500
2021-12-06,9.820000,10.261000,9.260000,9.700000,9.700000,5413800
2021-12-07,10.121000,10.230000,9.835000,9.940000,9.940000,3332400
2021-12-08,10.000000,10.480000,9.760000,10.170000,10.170000,2651600
2021-12-09,10.000000,10.120000,9.410000,9.440000,9.440000,3096600
2021-12-10,9.520000,9.840000,9.285000,9.360000,9.360000,2960900
2021-12-13,9.360000,9.530000,8.885000,9.080000,9.080000,3775800
2021-12-14,8.760000,9.000000,8.390000,8.640000,8.640000,3998100
2021-12-15,8.630000,8.770000,8.070000,8.640000,8.640000,4337500
2021-12-16,9.190000,9.470000,8.365000,8.420000,8.420000,6626000
2021-12-17,8.430000,9.155000,8.080000,8.940000,8.940000,4702700
2021-12-20,8.540000,8.725000,8.300000,8.450000,8.450000,2614200
2021-12-21,8.530000,8.600000,8.120000,8.520000,8.520000,3175400
2021-12-22,8.520000,8.725000,8.200000,8.360000,8.360000,2550200
2021-12-23,8.350000,8.680000,8.120000,8.510000,8.510000,2399500
2021-12-27,8.470000,8.540000,8.235000,8.340000,8.340000,2554300
2021-12-28,8.230000,8.410000,7.950000,8.000000,8.000000,2874100
2021-12-29,7.990000,8.020000,7.570000,7.660000,7.660000,2894200
2021-12-30,7.660000,8.275000,7.590000,8.100000,8.100000,5526800
2021-12-31,8.060000,8.235000,7.705000,7.720000,7.720000,2306000
2022-01-03,7.940000,8.240000,7.850000,8.110000,8.110000,2531700
2022-01-04,8.170000,8.218000,7.550000,7.750000,7.750000,3278500
2022-01-05,7.750000,7.875000,7.130000,7.290000,7.290000,4277000
2022-01-06,7.430000,7.430000,6.940000,6.980000,6.980000,4312400
2022-01-07,7.020000,7.330000,6.900000,7.000000,7.000000,2757900
2022-01-10,6.940000,7.010000,6.560000,6.850000,6.850000,3451600
2022-01-11,6.840000,7.380000,6.720000,7.250000,7.250000,2930300
2022-01-12,7.300000,7.410000,7.110000,7.160000,7.160000,1407800
2022-01-13,7.190000,7.250000,6.800000,6.860000,6.860000,2136900
2022-01-14,6.850000,6.995000,6.520000,6.740000,6.740000,2765900
2022-01-18,6.613000,6.655000,6.290000,6.300000,6.300000,3314300
2022-01-19,6.390000,6.414000,6.010000,6.020000,6.020000,3206600
2022-01-20,6.180000,6.350000,5.895000,5.930000,5.930000,2862500
2022-01-21,5.970000,5.990000,5.540000,5.540000,5.540000,5950500
2022-01-24,5.475000,5.670000,4.970000,5.630000,5.630000,6324400
2022-01-25,5.480000,5.745000,5.260000,5.610000,5.610000,3371600
2022-01-26,5.915000,6.352000,5.730000,5.770000,5.770000,5221200
2022-01-27,5.848000,5.850000,5.200000,5.270000,5.270000,4211200
2022-01-28,5.270000,5.405000,5.030000,5.390000,5.390000,3283000
2022-01-31,5.450000,6.140000,5.430000,6.120000,6.120000,3026800
2022-02-01,6.170000,6.460000,6.040000,6.330000,6.330000,2756700
2022-02-02,6.370000,6.370000,5.780000,5.940000,5.940000,3002900
2022-02-03,5.800000,5.941000,5.620000,5.620000,5.620000,2137400
2022-02-04,5.660000,5.970000,5.550000,5.850000,5.850000,2307400
2022-02-07,5.890000,6.155000,5.780000,5.850000,5.850000,1696500
2022-02-08,5.850000,6.189000,5.780000,6.140000,6.140000,1902700
2022-02-09,6.220000,6.340000,6.060000,6.340000,6.340000,1879900
2022-02-10,6.080000,6.440000,5.985000,6.050000,6.050000,2261500
2022-02-11,6.060000,6.230000,5.760000,5.850000,5.850000,2690000
2022-02-14,5.800000,6.360000,5.770000,5.950000,5.950000,4511600
2022-02-15,6.090000,6.295000,6.000000,6.220000,6.220000,1969600
2022-02-16,6.170000,6.280000,6.060000,6.250000,6.250000,1710900
2022-02-17,6.110000,6.420000,6.000000,6.020000,6.020000,2293300
2022-02-18,6.101000,6.128000,5.610000,5.690000,5.690000,2331400
2022-02-22,5.603000,5.775000,5.305000,5.390000,5.390000,2610200
2022-02-23,5.530000,5.570000,5.120000,5.130000,5.130000,2009900
2022-02-24,4.920000,5.710000,4.900000,5.690000,5.690000,2857800
2022-02-25,5.780000,5.815000,5.460000,5.750000,5.750000,2527000
2022-02-28,5.720000,5.840000,5.540000,5.740000,5.740000,3091700
2022-03-01,5.310000,5.780000,5.310000,5.470000,5.470000,3717500
2022-03-02,5.560000,5.605000,5.280000,5.590000,5.590000,2077100
2022-03-03,5.590000,5.620000,5.110000,5.230000,5.230000,2796600
2022-03-04,5.200000,5.300000,4.830000,4.910000,4.910000,3142700
2022-03-07,4.950000,5.170000,4.890000,4.950000,4.950000,2221800
2022-03-08,4.960000,5.250000,4.810000,5.040000,5.040000,2617800
2022-03-09,5.290000,5.850000,5.240000,5.840000,5.840000,3980900
2022-03-10,5.610000,5.815000,5.492000,5.810000,5.810000,1854600
2022-03-11,5.870000,5.880000,5.470000,5.710000,5.710000,1740800
2022-03-14,5.550000,5.560000,5.150000,5.180000,5.180000,2882200
2022-03-15,5.240000,5.610000,5.100000,5.570000,5.570000,2472700
2022-03-16,5.680000,5.830000,5.495000,5.760000,5.760000,2294500
2022-03-17,5.710000,5.930000,5.601000,5.870000,5.870000,1618900
2022-03-18,5.840000,6.209000,5.831000,6.070000,6.070000,2553200
2022-03-21,6.100000,6.100000,5.745000,5.870000,5.870000,1769800
2022-03-22,5.910000,6.080000,5.810000,5.980000,5.980000,1935400
2022-03-23,5.870000,5.971000,5.700000,5.780000,5.780000,1767500
2022-03-24,5.930000,6.100000,5.760000,5.960000,5.960000,2038300
2022-03-25,5.910000,5.960000,5.430000,5.520000,5.520000,2435300
2022-03-28,5.670000,5.670000,5.350000,5.570000,5.570000,1860400
2022-03-29,5.690000,6.050000,5.660000,6.020000,6.020000,4027000
2022-03-30,5.980000,6.120000,5.775000,5.840000,5.840000,2554600
2022-03-31,5.890000,5.910000,5.520000,5.520000,5.520000,2114500
2022-04-01,5.650000,5.650000,5.420000,5.430000,5.430000,2364600
2022-04-04,5.510000,6.250000,5.460000,6.190000,6.190000,4206800
2022-04-05,6.190000,6.240000,5.750000,5.800000,5.800000,2662400
2022-04-06,5.680000,5.700000,5.420000,5.570000,5.570000,2259200
2022-04-07,5.550000,5.610000,5.265000,5.390000,5.390000,1647900
2022-04-08,5.450000,5.450000,5.250000,5.250000,5.250000,1375400
2022-04-11,5.180000,5.370000,5.080000,5.180000,5.180000,1304300
2022-04-12,5.310000,5.470000,5.050000,5.070000,5.070000,1319400
2022-04-13,5.170000,5.250000,5.005000,5.160000,5.160000,3033300
2022-04-14,5.110000,5.150000,4.950000,4.990000,4.990000,2527300
2022-04-18,4.990000,5.040000,4.830000,4.870000,4.870000,2183600
2022-04-19,4.890000,5.110000,4.710000,5.040000,5.040000,1494000
2022-04-20,5.050000,5.067000,4.830000,4.890000,4.890000,1203900
2022-04-21,5.000000,5.200000,4.700000,4.710000,4.710000,2306300
2022-04-22,4.690000,5.000000,4.610000,4.950000,4.950000,2257600
2022-04-25,4.900000,5.260000,4.895000,5.180000,5.180000,1832100
2022-04-26,5.100000,5.120000,4.795000,4.990000,4.990000,2210900
2022-04-27,5.040000,5.100000,4.830000,4.870000,4.870000,1826800
2022-04-28,4.910000,5.055000,4.800000,5.020000,5.020000,1316500
2022-04-29,5.010000,5.080000,4.780000,4.800000,4.800000,1159100
2022-05-02,4.780000,4.890000,4.670000,4.850000,4.850000,1472500
2022-05-03,4.800000,4.930000,4.695000,4.750000,4.750000,1053500
2022-05-04,4.740000,4.950000,4.570000,4.910000,4.910000,1833100
2022-05-05,4.810000,4.865000,4.415000,4.490000,4.490000,2115300
2022-05-06,4.440000,4.600000,4.260000,4.470000,4.470000,1862300
2022-05-09,4.300000,4.405000,3.800000,3.805000,3.805000,3627000
2022-05-10,4.020000,4.023000,3.470000,3.610000,3.610000,3224800
2022-05-11,3.360000,3.440000,2.780000,2.790000,2.790000,7322000
2022-05-12,2.550000,3.030000,2.550000,3.000000,3.000000,4453400
2022-05-13,3.150000,3.430000,3.050000,3.280000,3.280000,2594500
2022-05-16,3.430000,3.600000,3.260000,3.330000,3.330000,5450300
2022-05-17,3.550000,3.670000,3.340000,3.590000,3.590000,2866100
2022-05-18,3.560000,3.720000,3.350000,3.380000,3.380000,1740500
2022-05-19,3.340000,3.730000,3.330000,3.640000,3.640000,3057900
2022-05-20,3.670000,3.721000,3.270000,3.380000,3.380000,1872200
2022-05-23,3.440000,3.450000,3.200000,3.240000,3.240000,1900600
2022-05-24,3.210000,3.240000,3.010000,3.100000,3.100000,2168200
2022-05-25,3.090000,3.230000,3.030000,3.180000,3.180000,1491200
2022-05-26,3.180000,3.430000,3.120000,3.330000,3.330000,1758900
2022-05-27,3.420000,3.575000,3.375000,3.520000,3.520000,1404900
2022-05-31,3.510000,3.520000,3.310000,3.350000,3.350000,4220200
2022-06-01,3.360000,3.460000,3.280000,3.330000,3.330000,1491700
2022-06-02,3.390000,3.560000,3.290000,3.410000,3.410000,1172400
2022-06-03,3.370000,3.370000,3.180000,3.320000,3.320000,1286700
2022-06-06,3.390000,3.440000,3.170000,3.180000,3.180000,1368100
2022-06-07,3.190000,3.228000,3.080000,3.210000,3.210000,1140000
2022-06-08,3.180000,3.501000,3.180000,3.390000,3.390000,1241000
2022-06-09,3.390000,3.390000,3.200000,3.210000,3.210000,800500
2022-06-10,3.150000,3.235000,3.040000,3.050000,3.050000,953900
2022-06-13,2.950000,3.045000,2.730000,2.780000,2.780000,2847000
2022-06-14,2.810000,2.840000,2.620000,2.630000,2.630000,2229700
2022-06-15,2.650000,2.836000,2.590000,2.760000,2.760000,3268800
2022-06-16,2.630000,2.680000,2.530000,2.560000,2.560000,2242100
2022-06-17,2.530000,2.610000,2.390000,2.410000,2.410000,6696000
2022-06-21,2.460000,2.850000,2.435000,2.600000,2.600000,7111700
2022-06-22,2.490000,2.630000,2.280000,2.310000,2.310000,6719700
2022-06-23,2.360000,2.390000,2.200000,2.240000,2.240000,5467000
2022-06-24,2.250000,2.360000,2.200000,2.230000,2.230000,6517500
2022-06-27,2.250000,2.260000,2.090000,2.130000,2.130000,4051900
2022-06-28,2.110000,2.230000,2.020000,2.040000,2.040000,3012000
2022-06-29,2.030000,2.040000,1.910000,2.030000,2.030000,7885100
2022-06-30,1.970000,2.005000,1.840000,1.850000,1.850000,3834700
2022-07-01,1.860000,1.930000,1.785000,1.880000,1.880000,2788700