Date,Open,High,Low,Close,Adj Close,Volume
1995-11-02,4.500000,4.750000,4.375000,4.500000,4.500000,9200
1995-11-03,4.250000,4.250000,3.750000,3.875000,3.875000,101200
1995-11-06,3.875000,4.000000,3.875000,4.000000,4.000000,29400
1995-11-07,3.875000,4.000000,3.875000,4.000000,4.000000,27000
1995-11-08,3.875000,4.000000,3.750000,3.750000,3.750000,19000
1995-11-09,3.875000,3.875000,3.875000,3.875000,3.875000,1300
1995-11-10,3.750000,3.750000,3.750000,3.750000,3.750000,17500
1995-11-13,3.750000,3.875000,3.625000,3.625000,3.625000,5800
1995-11-14,3.625000,3.625000,3.625000,3.625000,3.625000,4000
1995-11-15,3.625000,4.000000,3.625000,4.000000,4.000000,59800
1995-11-16,3.875000,4.000000,3.625000,4.000000,4.000000,64400
1995-11-17,3.750000,3.875000,3.750000,3.875000,3.875000,3800
1995-11-20,3.875000,4.000000,3.875000,3.937500,3.937500,10500
1995-11-21,4.000000,4.000000,3.875000,3.875000,3.875000,28200
1995-11-22,4.000000,4.000000,3.875000,4.000000,4.000000,22700
1995-11-24,4.000000,4.000000,4.000000,4.000000,4.000000,1000
1995-11-27,4.000000,4.000000,3.937500,4.000000,4.000000,23200
1995-11-28,4.000000,4.000000,4.000000,4.000000,4.000000,10000
1995-11-29,4.000000,4.000000,3.875000,4.000000,4.000000,10300
1995-11-30,4.000000,4.000000,4.000000,4.000000,4.000000,1000
1995-12-01,4.000000,4.625000,4.000000,4.375000,4.375000,82000
1995-12-04,4.437500,4.750000,4.375000,4.625000,4.625000,64700
1995-12-05,4.750000,5.062500,4.750000,4.750000,4.750000,30300
1995-12-06,5.062500,5.062500,4.562500,4.562500,4.562500,46600
1995-12-07,4.687500,4.687500,4.500000,4.625000,4.625000,15600
1995-12-08,4.625000,4.812500,4.562500,4.625000,4.625000,59000
1995-12-11,4.562500,4.625000,4.562500,4.562500,4.562500,29300
1995-12-12,4.562500,4.875000,4.562500,4.687500,4.687500,41800
1995-12-13,4.687500,4.812500,4.687500,4.750000,4.750000,17700
1995-12-14,4.812500,4.812500,4.625000,4.687500,4.687500,30600
1995-12-15,4.500000,4.562500,4.375000,4.468750,4.468750,22200
1995-12-18,4.375000,4.500000,4.250000,4.250000,4.250000,60800
1995-12-19,4.250000,4.453125,4.250000,4.250000,4.250000,70100
1995-12-20,4.453125,4.453125,4.125000,4.250000,4.250000,66300
1995-12-21,4.125000,4.375000,4.125000,4.250000,4.250000,59000
1995-12-22,4.250000,4.375000,4.250000,4.312500,4.312500,59800
1995-12-26,4.250000,4.312500,4.250000,4.250000,4.250000,15100
1995-12-27,4.250000,4.312500,4.250000,4.250000,4.250000,14900
1995-12-28,4.312500,4.312500,4.250000,4.250000,4.250000,32800
1995-12-29,4.250000,4.250000,4.250000,4.250000,4.250000,15100
1996-01-02,4.250000,4.312500,4.250000,4.250000,4.250000,14500
1996-01-03,4.250000,4.312500,4.250000,4.250000,4.250000,6700
1996-01-04,4.250000,4.250000,4.250000,4.250000,4.250000,7900
1996-01-05,4.312500,4.312500,4.250000,4.281250,4.281250,39600
1996-01-08,4.250000,4.312500,4.250000,4.312500,4.312500,4200
1996-01-09,4.250000,4.312500,4.250000,4.250000,4.250000,36500
1996-01-10,4.250000,4.250000,4.125000,4.125000,4.125000,82200
1996-01-11,4.250000,4.250000,4.125000,4.125000,4.125000,22400
1996-01-12,4.125000,4.250000,4.125000,4.125000,4.125000,114800
1996-01-15,4.125000,4.125000,4.125000,4.125000,4.125000,7800
1996-01-16,4.125000,4.250000,4.125000,4.125000,4.125000,49000
1996-01-17,4.125000,4.250000,4.125000,4.125000,4.125000,66000
1996-01-18,4.250000,4.250000,4.125000,4.125000,4.125000,26600
1996-01-19,4.125000,4.125000,4.125000,4.125000,4.125000,16200
1996-01-22,4.125000,4.312500,4.125000,4.312500,4.312500,87200
1996-01-23,4.125000,4.375000,4.125000,4.375000,4.375000,40600
1996-01-24,4.375000,4.375000,4.187500,4.187500,4.187500,25100
1996-01-25,4.375000,4.625000,4.187500,4.500000,4.500000,278500
1996-01-26,4.500000,4.625000,4.500000,4.625000,4.625000,14900
1996-01-29,4.625000,4.625000,4.500000,4.500000,4.500000,5100
1996-01-30,4.500000,4.625000,4.375000,4.593750,4.593750,22500
1996-01-31,4.375000,4.625000,4.250000,4.453125,4.453125,66700
1996-02-01,4.453125,4.453125,4.250000,4.375000,4.375000,23900
1996-02-02,4.437500,4.437500,4.312500,4.343750,4.343750,34100
1996-02-05,4.312500,4.437500,4.312500,4.312500,4.312500,18900
1996-02-06,4.437500,4.437500,4.250000,4.312500,4.312500,31300
1996-02-07,4.250000,4.375000,4.250000,4.375000,4.375000,18400
1996-02-08,4.250000,4.375000,4.250000,4.375000,4.375000,13700
1996-02-09,4.250000,4.250000,4.250000,4.250000,4.250000,29500
1996-02-12,4.250000,4.375000,4.250000,4.250000,4.250000,55800
1996-02-13,4.250000,4.437500,4.187500,4.250000,4.250000,63200
1996-02-14,4.250000,4.437500,4.250000,4.250000,4.250000,30400
1996-02-15,4.437500,4.437500,4.250000,4.250000,4.250000,54400
1996-02-16,4.250000,4.437500,4.250000,4.250000,4.250000,27300
1996-02-20,4.250000,4.437500,4.250000,4.250000,4.250000,14500
1996-02-21,4.250000,4.250000,4.250000,4.250000,4.250000,18500
1996-02-22,4.250000,4.437500,4.250000,4.250000,4.250000,16900
1996-02-23,4.250000,4.437500,4.250000,4.375000,4.375000,82600
1996-02-26,4.437500,4.437500,4.250000,4.437500,4.437500,61600
1996-02-27,4.312500,4.437500,4.312500,4.312500,4.312500,29200
1996-02-28,4.312500,4.437500,4.312500,4.437500,4.437500,12000
1996-02-29,4.312500,4.437500,4.312500,4.375000,4.375000,19800
1996-03-01,4.500000,4.500000,4.312500,4.312500,4.312500,15700
1996-03-04,4.312500,4.312500,4.312500,4.312500,4.312500,13000
1996-03-05,4.500000,4.500000,4.312500,4.312500,4.312500,25800
1996-03-06,4.437500,4.500000,4.312500,4.312500,4.312500,12900
1996-03-07,4.500000,4.500000,4.312500,4.312500,4.312500,13700
1996-03-08,4.500000,4.500000,4.312500,4.312500,4.312500,25000
1996-03-11,4.312500,4.312500,4.312500,4.312500,4.312500,23300
1996-03-12,4.500000,4.546875,4.375000,4.375000,4.375000,13800
1996-03-13,4.562500,4.562500,4.375000,4.375000,4.375000,16400
1996-03-14,4.375000,4.375000,4.375000,4.375000,4.375000,7500
1996-03-15,4.562500,4.562500,4.375000,4.375000,4.375000,21800
1996-03-18,4.562500,4.562500,4.375000,4.375000,4.375000,3000
1996-03-19,4.562500,4.562500,4.375000,4.375000,4.375000,10100
1996-03-20,4.375000,4.562500,4.375000,4.375000,4.375000,24000
1996-03-21,4.562500,4.562500,4.375000,4.375000,4.375000,4200
1996-03-22,4.562500,4.562500,4.375000,4.562500,4.562500,23700
1996-03-25,4.375000,4.375000,4.250000,4.250000,4.250000,21900
1996-03-26,4.250000,4.375000,4.250000,4.250000,4.250000,15300
1996-03-27,4.250000,4.375000,4.250000,4.250000,4.250000,21100
1996-03-28,4.250000,4.250000,4.250000,4.250000,4.250000,11700
1996-03-29,4.250000,4.375000,4.250000,4.250000,4.250000,16500
1996-04-01,4.250000,4.375000,4.125000,4.125000,4.125000,32400
1996-04-02,4.250000,4.250000,4.125000,4.125000,4.125000,8700
1996-04-03,4.125000,4.250000,4.125000,4.125000,4.125000,9900
1996-04-04,4.125000,4.250000,4.125000,4.125000,4.125000,7000
1996-04-08,4.125000,4.125000,4.000000,4.000000,4.000000,37100
1996-04-09,4.203125,4.203125,4.000000,4.000000,4.000000,45500
1996-04-10,4.000000,4.250000,4.000000,4.000000,4.000000,4900
1996-04-11,4.203125,4.203125,4.000000,4.093750,4.093750,42100
1996-04-12,4.000000,4.250000,4.000000,4.000000,4.000000,8300
1996-04-15,4.000000,4.000000,4.000000,4.000000,4.000000,5500
1996-04-16,4.125000,4.125000,4.000000,4.000000,4.000000,30000
1996-04-17,4.000000,4.000000,4.000000,4.000000,4.000000,12000
1996-04-18,4.000000,4.125000,4.000000,4.125000,4.125000,16500
1996-04-19,4.125000,4.125000,4.000000,4.125000,4.125000,23300
1996-04-22,4.000000,4.000000,4.000000,4.000000,4.000000,18300
1996-04-23,4.000000,4.125000,4.000000,4.125000,4.125000,78600
1996-04-24,4.000000,4.125000,4.000000,4.062500,4.062500,52900
1996-04-25,4.062500,4.250000,4.062500,4.125000,4.125000,15900
1996-04-26,4.250000,4.250000,4.125000,4.250000,4.250000,4900
1996-04-29,4.250000,4.250000,4.062500,4.250000,4.250000,67000
1996-04-30,4.250000,4.250000,4.062500,4.250000,4.250000,10200
1996-05-01,4.062500,4.125000,4.062500,4.062500,4.062500,9000
1996-05-02,4.062500,4.250000,4.062500,4.125000,4.125000,26600
1996-05-03,4.125000,4.250000,4.125000,4.250000,4.250000,2000
1996-05-06,4.125000,4.250000,4.125000,4.250000,4.250000,6600
1996-05-07,4.250000,4.250000,4.062500,4.062500,4.062500,4000
1996-05-08,4.250000,4.250000,4.062500,4.062500,4.062500,10700
1996-05-09,4.062500,4.187500,4.062500,4.187500,4.187500,2000
1996-05-10,4.062500,4.125000,4.062500,4.062500,4.062500,27800
1996-05-13,4.062500,4.187500,4.062500,4.062500,4.062500,5700
1996-05-14,4.062500,4.187500,4.062500,4.062500,4.062500,7200
1996-05-15,4.062500,4.187500,4.062500,4.062500,4.062500,10200
1996-05-16,4.187500,4.187500,4.062500,4.062500,4.062500,27200
1996-05-17,4.062500,4.062500,4.062500,4.062500,4.062500,1800
1996-05-20,4.125000,4.250000,4.125000,4.250000,4.250000,62900
1996-05-21,4.250000,4.250000,4.062500,4.062500,4.062500,16400
1996-05-22,4.062500,4.062500,4.062500,4.062500,4.062500,1300
1996-05-23,4.125000,4.125000,4.125000,4.125000,4.125000,3000
1996-05-24,4.250000,4.250000,4.125000,4.250000,4.250000,19700
1996-05-28,4.187500,4.250000,4.187500,4.187500,4.187500,13400
1996-05-29,4.125000,4.187500,4.125000,4.125000,4.125000,29700
1996-05-30,4.062500,4.187500,4.062500,4.062500,4.062500,6700
1996-05-31,4.062500,4.187500,4.062500,4.062500,4.062500,141400
1996-06-03,4.125000,4.125000,4.062500,4.062500,4.062500,1000
1996-06-04,4.062500,5.062500,4.062500,5.062500,5.062500,325200
1996-06-05,5.125000,6.375000,5.000000,5.750000,5.750000,266700
1996-06-06,5.875000,6.250000,5.875000,6.000000,6.000000,83300
1996-06-07,5.625000,6.000000,5.625000,5.875000,5.875000,64300
1996-06-10,6.000000,6.000000,5.500000,5.625000,5.625000,59900
1996-06-11,5.500000,5.750000,5.250000,5.375000,5.375000,50400
1996-06-12,5.375000,5.875000,5.250000,5.687500,5.687500,141500
1996-06-13,5.812500,5.812500,5.562500,5.687500,5.687500,9300
1996-06-14,5.562500,5.687500,5.562500,5.562500,5.562500,13600
1996-06-17,5.500000,5.687500,5.437500,5.437500,5.437500,34000
1996-06-18,5.437500,5.437500,5.375000,5.375000,5.375000,32900
1996-06-19,5.375000,5.375000,5.375000,5.375000,5.375000,57200
1996-06-20,5.562500,5.562500,5.312500,5.312500,5.312500,17100
1996-06-21,5.312500,5.562500,5.312500,5.312500,5.312500,25200
1996-06-24,5.562500,5.562500,5.250000,5.375000,5.375000,21400
1996-06-25,5.250000,5.375000,4.750000,5.000000,5.000000,82700
1996-06-26,5.000000,5.000000,4.750000,4.750000,4.750000,16100
1996-06-27,4.687500,4.750000,4.000000,4.125000,4.125000,43600
1996-06-28,4.125000,4.125000,4.062500,4.125000,4.125000,11000
1996-07-01,4.062500,4.062500,4.000000,4.000000,4.000000,16900
1996-07-02,4.000000,4.000000,4.000000,4.000000,4.000000,4000
1996-07-03,4.000000,4.125000,4.000000,4.000000,4.000000,15700
1996-07-05,4.000000,4.000000,4.000000,4.000000,4.000000,3000
1996-07-08,4.000000,4.125000,4.000000,4.125000,4.125000,16300
1996-07-09,4.125000,4.125000,4.000000,4.000000,4.000000,4500
1996-07-10,4.000000,4.125000,4.000000,4.125000,4.125000,13000
1996-07-11,4.000000,4.062500,3.687500,4.062500,4.062500,24800
1996-07-12,3.625000,3.750000,3.375000,3.375000,3.375000,30500
1996-07-15,3.687500,3.750000,3.250000,3.250000,3.250000,61900
1996-07-16,3.250000,3.250000,3.125000,3.250000,3.250000,11100
1996-07-17,3.250000,3.500000,3.125000,3.375000,3.375000,68800
1996-07-18,3.562500,4.062500,3.500000,4.000000,4.000000,110200
1996-07-19,4.000000,4.187500,4.000000,4.125000,4.125000,57000
1996-07-22,4.125000,4.375000,4.125000,4.125000,4.125000,11100
1996-07-23,4.125000,4.125000,4.125000,4.125000,4.125000,20500
1996-07-24,4.125000,4.125000,3.812500,3.875000,3.875000,30600
1996-07-25,3.812500,3.812500,3.625000,3.625000,3.625000,11200
1996-07-26,3.875000,3.875000,3.625000,3.750000,3.750000,22500
1996-07-29,3.875000,3.875000,3.875000,3.875000,3.875000,800
1996-07-30,3.875000,3.875000,3.562500,3.812500,3.812500,13800
1996-07-31,3.500000,3.500000,3.500000,3.500000,3.500000,700
1996-08-01,3.750000,3.750000,3.750000,3.750000,3.750000,500
1996-08-02,3.500000,3.625000,3.375000,3.375000,3.375000,31300
1996-08-05,3.375000,3.437500,3.250000,3.437500,3.437500,26300
1996-08-06,3.250000,3.500000,3.250000,3.250000,3.250000,27800
1996-08-07,3.437500,3.500000,3.125000,3.125000,3.125000,14900
1996-08-08,3.500000,3.500000,3.250000,3.250000,3.250000,47700
1996-08-09,3.375000,3.500000,3.250000,3.500000,3.500000,30100
1996-08-12,3.500000,3.687500,3.500000,3.562500,3.562500,33400
1996-08-13,3.750000,3.750000,3.562500,3.750000,3.750000,27300
1996-08-14,3.750000,3.812500,3.750000,3.750000,3.750000,19000
1996-08-15,3.750000,3.812500,3.437500,3.750000,3.750000,104800
1996-08-16,3.812500,4.250000,3.687500,4.125000,4.125000,143100
1996-08-19,4.125000,4.625000,4.062500,4.562500,4.562500,70000
1996-08-20,4.375000,4.750000,4.312500,4.312500,4.312500,47100
1996-08-21,4.375000,4.500000,4.312500,4.312500,4.312500,22800
1996-08-22,4.312500,4.375000,4.000000,4.125000,4.125000,60600
1996-08-23,3.750000,4.250000,3.750000,4.062500,4.062500,35300
1996-08-26,4.125000,4.125000,4.000000,4.125000,4.125000,91900
1996-08-27,4.125000,4.187500,4.125000,4.125000,4.125000,20300
1996-08-28,4.187500,4.187500,4.000000,4.000000,4.000000,30400
1996-08-29,4.187500,4.187500,4.000000,4.000000,4.000000,13700
1996-08-30,4.000000,4.000000,3.875000,3.875000,3.875000,7700
1996-09-03,3.875000,4.062500,3.875000,3.875000,3.875000,3000
1996-09-04,3.875000,3.875000,3.875000,3.875000,3.875000,0
1996-09-05,4.000000,4.000000,3.875000,3.875000,3.875000,4000
1996-09-06,3.875000,3.875000,3.875000,3.875000,3.875000,100
1996-09-09,3.875000,3.875000,3.875000,3.875000,3.875000,0
1996-09-10,3.875000,3.937500,3.875000,3.875000,3.875000,11000
1996-09-11,3.875000,3.875000,3.875000,3.875000,3.875000,8000
1996-09-12,3.875000,4.062500,3.875000,4.062500,4.062500,16600
1996-09-13,3.875000,4.000000,3.875000,3.875000,3.875000,49100
1996-09-16,3.875000,4.000000,3.875000,4.000000,4.000000,48900
1996-09-17,3.875000,4.250000,3.875000,3.937500,3.937500,30100
1996-09-18,3.937500,4.062500,3.875000,3.875000,3.875000,6200
1996-09-19,3.875000,4.000000,3.812500,3.875000,3.875000,15500
1996-09-20,4.000000,4.000000,3.812500,3.812500,3.812500,3300
1996-09-23,3.750000,4.000000,3.750000,4.000000,4.000000,9000
1996-09-24,3.750000,3.937500,3.750000,3.750000,3.750000,6500
1996-09-25,3.750000,3.750000,3.750000,3.750000,3.750000,1000
1996-09-26,3.750000,4.125000,3.750000,3.750000,3.750000,21700
1996-09-27,3.750000,3.750000,3.750000,3.750000,3.750000,0
1996-09-30,3.750000,3.750000,3.750000,3.750000,3.750000,500
1996-10-01,4.000000,4.000000,3.750000,3.750000,3.750000,4300
1996-10-02,4.000000,4.000000,3.750000,3.750000,3.750000,1500
1996-10-03,3.750000,4.000000,3.750000,3.750000,3.750000,32800
1996-10-04,3.750000,3.875000,3.750000,3.875000,3.875000,19900
1996-10-07,3.750000,3.875000,3.750000,3.750000,3.750000,15800
1996-10-08,3.750000,3.750000,3.500000,3.500000,3.500000,31800
1996-10-09,3.500000,3.500000,3.500000,3.500000,3.500000,9100
1996-10-10,3.500000,3.500000,3.500000,3.500000,3.500000,21500
1996-10-11,3.500000,3.500000,3.375000,3.375000,3.375000,8000
1996-10-14,3.375000,3.625000,3.250000,3.250000,3.250000,24800
1996-10-15,3.250000,3.625000,3.250000,3.250000,3.250000,8200
1996-10-16,3.625000,3.625000,3.250000,3.625000,3.625000,16200
1996-10-17,3.250000,3.375000,3.125000,3.375000,3.375000,11900
1996-10-18,3.125000,3.250000,3.000000,3.125000,3.125000,22100
1996-10-21,3.000000,3.250000,3.000000,3.250000,3.250000,7000
1996-10-22,3.250000,3.250000,2.812500,2.812500,2.812500,17700
1996-10-23,3.000000,3.000000,2.750000,2.750000,2.750000,45700
1996-10-24,2.875000,2.875000,2.750000,2.750000,2.750000,42000
1996-10-25,2.750000,3.000000,2.750000,2.750000,2.750000,66200
1996-10-28,2.750000,2.875000,2.750000,2.750000,2.750000,12900
1996-10-29,2.875000,3.000000,2.750000,3.000000,3.000000,14600
1996-10-30,2.875000,3.000000,2.750000,2.750000,2.750000,30900
1996-10-31,2.750000,2.750000,2.750000,2.750000,2.750000,11700
1996-11-01,2.750000,2.750000,2.750000,2.750000,2.750000,5000
1996-11-04,2.750000,3.125000,2.750000,3.125000,3.125000,93600
1996-11-05,3.125000,3.312500,3.125000,3.125000,3.125000,57700
1996-11-06,3.187500,3.312500,3.125000,3.312500,3.312500,46500
1996-11-07,3.312500,3.312500,3.125000,3.187500,3.187500,44100
1996-11-08,3.125000,3.312500,3.125000,3.125000,3.125000,12000
1996-11-11,3.250000,3.375000,3.125000,3.125000,3.125000,27500
1996-11-12,3.281250,3.281250,3.125000,3.125000,3.125000,14500
1996-11-13,3.125000,3.250000,3.125000,3.250000,3.250000,27500
1996-11-14,3.250000,3.250000,3.125000,3.187500,3.187500,124000
1996-11-15,3.125000,3.125000,3.125000,3.125000,3.125000,24100
1996-11-18,3.125000,3.250000,3.125000,3.125000,3.125000,199500
1996-11-19,3.250000,3.250000,3.125000,3.125000,3.125000,34700
1996-11-20,3.125000,3.250000,3.125000,3.250000,3.250000,57500
1996-11-21,3.250000,3.250000,3.125000,3.250000,3.250000,75000
1996-11-22,3.125000,3.125000,3.000000,3.125000,3.125000,24000
1996-11-25,3.000000,3.000000,2.875000,2.875000,2.875000,20500
1996-11-26,3.000000,3.000000,2.750000,2.812500,2.812500,64100
1996-11-27,2.750000,2.875000,2.750000,2.875000,2.875000,60600
1996-11-29,2.843750,2.843750,2.843750,2.843750,2.843750,300
1996-12-02,2.812500,2.812500,2.687500,2.687500,2.687500,78000
1996-12-03,2.625000,2.687500,2.250000,2.250000,2.250000,92400
1996-12-04,2.250000,2.500000,2.187500,2.500000,2.500000,57000
1996-12-05,2.375000,2.375000,2.375000,2.375000,2.375000,1000
1996-12-06,2.250000,2.625000,2.250000,2.625000,2.625000,29200
1996-12-09,2.750000,2.750000,2.375000,2.375000,2.375000,56700
1996-12-10,2.250000,2.375000,2.000000,2.250000,2.250000,78200
1996-12-11,2.000000,2.250000,2.000000,2.125000,2.125000,50600
1996-12-12,2.250000,2.375000,2.187500,2.203125,2.203125,94800
1996-12-13,2.187500,2.375000,2.187500,2.375000,2.375000,25400
1996-12-16,2.187500,2.375000,2.187500,2.250000,2.250000,60700
1996-12-17,2.250000,2.500000,2.250000,2.375000,2.375000,8900
1996-12-18,2.250000,2.625000,2.250000,2.625000,2.625000,8900
1996-12-19,2.437500,2.625000,2.234375,2.500000,2.500000,140900
1996-12-20,2.562500,2.562500,2.437500,2.500000,2.500000,12400
1996-12-23,2.375000,2.625000,2.375000,2.625000,2.625000,3500
1996-12-24,2.375000,2.625000,2.375000,2.625000,2.625000,6500
1996-12-26,2.625000,2.625000,2.375000,2.625000,2.625000,9000
1996-12-27,2.500000,2.625000,2.375000,2.562500,2.562500,51000
1996-12-30,2.562500,2.625000,2.000000,2.000000,2.000000,200800
1996-12-31,2.000000,2.125000,2.000000,2.125000,2.125000,57600
1997-01-02,2.250000,2.375000,2.125000,2.375000,2.375000,22700
1997-01-03,2.437500,2.562500,2.312500,2.437500,2.437500,17500
1997-01-06,2.562500,2.562500,2.500000,2.500000,2.500000,7000
1997-01-07,2.625000,2.875000,2.625000,2.750000,2.750000,52100
1997-01-08,2.937500,3.062500,2.875000,3.000000,3.000000,89100
1997-01-09,3.062500,3.875000,3.000000,3.812500,3.812500,141100
1997-01-10,3.812500,3.812500,3.375000,3.500000,3.500000,70200
1997-01-13,3.375000,3.625000,3.312500,3.500000,3.500000,134300
1997-01-14,3.375000,3.750000,3.375000,3.750000,3.750000,9600
1997-01-15,3.437500,3.812500,3.437500,3.750000,3.750000,50100
1997-01-16,3.750000,3.812500,3.625000,3.812500,3.812500,15400
1997-01-17,3.625000,3.812500,3.625000,3.750000,3.750000,22600
1997-01-20,3.750000,3.812500,3.625000,3.812500,3.812500,4900
1997-01-21,3.687500,3.812500,3.687500,3.812500,3.812500,70900
1997-01-22,3.812500,3.812500,3.500000,3.687500,3.687500,11500
1997-01-23,3.687500,4.437500,3.625000,4.062500,4.062500,181800
1997-01-24,4.187500,4.187500,3.750000,3.875000,3.875000,87600
1997-01-27,3.875000,3.875000,3.500000,3.625000,3.625000,24600
1997-01-28,3.375000,3.625000,3.375000,3.500000,3.500000,22500
1997-01-29,3.375000,3.375000,3.000000,3.187500,3.187500,98500
1997-01-30,3.187500,3.250000,3.187500,3.250000,3.250000,50500
1997-01-31,3.125000,3.375000,3.125000,3.125000,3.125000,20000
1997-02-03,3.250000,3.437500,3.250000,3.375000,3.375000,152000
1997-02-04,3.437500,4.000000,3.437500,3.625000,3.625000,144000
1997-02-05,3.750000,4.000000,3.750000,3.937500,3.937500,74000
1997-02-06,3.812500,4.000000,3.625000,3.750000,3.750000,27000
1997-02-07,3.750000,3.750000,3.500000,3.750000,3.750000,17200
1997-02-10,3.687500,3.687500,3.500000,3.625000,3.625000,13400
1997-02-11,3.687500,3.687500,3.500000,3.500000,3.500000,10400
1997-02-12,3.500000,3.687500,3.500000,3.625000,3.625000,26300
1997-02-13,3.500000,3.625000,3.437500,3.437500,3.437500,46200
1997-02-14,3.375000,3.375000,3.250000,3.250000,3.250000,13900
1997-02-18,3.250000,3.500000,3.250000,3.500000,3.500000,8800
1997-02-19,3.500000,3.500000,3.250000,3.375000,3.375000,16000
1997-02-20,3.250000,3.500000,3.250000,3.500000,3.500000,2100
1997-02-21,3.500000,3.750000,3.375000,3.500000,3.500000,38500
1997-02-24,3.750000,3.750000,3.750000,3.750000,3.750000,800
1997-02-25,3.750000,3.750000,3.500000,3.750000,3.750000,14400
1997-02-26,3.500000,3.640625,3.500000,3.640625,3.640625,11000
1997-02-27,3.500000,3.750000,3.500000,3.500000,3.500000,26800
1997-02-28,3.500000,3.500000,3.437500,3.500000,3.500000,13000
1997-03-03,3.625000,3.625000,3.625000,3.625000,3.625000,1000
1997-03-04,3.437500,3.578125,3.437500,3.437500,3.437500,40800
1997-03-05,3.625000,3.625000,3.437500,3.531250,3.531250,50700
1997-03-06,3.593750,3.593750,3.468750,3.593750,3.593750,16000
1997-03-07,3.468750,3.593750,3.468750,3.562500,3.562500,23000
1997-03-10,3.593750,3.593750,3.593750,3.593750,3.593750,2600
1997-03-11,3.468750,3.593750,3.187500,3.312500,3.312500,39300
1997-03-12,3.375000,3.500000,3.312500,3.437500,3.437500,35600
1997-03-13,3.500000,3.500000,3.250000,3.437500,3.437500,13600
1997-03-14,3.187500,3.187500,3.187500,3.187500,3.187500,5800
1997-03-17,3.125000,3.125000,3.125000,3.125000,3.125000,1000
1997-03-18,3.125000,3.250000,3.000000,3.250000,3.250000,17800
1997-03-19,3.250000,3.250000,2.875000,2.875000,2.875000,21700
1997-03-20,3.062500,3.437500,3.000000,3.375000,3.375000,143000
1997-03-21,3.437500,4.000000,3.437500,3.875000,3.875000,91600
1997-03-24,3.812500,3.812500,3.500000,3.500000,3.500000,98200
1997-03-25,3.562500,3.750000,3.562500,3.750000,3.750000,53700
1997-03-26,3.875000,3.875000,3.625000,3.656250,3.656250,34700
1997-03-27,3.750000,3.750000,3.500000,3.500000,3.500000,37300
1997-03-31,3.437500,3.437500,3.250000,3.250000,3.250000,21200
1997-04-01,3.312500,3.312500,3.125000,3.156250,3.156250,34700
1997-04-02,3.125000,3.125000,2.750000,2.875000,2.875000,42600
1997-04-03,2.875000,3.062500,2.750000,2.875000,2.875000,43700
1997-04-04,2.875000,3.062500,2.750000,3.000000,3.000000,25300
1997-04-07,2.750000,3.000000,2.750000,2.875000,2.875000,2500
1997-04-08,3.062500,3.062500,2.625000,2.625000,2.625000,15100
1997-04-09,3.000000,3.000000,2.625000,2.875000,2.875000,13600
1997-04-10,2.968750,2.968750,2.750000,2.812500,2.812500,16000
1997-04-11,2.750000,2.812500,2.500000,2.500000,2.500000,58300
1997-04-14,2.625000,2.750000,2.625000,2.687500,2.687500,8300
1997-04-15,2.625000,2.812500,2.625000,2.750000,2.750000,44200
1997-04-16,2.812500,2.812500,2.750000,2.750000,2.750000,3000
1997-04-17,2.562500,2.687500,2.421875,2.625000,2.625000,149100
1997-04-18,2.500000,2.875000,2.500000,2.875000,2.875000,2400
1997-04-21,2.500000,2.750000,2.500000,2.500000,2.500000,3100
1997-04-22,2.500000,2.750000,2.500000,2.625000,2.625000,12900
1997-04-23,2.875000,3.062500,2.812500,2.968750,2.968750,69000
1997-04-24,2.875000,3.062500,2.875000,3.062500,3.062500,40800
1997-04-25,2.875000,2.937500,2.750000,2.750000,2.750000,5500
1997-04-28,2.812500,2.812500,2.625000,2.625000,2.625000,2100
1997-04-29,2.625000,2.625000,2.625000,2.625000,2.625000,8000
1997-04-30,2.625000,2.750000,2.375000,2.562500,2.562500,103500
1997-05-01,2.437500,2.562500,2.437500,2.500000,2.500000,8200
1997-05-02,2.562500,2.593750,2.500000,2.562500,2.562500,19800
1997-05-05,2.625000,2.687500,2.437500,2.687500,2.687500,11800
1997-05-06,2.687500,2.687500,2.437500,2.500000,2.500000,10500
1997-05-07,2.437500,2.437500,2.437500,2.437500,2.437500,2000
1997-05-08,2.437500,2.687500,2.437500,2.687500,2.687500,43500
1997-05-09,2.625000,2.625000,2.500000,2.562500,2.562500,16500
1997-05-12,2.687500,3.062500,2.687500,3.062500,3.062500,86100
1997-05-13,3.062500,3.250000,3.031250,3.062500,3.062500,67100
1997-05-14,3.125000,3.250000,2.875000,3.250000,3.250000,33800
1997-05-15,3.187500,3.312500,3.000000,3.000000,3.000000,31000
1997-05-16,3.062500,3.250000,3.000000,3.250000,3.250000,78500
1997-05-19,3.062500,3.250000,2.937500,3.000000,3.000000,35500
1997-05-20,2.937500,3.000000,2.750000,2.750000,2.750000,24400
1997-05-21,2.812500,2.875000,2.750000,2.812500,2.812500,63900
1997-05-22,2.875000,2.875000,2.625000,2.625000,2.625000,10100
1997-05-23,2.750000,2.750000,2.625000,2.750000,2.750000,48000
1997-05-27,3.000000,3.000000,2.812500,2.812500,2.812500,19500
1997-05-28,2.812500,2.812500,2.812500,2.812500,2.812500,0
1997-05-29,2.937500,2.937500,2.812500,2.812500,2.812500,1900
1997-05-30,2.750000,2.750000,2.750000,2.750000,2.750000,3000
1997-06-02,2.750000,2.750000,2.500000,2.500000,2.500000,35200
1997-06-03,2.500000,2.687500,2.500000,2.687500,2.687500,9800
1997-06-04,2.500000,2.687500,2.500000,2.562500,2.562500,8000
1997-06-05,2.562500,2.562500,2.562500,2.562500,2.562500,0
1997-06-06,2.562500,2.562500,2.562500,2.562500,2.562500,0
1997-06-09,2.562500,2.687500,2.562500,2.687500,2.687500,20200
1997-06-10,2.562500,2.562500,2.562500,2.562500,2.562500,11300
1997-06-11,2.687500,2.750000,2.562500,2.562500,2.562500,15300
1997-06-12,2.562500,2.812500,2.500000,2.750000,2.750000,27700
1997-06-13,2.562500,3.062500,2.562500,2.875000,2.875000,38900
1997-06-16,2.875000,3.000000,2.687500,2.937500,2.937500,55800
1997-06-17,2.812500,3.062500,2.812500,3.000000,3.000000,39200
1997-06-18,3.000000,3.031250,2.875000,2.875000,2.875000,34900
1997-06-19,3.000000,3.000000,2.875000,2.875000,2.875000,76600
1997-06-20,2.875000,2.875000,2.718750,2.718750,2.718750,9000
1997-06-23,2.937500,2.937500,2.687500,2.687500,2.687500,22200
1997-06-24,2.875000,2.875000,2.625000,2.625000,2.625000,39500
1997-06-25,2.875000,2.875000,2.562500,2.687500,2.687500,41800
1997-06-26,2.562500,2.750000,2.500000,2.562500,2.562500,31200
1997-06-27,2.562500,2.687500,2.562500,2.687500,2.687500,15700
1997-06-30,2.750000,2.750000,2.562500,2.625000,2.625000,26800
1997-07-01,2.687500,2.687500,2.562500,2.562500,2.562500,7600
1997-07-02,2.687500,2.687500,2.437500,2.500000,2.500000,40700
1997-07-03,2.562500,2.687500,2.562500,2.625000,2.625000,7000
1997-07-07,2.562500,2.656250,2.500000,2.500000,2.500000,24700
1997-07-08,2.500000,2.562500,2.500000,2.562500,2.562500,7000
1997-07-09,2.500000,2.687500,2.500000,2.687500,2.687500,19700
1997-07-10,2.531250,2.687500,2.500000,2.500000,2.500000,10700
1997-07-11,2.500000,2.500000,2.500000,2.500000,2.500000,2400
1997-07-14,2.500000,2.750000,2.500000,2.687500,2.687500,110600
1997-07-15,2.687500,2.687500,2.562500,2.562500,2.562500,6700
1997-07-16,2.812500,2.812500,2.625000,2.625000,2.625000,3400
1997-07-17,2.812500,2.812500,2.625000,2.625000,2.625000,5500
1997-07-18,2.750000,2.843750,2.750000,2.843750,2.843750,22900
1997-07-21,2.812500,2.812500,2.750000,2.812500,2.812500,26500
1997-07-22,2.812500,2.812500,2.750000,2.812500,2.812500,12000
1997-07-23,2.750000,2.812500,2.562500,2.812500,2.812500,20500
1997-07-24,2.625000,2.625000,2.562500,2.562500,2.562500,7900
1997-07-25,2.500000,2.500000,2.500000,2.500000,2.500000,3000
1997-07-28,2.656250,2.656250,2.437500,2.437500,2.437500,5400
1997-07-29,2.437500,2.562500,2.437500,2.500000,2.500000,44100
1997-07-30,2.437500,2.531250,2.437500,2.437500,2.437500,3500
1997-07-31,2.531250,2.531250,2.437500,2.531250,2.531250,20100
1997-08-01,2.531250,2.656250,2.500000,2.656250,2.656250,13600
1997-08-04,2.656250,2.687500,2.500000,2.562500,2.562500,8800
1997-08-05,2.812500,2.937500,2.687500,2.937500,2.937500,9000
1997-08-06,2.937500,3.250000,2.843750,3.062500,3.062500,44500
1997-08-07,3.312500,3.500000,3.125000,3.437500,3.437500,76100
1997-08-08,3.312500,3.812500,3.250000,3.812500,3.812500,224500
1997-08-11,3.875000,4.437500,3.812500,3.812500,3.812500,221600
1997-08-12,3.968750,4.062500,3.750000,3.750000,3.750000,64600
1997-08-13,4.000000,4.000000,3.656250,3.875000,3.875000,61500
1997-08-14,3.937500,4.250000,3.875000,4.250000,4.250000,84200
1997-08-15,4.250000,4.312500,4.093750,4.093750,4.093750,34700
1997-08-18,4.375000,4.437500,4.125000,4.312500,4.312500,43800
1997-08-19,4.343750,4.343750,3.937500,3.937500,3.937500,30000
1997-08-20,4.125000,4.125000,4.000000,4.000000,4.000000,27000
1997-08-21,3.937500,4.062500,3.875000,3.875000,3.875000,32700
1997-08-22,4.062500,4.062500,3.625000,3.625000,3.625000,12500
1997-08-25,3.812500,3.812500,3.625000,3.625000,3.625000,1500
1997-08-26,3.875000,3.875000,3.562500,3.875000,3.875000,27200
1997-08-27,3.875000,3.875000,3.625000,3.875000,3.875000,11000
1997-08-28,3.562500,3.562500,3.500000,3.500000,3.500000,5000
1997-08-29,3.500000,3.750000,3.500000,3.625000,3.625000,11900
1997-09-02,3.687500,3.687500,3.437500,3.437500,3.437500,11800
1997-09-03,3.375000,3.375000,3.125000,3.250000,3.250000,30000
1997-09-04,3.375000,3.375000,3.250000,3.375000,3.375000,13300
1997-09-05,3.437500,3.437500,3.312500,3.437500,3.437500,8100
1997-09-08,3.625000,4.375000,3.500000,4.062500,4.062500,117200
1997-09-09,4.312500,4.437500,4.125000,4.312500,4.312500,49900
1997-09-10,4.468750,5.375000,4.437500,5.125000,5.125000,135500
1997-09-11,5.000000,5.937500,4.937500,5.562500,5.562500,256700
1997-09-12,5.625000,5.812500,5.437500,5.750000,5.750000,216300
1997-09-15,5.687500,6.000000,5.687500,5.812500,5.812500,44200
1997-09-16,5.812500,6.062500,5.000000,5.250000,5.250000,181900
1997-09-17,5.406250,5.687500,5.312500,5.500000,5.500000,116900
1997-09-18,5.656250,6.062500,5.500000,6.000000,6.000000,146800
1997-09-19,6.062500,7.062500,5.750000,7.000000,7.000000,270000
1997-09-22,7.000000,8.500000,6.937500,8.500000,8.500000,380700
1997-09-23,8.500000,9.562500,8.312500,9.500000,9.500000,515000
1997-09-24,9.937500,10.062500,8.687500,8.687500,8.687500,481500
1997-09-25,8.875000,8.875000,6.875000,8.000000,8.000000,725500
1997-09-26,8.000000,8.437500,7.562500,8.125000,8.125000,151300
1997-09-29,8.125000,8.250000,7.375000,7.562500,7.562500,162100
1997-09-30,7.625000,7.625000,7.125000,7.375000,7.375000,326300
1997-10-01,7.437500,7.437500,6.125000,7.250000,7.250000,392000
1997-10-02,7.093750,7.250000,6.750000,7.062500,7.062500,252500
1997-10-03,7.125000,8.500000,7.125000,8.250000,8.250000,447200
1997-10-06,8.250000,8.437500,7.875000,8.187500,8.187500,239500
1997-10-07,8.062500,8.375000,7.562500,7.968750,7.968750,363300
1997-10-08,8.000000,8.062500,7.625000,7.968750,7.968750,115100
1997-10-09,7.750000,8.218750,7.625000,8.000000,8.000000,137000
1997-10-10,7.812500,8.125000,7.812500,8.000000,8.000000,167900
1997-10-13,7.937500,8.500000,7.937500,7.937500,7.937500,171600
1997-10-14,8.437500,8.500000,8.000000,8.500000,8.500000,85900
1997-10-15,8.406250,9.625000,8.375000,9.500000,9.500000,291200
1997-10-16,10.000000,11.500000,9.875000,10.562500,10.562500,720000
1997-10-17,11.000000,11.062500,9.687500,10.250000,10.250000,288300
1997-10-20,10.312500,11.312500,10.250000,11.062500,11.062500,355400
1997-10-21,11.125000,11.437500,10.812500,11.000000,11.000000,207600
1997-10-22,11.250000,11.250000,10.062500,11.000000,11.000000,163500
1997-10-23,10.250000,10.812500,9.625000,10.750000,10.750000,177900
1997-10-24,10.750000,11.000000,10.250000,10.625000,10.625000,126200
1997-10-27,10.625000,10.625000,8.687500,9.750000,9.750000,203300
1997-10-28,8.375000,9.875000,8.125000,9.875000,9.875000,241600
1997-10-29,10.000000,10.437500,9.625000,9.625000,9.625000,159400
1997-10-30,9.750000,9.750000,9.062500,9.437500,9.437500,100300
1997-10-31,9.750000,9.875000,9.125000,9.312500,9.312500,177800
1997-11-03,9.562500,9.562500,9.000000,9.437500,9.437500,60200
1997-11-04,9.437500,9.500000,9.125000,9.375000,9.375000,108600
1997-11-05,9.312500,9.375000,8.437500,8.437500,8.437500,186400
1997-11-06,8.375000,9.312500,8.250000,9.250000,9.250000,147200
1997-11-07,9.312500,9.312500,8.500000,8.812500,8.812500,129100
1997-11-10,8.937500,8.937500,8.000000,8.437500,8.437500,95700
1997-11-11,8.500000,8.500000,8.187500,8.437500,8.437500,83700
1997-11-12,8.437500,9.375000,8.250000,8.625000,8.625000,211700
1997-11-13,8.750000,9.000000,8.500000,8.625000,8.625000,66000
1997-11-14,8.750000,9.000000,8.562500,8.625000,8.625000,53800
1997-11-17,8.750000,9.062500,8.562500,9.000000,9.000000,129700
1997-11-18,9.125000,9.375000,8.875000,9.250000,9.250000,122400
1997-11-19,9.250000,9.343750,8.625000,8.968750,8.968750,61500
1997-11-20,9.000000,9.250000,8.687500,9.000000,9.000000,39500
1997-11-21,9.125000,9.437500,9.000000,9.437500,9.437500,70200
1997-11-24,9.312500,9.500000,9.125000,9.187500,9.187500,97100
1997-11-25,9.312500,9.312500,8.875000,9.000000,9.000000,37800
1997-11-26,9.062500,9.062500,8.562500,8.750000,8.750000,69500
1997-11-28,8.687500,8.750000,8.500000,8.750000,8.750000,16200
1997-12-01,8.687500,8.687500,7.000000,7.375000,7.375000,175800
1997-12-02,7.437500,7.437500,5.875000,6.812500,6.812500,379300
1997-12-03,6.656250,8.500000,6.656250,8.500000,8.500000,285700
1997-12-04,8.750000,9.125000,8.500000,8.687500,8.687500,248700
1997-12-05,8.656250,8.781250,8.500000,8.593750,8.593750,76700
1997-12-08,8.593750,8.593750,8.500000,8.531250,8.531250,47600
1997-12-09,8.500000,8.500000,7.625000,7.687500,7.687500,76300
1997-12-10,7.625000,7.750000,7.375000,7.562500,7.562500,83800
1997-12-11,7.500000,7.562500,7.250000,7.437500,7.437500,39100
1997-12-12,7.500000,7.937500,7.437500,7.687500,7.687500,62100
1997-12-15,7.687500,7.687500,6.562500,7.000000,7.000000,86800
1997-12-16,7.218750,7.500000,6.500000,7.500000,7.500000,110600
1997-12-17,7.500000,7.687500,7.125000,7.125000,7.125000,49700
1997-12-18,7.125000,7.250000,6.937500,7.125000,7.125000,42500
1997-12-19,7.000000,7.125000,6.750000,6.875000,6.875000,15400
1997-12-22,7.125000,7.187500,6.875000,7.187500,7.187500,26100
1997-12-23,7.187500,7.187500,6.750000,6.750000,6.750000,24300
1997-12-24,6.750000,6.875000,6.750000,6.875000,6.875000,7400
1997-12-26,6.875000,7.062500,6.687500,7.062500,7.062500,33300
1997-12-29,7.062500,7.062500,6.750000,6.937500,6.937500,20300
1997-12-30,6.750000,6.875000,6.250000,6.437500,6.437500,67900
1997-12-31,6.375000,6.875000,6.375000,6.875000,6.875000,65100
1998-01-02,6.812500,7.062500,6.750000,7.062500,7.062500,10300
1998-01-05,6.937500,7.312500,6.875000,7.187500,7.187500,46800
1998-01-06,7.062500,7.062500,6.625000,6.750000,6.750000,38600
1998-01-07,6.875000,7.156250,6.687500,6.812500,6.812500,49200
1998-01-08,6.625000,6.875000,6.500000,6.500000,6.500000,30800
1998-01-09,6.500000,6.750000,6.375000,6.500000,6.500000,38800
1998-01-12,6.562500,6.562500,6.187500,6.500000,6.500000,13200
1998-01-13,6.500000,6.875000,6.375000,6.562500,6.562500,51100
1998-01-14,6.750000,6.750000,6.562500,6.687500,6.687500,23700
1998-01-15,6.562500,6.687500,6.437500,6.687500,6.687500,44900
1998-01-16,6.687500,6.687500,6.250000,6.500000,6.500000,48000
1998-01-20,6.500000,6.500000,5.750000,6.375000,6.375000,59100
1998-01-21,6.375000,6.812500,6.375000,6.750000,6.750000,77600
1998-01-22,6.750000,7.562500,6.625000,7.500000,7.500000,130800
1998-01-23,7.625000,8.125000,7.625000,8.062500,8.062500,191700
1998-01-26,8.125000,8.750000,8.125000,8.375000,8.375000,151700
1998-01-27,8.500000,8.500000,7.750000,8.187500,8.187500,105300
1998-01-28,8.125000,8.250000,7.375000,7.375000,7.375000,146600
1998-01-29,7.500000,8.000000,7.500000,7.750000,7.750000,32000
1998-01-30,7.625000,7.750000,7.000000,7.250000,7.250000,48500
1998-02-02,7.500000,8.250000,7.500000,7.875000,7.875000,176200
1998-02-03,7.875000,7.875000,7.500000,7.875000,7.875000,14600
1998-02-04,7.937500,7.937500,7.375000,7.500000,7.500000,35800
1998-02-05,7.750000,8.500000,7.625000,8.437500,8.437500,251500
1998-02-06,8.500000,8.500000,8.062500,8.250000,8.250000,107500
1998-02-09,8.437500,8.562500,8.187500,8.312500,8.312500,102000
1998-02-10,8.312500,8.500000,8.187500,8.500000,8.500000,70000
1998-02-11,8.437500,8.500000,8.000000,8.000000,8.000000,92900
1998-02-12,8.250000,8.312500,7.875000,8.000000,8.000000,53000
1998-02-13,7.875000,8.187500,7.875000,8.125000,8.125000,85400
1998-02-17,8.125000,8.250000,8.000000,8.062500,8.062500,58600
1998-02-18,8.062500,8.250000,7.937500,8.062500,8.062500,68200
1998-02-19,8.187500,8.187500,7.562500,7.843750,7.843750,41100
1998-02-20,7.843750,7.937500,7.500000,7.750000,7.750000,81700
1998-02-23,7.625000,7.875000,7.062500,7.250000,7.250000,102300
1998-02-24,7.250000,7.625000,6.937500,7.562500,7.562500,104200
1998-02-25,7.500000,8.250000,7.500000,7.750000,7.750000,101700
1998-02-26,7.625000,7.875000,7.625000,7.812500,7.812500,28200
1998-02-27,7.625000,7.937500,7.625000,7.750000,7.750000,62100
1998-03-02,7.687500,7.937500,7.500000,7.875000,7.875000,46400
1998-03-03,7.687500,7.750000,7.437500,7.625000,7.625000,30200
1998-03-04,7.625000,7.750000,7.312500,7.750000,7.750000,43700
1998-03-05,7.562500,7.812500,7.500000,7.625000,7.625000,12400
1998-03-06,7.500000,7.625000,7.375000,7.437500,7.437500,58000
1998-03-09,7.437500,7.812500,7.312500,7.812500,7.812500,29000
1998-03-10,7.812500,8.125000,7.562500,8.000000,8.000000,58000
1998-03-11,7.875000,8.000000,7.625000,7.625000,7.625000,16400
1998-03-12,7.750000,7.750000,7.562500,7.625000,7.625000,16700
1998-03-13,7.562500,7.562500,7.250000,7.437500,7.437500,54400
1998-03-16,7.500000,7.625000,7.250000,7.625000,7.625000,38300
1998-03-17,7.375000,7.875000,7.375000,7.875000,7.875000,36600
1998-03-18,7.875000,7.875000,7.687500,7.687500,7.687500,9700
1998-03-19,7.687500,9.062500,7.687500,8.875000,8.875000,325200
1998-03-20,8.875000,8.937500,8.062500,8.687500,8.687500,224000
1998-03-23,8.750000,8.937500,8.500000,8.625000,8.625000,97600
1998-03-24,8.687500,8.687500,8.125000,8.375000,8.375000,165600
1998-03-25,8.250000,8.375000,8.062500,8.375000,8.375000,33600
1998-03-26,8.375000,8.875000,8.375000,8.812500,8.812500,80000
1998-03-27,8.875000,9.750000,8.687500,9.687500,9.687500,259000
1998-03-30,10.000000,12.000000,9.937500,11.437500,11.437500,829200
1998-03-31,11.625000,11.687500,9.875000,10.250000,10.250000,393500
1998-04-01,10.250000,10.687500,10.000000,10.500000,10.500000,170800
1998-04-02,10.562500,11.500000,10.375000,11.250000,11.250000,347500
1998-04-03,11.312500,11.375000,10.625000,10.812500,10.812500,140400
1998-04-06,10.562500,10.625000,10.125000,10.437500,10.437500,114100
1998-04-07,10.437500,10.437500,8.750000,9.062500,9.062500,245200
1998-04-08,9.375000,10.312500,9.375000,9.625000,9.625000,116600
1998-04-09,9.875000,9.875000,9.250000,9.312500,9.312500,59100
1998-04-13,9.625000,9.625000,9.312500,9.312500,9.312500,46400
1998-04-14,9.500000,9.625000,9.250000,9.375000,9.375000,94300
1998-04-15,9.375000,9.500000,9.000000,9.437500,9.437500,97000
1998-04-16,9.500000,9.625000,8.750000,9.062500,9.062500,138700
1998-04-17,8.750000,9.500000,8.687500,9.500000,9.500000,58600
1998-04-20,9.625000,10.875000,9.625000,10.500000,10.500000,268500
1998-04-21,10.750000,11.375000,10.250000,10.625000,10.625000,197600
1998-04-22,10.750000,10.875000,10.375000,10.375000,10.375000,59000
1998-04-23,10.875000,10.875000,10.375000,10.500000,10.500000,85100
1998-04-24,10.625000,10.750000,10.062500,10.312500,10.312500,55800
1998-04-27,9.937500,10.375000,9.750000,10.375000,10.375000,78000
1998-04-28,10.625000,10.750000,10.250000,10.437500,10.437500,86100
1998-04-29,10.312500,10.500000,10.000000,10.250000,10.250000,50800
1998-04-30,10.250000,10.687500,10.250000,10.500000,10.500000,106700
1998-05-01,10.250000,10.750000,10.125000,10.500000,10.500000,197500
1998-05-04,10.500000,13.250000,10.500000,12.125000,12.125000,623500
1998-05-05,12.687500,12.687500,10.875000,11.250000,11.250000,230300
1998-05-06,11.500000,11.500000,10.687500,10.812500,10.812500,74600
1998-05-07,10.812500,11.625000,10.625000,11.187500,11.187500,65100
1998-05-08,11.375000,11.500000,11.187500,11.312500,11.312500,76900
1998-05-11,11.500000,12.625000,11.500000,12.000000,12.000000,471500
1998-05-12,12.062500,12.375000,11.062500,12.375000,12.375000,235600
1998-05-13,12.125000,12.625000,12.062500,12.250000,12.250000,216500
1998-05-14,12.687500,12.875000,12.250000,12.500000,12.500000,259700
1998-05-15,12.750000,13.000000,12.375000,12.375000,12.375000,274400
1998-05-18,12.625000,13.000000,11.687500,11.875000,11.875000,230000
1998-05-19,12.125000,12.250000,11.625000,11.687500,11.687500,151300
1998-05-20,11.687500,11.875000,11.562500,11.687500,11.687500,124200
1998-05-21,11.875000,12.312500,11.812500,11.812500,11.812500,83200
1998-05-22,11.937500,12.000000,11.500000,11.875000,11.875000,54300
1998-05-26,11.875000,11.875000,11.250000,11.562500,11.562500,116200
1998-05-27,11.250000,11.562500,10.750000,11.562500,11.562500,118800
1998-05-28,11.437500,11.625000,10.812500,11.000000,11.000000,101500
1998-05-29,10.812500,11.750000,10.812500,11.750000,11.750000,164700
1998-06-01,11.750000,13.687500,11.437500,13.500000,13.500000,369100
1998-06-02,14.000000,14.812500,13.562500,14.500000,14.500000,826700
1998-06-03,14.500000,14.562500,13.750000,14.000000,14.000000,383300
1998-06-04,14.000000,14.187500,11.687500,13.375000,13.375000,760200
1998-06-05,13.250000,13.437500,12.437500,13.187500,13.187500,295700
1998-06-08,13.687500,14.187500,12.812500,13.875000,13.875000,582200
1998-06-09,13.937500,13.937500,13.125000,13.500000,13.500000,180700
1998-06-10,13.375000,13.375000,12.375000,12.500000,12.500000,585800
1998-06-11,12.187500,12.937500,11.750000,12.625000,12.625000,304500
1998-06-12,12.187500,14.000000,12.062500,13.875000,13.875000,517200
1998-06-15,13.750000,14.375000,13.375000,14.062500,14.062500,453800
1998-06-16,14.500000,14.875000,10.750000,11.937500,11.937500,1871800
1998-06-17,12.250000,12.375000,10.562500,11.000000,11.000000,684500
1998-06-18,11.250000,11.312500,9.562500,11.312500,11.312500,640300
1998-06-19,11.375000,11.437500,10.500000,10.937500,10.937500,265600
1998-06-22,11.125000,11.125000,9.625000,9.875000,9.875000,400900
1998-06-23,9.750000,9.750000,8.750000,9.125000,9.125000,463500
1998-06-24,9.125000,10.625000,9.062500,10.125000,10.125000,389100
1998-06-25,10.375000,10.375000,9.281250,9.500000,9.500000,353100
1998-06-26,9.312500,9.500000,8.437500,8.437500,8.437500,318900
1998-06-29,8.437500,8.750000,7.562500,7.562500,7.562500,363700
1998-06-30,7.687500,7.875000,6.437500,7.000000,7.000000,563100
1998-07-01,6.750000,8.375000,6.125000,8.375000,8.375000,784300
1998-07-02,8.375000,9.687500,8.062500,8.750000,8.750000,722900
1998-07-06,8.250000,8.312500,7.750000,7.875000,7.875000,276200
1998-07-07,7.750000,8.000000,7.312500,7.500000,7.500000,170000
1998-07-08,7.437500,7.625000,6.625000,6.875000,6.875000,236100
1998-07-09,6.875000,8.437500,6.750000,7.250000,7.250000,340200
1998-07-10,7.250000,7.687500,7.000000,7.187500,7.187500,150600
1998-07-13,7.250000,7.500000,6.875000,7.500000,7.500000,137700
1998-07-14,7.437500,7.562500,7.125000,7.187500,7.187500,50100
1998-07-15,7.250000,7.250000,6.937500,7.062500,7.062500,41700
1998-07-16,6.937500,7.250000,6.750000,7.000000,7.000000,122100
1998-07-17,7.000000,7.625000,7.000000,7.437500,7.437500,51500
1998-07-20,7.500000,7.937500,7.500000,7.812500,7.812500,71600
1998-07-21,8.062500,8.187500,7.625000,7.687500,7.687500,79900
1998-07-22,7.687500,7.875000,7.562500,7.656250,7.656250,56000
1998-07-23,7.937500,7.937500,7.500000,7.500000,7.500000,30700
1998-07-24,7.375000,7.500000,7.062500,7.250000,7.250000,59300
1998-07-27,7.312500,7.312500,7.062500,7.250000,7.250000,66000
1998-07-28,7.187500,7.250000,6.937500,7.000000,7.000000,87700
1998-07-29,7.000000,7.250000,6.812500,6.812500,6.812500,80300
1998-07-30,6.875000,7.062500,6.500000,7.000000,7.000000,103300
1998-07-31,7.062500,7.250000,6.812500,7.062500,7.062500,35000
1998-08-03,7.062500,7.218750,7.000000,7.000000,7.000000,42200
1998-08-04,7.125000,7.187500,6.812500,6.812500,6.812500,81700
1998-08-05,6.812500,6.875000,6.250000,6.500000,6.500000,93700
1998-08-06,6.562500,6.562500,6.250000,6.312500,6.312500,41600
1998-08-07,6.500000,6.500000,6.312500,6.500000,6.500000,20200
1998-08-10,6.500000,7.500000,6.500000,7.312500,7.312500,117900
1998-08-11,7.312500,7.312500,6.812500,7.062500,7.062500,29200
1998-08-12,7.250000,7.500000,6.812500,6.937500,6.937500,33000
1998-08-13,6.937500,7.875000,6.750000,6.875000,6.875000,238700
1998-08-14,6.875000,6.875000,6.718750,6.750000,6.750000,32600
1998-08-17,6.937500,7.062500,6.562500,7.000000,7.000000,82000
1998-08-18,7.000000,7.062500,6.687500,6.875000,6.875000,41700
1998-08-19,6.812500,6.875000,6.562500,6.625000,6.625000,31500
1998-08-20,6.875000,6.875000,6.562500,6.687500,6.687500,7800
1998-08-21,6.625000,6.750000,6.281250,6.500000,6.500000,67500
1998-08-24,6.500000,6.625000,6.312500,6.375000,6.375000,74700
1998-08-25,6.437500,6.562500,6.250000,6.437500,6.437500,38600
1998-08-26,6.375000,6.375000,6.062500,6.125000,6.125000,53000
1998-08-27,6.062500,6.125000,5.750000,5.843750,5.843750,93700
1998-08-28,5.968750,5.968750,5.625000,5.625000,5.625000,48700
1998-08-31,5.750000,5.812500,3.937500,4.000000,4.000000,210700
1998-09-01,4.312500,4.312500,3.125000,3.250000,3.250000,345700
1998-09-02,3.312500,4.500000,3.281250,3.812500,3.812500,322200
1998-09-03,3.750000,3.812500,3.437500,3.625000,3.625000,88800
1998-09-04,3.812500,4.312500,3.687500,3.812500,3.812500,80300
1998-09-08,4.187500,4.437500,4.062500,4.187500,4.187500,93000
1998-09-09,4.312500,4.312500,3.937500,4.125000,4.125000,47600
1998-09-10,3.875000,3.875000,3.562500,3.562500,3.562500,62500
1998-09-11,3.562500,4.125000,3.531250,4.000000,4.000000,56600
1998-09-14,4.000000,4.625000,4.000000,4.625000,4.625000,114600
1998-09-15,4.625000,5.000000,4.312500,5.000000,5.000000,105100
1998-09-16,5.000000,5.625000,5.000000,5.375000,5.375000,133200
1998-09-17,5.250000,5.625000,4.875000,5.500000,5.500000,84600
1998-09-18,5.562500,6.812500,5.562500,6.750000,6.750000,196100
1998-09-21,6.687500,7.437500,5.875000,7.437500,7.437500,285200
1998-09-22,7.406250,7.500000,6.750000,7.000000,7.000000,260800
1998-09-23,6.937500,7.125000,6.218750,6.437500,6.437500,128400
1998-09-24,6.437500,6.500000,5.906250,6.375000,6.375000,141400
1998-09-25,6.312500,6.625000,6.312500,6.500000,6.500000,47600
1998-09-28,6.500000,6.625000,6.375000,6.562500,6.562500,63000
1998-09-29,6.562500,6.562500,6.250000,6.500000,6.500000,72600
1998-09-30,6.125000,6.437500,6.062500,6.250000,6.250000,73500
1998-10-01,6.125000,6.125000,5.875000,6.000000,6.000000,63300
1998-10-02,6.000000,6.000000,5.562500,6.000000,6.000000,52400
1998-10-05,5.875000,6.000000,5.562500,5.843750,5.843750,120000
1998-10-06,5.875000,6.125000,5.843750,5.906250,5.906250,50100
1998-10-07,5.875000,5.937500,5.343750,5.375000,5.375000,44800
1998-10-08,5.156250,5.187500,4.562500,4.750000,4.750000,88100
1998-10-09,4.843750,5.000000,4.625000,5.000000,5.000000,67900
1998-10-12,4.937500,4.937500,4.750000,4.937500,4.937500,19600
1998-10-13,4.812500,4.812500,4.437500,4.500000,4.500000,23100
1998-10-14,4.437500,4.687500,4.375000,4.593750,4.593750,31100
1998-10-15,4.406250,4.750000,4.375000,4.625000,4.625000,56500
1998-10-16,4.750000,5.437500,4.750000,5.062500,5.062500,59800
1998-10-19,5.250000,5.562500,5.125000,5.562500,5.562500,43400
1998-10-20,5.625000,6.125000,5.625000,5.812500,5.812500,51800
1998-10-21,5.812500,5.812500,5.375000,5.625000,5.625000,48000
1998-10-22,5.500000,5.812500,5.437500,5.750000,5.750000,33800
1998-10-23,5.750000,6.500000,5.750000,6.375000,6.375000,189900
1998-10-26,6.375000,6.750000,6.125000,6.750000,6.750000,99000
1998-10-27,6.750000,7.437500,6.750000,7.062500,7.062500,214200
1998-10-28,6.875000,7.000000,6.750000,6.812500,6.812500,16100
1998-10-29,6.687500,6.875000,6.375000,6.468750,6.468750,34800
1998-10-30,6.468750,6.500000,6.250000,6.500000,6.500000,55700
1998-11-02,6.500000,6.500000,6.187500,6.312500,6.312500,47500
1998-11-03,6.250000,6.250000,6.000000,6.187500,6.187500,21100
1998-11-04,6.062500,6.500000,6.062500,6.468750,6.468750,14200
1998-11-05,6.437500,6.437500,6.125000,6.250000,6.250000,42500
1998-11-06,6.062500,6.312500,6.062500,6.312500,6.312500,50500
1998-11-09,6.187500,6.375000,6.187500,6.375000,6.375000,15900
1998-11-10,6.250000,6.250000,6.125000,6.250000,6.250000,18800
1998-11-11,6.187500,6.312500,5.937500,5.937500,5.937500,19700
1998-11-12,5.937500,6.125000,5.812500,5.937500,5.937500,37200
1998-11-13,5.812500,5.937500,5.375000,5.593750,5.593750,49800
1998-11-16,5.593750,6.375000,5.562500,6.250000,6.250000,73800
1998-11-17,6.000000,6.250000,5.875000,6.000000,6.000000,15300
1998-11-18,6.000000,6.187500,5.687500,5.875000,5.875000,39400
1998-11-19,5.812500,5.937500,5.531250,5.750000,5.750000,14300
1998-11-20,5.562500,5.750000,5.562500,5.750000,5.750000,32200
1998-11-23,5.562500,5.812500,5.375000,5.593750,5.593750,70200
1998-11-24,5.500000,5.500000,5.187500,5.187500,5.187500,31700
1998-11-25,5.250000,5.500000,5.125000,5.125000,5.125000,43300
1998-11-27,5.062500,5.250000,5.000000,5.250000,5.250000,19000
1998-11-30,5.000000,5.375000,4.875000,5.187500,5.187500,92100
1998-12-01,5.062500,5.187500,5.000000,5.062500,5.062500,25100
1998-12-02,5.000000,5.250000,4.937500,5.125000,5.125000,78300
1998-12-03,5.000000,5.000000,4.875000,5.000000,5.000000,25200
1998-12-04,4.812500,5.000000,4.750000,4.937500,4.937500,49900
1998-12-07,4.875000,5.250000,4.875000,5.250000,5.250000,97400
1998-12-08,5.250000,5.562500,5.125000,5.125000,5.125000,40400
1998-12-09,5.250000,5.250000,5.000000,5.000000,5.000000,44300
1998-12-10,5.093750,5.125000,4.968750,4.968750,4.968750,43800
1998-12-11,4.968750,5.062500,4.812500,4.875000,4.875000,52300
1998-12-14,4.812500,6.125000,4.812500,5.687500,5.687500,131800
1998-12-15,6.000000,7.500000,6.000000,7.000000,7.000000,886600
1998-12-16,7.000000,7.062500,6.375000,6.562500,6.562500,183100
1998-12-17,6.562500,7.062500,6.562500,6.937500,6.937500,123600
1998-12-18,7.000000,7.125000,6.812500,6.937500,6.937500,57000
1998-12-21,7.000000,7.125000,6.937500,7.000000,7.000000,73600
1998-12-22,6.937500,7.062500,6.375000,6.812500,6.812500,118000
1998-12-23,6.750000,6.875000,6.437500,6.500000,6.500000,77500
1998-12-24,6.500000,6.750000,6.500000,6.687500,6.687500,33700
1998-12-28,6.500000,6.875000,6.500000,6.750000,6.750000,90900
1998-12-29,6.875000,7.375000,6.625000,7.000000,7.000000,145000
1998-12-30,7.000000,7.000000,6.750000,6.937500,6.937500,91600
1998-12-31,6.812500,7.000000,6.750000,6.875000,6.875000,96100
1999-01-04,7.062500,7.500000,6.875000,7.375000,7.375000,82000
1999-01-05,7.500000,8.750000,7.312500,8.000000,8.000000,272600
1999-01-06,8.000000,8.937500,7.937500,8.750000,8.750000,331200
1999-01-07,8.875000,9.250000,8.687500,8.937500,8.937500,176800
1999-01-08,9.250000,9.250000,8.687500,8.812500,8.812500,162000
1999-01-11,8.812500,8.875000,8.062500,8.187500,8.187500,109000
1999-01-12,8.125000,8.250000,7.562500,7.875000,7.875000,80600
1999-01-13,7.687500,7.937500,7.375000,7.875000,7.875000,52300
1999-01-14,8.000000,8.375000,7.875000,8.125000,8.125000,66600
1999-01-15,8.125000,8.250000,7.937500,7.937500,7.937500,30800
1999-01-19,8.125000,8.125000,7.750000,7.937500,7.937500,30300
1999-01-20,7.937500,7.968750,7.812500,7.968750,7.968750,66500
1999-01-21,7.875000,7.875000,7.125000,7.562500,7.562500,92300
1999-01-22,7.562500,7.625000,7.312500,7.375000,7.375000,34300
1999-01-25,7.437500,7.625000,7.250000,7.625000,7.625000,50400
1999-01-26,7.500000,7.687500,7.406250,7.687500,7.687500,46600
1999-01-27,7.812500,8.437500,7.718750,8.437500,8.437500,131900
1999-01-28,8.500000,9.625000,8.500000,9.000000,9.000000,466800
1999-01-29,8.937500,9.000000,8.625000,8.750000,8.750000,90100
1999-02-01,9.062500,9.062500,8.375000,8.562500,8.562500,73100
1999-02-02,8.437500,8.500000,8.250000,8.500000,8.500000,47800
1999-02-03,8.437500,8.812500,8.312500,8.562500,8.562500,85400
1999-02-04,8.312500,8.875000,8.312500,8.500000,8.500000,67400
1999-02-05,8.312500,8.500000,8.125000,8.375000,8.375000,47500
1999-02-08,8.500000,8.750000,8.312500,8.625000,8.625000,111100
1999-02-09,8.750000,8.750000,8.500000,8.625000,8.625000,33600
1999-02-10,8.562500,8.562500,8.000000,8.187500,8.187500,157800
1999-02-11,8.125000,8.500000,8.125000,8.375000,8.375000,54900
1999-02-12,8.312500,8.375000,8.062500,8.250000,8.250000,84000
1999-02-16,8.187500,8.375000,8.062500,8.125000,8.125000,31500
1999-02-17,7.875000,8.062500,7.750000,8.062500,8.062500,58200
1999-02-18,7.937500,8.000000,7.750000,7.812500,7.812500,22700
1999-02-19,7.750000,8.250000,7.750000,8.000000,8.000000,69000
1999-02-22,8.000000,8.375000,7.875000,8.312500,8.312500,47400
1999-02-23,8.375000,8.375000,8.125000,8.312500,8.312500,44700
1999-02-24,8.312500,8.312500,8.000000,8.187500,8.187500,45400
1999-02-25,8.125000,8.312500,7.937500,8.000000,8.000000,72900
1999-02-26,8.000000,8.062500,7.625000,7.843750,7.843750,89300
1999-03-01,7.937500,7.937500,7.687500,7.750000,7.750000,29200
1999-03-02,7.750000,7.937500,7.625000,7.687500,7.687500,31600
1999-03-03,7.750000,7.750000,7.625000,7.687500,7.687500,15500
1999-03-04,7.625000,7.750000,7.187500,7.312500,7.312500,66100
1999-03-05,7.156250,7.312500,6.875000,7.125000,7.125000,81500
1999-03-08,7.093750,7.093750,6.875000,7.000000,7.000000,46000
1999-03-09,6.875000,7.375000,6.875000,7.375000,7.375000,59700
1999-03-10,7.437500,8.125000,7.437500,7.625000,7.625000,139200
1999-03-11,7.625000,8.250000,7.625000,8.062500,8.062500,79500
1999-03-12,8.000000,8.062500,8.000000,8.000000,8.000000,68100
1999-03-15,8.031250,8.031250,7.750000,8.000000,8.000000,25200
1999-03-16,7.937500,8.000000,7.875000,8.000000,8.000000,34200
1999-03-17,7.875000,8.000000,7.625000,7.812500,7.812500,51800
1999-03-18,7.687500,7.906250,7.437500,7.562500,7.562500,23800
1999-03-19,7.562500,7.750000,7.187500,7.687500,7.687500,76000
1999-03-22,7.750000,8.125000,7.750000,8.125000,8.125000,67800
1999-03-23,7.812500,8.125000,7.750000,8.125000,8.125000,55900
1999-03-24,8.000000,8.250000,7.875000,8.062500,8.062500,92100
1999-03-25,8.125000,8.250000,8.000000,8.250000,8.250000,91700
1999-03-26,8.062500,8.375000,8.062500,8.187500,8.187500,54600
1999-03-29,8.250000,8.500000,8.125000,8.312500,8.312500,97900
1999-03-30,8.250000,8.562500,8.125000,8.500000,8.500000,75400
1999-03-31,8.500000,8.500000,8.000000,8.437500,8.437500,89100
1999-04-01,8.500000,8.500000,8.062500,8.187500,8.187500,13000
1999-04-05,8.437500,8.437500,7.937500,8.000000,8.000000,30400
1999-04-06,8.000000,8.062500,7.750000,7.750000,7.750000,28300
1999-04-07,7.750000,7.750000,7.187500,7.500000,7.500000,68700
1999-04-08,7.312500,7.750000,7.312500,7.750000,7.750000,54100
1999-04-09,7.625000,7.687500,7.187500,7.250000,7.250000,67300
1999-04-12,7.187500,7.625000,7.187500,7.562500,7.562500,32000
1999-04-13,7.562500,8.000000,7.500000,8.000000,8.000000,76000
1999-04-14,7.875000,8.000000,7.375000,7.750000,7.750000,70000
1999-04-15,7.500000,7.750000,7.187500,7.250000,7.250000,51300
1999-04-16,7.250000,7.562500,7.000000,7.062500,7.062500,64500
1999-04-19,6.937500,7.500000,6.937500,7.375000,7.375000,38800
1999-04-20,7.500000,7.562500,7.125000,7.437500,7.437500,19200
1999-04-21,7.250000,7.875000,7.125000,7.875000,7.875000,60900
1999-04-22,7.625000,7.625000,7.250000,7.500000,7.500000,25700
1999-04-23,7.562500,7.562500,7.437500,7.562500,7.562500,26100
1999-04-26,7.375000,7.625000,7.312500,7.437500,7.437500,85100
1999-04-27,7.375000,7.500000,7.375000,7.437500,7.437500,23400
1999-04-28,7.500000,7.625000,7.250000,7.375000,7.375000,33100
1999-04-29,7.437500,7.625000,7.125000,7.250000,7.250000,53600
1999-04-30,7.375000,7.500000,7.125000,7.375000,7.375000,14700
1999-05-03,7.125000,7.625000,7.125000,7.625000,7.625000,44000
1999-05-04,7.375000,7.625000,7.312500,7.375000,7.375000,7900
1999-05-05,7.187500,7.312500,7.000000,7.125000,7.125000,65700
1999-05-06,7.000000,7.312500,6.812500,7.125000,7.125000,79000
1999-05-07,7.000000,7.250000,6.812500,7.125000,7.125000,29400
1999-05-10,7.375000,7.375000,6.937500,7.187500,7.187500,64800
1999-05-11,7.000000,7.750000,6.937500,7.062500,7.062500,119500
1999-05-12,7.062500,7.500000,7.000000,7.500000,7.500000,35600
1999-05-13,7.375000,7.500000,7.312500,7.437500,7.437500,31100
1999-05-14,7.375000,7.437500,7.125000,7.437500,7.437500,28100
1999-05-17,7.437500,7.437500,7.250000,7.437500,7.437500,8500
1999-05-18,7.125000,7.250000,7.000000,7.187500,7.187500,22600
1999-05-19,7.250000,7.250000,6.812500,7.125000,7.125000,61900
1999-05-20,6.812500,7.187500,6.750000,7.000000,7.000000,32200
1999-05-21,6.687500,7.000000,6.625000,7.000000,7.000000,18500
1999-05-24,6.625000,6.937500,6.562500,6.625000,6.625000,13600
1999-05-25,6.562500,7.000000,6.500000,7.000000,7.000000,52400
1999-05-26,6.875000,7.000000,6.750000,6.875000,6.875000,27500
1999-05-27,6.562500,7.125000,6.562500,7.000000,7.000000,31000
1999-05-28,6.812500,7.125000,6.812500,6.937500,6.937500,38000
1999-06-01,6.968750,7.312500,6.937500,7.312500,7.312500,74400
1999-06-02,7.312500,7.312500,6.875000,7.000000,7.000000,22000
1999-06-03,7.000000,7.187500,7.000000,7.000000,7.000000,45900
1999-06-04,7.000000,7.187500,6.875000,7.093750,7.093750,25700
1999-06-07,7.046875,7.093750,6.812500,6.812500,6.812500,9000
1999-06-08,6.750000,6.875000,6.500000,6.750000,6.750000,31400
1999-06-09,6.687500,6.750000,6.437500,6.625000,6.625000,27100
1999-06-10,6.500000,6.687500,6.500000,6.625000,6.625000,9600
1999-06-11,6.562500,6.687500,6.312500,6.437500,6.437500,54100
1999-06-14,6.187500,6.500000,6.000000,6.062500,6.062500,84000
1999-06-15,6.062500,6.250000,5.875000,6.000000,6.000000,23200
1999-06-16,5.812500,6.062500,5.625000,5.718750,5.718750,111200
1999-06-17,5.687500,5.687500,5.375000,5.437500,5.437500,45200
1999-06-18,5.406250,5.531250,5.406250,5.468750,5.468750,106600
1999-06-21,5.437500,5.562500,5.437500,5.531250,5.531250,35700
1999-06-22,5.531250,5.812500,5.531250,5.812500,5.812500,16700
1999-06-23,5.875000,5.937500,5.812500,5.875000,5.875000,18100
1999-06-24,5.812500,5.812500,5.687500,5.750000,5.750000,13200
1999-06-25,5.812500,6.062500,5.812500,6.062500,6.062500,25800
1999-06-28,6.187500,6.406250,5.750000,6.000000,6.000000,63200
1999-06-29,6.140625,6.312500,6.062500,6.312500,6.312500,13500
1999-06-30,6.312500,6.312500,6.250000,6.312500,6.312500,11300
1999-07-01,6.250000,6.375000,6.062500,6.250000,6.250000,10900
1999-07-02,6.375000,7.187500,6.312500,7.062500,7.062500,64600
1999-07-06,7.062500,7.562500,6.906250,7.062500,7.062500,74300
1999-07-07,6.937500,7.468750,6.937500,7.000000,7.000000,60900
1999-07-08,7.000000,7.000000,6.750000,6.812500,6.812500,25000
1999-07-09,6.843750,7.062500,6.625000,7.000000,7.000000,32600
1999-07-12,6.812500,6.968750,6.812500,6.843750,6.843750,33700
1999-07-13,6.828125,7.000000,6.562500,7.000000,7.000000,13500
1999-07-14,7.000000,7.000000,6.500000,6.875000,6.875000,24700
1999-07-15,6.750000,6.937500,6.562500,6.875000,6.875000,49100
1999-07-16,6.781250,7.000000,6.687500,7.000000,7.000000,40500
1999-07-19,7.062500,7.062500,6.625000,6.937500,6.937500,32400
1999-07-20,6.750000,6.937500,6.625000,6.625000,6.625000,31000
1999-07-21,6.625000,6.687500,6.625000,6.687500,6.687500,5700
1999-07-22,6.687500,6.687500,6.625000,6.687500,6.687500,12100
1999-07-23,6.687500,6.687500,6.500000,6.625000,6.625000,22800
1999-07-26,6.562500,6.687500,6.500000,6.687500,6.687500,13600
1999-07-27,6.625000,6.687500,6.468750,6.625000,6.625000,34600
1999-07-28,6.625000,6.625000,6.468750,6.625000,6.625000,9400
1999-07-29,6.468750,6.750000,6.375000,6.625000,6.625000,22900
1999-07-30,6.625000,6.750000,6.593750,6.625000,6.625000,17600
1999-08-02,6.593750,6.750000,6.468750,6.625000,6.625000,20400
1999-08-03,6.468750,6.625000,6.250000,6.625000,6.625000,18400
1999-08-04,6.375000,6.625000,6.093750,6.500000,6.500000,66400
1999-08-05,6.437500,6.562500,6.375000,6.500000,6.500000,35400
1999-08-06,6.250000,6.625000,6.125000,6.500000,6.500000,73500
1999-08-09,6.343750,6.625000,6.343750,6.625000,6.625000,31400
1999-08-10,6.687500,6.687500,6.562500,6.625000,6.625000,17700
1999-08-11,6.625000,6.625000,6.437500,6.625000,6.625000,35700
1999-08-12,6.625000,6.625000,6.250000,6.312500,6.312500,104600
1999-08-13,6.375000,6.437500,5.843750,6.218750,6.218750,62200
1999-08-16,6.187500,6.312500,5.968750,6.281250,6.281250,28000
1999-08-17,6.281250,6.343750,6.250000,6.250000,6.250000,51800
1999-08-18,6.281250,6.281250,6.000000,6.156250,6.156250,50700
1999-08-19,6.250000,6.437500,6.125000,6.437500,6.437500,44200
1999-08-20,6.406250,7.000000,6.187500,6.750000,6.750000,124100
1999-08-23,6.750000,7.000000,6.500000,6.500000,6.500000,83400
1999-08-24,6.750000,6.750000,6.437500,6.500000,6.500000,60600
1999-08-25,6.687500,6.687500,6.375000,6.500000,6.500000,42900
1999-08-26,6.500000,6.625000,6.250000,6.312500,6.312500,129600
1999-08-27,6.437500,6.562500,6.312500,6.500000,6.500000,29200
1999-08-30,6.562500,6.625000,6.250000,6.468750,6.468750,23600
1999-08-31,6.625000,7.187500,6.562500,6.750000,6.750000,65800
1999-09-01,6.875000,7.062500,6.875000,7.000000,7.000000,30500
1999-09-02,7.000000,7.062500,6.750000,7.062500,7.062500,27900
1999-09-03,7.000000,7.218750,7.000000,7.125000,7.125000,40300
1999-09-07,7.125000,7.125000,6.937500,7.000000,7.000000,32800
1999-09-08,7.000000,7.062500,6.750000,7.062500,7.062500,16900
1999-09-09,7.125000,7.187500,6.750000,7.125000,7.125000,27500
1999-09-10,7.062500,7.062500,7.031250,7.031250,7.031250,12800
1999-09-13,7.031250,7.125000,7.031250,7.125000,7.125000,10700
1999-09-14,7.062500,7.125000,6.812500,6.937500,6.937500,16400
1999-09-15,6.875000,7.187500,6.843750,7.125000,7.125000,22500
1999-09-16,7.000000,7.062500,6.937500,7.000000,7.000000,11200
1999-09-17,6.875000,7.500000,6.750000,7.062500,7.062500,99700
1999-09-20,7.000000,7.062500,6.781250,6.937500,6.937500,8200
1999-09-21,6.937500,7.062500,6.500000,6.687500,6.687500,29400
1999-09-22,6.687500,6.937500,6.625000,6.812500,6.812500,33200
1999-09-23,6.812500,6.812500,6.500000,6.500000,6.500000,10000
1999-09-24,6.625000,6.625000,6.437500,6.468750,6.468750,11100
1999-09-27,6.437500,6.687500,6.343750,6.562500,6.562500,25100
1999-09-28,6.500000,6.625000,6.468750,6.625000,6.625000,21200
1999-09-29,6.593750,6.812500,6.437500,6.687500,6.687500,28900
1999-09-30,6.625000,6.625000,6.343750,6.562500,6.562500,17700
1999-10-01,6.500000,7.250000,6.500000,7.000000,7.000000,69900
1999-10-04,7.062500,7.125000,6.812500,6.875000,6.875000,54400
1999-10-05,6.812500,6.875000,6.562500,6.625000,6.625000,36600
1999-10-06,6.625000,6.750000,6.437500,6.750000,6.750000,58100
1999-10-07,6.375000,6.750000,6.375000,6.562500,6.562500,72300
1999-10-08,6.562500,6.718750,6.062500,6.281250,6.281250,72000
1999-10-11,6.250000,6.359375,6.000000,6.125000,6.125000,56300
1999-10-12,6.062500,6.437500,5.812500,6.187500,6.187500,73600
1999-10-13,6.250000,6.437500,6.000000,6.375000,6.375000,32100
1999-10-14,6.250000,6.500000,6.250000,6.312500,6.312500,29100
1999-10-15,6.093750,6.187500,5.875000,6.000000,6.000000,12600
1999-10-18,6.062500,6.250000,6.062500,6.250000,6.250000,5100
1999-10-19,6.187500,6.437500,6.125000,6.437500,6.437500,13200
1999-10-20,6.375000,6.437500,6.187500,6.250000,6.250000,30900
1999-10-21,6.250000,6.312500,5.937500,6.062500,6.062500,18300
1999-10-22,5.968750,6.250000,5.875000,6.125000,6.125000,16900
1999-10-25,6.187500,6.375000,6.125000,6.375000,6.375000,16700
1999-10-26,6.343750,6.562500,6.312500,6.562500,6.562500,24900
1999-10-27,6.500000,6.625000,6.343750,6.375000,6.375000,46200
1999-10-28,6.437500,6.562500,6.125000,6.312500,6.312500,54300
1999-10-29,6.312500,6.375000,6.000000,6.250000,6.250000,37000
1999-11-01,6.125000,6.375000,6.125000,6.250000,6.250000,49100
1999-11-02,6.343750,6.531250,6.312500,6.437500,6.437500,43100
1999-11-03,6.375000,6.562500,6.000000,6.375000,6.375000,73700
1999-11-04,6.437500,6.562500,6.250000,6.312500,6.312500,44500
1999-11-05,6.218750,6.312500,6.125000,6.250000,6.250000,31500
1999-11-08,6.187500,6.500000,6.187500,6.312500,6.312500,40800
1999-11-09,6.250000,7.000000,6.250000,6.500000,6.500000,189500
1999-11-10,6.468750,6.625000,6.062500,6.375000,6.375000,77800
1999-11-11,6.375000,6.500000,6.062500,6.250000,6.250000,36200
1999-11-12,6.343750,6.437500,6.062500,6.250000,6.250000,39400
1999-11-15,6.343750,6.437500,6.250000,6.312500,6.312500,30900
1999-11-16,6.406250,6.562500,6.375000,6.562500,6.562500,32700
1999-11-17,6.531250,6.625000,6.250000,6.312500,6.312500,18800
1999-11-18,6.250000,6.437500,6.125000,6.375000,6.375000,42700
1999-11-19,6.312500,6.437500,6.312500,6.375000,6.375000,19400
1999-11-22,6.312500,6.406250,6.125000,6.187500,6.187500,34200
1999-11-23,6.062500,6.250000,6.062500,6.187500,6.187500,24900
1999-11-24,6.125000,6.187500,6.093750,6.125000,6.125000,22900
1999-11-26,6.093750,6.125000,6.031250,6.062500,6.062500,24100
1999-11-29,6.031250,6.625000,5.875000,6.000000,6.000000,111600
1999-11-30,6.000000,6.375000,5.562500,6.062500,6.062500,59700
1999-12-01,6.250000,6.250000,5.875000,6.062500,6.062500,37900
1999-12-02,6.125000,6.250000,5.875000,6.062500,6.062500,16800
1999-12-03,5.875000,6.062500,5.750000,6.000000,6.000000,34500
1999-12-06,6.062500,6.062500,5.375000,6.062500,6.062500,31400
1999-12-07,6.000000,6.500000,5.750000,6.250000,6.250000,97700
1999-12-08,6.500000,6.500000,6.125000,6.375000,6.375000,96500
1999-12-09,6.375000,6.437500,6.125000,6.125000,6.125000,66400
1999-12-10,6.500000,8.750000,6.375000,8.000000,8.000000,333000
1999-12-13,8.484375,9.296875,8.250000,8.937500,8.937500,272500
1999-12-14,9.031250,9.187500,8.000000,8.812500,8.812500,257700
1999-12-15,8.750000,9.062500,7.750000,8.187500,8.187500,135800
1999-12-16,8.125000,8.125000,6.875000,7.312500,7.312500,81400
1999-12-17,7.250000,7.750000,6.500000,7.718750,7.718750,89900
1999-12-20,7.750000,8.062500,7.187500,7.625000,7.625000,60400
1999-12-21,7.250000,7.875000,7.250000,7.750000,7.750000,65600
1999-12-22,7.875000,8.000000,7.187500,7.500000,7.500000,62100
1999-12-23,7.593750,7.625000,7.062500,7.562500,7.562500,34500
1999-12-27,7.625000,7.750000,7.156250,7.562500,7.562500,41100
1999-12-28,7.546875,7.593750,6.937500,7.125000,7.125000,64900
1999-12-29,6.875000,7.187500,6.312500,6.718750,6.718750,58200
1999-12-30,6.843750,7.312500,6.812500,7.187500,7.187500,81600
1999-12-31,7.062500,7.750000,7.000000,7.500000,7.500000,50800
2000-01-03,7.625000,8.000000,7.468750,7.812500,7.812500,44600
2000-01-04,7.656250,7.937500,7.500000,7.687500,7.687500,29600
2000-01-05,7.687500,7.875000,7.468750,7.687500,7.687500,21700
2000-01-06,7.656250,7.750000,7.312500,7.500000,7.500000,41000
2000-01-07,7.437500,7.875000,7.187500,7.875000,7.875000,47200
2000-01-10,7.875000,7.875000,7.750000,7.750000,7.750000,30400
2000-01-11,7.578125,7.875000,7.562500,7.750000,7.750000,24700
2000-01-12,7.750000,7.875000,7.312500,7.750000,7.750000,14100
2000-01-13,7.593750,7.750000,7.062500,7.375000,7.375000,19500
2000-01-14,7.312500,7.437500,7.062500,7.437500,7.437500,24000
2000-01-18,7.437500,7.750000,7.125000,7.625000,7.625000,16700
2000-01-19,7.781250,8.312500,7.687500,8.062500,8.062500,136700
2000-01-20,8.187500,11.000000,8.000000,9.937500,9.937500,660400
2000-01-21,10.281250,11.625000,10.250000,11.125000,11.125000,620700
2000-01-24,11.437500,12.125000,11.375000,11.812500,11.812500,457400
2000-01-25,12.250000,12.312500,10.187500,11.000000,11.000000,481100
2000-01-26,11.125000,11.875000,11.000000,11.312500,11.312500,376800
2000-01-27,11.437500,12.062500,10.937500,12.062500,12.062500,620100
2000-01-28,12.156250,15.250000,12.125000,14.687500,14.687500,1038900
2000-01-31,14.968750,15.812500,12.875000,14.000000,14.000000,871900
2000-02-01,14.187500,14.187500,11.937500,12.062500,12.062500,354300
2000-02-02,12.000000,13.000000,11.375000,12.375000,12.375000,266000
2000-02-03,12.500000,13.187500,12.062500,12.250000,12.250000,255700
2000-02-04,12.062500,12.250000,11.625000,12.000000,12.000000,263900
2000-02-07,12.000000,12.125000,10.625000,11.015625,11.015625,432600
2000-02-08,11.375000,12.062500,11.312500,12.062500,12.062500,234300
2000-02-09,12.437500,13.187500,12.250000,13.187500,13.187500,514300
2000-02-10,13.375000,13.375000,12.625000,13.000000,13.000000,198000
2000-02-11,13.187500,14.625000,13.000000,14.500000,14.500000,464900
2000-02-14,14.687500,14.875000,13.375000,13.875000,13.875000,556400
2000-02-15,14.625000,15.437500,13.312500,13.562500,13.562500,1154300
2000-02-16,13.625000,13.625000,12.562500,13.375000,13.375000,646300
2000-02-17,13.468750,17.375000,13.437500,17.000000,17.000000,1944000
2000-02-18,18.687500,19.000000,17.000000,17.500000,17.500000,1124600
2000-02-22,18.500000,18.500000,15.562500,15.812500,15.812500,735100
2000-02-23,16.187500,16.750000,15.375000,15.625000,15.625000,340000
2000-02-24,16.250000,16.437500,15.125000,15.375000,15.375000,262200
2000-02-25,15.812500,16.562500,15.250000,15.312500,15.312500,388100
2000-02-28,15.250000,16.437500,14.687500,16.375000,16.375000,376800
2000-02-29,16.500000,17.250000,16.250000,16.625000,16.625000,491900
2000-03-01,16.187500,16.500000,15.312500,15.312500,15.312500,410000
2000-03-02,15.562500,17.125000,14.937500,16.187500,16.187500,706200
2000-03-03,16.437500,16.500000,15.500000,15.875000,15.875000,340400
2000-03-06,16.125000,16.250000,15.375000,15.687500,15.687500,294200
2000-03-07,15.875000,16.109375,13.312500,14.500000,14.500000,328400
2000-03-08,14.375000,15.250000,13.500000,14.375000,14.375000,216500
2000-03-09,14.250000,14.750000,13.750000,14.000000,14.000000,205100
2000-03-10,14.125000,14.500000,12.937500,12.937500,12.937500,243400
2000-03-13,12.937500,13.250000,11.375000,12.375000,12.375000,267300
2000-03-14,12.375000,13.750000,11.375000,11.875000,11.875000,250800
2000-03-15,11.125000,12.375000,10.062500,11.250000,11.250000,272200
2000-03-16,11.500000,11.625000,10.312500,11.062500,11.062500,228300
2000-03-17,11.125000,11.625000,10.375000,10.625000,10.625000,215200
2000-03-20,10.593750,10.625000,9.500000,9.750000,9.750000,275800
2000-03-21,9.625000,9.750000,9.000000,9.750000,9.750000,535500
2000-03-22,9.812500,11.500000,9.500000,11.375000,11.375000,274400
2000-03-23,11.875000,12.000000,10.687500,11.125000,11.125000,95900
2000-03-24,11.250000,11.250000,9.750000,10.500000,10.500000,180400
2000-03-27,10.437500,11.000000,9.750000,9.937500,9.937500,72700
2000-03-28,9.781250,10.125000,9.625000,10.000000,10.000000,101700
2000-03-29,9.625000,10.000000,9.375000,9.500000,9.500000,104000
2000-03-30,9.312500,9.625000,9.062500,9.250000,9.250000,455400
2000-03-31,9.125000,10.312500,9.125000,10.312500,10.312500,181000
2000-04-03,10.375000,10.500000,9.375000,9.937500,9.937500,73300
2000-04-04,9.750000,12.500000,9.500000,10.000000,10.000000,271900
2000-04-05,9.562500,10.125000,9.531250,10.062500,10.062500,103600
2000-04-06,10.312500,10.375000,9.656250,9.875000,9.875000,107000
2000-04-07,9.937500,11.750000,9.250000,10.000000,10.000000,1047800
2000-04-10,10.687500,10.750000,9.000000,9.500000,9.500000,802100
2000-04-11,9.312500,9.562500,8.875000,9.000000,9.000000,313200
2000-04-12,8.812500,9.218750,7.312500,7.312500,7.312500,204200
2000-04-13,7.812500,7.937500,6.625000,6.937500,6.937500,392100
2000-04-14,7.031250,7.062500,4.750000,5.062500,5.062500,624000
2000-04-17,4.812500,5.687500,4.125000,5.000000,5.000000,813700
2000-04-18,5.781250,6.062500,5.437500,5.843750,5.843750,592200
2000-04-19,6.000000,7.062500,5.984375,6.531250,6.531250,274000
2000-04-20,6.890625,7.125000,6.562500,7.000000,7.000000,277100
2000-04-24,7.500000,7.625000,6.500000,6.750000,6.750000,136700
2000-04-25,6.687500,7.062500,6.625000,6.843750,6.843750,61600
2000-04-26,7.187500,7.312500,6.812500,6.812500,6.812500,61400
2000-04-27,6.750000,7.000000,6.500000,7.000000,7.000000,102100
2000-04-28,7.156250,7.156250,6.625000,7.000000,7.000000,91400
2000-05-01,6.968750,7.125000,6.750000,7.062500,7.062500,80900
2000-05-02,7.078125,7.125000,6.500000,7.000000,7.000000,87700
2000-05-03,7.062500,7.562500,6.875000,7.000000,7.000000,135400
2000-05-04,7.062500,7.500000,6.875000,7.500000,7.500000,69200
2000-05-05,7.625000,8.937500,7.500000,8.562500,8.562500,224600
2000-05-08,8.437500,8.750000,7.968750,8.312500,8.312500,47800
2000-05-09,8.375000,8.718750,8.250000,8.500000,8.500000,86300
2000-05-10,8.375000,8.468750,7.031250,8.000000,8.000000,93500
2000-05-11,8.031250,8.750000,7.750000,8.500000,8.500000,72700
2000-05-12,8.562500,8.625000,7.750000,8.062500,8.062500,83700
2000-05-15,8.218750,8.812500,8.062500,8.562500,8.562500,90900
2000-05-16,8.625000,8.750000,8.375000,8.750000,8.750000,34700
2000-05-17,8.625000,9.437500,8.000000,9.250000,9.250000,163500
2000-05-18,9.187500,9.750000,8.937500,9.125000,9.125000,111100
2000-05-19,8.812500,10.000000,8.625000,9.875000,9.875000,182600
2000-05-22,9.875000,9.875000,8.750000,9.125000,9.125000,113600
2000-05-23,9.062500,9.250000,8.500000,8.937500,8.937500,47700
2000-05-24,8.812500,8.937500,8.375000,8.875000,8.875000,59600
2000-05-25,9.125000,9.187500,8.687500,8.687500,8.687500,138900
2000-05-26,9.125000,9.218750,7.625000,7.937500,7.937500,70900
2000-05-30,8.125000,8.875000,7.781250,8.437500,8.437500,54800
2000-05-31,8.437500,8.468750,7.625000,7.812500,7.812500,111600
2000-06-01,7.875000,8.312500,7.875000,8.312500,8.312500,47200
2000-06-02,8.500000,8.500000,8.000000,8.250000,8.250000,115300
2000-06-05,8.187500,8.250000,7.812500,8.125000,8.125000,46600
2000-06-06,8.125000,8.500000,7.812500,8.000000,8.000000,82200
2000-06-07,8.062500,8.812500,7.937500,8.750000,8.750000,125600
2000-06-08,8.750000,8.750000,8.375000,8.500000,8.500000,24200
2000-06-09,8.250000,8.500000,8.250000,8.500000,8.500000,46800
2000-06-12,8.484375,8.500000,7.812500,7.812500,7.812500,91500
2000-06-13,7.750000,8.062500,7.750000,8.062500,8.062500,48000
2000-06-14,8.250000,8.375000,7.937500,8.031250,8.031250,42400
2000-06-15,8.000000,8.437500,7.812500,8.000000,8.000000,33000
2000-06-16,8.000000,8.000000,7.500000,7.750000,7.750000,83900
2000-06-19,7.437500,8.125000,7.250000,7.875000,7.875000,92900
2000-06-20,7.875000,8.000000,7.750000,8.000000,8.000000,46500
2000-06-21,7.500000,8.062500,7.500000,7.937500,7.937500,47600
2000-06-22,8.000000,8.000000,7.500000,7.500000,7.500000,55300
2000-06-23,8.375000,12.125000,8.375000,11.000000,11.000000,3237100
2000-06-26,10.875000,11.000000,9.875000,10.000000,10.000000,736800
2000-06-27,9.937500,10.125000,9.625000,9.937500,9.937500,278100
2000-06-28,10.125000,10.937500,10.000000,10.500000,10.500000,165800
2000-06-29,10.187500,10.437500,9.781250,10.125000,10.125000,91600
2000-06-30,10.062500,10.187500,9.937500,10.125000,10.125000,62500
2000-07-03,10.000000,10.875000,10.000000,10.687500,10.687500,59700
2000-07-05,10.687500,12.312500,10.687500,11.875000,11.875000,359000
2000-07-06,12.250000,12.687500,11.375000,11.750000,11.750000,224100
2000-07-07,11.375000,11.812500,10.500000,10.750000,10.750000,142800
2000-07-10,10.500000,11.500000,10.125000,10.687500,10.687500,93000
2000-07-11,10.687500,10.750000,9.937500,10.375000,10.375000,175600
2000-07-12,10.250000,11.375000,10.062500,11.000000,11.000000,119200
2000-07-13,11.937500,12.000000,10.187500,10.500000,10.500000,180000
2000-07-14,10.375000,10.750000,9.937500,10.125000,10.125000,65100
2000-07-17,10.375000,10.437500,10.062500,10.187500,10.187500,25800
2000-07-18,10.156250,11.000000,10.156250,10.625000,10.625000,144600
2000-07-19,10.687500,10.875000,9.875000,10.125000,10.125000,82500
2000-07-20,10.250000,10.437500,9.875000,10.062500,10.062500,74600
2000-07-21,10.125000,10.437500,9.781250,10.437500,10.437500,44600
2000-07-24,10.500000,10.500000,9.937500,9.968750,9.968750,128500
2000-07-25,10.125000,11.375000,10.000000,11.250000,11.250000,231500
2000-07-26,11.218750,11.218750,10.000000,11.000000,11.000000,141200
2000-07-27,10.500000,10.750000,9.750000,9.750000,9.750000,88800
2000-07-28,9.718750,10.250000,8.750000,9.437500,9.437500,116200
2000-07-31,9.375000,9.687500,8.750000,8.750000,8.750000,119000
2000-08-01,8.875000,9.250000,8.875000,9.062500,9.062500,44300
2000-08-02,9.250000,9.750000,9.062500,9.437500,9.437500,73600
2000-08-03,9.500000,9.625000,9.000000,9.500000,9.500000,58000
2000-08-04,9.406250,9.750000,9.000000,9.375000,9.375000,38200
2000-08-07,9.250000,9.500000,9.000000,9.437500,9.437500,49600
2000-08-08,9.625000,9.687500,9.187500,9.437500,9.437500,31000
2000-08-09,9.437500,9.750000,9.062500,9.500000,9.500000,57300
2000-08-10,9.437500,9.437500,8.750000,9.062500,9.062500,51900
2000-08-11,9.156250,9.250000,8.187500,8.250000,8.250000,68600
2000-08-14,8.250000,9.187500,8.250000,9.062500,9.062500,68400
2000-08-15,9.062500,9.437500,9.000000,9.375000,9.375000,36200
2000-08-16,9.375000,9.562500,8.875000,9.250000,9.250000,46700
2000-08-17,9.437500,9.437500,8.562500,9.187500,9.187500,64700
2000-08-18,9.000000,9.250000,8.500000,9.000000,9.000000,68800
2000-08-21,9.000000,9.000000,8.562500,9.000000,9.000000,31200
2000-08-22,9.000000,9.250000,8.437500,8.937500,8.937500,95200
2000-08-23,8.937500,9.000000,8.500000,9.000000,9.000000,34700
2000-08-24,8.937500,9.062500,8.750000,9.000000,9.000000,35000
2000-08-25,9.000000,9.000000,8.500000,8.625000,8.625000,36900
2000-08-28,8.562500,8.750000,8.000000,8.750000,8.750000,61000
2000-08-29,8.750000,9.187500,8.750000,9.125000,9.125000,63000
2000-08-30,9.625000,10.062500,9.250000,9.375000,9.375000,162000
2000-08-31,9.968750,10.125000,9.125000,9.562500,9.562500,123900
2000-09-01,9.937500,10.000000,9.250000,9.312500,9.312500,49000
2000-09-05,9.250000,9.312500,8.875000,9.187500,9.187500,41000
2000-09-06,9.750000,9.875000,9.125000,9.187500,9.187500,70400
2000-09-07,9.218750,9.218750,8.562500,9.000000,9.000000,31200
2000-09-08,8.875000,9.000000,8.562500,8.875000,8.875000,26400
2000-09-11,8.937500,9.250000,8.437500,8.500000,8.500000,54500
2000-09-12,8.625000,8.875000,8.062500,8.375000,8.375000,52100
2000-09-13,8.500000,8.625000,8.187500,8.562500,8.562500,71800
2000-09-14,8.562500,8.625000,8.125000,8.500000,8.500000,70000
2000-09-15,8.281250,8.437500,8.062500,8.250000,8.250000,38700
2000-09-18,8.250000,8.250000,8.000000,8.062500,8.062500,61900
2000-09-19,8.187500,8.187500,7.750000,7.875000,7.875000,102900
2000-09-20,7.937500,9.812500,7.937500,8.875000,8.875000,308200
2000-09-21,8.984375,9.437500,8.187500,8.937500,8.937500,94600
2000-09-22,8.750000,8.875000,8.187500,8.562500,8.562500,40900
2000-09-25,8.625000,8.937500,8.187500,8.375000,8.375000,63100
2000-09-26,8.375000,8.625000,7.687500,8.125000,8.125000,91500
2000-09-27,8.000000,8.375000,7.781250,8.125000,8.125000,62500
2000-09-28,8.031250,8.750000,7.750000,8.500000,8.500000,41300
2000-09-29,9.156250,9.500000,8.375000,9.437500,9.437500,161600
2000-10-02,9.406250,9.437500,8.625000,9.125000,9.125000,32300
2000-10-03,9.125000,9.250000,8.375000,8.562500,8.562500,31400
2000-10-04,8.515625,8.562500,8.250000,8.312500,8.312500,16700
2000-10-05,8.312500,8.437500,8.000000,8.375000,8.375000,42900
2000-10-06,8.328125,8.500000,7.687500,8.250000,8.250000,64000
2000-10-09,7.890625,8.375000,7.875000,8.187500,8.187500,58000
2000-10-10,8.015625,8.375000,7.750000,8.000000,8.000000,63000
2000-10-11,7.875000,8.000000,6.625000,7.062500,7.062500,153800
2000-10-12,6.875000,7.625000,6.250000,6.625000,6.625000,198300
2000-10-13,6.546875,8.187500,6.250000,8.187500,8.187500,257100
2000-10-16,8.234375,8.375000,7.812500,8.125000,8.125000,67200
2000-10-17,8.312500,8.437500,7.500000,8.000000,8.000000,37500
2000-10-18,8.000000,8.000000,7.031250,7.937500,7.937500,76700
2000-10-19,7.937500,8.312500,7.562500,8.312500,8.312500,83000
2000-10-20,8.250000,8.500000,7.687500,8.500000,8.500000,65500
2000-10-23,8.437500,9.000000,8.250000,9.000000,9.000000,35700
2000-10-24,8.828125,9.250000,8.750000,8.937500,8.937500,74700
2000-10-25,9.125000,9.125000,7.500000,8.000000,8.000000,83700
2000-10-26,8.484375,8.500000,7.000000,7.937500,7.937500,93100
2000-10-27,8.125000,8.750000,7.937500,8.625000,8.625000,53400
2000-10-30,8.171875,8.500000,7.562500,8.375000,8.375000,65900
2000-10-31,8.312500,8.343750,7.750000,8.343750,8.343750,143600
2000-11-01,8.000000,8.187500,7.453125,8.187500,8.187500,136400
2000-11-02,8.187500,8.312500,7.750000,8.187500,8.187500,138100
2000-11-03,8.000000,8.750000,7.875000,8.750000,8.750000,172900
2000-11-06,8.625000,9.625000,8.625000,9.593750,9.593750,205300
2000-11-07,9.359375,9.625000,8.875000,9.500000,9.500000,93000
2000-11-08,9.437500,9.500000,8.750000,9.062500,9.062500,33500
2000-11-09,9.000000,9.187500,7.750000,8.437500,8.437500,152800
2000-11-10,8.500000,8.625000,7.125000,7.937500,7.937500,111800
2000-11-13,7.437500,8.250000,7.375000,8.000000,8.000000,88900
2000-11-14,7.875000,8.750000,7.687500,8.250000,8.250000,62900
2000-11-15,8.250000,8.687500,7.625000,8.000000,8.000000,53100
2000-11-16,8.125000,8.281250,7.375000,8.000000,8.000000,81300
2000-11-17,7.656250,7.875000,7.250000,7.687500,7.687500,137100
2000-11-20,7.562500,8.000000,7.250000,7.500000,7.500000,90500
2000-11-21,7.812500,7.812500,7.000000,7.437500,7.437500,85000
2000-11-22,7.437500,7.500000,6.375000,7.437500,7.437500,155700
2000-11-24,7.500000,7.968750,6.875000,7.968750,7.968750,27800
2000-11-27,7.875000,8.000000,7.250000,7.718750,7.718750,51900
2000-11-28,7.250000,8.000000,7.250000,7.500000,7.500000,77400
2000-11-29,7.500000,7.750000,6.875000,7.437500,7.437500,83900
2000-11-30,6.875000,7.750000,6.875000,7.625000,7.625000,93500
2000-12-01,7.312500,7.625000,7.187500,7.500000,7.500000,56700
2000-12-04,7.500000,7.500000,6.875000,7.437500,7.437500,81800
2000-12-05,7.687500,7.687500,6.625000,7.125000,7.125000,93100
2000-12-06,6.875000,7.250000,6.687500,7.250000,7.250000,74900
2000-12-07,7.062500,7.187500,6.625000,7.187500,7.187500,70800
2000-12-08,7.000000,7.437500,6.812500,7.437500,7.437500,147700
2000-12-11,7.500000,7.562500,6.875000,7.562500,7.562500,67800
2000-12-12,7.578125,7.578125,7.000000,7.375000,7.375000,104600
2000-12-13,7.343750,7.468750,6.937500,7.312500,7.312500,53500
2000-12-14,7.375000,7.625000,7.062500,7.250000,7.250000,103700
2000-12-15,6.953125,7.375000,6.875000,7.125000,7.125000,128700
2000-12-18,7.328125,7.875000,7.000000,7.812500,7.812500,118500
2000-12-19,7.562500,7.750000,7.062500,7.375000,7.375000,79600
2000-12-20,7.375000,7.500000,6.875000,7.000000,7.000000,210400
2000-12-21,7.000000,7.437500,6.750000,7.437500,7.437500,238600
2000-12-22,7.500000,8.000000,7.375000,7.875000,7.875000,191100
2000-12-26,7.687500,8.000000,6.750000,7.000000,7.000000,347900
2000-12-27,6.875000,7.125000,6.500000,7.000000,7.000000,110800
2000-12-28,6.968750,7.562500,6.937500,7.375000,7.375000,205200
2000-12-29,7.359375,7.500000,6.687500,7.375000,7.375000,203300
2001-01-02,7.375000,7.375000,6.375000,7.125000,7.125000,117900
2001-01-03,6.937500,7.375000,5.000000,7.187500,7.187500,126200
2001-01-04,7.500000,8.000000,7.125000,7.906250,7.906250,207800
2001-01-05,7.937500,7.937500,7.375000,7.625000,7.625000,197000
2001-01-08,7.937500,8.000000,7.375000,7.625000,7.625000,124900
2001-01-09,7.500000,7.687500,7.125000,7.687500,7.687500,54900
2001-01-10,7.671875,8.000000,7.375000,8.000000,8.000000,49200
2001-01-11,8.062500,8.250000,7.250000,7.625000,7.625000,202100
2001-01-12,7.625000,7.625000,7.281250,7.500000,7.500000,59900
2001-01-16,7.500000,7.750000,7.250000,7.437500,7.437500,42400
2001-01-17,7.500000,7.625000,7.125000,7.250000,7.250000,86500
2001-01-18,7.375000,7.437500,6.750000,7.312500,7.312500,101900
2001-01-19,6.812500,7.437500,6.812500,7.437500,7.437500,29000
2001-01-22,7.265625,7.500000,7.000000,7.375000,7.375000,68600
2001-01-23,7.125000,7.500000,7.031250,7.375000,7.375000,35900
2001-01-24,7.375000,7.375000,7.000000,7.250000,7.250000,68100
2001-01-25,7.437500,7.453125,6.937500,7.250000,7.250000,74900
2001-01-26,7.234375,7.375000,7.062500,7.218750,7.218750,38700
2001-01-29,7.062500,7.218750,7.000000,7.125000,7.125000,38800
2001-01-30,7.140625,7.500000,6.937500,7.500000,7.500000,133800
2001-01-31,7.500000,7.500000,7.000000,7.250000,7.250000,59500
2001-02-01,7.125000,7.250000,6.812500,7.000000,7.000000,78300
2001-02-02,7.000000,7.187500,6.750000,7.187500,7.187500,80200
2001-02-05,6.906250,7.312500,6.750000,7.187500,7.187500,42700
2001-02-06,7.171875,7.171875,6.750000,7.125000,7.125000,40800
2001-02-07,7.000000,7.062500,6.750000,7.000000,7.000000,54700
2001-02-08,7.125000,7.125000,6.500000,6.812500,6.812500,79500
2001-02-09,6.812500,6.875000,6.500000,6.625000,6.625000,74500
2001-02-12,6.578125,6.750000,6.250000,6.750000,6.750000,59100
2001-02-13,6.734375,6.875000,6.250000,6.406250,6.406250,75900
2001-02-14,6.125000,7.000000,6.000000,6.937500,6.937500,112000
2001-02-15,7.125000,7.125000,6.312500,6.875000,6.875000,122300
2001-02-16,6.750000,7.125000,6.500000,6.875000,6.875000,102000
2001-02-20,7.000000,7.250000,6.625000,6.750000,6.750000,34200
2001-02-21,6.750000,6.875000,6.250000,6.562500,6.562500,63700
2001-02-22,6.250000,6.625000,6.000000,6.625000,6.625000,56800
2001-02-23,6.000000,6.687500,6.000000,6.687500,6.687500,49800
2001-02-26,6.562500,6.750000,6.250000,6.687500,6.687500,53000
2001-02-27,6.500000,6.687500,6.187500,6.625000,6.625000,43600
2001-02-28,6.562500,6.593750,5.687500,5.812500,5.812500,55000
2001-03-01,5.765625,5.812500,4.625000,4.843750,4.843750,187100
2001-03-02,4.750000,5.375000,4.500000,4.750000,4.750000,54100
2001-03-05,4.750000,5.312500,4.187500,5.250000,5.250000,128900
2001-03-06,5.000000,5.250000,4.437500,5.125000,5.125000,82200
2001-03-07,5.125000,5.125000,4.000000,4.312500,4.312500,438300
2001-03-08,4.312500,4.468750,4.000000,4.125000,4.125000,86100
2001-03-09,4.109375,4.187500,3.375000,3.531250,3.531250,814500
2001-03-12,3.750000,4.187500,3.000000,3.250000,3.250000,186000
2001-03-13,3.375000,3.375000,2.656250,3.000000,3.000000,608300
2001-03-14,3.000000,3.906250,2.875000,3.031250,3.031250,197600
2001-03-15,2.984375,3.750000,2.937500,3.437500,3.437500,63700
2001-03-16,3.328125,3.437500,3.125000,3.125000,3.125000,43900
2001-03-19,3.562500,3.562500,3.125000,3.375000,3.375000,82800
2001-03-20,3.656250,4.187500,3.625000,3.875000,3.875000,163800
2001-03-21,4.015625,4.015625,3.750000,3.937500,3.937500,66300
2001-03-22,4.046875,4.062500,3.500000,3.812500,3.812500,32200
2001-03-23,3.500000,3.625000,3.093750,3.125000,3.125000,228500
2001-03-26,3.312500,3.875000,3.312500,3.875000,3.875000,180300
2001-03-27,3.875000,4.125000,3.812500,4.062500,4.062500,48900
2001-03-28,4.000000,4.000000,3.593750,3.875000,3.875000,56800
2001-03-29,4.000000,4.000000,3.625000,3.750000,3.750000,26900
2001-03-30,3.750000,4.062500,3.250000,4.062500,4.062500,133800
2001-04-02,4.000000,4.125000,3.562500,4.000000,4.000000,44100
2001-04-03,3.703125,4.062500,3.562500,4.062500,4.062500,48600
2001-04-04,4.062500,4.468750,3.625000,4.250000,4.250000,65500
2001-04-05,4.062500,4.500000,4.000000,4.250000,4.250000,85600
2001-04-06,4.187500,4.468750,4.125000,4.375000,4.375000,14200
2001-04-09,4.000000,4.400000,3.250000,4.400000,4.400000,119000
2001-04-10,4.100000,4.310000,3.750000,4.100000,4.100000,52200
2001-04-11,4.010000,4.200000,3.510000,4.020000,4.020000,21800
2001-04-12,4.150000,4.180000,3.800000,3.990000,3.990000,23300
2001-04-16,3.650000,3.990000,3.610000,3.740000,3.740000,23900
2001-04-17,3.530000,3.780000,3.400000,3.780000,3.780000,53300
2001-04-18,3.700000,3.970000,3.550000,3.880000,3.880000,33400
2001-04-19,3.900000,4.200000,3.700000,4.000000,4.000000,69200
2001-04-20,4.060000,4.060000,3.750000,3.820000,3.820000,16700
2001-04-23,3.860000,4.000000,3.460000,3.600000,3.600000,23900
2001-04-24,3.510000,3.960000,3.510000,3.720000,3.720000,131300
2001-04-25,3.510000,3.800000,3.300000,3.640000,3.640000,41300
2001-04-26,3.700000,3.700000,3.400000,3.660000,3.660000,12700
2001-04-27,3.680000,3.880000,3.550000,3.880000,3.880000,19200
2001-04-30,3.900000,3.950000,3.480000,3.580000,3.580000,60000
2001-05-01,3.650000,3.700000,3.450000,3.680000,3.680000,59200
2001-05-02,3.600000,3.700000,3.250000,3.440000,3.440000,88000
2001-05-03,3.370000,3.520000,3.000000,3.190000,3.190000,94300
2001-05-04,3.500000,3.610000,3.130000,3.500000,3.500000,81900
2001-05-07,3.340000,3.350000,3.040000,3.240000,3.240000,81900
2001-05-08,3.070000,3.500000,3.070000,3.380000,3.380000,80900
2001-05-09,3.380000,3.500000,3.100000,3.470000,3.470000,62500
2001-05-10,3.470000,3.700000,3.260000,3.650000,3.650000,214100
2001-05-11,4.150000,4.160000,3.500000,3.750000,3.750000,228400
2001-05-14,3.750000,3.750000,3.320000,3.400000,3.400000,110800
2001-05-15,3.360000,3.500000,3.240000,3.460000,3.460000,111600
2001-05-16,3.590000,3.590000,3.150000,3.560000,3.560000,81400
2001-05-17,3.570000,3.850000,3.500000,3.740000,3.740000,58800
2001-05-18,3.610000,4.010000,3.580000,4.010000,4.010000,102400
2001-05-21,4.040000,4.780000,4.020000,4.400000,4.400000,227200
2001-05-22,4.560000,4.850000,4.510000,4.580000,4.580000,82100
2001-05-23,4.750000,4.760000,4.320000,4.500000,4.500000,95100
2001-05-24,4.420000,4.500000,4.250000,4.470000,4.470000,34200
2001-05-25,4.480000,4.520000,4.110000,4.450000,4.450000,37300
2001-05-29,4.460000,4.500000,4.330000,4.450000,4.450000,49700
2001-05-30,4.430000,4.570000,4.270000,4.400000,4.400000,36700
2001-05-31,4.250000,4.490000,4.250000,4.320000,4.320000,31300
2001-06-01,4.440000,4.440000,4.250000,4.310000,4.310000,29900
2001-06-04,4.250000,4.490000,4.220000,4.440000,4.440000,37000
2001-06-05,4.570000,4.570000,4.360000,4.400000,4.400000,40800
2001-06-06,4.400000,4.500000,4.250000,4.440000,4.440000,16800
2001-06-07,4.450000,4.650000,4.150000,4.400000,4.400000,72900
2001-06-08,4.440000,4.440000,4.150000,4.330000,4.330000,27300
2001-06-11,4.070000,4.250000,3.860000,4.020000,4.020000,39200
2001-06-12,4.000000,4.180000,3.820000,4.150000,4.150000,43900
2001-06-13,4.160000,4.200000,4.000000,4.000000,4.000000,16800
2001-06-14,4.000000,4.150000,3.800000,3.850000,3.850000,29400
2001-06-15,3.850000,4.000000,3.850000,3.870000,3.870000,11300
2001-06-18,3.840000,4.080000,3.560000,3.600000,3.600000,35000
2001-06-19,3.740000,3.850000,3.110000,3.130000,3.130000,126300
2001-06-20,3.380000,3.400000,3.030000,3.350000,3.350000,64300
2001-06-21,3.300000,3.700000,3.300000,3.410000,3.410000,32600
2001-06-22,3.640000,3.980000,3.400000,3.900000,3.900000,25600
2001-06-25,3.930000,3.950000,3.750000,3.830000,3.830000,26100
2001-06-26,3.950000,3.950000,3.600000,3.870000,3.870000,20600
2001-06-27,3.900000,3.950000,3.500000,3.730000,3.730000,45300
2001-06-28,3.800000,3.800000,3.560000,3.560000,3.560000,31300
2001-06-29,3.690000,3.850000,3.510000,3.650000,3.650000,16900
2001-07-02,3.560000,3.770000,3.560000,3.570000,3.570000,10900
2001-07-03,3.770000,3.780000,3.600000,3.780000,3.780000,13500
2001-07-05,3.780000,3.790000,3.510000,3.750000,3.750000,8800
2001-07-06,3.730000,3.750000,3.480000,3.670000,3.670000,13400
2001-07-09,3.550000,3.730000,3.530000,3.620000,3.620000,26500
2001-07-10,3.630000,3.650000,3.330000,3.550000,3.550000,64200
2001-07-11,3.500000,3.700000,3.500000,3.690000,3.690000,39700
2001-07-12,3.680000,3.760000,3.540000,3.690000,3.690000,18300
2001-07-13,3.600000,3.850000,3.600000,3.850000,3.850000,24400
2001-07-16,3.860000,3.910000,3.500000,3.600000,3.600000,17200
2001-07-17,3.700000,3.780000,3.260000,3.690000,3.690000,125900
2001-07-18,3.600000,3.610000,3.460000,3.600000,3.600000,11100
2001-07-19,3.600000,3.640000,3.420000,3.450000,3.450000,16000
2001-07-20,3.440000,3.660000,3.400000,3.400000,3.400000,23300
2001-07-23,3.500000,3.650000,3.300000,3.370000,3.370000,34100
2001-07-24,3.330000,3.450000,3.200000,3.450000,3.450000,56400
2001-07-25,3.600000,3.660000,3.120000,3.410000,3.410000,87200
2001-07-26,3.420000,3.570000,3.100000,3.370000,3.370000,107900
2001-07-27,3.270000,3.850000,3.150000,3.850000,3.850000,61300
2001-07-30,3.770000,3.870000,3.410000,3.830000,3.830000,84300
2001-07-31,3.870000,3.950000,3.500000,3.710000,3.710000,78400
2001-08-01,3.900000,4.100000,3.510000,4.080000,4.080000,78300
2001-08-02,4.040000,4.250000,3.750000,4.250000,4.250000,39800
2001-08-03,4.250000,4.250000,3.700000,4.250000,4.250000,34800
2001-08-06,4.340000,4.340000,4.050000,4.250000,4.250000,69200
2001-08-07,4.100000,4.500000,3.950000,4.250000,4.250000,25400
2001-08-08,4.180000,4.350000,3.720000,4.230000,4.230000,66500
2001-08-09,4.110000,4.280000,3.730000,4.200000,4.200000,71900
2001-08-10,4.110000,4.150000,3.720000,4.010000,4.010000,26200
2001-08-13,4.000000,4.150000,3.700000,4.040000,4.040000,29000
2001-08-14,4.060000,4.060000,3.800000,3.900000,3.900000,11900
2001-08-15,4.040000,4.040000,3.570000,3.750000,3.750000,29000
2001-08-16,3.600000,3.810000,3.500000,3.700000,3.700000,41400
2001-08-17,3.880000,4.000000,3.650000,3.950000,3.950000,36400
2001-08-20,3.910000,3.950000,3.640000,3.750000,3.750000,17400
2001-08-21,3.700000,3.750000,3.510000,3.740000,3.740000,24100
2001-08-22,3.710000,3.800000,3.300000,3.780000,3.780000,78900
2001-08-23,3.710000,3.800000,3.540000,3.790000,3.790000,21700
2001-08-24,3.770000,3.860000,3.600000,3.660000,3.660000,27600
2001-08-27,3.630000,3.780000,3.500000,3.650000,3.650000,43300
2001-08-28,3.500000,3.700000,3.420000,3.510000,3.510000,16700
2001-08-29,3.510000,3.560000,3.420000,3.500000,3.500000,24400
2001-08-30,3.450000,3.460000,3.050000,3.200000,3.200000,78900
2001-08-31,3.170000,3.550000,3.170000,3.500000,3.500000,50200
2001-09-04,3.690000,3.700000,3.210000,3.510000,3.510000,29000
2001-09-05,3.350000,3.470000,3.160000,3.360000,3.360000,25400
2001-09-06,3.330000,3.330000,3.100000,3.300000,3.300000,29000
2001-09-07,3.180000,3.230000,3.050000,3.150000,3.150000,30100
2001-09-10,3.050000,3.230000,3.010000,3.050000,3.050000,17700
2001-09-17,3.090000,3.190000,2.750000,3.100000,3.100000,46400
2001-09-18,3.090000,3.140000,2.800000,3.010000,3.010000,24200
2001-09-19,3.040000,3.230000,2.850000,3.230000,3.230000,52600
2001-09-20,3.000000,3.100000,2.500000,2.930000,2.930000,101400
2001-09-21,2.910000,3.050000,2.220000,3.050000,3.050000,65500
2001-09-24,3.100000,3.190000,2.700000,3.150000,3.150000,62400
2001-09-25,3.100000,3.100000,2.740000,2.900000,2.900000,111900
2001-09-26,2.670000,3.050000,2.670000,3.040000,3.040000,39000
2001-09-27,3.000000,3.050000,2.730000,3.040000,3.040000,71600
2001-09-28,2.820000,3.210000,2.820000,3.210000,3.210000,109300
2001-10-01,3.270000,3.410000,3.120000,3.280000,3.280000,43100
2001-10-02,3.240000,3.380000,2.980000,3.110000,3.110000,42600
2001-10-03,2.900000,3.350000,2.900000,3.350000,3.350000,58900
2001-10-04,3.300000,3.660000,3.250000,3.600000,3.600000,46200
2001-10-05,3.510000,3.680000,3.030000,3.680000,3.680000,57700
2001-10-08,3.640000,3.750000,3.500000,3.740000,3.740000,89400
2001-10-09,3.750000,3.750000,3.300000,3.730000,3.730000,38800
2001-10-10,3.740000,3.790000,3.330000,3.500000,3.500000,46100
2001-10-11,3.500000,3.800000,3.400000,3.780000,3.780000,31400
2001-10-12,3.790000,3.890000,3.400000,3.800000,3.800000,38800
2001-10-15,3.800000,3.990000,3.700000,3.990000,3.990000,34700
2001-10-16,3.930000,4.070000,3.700000,4.000000,4.000000,56500
2001-10-17,4.050000,4.090000,3.730000,3.970000,3.970000,26200
2001-10-18,3.660000,4.080000,3.610000,4.000000,4.000000,17200
2001-10-19,3.600000,3.970000,3.460000,3.900000,3.900000,13400
2001-10-22,3.900000,3.950000,3.500000,3.660000,3.660000,28200
2001-10-23,3.710000,3.850000,3.450000,3.510000,3.510000,27000
2001-10-24,3.520000,3.520000,3.320000,3.320000,3.320000,24500
2001-10-25,3.320000,3.540000,3.050000,3.120000,3.120000,36500
2001-10-26,3.160000,3.340000,3.060000,3.240000,3.240000,25300
2001-10-29,3.250000,3.250000,3.000000,3.190000,3.190000,29600
2001-10-30,3.140000,3.140000,2.960000,3.040000,3.040000,23600
2001-10-31,2.950000,3.100000,2.730000,3.050000,3.050000,24400
2001-11-01,2.920000,2.920000,2.790000,2.850000,2.850000,36400
2001-11-02,2.810000,3.000000,2.790000,3.000000,3.000000,23100
2001-11-05,3.160000,3.200000,2.900000,2.900000,2.900000,16400
2001-11-06,3.000000,3.200000,2.860000,2.870000,2.870000,6700
2001-11-07,3.080000,3.150000,2.700000,2.930000,2.930000,32700
2001-11-08,2.700000,2.930000,2.500000,2.850000,2.850000,69700
2001-11-09,2.800000,3.070000,2.700000,3.060000,3.060000,58900
2001-11-12,3.050000,3.100000,2.810000,2.910000,2.910000,11800
2001-11-13,2.800000,2.900000,2.800000,2.900000,2.900000,11600
2001-11-14,2.890000,2.960000,2.840000,2.870000,2.870000,20200
2001-11-15,3.010000,3.010000,2.780000,2.880000,2.880000,14500
2001-11-16,2.820000,2.820000,2.650000,2.780000,2.780000,58900
2001-11-19,2.750000,2.860000,2.700000,2.860000,2.860000,27200
2001-11-20,2.840000,3.160000,2.500000,2.720000,2.720000,109200
2001-11-21,2.710000,2.900000,2.650000,2.840000,2.840000,23000
2001-11-23,2.820000,2.900000,2.650000,2.900000,2.900000,9800
2001-11-26,2.890000,2.890000,2.560000,2.690000,2.690000,73800
2001-11-27,2.650000,2.690000,2.500000,2.620000,2.620000,43400
2001-11-28,2.620000,2.640000,2.500000,2.500000,2.500000,21600
2001-11-29,2.460000,2.510000,2.290000,2.400000,2.400000,32100
2001-11-30,2.410000,2.500000,2.240000,2.400000,2.400000,64000
2001-12-03,2.390000,2.690000,2.260000,2.350000,2.350000,33200
2001-12-04,2.360000,2.380000,2.180000,2.250000,2.250000,102700
2001-12-05,2.250000,2.410000,2.160000,2.400000,2.400000,74500
2001-12-06,2.400000,2.480000,2.230000,2.400000,2.400000,36000
2001-12-07,2.350000,2.400000,2.160000,2.330000,2.330000,72100
2001-12-10,2.250000,2.300000,2.100000,2.300000,2.300000,28900
2001-12-11,2.300000,2.700000,2.160000,2.360000,2.360000,153800
2001-12-12,2.440000,2.450000,2.200000,2.350000,2.350000,29300
2001-12-13,2.200000,2.380000,2.200000,2.330000,2.330000,25200
2001-12-14,2.320000,2.390000,2.170000,2.350000,2.350000,54300
2001-12-17,2.250000,2.370000,2.110000,2.250000,2.250000,69000
2001-12-18,2.250000,2.250000,2.130000,2.220000,2.220000,35000
2001-12-19,2.200000,2.260000,2.100000,2.240000,2.240000,56400
2001-12-20,2.200000,2.250000,2.100000,2.240000,2.240000,42100
2001-12-21,2.250000,2.270000,2.110000,2.250000,2.250000,68600
2001-12-24,2.260000,2.270000,2.180000,2.230000,2.230000,14500
2001-12-26,2.150000,2.280000,2.000000,2.200000,2.200000,69300
2001-12-27,2.100000,2.790000,2.100000,2.410000,2.410000,80700
2001-12-28,2.670000,3.360000,2.450000,3.300000,3.300000,249600
2001-12-31,3.300000,3.750000,3.030000,3.330000,3.330000,302200
2002-01-02,3.460000,3.500000,3.050000,3.200000,3.200000,53700
2002-01-03,3.230000,3.230000,2.900000,2.900000,2.900000,40200
2002-01-04,2.990000,3.070000,2.600000,2.850000,2.850000,43400
2002-01-07,2.880000,2.900000,2.510000,2.600000,2.600000,53800
2002-01-08,2.600000,2.930000,2.600000,2.880000,2.880000,16400
2002-01-09,2.940000,2.940000,2.700000,2.750000,2.750000,19400
2002-01-10,2.750000,2.760000,2.600000,2.660000,2.660000,34200
2002-01-11,2.630000,2.670000,2.420000,2.550000,2.550000,67600
2002-01-14,2.550000,2.560000,2.410000,2.430000,2.430000,21000
2002-01-15,2.450000,2.550000,2.400000,2.490000,2.490000,23500
2002-01-16,2.450000,2.500000,2.390000,2.500000,2.500000,4100
2002-01-17,2.570000,2.600000,2.320000,2.400000,2.400000,25300
2002-01-18,2.350000,2.500000,2.350000,2.400000,2.400000,14100
2002-01-22,2.350000,2.500000,2.200000,2.300000,2.300000,46400
2002-01-23,2.210000,2.300000,2.100000,2.200000,2.200000,36200
2002-01-24,2.280000,2.350000,2.200000,2.210000,2.210000,9600
2002-01-25,2.350000,2.350000,2.150000,2.150000,2.150000,25200
2002-01-28,2.350000,2.350000,2.110000,2.300000,2.300000,11200
2002-01-29,2.260000,2.390000,2.120000,2.240000,2.240000,26900
2002-01-30,2.220000,2.230000,2.100000,2.210000,2.210000,7400
2002-01-31,2.320000,2.320000,2.200000,2.250000,2.250000,6800
2002-02-01,2.160000,2.290000,2.150000,2.160000,2.160000,17700
2002-02-04,2.150000,2.250000,1.800000,2.000000,2.000000,132500
2002-02-05,1.990000,2.050000,1.870000,2.040000,2.040000,35700
2002-02-06,2.000000,2.120000,1.820000,2.100000,2.100000,39700
2002-02-07,2.070000,2.120000,1.970000,2.050000,2.050000,35100
2002-02-08,2.050000,2.080000,1.980000,2.000000,2.000000,55700
2002-02-11,2.000000,2.090000,1.900000,2.090000,2.090000,37700
2002-02-12,2.000000,2.080000,2.000000,2.050000,2.050000,69300
2002-02-13,2.000000,2.200000,1.900000,2.200000,2.200000,42500
2002-02-14,2.100000,2.230000,2.100000,2.150000,2.150000,1200
2002-02-15,2.150000,2.150000,1.950000,2.000000,2.000000,5700
2002-02-19,2.000000,2.040000,1.900000,2.030000,2.030000,15500
2002-02-20,2.050000,2.200000,1.900000,1.950000,1.950000,21800
2002-02-21,1.890000,2.000000,1.830000,1.870000,1.870000,16300
2002-02-22,1.870000,2.050000,1.700000,2.020000,2.020000,53100
2002-02-25,1.980000,1.980000,1.710000,1.920000,1.920000,14700
2002-02-26,1.920000,1.960000,1.730000,1.960000,1.960000,42400
2002-02-27,1.900000,1.950000,1.760000,1.880000,1.880000,16500
2002-02-28,1.850000,1.900000,1.670000,1.710000,1.710000,59400
2002-03-01,1.700000,1.700000,1.500000,1.620000,1.620000,96600
2002-03-04,1.670000,1.770000,1.670000,1.770000,1.770000,11100
2002-03-05,1.640000,1.800000,1.580000,1.650000,1.650000,12300
2002-03-06,1.610000,1.750000,1.500000,1.650000,1.650000,17100
2002-03-07,1.690000,1.860000,1.690000,1.860000,1.860000,43200
2002-03-08,1.820000,2.000000,1.770000,2.000000,2.000000,38900
2002-03-11,2.030000,2.030000,1.770000,1.990000,1.990000,9000
2002-03-12,2.000000,2.000000,1.810000,1.910000,1.910000,26000
2002-03-13,1.910000,2.000000,1.820000,1.900000,1.900000,7100
2002-03-14,1.900000,2.030000,1.720000,2.030000,2.030000,30600
2002-03-15,2.030000,2.030000,1.850000,2.000000,2.000000,21100
2002-03-18,2.000000,2.030000,1.750000,1.890000,1.890000,15500
2002-03-19,1.800000,1.940000,1.780000,1.850000,1.850000,9500
2002-03-20,1.850000,1.900000,1.670000,1.900000,1.900000,22800
2002-03-21,1.820000,1.950000,1.700000,1.930000,1.930000,31200
2002-03-22,1.960000,1.960000,1.730000,1.870000,1.870000,17600
2002-03-25,1.730000,1.820000,1.530000,1.550000,1.550000,94000
2002-03-26,1.580000,1.770000,1.580000,1.670000,1.670000,58800
2002-03-27,1.600000,1.680000,1.550000,1.680000,1.680000,17900
2002-03-28,1.660000,1.660000,1.500000,1.600000,1.600000,39100
2002-04-01,1.600000,1.670000,1.520000,1.670000,1.670000,14200
2002-04-02,1.600000,1.770000,1.600000,1.660000,1.660000,15300
2002-04-03,1.710000,1.750000,1.610000,1.700000,1.700000,28400
2002-04-04,1.700000,1.700000,1.610000,1.610000,1.610000,3700
2002-04-05,1.500000,1.510000,1.430000,1.490000,1.490000,56500
2002-04-08,1.480000,1.490000,1.340000,1.490000,1.490000,39600
2002-04-09,1.400000,1.420000,1.370000,1.390000,1.390000,8900
2002-04-10,1.370000,1.410000,1.340000,1.360000,1.360000,27300
2002-04-11,1.360000,1.440000,1.190000,1.300000,1.300000,42400
2002-04-12,1.260000,1.440000,1.260000,1.400000,1.400000,35000
2002-04-15,1.300000,1.430000,1.270000,1.270000,1.270000,13300
2002-04-16,1.460000,1.500000,1.320000,1.500000,1.500000,80900
2002-04-17,1.500000,1.510000,1.390000,1.390000,1.390000,43900
2002-04-18,1.370000,1.480000,1.280000,1.430000,1.430000,11900
2002-04-19,1.440000,1.490000,1.410000,1.490000,1.490000,10900
2002-04-22,1.490000,1.500000,1.400000,1.480000,1.480000,11000
2002-04-23,1.400000,1.480000,1.350000,1.410000,1.410000,2400
2002-04-24,1.310000,1.500000,1.300000,1.380000,1.380000,38000
2002-04-25,1.300000,1.370000,1.300000,1.370000,1.370000,3100
2002-04-26,1.330000,1.400000,1.300000,1.400000,1.400000,3000
2002-04-29,1.300000,1.350000,1.270000,1.350000,1.350000,8400
2002-04-30,1.400000,1.510000,1.210000,1.500000,1.500000,81000
2002-05-01,1.500000,1.500000,1.110000,1.130000,1.130000,34800
2002-05-02,1.130000,1.140000,0.760000,1.050000,1.050000,257700
2002-05-03,0.950000,1.040000,0.850000,0.930000,0.930000,48600
2002-05-06,0.900000,0.950000,0.900000,0.900000,0.900000,57200
2002-05-07,0.900000,0.930000,0.820000,0.900000,0.900000,41200
2002-05-08,0.920000,0.950000,0.840000,0.840000,0.840000,17100
2002-05-09,0.800000,0.930000,0.780000,0.810000,0.810000,54600
2002-05-10,0.810000,0.820000,0.750000,0.810000,0.810000,23900
2002-05-13,0.840000,0.840000,0.810000,0.810000,0.810000,18100
2002-05-14,0.830000,0.860000,0.800000,0.860000,0.860000,23100
2002-05-15,0.850000,0.860000,0.850000,0.860000,0.860000,3900
2002-05-16,0.860000,0.960000,0.860000,0.880000,0.880000,16000
2002-05-17,0.900000,0.950000,0.900000,0.910000,0.910000,4300
2002-05-20,0.910000,1.090000,0.910000,1.040000,1.040000,8100
2002-05-21,0.970000,1.030000,0.910000,1.000000,1.000000,5800
2002-05-22,0.910000,0.960000,0.800000,0.850000,0.850000,14200
2002-05-23,0.850000,0.990000,0.850000,0.990000,0.990000,14000
2002-05-24,0.980000,1.000000,0.900000,0.990000,0.990000,16200
2002-05-28,0.960000,0.960000,0.850000,0.950000,0.950000,8800
2002-05-29,0.950000,0.990000,0.950000,0.990000,0.990000,19300
2002-05-30,0.950000,0.980000,0.950000,0.950000,0.950000,2800
2002-05-31,0.960000,0.960000,0.850000,0.930000,0.930000,11100
2002-06-03,0.930000,0.940000,0.880000,0.880000,0.880000,8700
2002-06-04,0.970000,1.040000,0.910000,1.000000,1.000000,23900
2002-06-05,1.000000,1.020000,1.000000,1.000000,1.000000,1400
2002-06-06,1.000000,1.040000,0.950000,0.950000,0.950000,10900
2002-06-07,0.950000,0.990000,0.900000,0.970000,0.970000,21600
2002-06-10,0.950000,0.970000,0.930000,0.970000,0.970000,3400
2002-06-11,0.940000,0.960000,0.900000,0.960000,0.960000,39600
2002-06-12,0.940000,1.000000,0.860000,1.000000,1.000000,40500
2002-06-13,0.910000,0.950000,0.910000,0.950000,0.950000,6600
2002-06-14,0.950000,0.950000,0.860000,0.860000,0.860000,7600
2002-06-17,0.900000,1.040000,0.900000,0.970000,0.970000,40800
2002-06-18,0.970000,0.970000,0.950000,0.950000,0.950000,3700
2002-06-19,0.950000,1.000000,0.920000,0.930000,0.930000,33300
2002-06-20,0.930000,0.980000,0.930000,0.970000,0.970000,16500
2002-06-21,0.930000,0.980000,0.930000,0.980000,0.980000,9600
2002-06-24,0.920000,0.960000,0.850000,0.950000,0.950000,43400
2002-06-25,0.880000,0.950000,0.850000,0.910000,0.910000,19100
2002-06-26,0.890000,0.950000,0.850000,0.890000,0.890000,11400
2002-06-27,0.860000,0.950000,0.810000,0.810000,0.810000,5100
2002-06-28,0.960000,0.960000,0.810000,0.810000,0.810000,13100
2002-07-01,0.820000,0.820000,0.770000,0.810000,0.810000,8400
2002-07-02,0.770000,0.870000,0.750000,0.770000,0.770000,7200
2002-07-03,0.770000,0.850000,0.750000,0.750000,0.750000,17800
2002-07-05,0.820000,0.820000,0.720000,0.740000,0.740000,9000
2002-07-08,0.750000,0.750000,0.670000,0.690000,0.690000,21400
2002-07-09,0.700000,0.700000,0.630000,0.650000,0.650000,11400
2002-07-10,0.610000,0.700000,0.610000,0.610000,0.610000,16200
2002-07-11,0.620000,0.650000,0.600000,0.650000,0.650000,8200
2002-07-12,0.610000,0.690000,0.610000,0.660000,0.660000,5400
2002-07-15,0.660000,0.660000,0.590000,0.600000,0.600000,25000
2002-07-16,0.600000,0.750000,0.570000,0.660000,0.660000,83200
2002-07-17,0.630000,0.700000,0.630000,0.680000,0.680000,11600
2002-07-18,0.700000,0.740000,0.670000,0.730000,0.730000,15700
2002-07-19,0.710000,0.710000,0.670000,0.700000,0.700000,2400
2002-07-22,0.720000,0.750000,0.630000,0.690000,0.690000,20100
2002-07-23,0.640000,0.660000,0.590000,0.590000,0.590000,21300
2002-07-24,0.570000,0.760000,0.500000,0.500000,0.500000,6200
2002-07-25,0.560000,0.700000,0.560000,0.600000,0.600000,11200
2002-07-26,0.730000,0.730000,0.560000,0.730000,0.730000,9900
2002-07-29,0.740000,0.750000,0.600000,0.680000,0.680000,3100
2002-07-30,0.610000,0.700000,0.500000,0.700000,0.700000,2000
2002-07-31,0.570000,0.740000,0.570000,0.640000,0.640000,53200
2002-08-01,0.550000,0.670000,0.500000,0.600000,0.600000,15300
2002-08-02,0.680000,0.680000,0.530000,0.660000,0.660000,7000
2002-08-05,0.630000,0.640000,0.530000,0.540000,0.540000,8100
2002-08-06,0.530000,0.580000,0.490000,0.560000,0.560000,39000
2002-08-07,0.520000,0.540000,0.500000,0.520000,0.520000,11900
2002-08-08,0.520000,0.610000,0.520000,0.570000,0.570000,15300
2002-08-09,0.600000,0.610000,0.550000,0.550000,0.550000,8000
2002-08-12,0.550000,0.590000,0.550000,0.590000,0.590000,6800
2002-08-13,0.580000,0.610000,0.500000,0.550000,0.550000,13300
2002-08-14,0.560000,0.560000,0.530000,0.530000,0.530000,5200
2002-08-15,0.510000,0.620000,0.510000,0.620000,0.620000,44200
2002-08-16,0.590000,0.640000,0.580000,0.640000,0.640000,2100
2002-08-19,0.640000,0.710000,0.610000,0.690000,0.690000,10100
2002-08-20,0.650000,0.680000,0.590000,0.620000,0.620000,15000
2002-08-21,0.630000,0.650000,0.600000,0.620000,0.620000,31300
2002-08-22,0.570000,0.650000,0.510000,0.640000,0.640000,5900
2002-08-23,0.620000,0.650000,0.610000,0.640000,0.640000,15600
2002-08-26,0.660000,0.670000,0.640000,0.640000,0.640000,21300
2002-08-27,0.640000,0.640000,0.580000,0.600000,0.600000,4600
2002-08-28,0.550000,0.700000,0.500000,0.630000,0.630000,18500
2002-08-29,0.700000,0.700000,0.600000,0.670000,0.670000,8400
2002-08-30,0.610000,0.730000,0.610000,0.730000,0.730000,43500
2002-09-03,0.660000,0.800000,0.650000,0.790000,0.790000,160800
2002-09-04,0.770000,0.890000,0.770000,0.840000,0.840000,155000
2002-09-05,0.850000,0.880000,0.820000,0.870000,0.870000,27400
2002-09-06,0.860000,0.900000,0.700000,0.900000,0.900000,37800
2002-09-09,0.900000,0.900000,0.900000,0.900000,0.900000,0
2002-09-10,0.830000,0.850000,0.710000,0.850000,0.850000,12900
2002-09-11,0.820000,0.900000,0.770000,0.900000,0.900000,9400
2002-09-12,0.900000,0.900000,0.800000,0.900000,0.900000,4700
2002-09-13,0.810000,0.900000,0.770000,0.900000,0.900000,5700
2002-09-16,0.810000,0.920000,0.800000,0.920000,0.920000,3400
2002-09-17,0.850000,0.850000,0.800000,0.830000,0.830000,3900
2002-09-18,0.800000,0.800000,0.760000,0.800000,0.800000,4200
2002-09-19,0.760000,0.760000,0.760000,0.760000,0.760000,1000
2002-09-20,0.700000,0.790000,0.630000,0.730000,0.730000,12700
2002-09-23,0.670000,0.710000,0.660000,0.680000,0.680000,10500
2002-09-24,0.670000,0.710000,0.650000,0.710000,0.710000,62100
2002-09-25,0.700000,0.700000,0.610000,0.690000,0.690000,3700
2002-09-26,0.610000,0.690000,0.460000,0.690000,0.690000,4100
2002-09-27,0.670000,0.670000,0.470000,0.620000,0.620000,49200
2002-09-30,0.630000,0.630000,0.520000,0.550000,0.550000,28400
2002-10-01,0.530000,0.530000,0.520000,0.520000,0.520000,10000
2002-10-02,0.520000,0.600000,0.500000,0.550000,0.550000,1600
2002-10-03,0.540000,0.580000,0.450000,0.580000,0.580000,4600
2002-10-04,0.570000,0.570000,0.570000,0.570000,0.570000,2000
2002-10-07,0.530000,0.570000,0.500000,0.570000,0.570000,4900
2002-10-08,0.500000,0.540000,0.380000,0.440000,0.440000,33700
2002-10-09,0.440000,0.550000,0.440000,0.520000,0.520000,105900
2002-10-10,0.500000,0.540000,0.420000,0.490000,0.490000,14500
2002-10-11,0.440000,0.540000,0.430000,0.480000,0.480000,15900
2002-10-14,0.450000,0.520000,0.410000,0.520000,0.520000,7300
2002-10-15,0.510000,0.590000,0.480000,0.550000,0.550000,14400
2002-10-16,0.480000,0.510000,0.480000,0.500000,0.500000,3000
2002-10-17,0.500000,0.550000,0.450000,0.550000,0.550000,5500
2002-10-18,0.510000,0.580000,0.400000,0.420000,0.420000,12200
2002-10-21,0.500000,0.500000,0.440000,0.440000,0.440000,1800
2002-10-22,0.420000,0.460000,0.400000,0.420000,0.420000,32600
2002-10-23,0.470000,0.600000,0.430000,0.600000,0.600000,26900
2002-10-24,0.600000,0.620000,0.540000,0.620000,0.620000,8300
2002-10-25,0.610000,0.610000,0.530000,0.570000,0.570000,3800
2002-10-28,0.600000,0.650000,0.530000,0.650000,0.650000,510300
2002-10-29,0.610000,0.620000,0.610000,0.620000,0.620000,900
2002-10-30,0.600000,0.610000,0.600000,0.600000,0.600000,900
2002-10-31,0.620000,0.650000,0.600000,0.650000,0.650000,9000
2002-11-01,0.610000,0.650000,0.460000,0.500000,0.500000,28800
2002-11-04,0.550000,0.650000,0.550000,0.650000,0.650000,8200
2002-11-05,0.600000,0.630000,0.510000,0.570000,0.570000,15100
2002-11-06,0.580000,0.580000,0.480000,0.480000,0.480000,10700
2002-11-07,0.500000,0.530000,0.410000,0.500000,0.500000,79900
2002-11-08,0.430000,0.490000,0.420000,0.490000,0.490000,7200
2002-11-11,0.480000,0.480000,0.480000,0.480000,0.480000,1700
2002-11-12,0.480000,0.550000,0.290000,0.420000,0.420000,30800
2002-11-13,0.430000,0.490000,0.330000,0.490000,0.490000,31900
2002-11-14,0.490000,0.510000,0.410000,0.500000,0.500000,19400
2002-11-15,0.490000,0.500000,0.400000,0.500000,0.500000,13000
2002-11-18,0.500000,0.500000,0.500000,0.500000,0.500000,0
2002-11-19,0.450000,0.490000,0.450000,0.490000,0.490000,1400
2002-11-20,0.420000,0.500000,0.410000,0.460000,0.460000,22000
2002-11-21,0.420000,0.460000,0.400000,0.400000,0.400000,19500
2002-11-22,0.400000,0.570000,0.390000,0.500000,0.500000,105700
2002-11-25,0.460000,0.520000,0.460000,0.470000,0.470000,3900
2002-11-26,0.420000,0.520000,0.420000,0.520000,0.520000,8200
2002-11-27,0.540000,0.540000,0.480000,0.500000,0.500000,6000
2002-11-29,0.500000,0.500000,0.450000,0.460000,0.460000,24800
2002-12-02,0.450000,0.550000,0.420000,0.500000,0.500000,32600
2002-12-03,0.540000,0.540000,0.470000,0.500000,0.500000,14200
2002-12-04,0.520000,0.550000,0.470000,0.520000,0.520000,56700
2002-12-05,0.520000,0.550000,0.520000,0.530000,0.530000,25800
2002-12-06,0.530000,0.590000,0.510000,0.530000,0.530000,28200
2002-12-09,0.520000,0.680000,0.520000,0.540000,0.540000,11000
2002-12-10,0.540000,0.600000,0.530000,0.550000,0.550000,13600
2002-12-11,0.590000,0.590000,0.470000,0.540000,0.540000,37200
2002-12-12,0.510000,0.530000,0.510000,0.520000,0.520000,11300
2002-12-13,0.470000,0.500000,0.470000,0.500000,0.500000,15400
2002-12-16,0.490000,0.500000,0.470000,0.500000,0.500000,34800
2002-12-17,0.460000,0.500000,0.430000,0.430000,0.430000,37900
2002-12-18,0.430000,0.460000,0.420000,0.430000,0.430000,24700
2002-12-19,0.430000,0.450000,0.410000,0.450000,0.450000,10000
2002-12-20,0.410000,0.430000,0.400000,0.420000,0.420000,20100
2002-12-23,0.400000,0.410000,0.370000,0.410000,0.410000,32000
2002-12-24,0.380000,0.400000,0.370000,0.380000,0.380000,27400
2002-12-26,0.370000,0.450000,0.320000,0.450000,0.450000,102700
2002-12-27,0.360000,0.480000,0.360000,0.430000,0.430000,24200
2002-12-30,0.360000,0.450000,0.360000,0.400000,0.400000,119000
2002-12-31,0.400000,0.450000,0.340000,0.350000,0.350000,171800
2003-01-02,0.370000,0.490000,0.370000,0.490000,0.490000,19500
2003-01-03,0.440000,0.440000,0.350000,0.420000,0.420000,51900
2003-01-06,0.420000,0.440000,0.400000,0.410000,0.410000,93700
2003-01-07,0.400000,0.420000,0.370000,0.410000,0.410000,3100
2003-01-08,0.360000,0.390000,0.360000,0.380000,0.380000,10200
2003-01-09,0.430000,0.440000,0.360000,0.380000,0.380000,7900
2003-01-10,0.380000,0.400000,0.360000,0.400000,0.400000,7400
2003-01-13,0.380000,0.400000,0.370000,0.400000,0.400000,11000
2003-01-14,0.410000,0.410000,0.410000,0.410000,0.410000,1000
2003-01-15,0.410000,0.420000,0.390000,0.390000,0.390000,4100
2003-01-16,0.400000,0.400000,0.390000,0.400000,0.400000,2000
2003-01-17,0.420000,0.430000,0.400000,0.400000,0.400000,4600
2003-01-21,0.400000,0.400000,0.400000,0.400000,0.400000,1800
2003-01-22,0.390000,0.400000,0.370000,0.400000,0.400000,2300
2003-01-23,0.400000,0.400000,0.330000,0.350000,0.350000,14000
2003-01-24,0.320000,0.390000,0.320000,0.370000,0.370000,9700
2003-01-27,0.350000,0.350000,0.330000,0.330000,0.330000,3400
2003-01-28,0.340000,0.380000,0.280000,0.370000,0.370000,8900
2003-01-29,0.330000,0.390000,0.330000,0.370000,0.370000,2500
2003-01-30,0.360000,0.380000,0.330000,0.330000,0.330000,7200
2003-01-31,0.360000,0.390000,0.360000,0.390000,0.390000,12200
2003-02-03,0.370000,0.410000,0.370000,0.410000,0.410000,25100
2003-02-04,0.350000,0.450000,0.340000,0.440000,0.440000,64900
2003-02-05,0.440000,0.480000,0.430000,0.450000,0.450000,31100
2003-02-06,0.450000,0.550000,0.450000,0.540000,0.540000,66500
2003-02-07,0.530000,0.680000,0.520000,0.680000,0.680000,92900
2003-02-10,0.840000,0.840000,0.620000,0.660000,0.660000,64500
2003-02-11,0.700000,0.700000,0.570000,0.600000,0.600000,25600
2003-02-12,0.570000,0.570000,0.530000,0.570000,0.570000,28800
2003-02-13,0.560000,0.560000,0.500000,0.560000,0.560000,13800
2003-02-14,0.560000,0.600000,0.510000,0.600000,0.600000,11300
2003-02-18,0.530000,0.600000,0.530000,0.600000,0.600000,14100
2003-02-19,0.560000,0.710000,0.550000,0.620000,0.620000,36400
2003-02-20,0.560000,0.640000,0.560000,0.640000,0.640000,4500
2003-02-21,0.500000,0.600000,0.300000,0.590000,0.590000,16500
2003-02-24,0.560000,0.620000,0.520000,0.570000,0.570000,15400
2003-02-25,0.550000,0.550000,0.550000,0.550000,0.550000,300
2003-02-26,0.590000,0.590000,0.570000,0.570000,0.570000,4000
2003-02-27,0.570000,0.590000,0.550000,0.570000,0.570000,20800
2003-02-28,0.600000,0.600000,0.510000,0.590000,0.590000,53700
2003-03-03,0.520000,0.690000,0.520000,0.590000,0.590000,84000
2003-03-04,0.610000,0.610000,0.580000,0.580000,0.580000,2300
2003-03-05,0.610000,0.610000,0.520000,0.600000,0.600000,4900
2003-03-06,0.570000,0.600000,0.570000,0.600000,0.600000,2600
2003-03-07,0.570000,0.570000,0.550000,0.550000,0.550000,6600
2003-03-10,0.550000,0.550000,0.500000,0.550000,0.550000,23100
2003-03-11,0.550000,0.590000,0.500000,0.540000,0.540000,19800
2003-03-12,0.520000,0.530000,0.510000,0.520000,0.520000,3300
2003-03-13,0.500000,0.510000,0.500000,0.510000,0.510000,1100
2003-03-14,0.530000,0.600000,0.520000,0.600000,0.600000,8400
2003-03-17,0.520000,0.550000,0.500000,0.550000,0.550000,20500
2003-03-18,0.550000,0.550000,0.550000,0.550000,0.550000,0
2003-03-19,0.500000,0.530000,0.460000,0.460000,0.460000,6800
2003-03-20,0.450000,0.450000,0.370000,0.430000,0.430000,13200
2003-03-21,0.420000,0.450000,0.420000,0.450000,0.450000,12300
2003-03-24,0.410000,0.500000,0.350000,0.500000,0.500000,23000
2003-03-25,0.480000,0.480000,0.420000,0.460000,0.460000,4900
2003-03-26,0.450000,0.510000,0.390000,0.490000,0.490000,12200
2003-03-27,0.430000,0.430000,0.380000,0.400000,0.400000,13300
2003-03-28,0.410000,0.410000,0.400000,0.400000,0.400000,4000
2003-03-31,0.370000,0.370000,0.350000,0.350000,0.350000,9000
2003-04-01,0.370000,0.380000,0.280000,0.370000,0.370000,37600
2003-04-02,0.320000,0.390000,0.320000,0.390000,0.390000,25400
2003-04-03,0.380000,0.470000,0.380000,0.400000,0.400000,40000
2003-04-04,0.360000,0.470000,0.270000,0.410000,0.410000,10700
2003-04-07,0.410000,0.410000,0.410000,0.410000,0.410000,0
2003-04-08,0.390000,0.410000,0.390000,0.410000,0.410000,3300
2003-04-09,0.360000,0.410000,0.360000,0.360000,0.360000,1700
2003-04-10,0.400000,0.400000,0.360000,0.360000,0.360000,3100
2003-04-11,0.400000,0.410000,0.400000,0.400000,0.400000,3400
2003-04-14,0.360000,0.360000,0.360000,0.360000,0.360000,400
2003-04-15,0.360000,0.470000,0.360000,0.380000,0.380000,35600
2003-04-16,0.360000,0.360000,0.360000,0.360000,0.360000,500
2003-04-17,0.360000,0.500000,0.360000,0.420000,0.420000,87700
2003-04-21,0.400000,0.410000,0.370000,0.400000,0.400000,3100
2003-04-22,0.410000,0.440000,0.380000,0.440000,0.440000,11500
2003-04-23,0.420000,0.420000,0.370000,0.420000,0.420000,57900
2003-04-24,0.470000,0.690000,0.420000,0.690000,0.690000,535100
2003-04-25,0.720000,0.730000,0.500000,0.520000,0.520000,43100
2003-04-28,0.620000,0.750000,0.420000,0.620000,0.620000,69300
2003-04-29,0.610000,0.610000,0.590000,0.610000,0.610000,13200
2003-04-30,0.580000,0.620000,0.580000,0.620000,0.620000,6400
2003-05-01,0.580000,0.610000,0.570000,0.610000,0.610000,21700
2003-05-02,0.560000,0.610000,0.560000,0.570000,0.570000,11600
2003-05-05,0.560000,0.600000,0.440000,0.510000,0.510000,40800
2003-05-06,0.510000,0.600000,0.450000,0.550000,0.550000,17200
2003-05-07,0.500000,0.530000,0.440000,0.460000,0.460000,98600
2003-05-08,0.460000,0.500000,0.440000,0.460000,0.460000,24000
2003-05-09,0.450000,0.530000,0.450000,0.530000,0.530000,19000
2003-05-12,0.510000,0.510000,0.490000,0.500000,0.500000,6500
2003-05-13,0.510000,0.540000,0.450000,0.530000,0.530000,9500
2003-05-14,0.630000,0.630000,0.480000,0.480000,0.480000,43200
2003-05-15,0.500000,0.560000,0.490000,0.500000,0.500000,26400
2003-05-16,0.560000,0.560000,0.480000,0.500000,0.500000,7600
2003-05-19,0.550000,0.620000,0.490000,0.500000,0.500000,40000
2003-05-20,0.550000,0.570000,0.550000,0.550000,0.550000,20500
2003-05-21,0.550000,0.570000,0.540000,0.570000,0.570000,4200
2003-05-22,0.570000,0.570000,0.440000,0.500000,0.500000,11300
2003-05-23,0.500000,0.510000,0.500000,0.500000,0.500000,4100
2003-05-27,0.550000,0.550000,0.480000,0.500000,0.500000,14200
2003-05-28,0.500000,0.600000,0.440000,0.530000,0.530000,112300
2003-05-29,0.510000,0.550000,0.450000,0.500000,0.500000,51900
2003-05-30,0.500000,0.640000,0.470000,0.600000,0.600000,197500
2003-06-02,0.570000,0.570000,0.520000,0.520000,0.520000,37900
2003-06-03,0.520000,0.560000,0.470000,0.550000,0.550000,71100
2003-06-04,0.530000,0.570000,0.510000,0.530000,0.530000,45900
2003-06-05,0.590000,0.630000,0.500000,0.600000,0.600000,94400
2003-06-06,0.610000,0.630000,0.600000,0.620000,0.620000,29300
2003-06-09,0.650000,0.650000,0.570000,0.600000,0.600000,28900
2003-06-10,0.640000,0.900000,0.570000,0.850000,0.850000,384000
2003-06-11,0.840000,0.840000,0.610000,0.660000,0.660000,208700
2003-06-12,0.670000,0.800000,0.670000,0.770000,0.770000,154700
2003-06-13,0.770000,0.770000,0.630000,0.670000,0.670000,80300
2003-06-16,0.650000,0.720000,0.610000,0.610000,0.610000,128300
2003-06-17,0.610000,0.620000,0.530000,0.580000,0.580000,116500
2003-06-18,0.550000,0.600000,0.550000,0.590000,0.590000,58100
2003-06-19,0.550000,0.630000,0.520000,0.560000,0.560000,58200
2003-06-20,0.540000,0.580000,0.540000,0.560000,0.560000,57000
2003-06-23,0.620000,0.620000,0.540000,0.550000,0.550000,34000
2003-06-24,0.550000,0.550000,0.520000,0.540000,0.540000,44200
2003-06-25,0.530000,0.580000,0.500000,0.550000,0.550000,24300
2003-06-26,0.540000,0.560000,0.500000,0.510000,0.510000,61700
2003-06-27,0.510000,0.540000,0.500000,0.530000,0.530000,37000
2003-06-30,0.520000,0.530000,0.510000,0.520000,0.520000,11400
2003-07-01,0.520000,0.520000,0.470000,0.470000,0.470000,30400
2003-07-02,0.500000,0.530000,0.500000,0.530000,0.530000,33600
2003-07-03,0.540000,0.600000,0.530000,0.590000,0.590000,55700
2003-07-07,0.570000,0.610000,0.550000,0.590000,0.590000,33900
2003-07-08,0.590000,0.650000,0.580000,0.610000,0.610000,47900
2003-07-09,0.640000,0.650000,0.550000,0.610000,0.610000,24400
2003-07-10,0.600000,0.600000,0.560000,0.560000,0.560000,44100
2003-07-11,0.560000,0.620000,0.550000,0.610000,0.610000,30800
2003-07-14,0.560000,0.620000,0.560000,0.620000,0.620000,18500
2003-07-15,0.590000,0.630000,0.590000,0.610000,0.610000,21500
2003-07-16,0.660000,0.770000,0.540000,0.570000,0.570000,586900
2003-07-17,0.590000,0.590000,0.560000,0.590000,0.590000,75000
2003-07-18,0.610000,0.610000,0.550000,0.590000,0.590000,15200
2003-07-21,0.560000,0.700000,0.560000,0.580000,0.580000,39800
2003-07-22,0.580000,0.620000,0.560000,0.570000,0.570000,546400
2003-07-23,0.580000,0.580000,0.570000,0.570000,0.570000,26800
2003-07-24,0.610000,0.610000,0.550000,0.550000,0.550000,32200
2003-07-25,0.660000,0.710000,0.540000,0.560000,0.560000,55600
2003-07-28,0.540000,0.580000,0.530000,0.540000,0.540000,42000
2003-07-29,0.570000,0.580000,0.510000,0.510000,0.510000,60900
2003-07-30,0.520000,0.560000,0.510000,0.530000,0.530000,15100
2003-07-31,0.540000,0.540000,0.520000,0.520000,0.520000,11000
2003-08-01,0.520000,0.530000,0.510000,0.530000,0.530000,55000
2003-08-04,0.540000,0.550000,0.520000,0.530000,0.530000,28200
2003-08-05,0.510000,0.550000,0.510000,0.540000,0.540000,49400
2003-08-06,0.530000,0.550000,0.520000,0.530000,0.530000,83500
2003-08-07,0.540000,0.550000,0.540000,0.540000,0.540000,31600
2003-08-08,0.530000,0.550000,0.520000,0.520000,0.520000,45700
2003-08-11,0.550000,0.590000,0.530000,0.560000,0.560000,110800
2003-08-12,0.520000,0.600000,0.520000,0.540000,0.540000,190600
2003-08-13,0.520000,0.550000,0.520000,0.530000,0.530000,4700
2003-08-14,0.560000,0.590000,0.550000,0.560000,0.560000,53300
2003-08-15,0.560000,0.580000,0.530000,0.550000,0.550000,8300
2003-08-18,0.520000,0.570000,0.520000,0.560000,0.560000,16700
2003-08-19,0.550000,0.560000,0.540000,0.540000,0.540000,24400
2003-08-20,0.540000,0.540000,0.520000,0.530000,0.530000,9600
2003-08-21,0.520000,0.580000,0.520000,0.560000,0.560000,26100
2003-08-22,0.600000,0.600000,0.510000,0.570000,0.570000,17100
2003-08-25,0.540000,0.590000,0.540000,0.580000,0.580000,18600
2003-08-26,0.580000,0.600000,0.570000,0.590000,0.590000,55700
2003-08-27,0.590000,0.620000,0.580000,0.590000,0.590000,9200
2003-08-28,0.580000,0.660000,0.580000,0.660000,0.660000,82300
2003-08-29,0.630000,0.670000,0.600000,0.670000,0.670000,103100
2003-09-02,0.350000,0.650000,0.350000,0.580000,0.580000,36300
2003-09-03,0.580000,0.650000,0.520000,0.580000,0.580000,20400
2003-09-04,0.580000,0.590000,0.560000,0.560000,0.560000,74500
2003-09-05,0.570000,0.590000,0.560000,0.560000,0.560000,95000
2003-09-08,0.580000,0.590000,0.550000,0.570000,0.570000,27700
2003-09-09,0.530000,0.570000,0.530000,0.540000,0.540000,15600
2003-09-10,0.560000,0.560000,0.540000,0.540000,0.540000,4000
2003-09-11,0.540000,0.570000,0.520000,0.540000,0.540000,25700
2003-09-12,0.550000,0.570000,0.520000,0.560000,0.560000,37400
2003-09-15,0.570000,0.570000,0.560000,0.560000,0.560000,2100
2003-09-16,0.570000,0.570000,0.550000,0.550000,0.550000,1800
2003-09-17,0.520000,0.570000,0.520000,0.550000,0.550000,11400
2003-09-18,0.570000,0.570000,0.530000,0.540000,0.540000,11300
2003-09-19,0.530000,0.530000,0.520000,0.520000,0.520000,3800
2003-09-22,0.520000,0.550000,0.520000,0.550000,0.550000,17800
2003-09-23,0.570000,0.780000,0.520000,0.740000,0.740000,494100
2003-09-24,0.830000,0.850000,0.610000,0.670000,0.670000,305200
2003-09-25,0.670000,0.670000,0.590000,0.610000,0.610000,107500
2003-09-26,0.600000,0.630000,0.580000,0.600000,0.600000,13500
2003-09-29,0.640000,0.640000,0.530000,0.540000,0.540000,45800
2003-09-30,0.610000,0.610000,0.540000,0.540000,0.540000,10900
2003-10-01,0.540000,0.560000,0.530000,0.540000,0.540000,49800
2003-10-02,0.550000,0.550000,0.530000,0.530000,0.530000,33900
2003-10-03,0.530000,0.580000,0.530000,0.550000,0.550000,33700
2003-10-06,0.560000,0.570000,0.550000,0.550000,0.550000,38100
2003-10-07,0.570000,0.570000,0.520000,0.550000,0.550000,39800
2003-10-08,0.530000,0.580000,0.530000,0.540000,0.540000,14700
2003-10-09,0.550000,0.550000,0.540000,0.540000,0.540000,14700
2003-10-10,0.540000,0.550000,0.540000,0.550000,0.550000,73200
2003-10-13,0.530000,0.560000,0.530000,0.550000,0.550000,45600
2003-10-14,0.540000,0.580000,0.530000,0.560000,0.560000,30500
2003-10-15,0.540000,0.570000,0.540000,0.540000,0.540000,38900
2003-10-16,0.540000,0.550000,0.540000,0.550000,0.550000,10300
2003-10-17,0.550000,0.600000,0.550000,0.600000,0.600000,48000
2003-10-20,0.580000,0.620000,0.580000,0.610000,0.610000,15100
2003-10-21,0.580000,0.620000,0.560000,0.570000,0.570000,31100
2003-10-22,0.600000,0.610000,0.570000,0.570000,0.570000,7400
2003-10-23,0.560000,0.560000,0.550000,0.560000,0.560000,7900
2003-10-24,0.560000,0.570000,0.560000,0.560000,0.560000,10800
2003-10-27,0.550000,0.550000,0.520000,0.530000,0.530000,118100
2003-10-28,0.530000,0.560000,0.500000,0.520000,0.520000,39500
2003-10-29,0.500000,0.540000,0.500000,0.520000,0.520000,24600
2003-10-30,0.520000,0.530000,0.510000,0.520000,0.520000,29000
2003-10-31,0.520000,0.520000,0.520000,0.520000,0.520000,19500
2003-11-03,0.500000,0.530000,0.500000,0.530000,0.530000,33300
2003-11-04,0.500000,0.540000,0.500000,0.520000,0.520000,28400
2003-11-05,0.520000,0.530000,0.520000,0.520000,0.520000,6600
2003-11-06,0.520000,0.560000,0.390000,0.520000,0.520000,75700
2003-11-07,0.520000,0.520000,0.510000,0.510000,0.510000,18100
2003-11-10,0.480000,0.580000,0.480000,0.580000,0.580000,38100
2003-11-11,0.510000,0.570000,0.510000,0.530000,0.530000,6800
2003-11-12,0.530000,0.600000,0.530000,0.560000,0.560000,179300
2003-11-13,0.550000,0.720000,0.550000,0.660000,0.660000,525900
2003-11-14,0.640000,0.690000,0.510000,0.570000,0.570000,176900
2003-11-17,0.550000,0.600000,0.530000,0.600000,0.600000,112700
2003-11-18,0.550000,0.610000,0.550000,0.570000,0.570000,58400
2003-11-19,0.550000,0.570000,0.530000,0.550000,0.550000,50100
2003-11-20,0.580000,0.580000,0.570000,0.580000,0.580000,30000
2003-11-21,0.560000,0.580000,0.540000,0.540000,0.540000,43000
2003-11-24,0.550000,0.580000,0.540000,0.550000,0.550000,20000
2003-11-25,0.570000,0.570000,0.540000,0.570000,0.570000,7500
2003-11-26,0.540000,0.570000,0.520000,0.550000,0.550000,44000
2003-11-28,0.570000,0.630000,0.570000,0.620000,0.620000,35400
2003-12-01,0.610000,0.640000,0.570000,0.590000,0.590000,24300
2003-12-02,0.580000,0.610000,0.570000,0.570000,0.570000,32800
2003-12-03,0.560000,0.600000,0.550000,0.580000,0.580000,49300
2003-12-04,0.560000,0.690000,0.560000,0.610000,0.610000,353300
2003-12-05,0.580000,0.640000,0.560000,0.590000,0.590000,157700
2003-12-08,0.650000,0.650000,0.590000,0.600000,0.600000,89100
2003-12-09,0.630000,0.630000,0.550000,0.600000,0.600000,98000
2003-12-10,0.550000,0.600000,0.550000,0.590000,0.590000,61700
2003-12-11,0.560000,0.620000,0.560000,0.620000,0.620000,31600
2003-12-12,0.640000,0.770000,0.640000,0.670000,0.670000,847600
2003-12-15,0.650000,0.680000,0.590000,0.630000,0.630000,180800
2003-12-16,0.670000,1.080000,0.660000,0.990000,0.990000,3856000
2003-12-17,1.020000,1.020000,0.800000,0.900000,0.900000,1134000
2003-12-18,0.840000,1.200000,0.760000,0.950000,0.950000,1518700
2003-12-19,0.830000,1.100000,0.830000,0.940000,0.940000,357200
2003-12-22,0.870000,1.000000,0.870000,0.920000,0.920000,179200
2003-12-23,0.890000,0.930000,0.830000,0.860000,0.860000,154400
2003-12-24,0.820000,0.910000,0.820000,0.910000,0.910000,76500
2003-12-26,0.920000,0.920000,0.830000,0.850000,0.850000,75700
2003-12-29,0.870000,1.010000,0.860000,0.920000,0.920000,257800
2003-12-30,0.920000,0.950000,0.880000,0.900000,0.900000,140200
2003-12-31,0.920000,0.940000,0.830000,0.900000,0.900000,279000
2004-01-02,0.850000,0.900000,0.820000,0.850000,0.850000,118100
2004-01-05,0.850000,0.860000,0.800000,0.830000,0.830000,123700
2004-01-06,0.880000,0.880000,0.730000,0.800000,0.800000,204100
2004-01-07,0.760000,0.800000,0.760000,0.790000,0.790000,107900
2004-01-08,0.760000,0.810000,0.760000,0.800000,0.800000,67300
2004-01-09,0.770000,0.880000,0.770000,0.830000,0.830000,176500
2004-01-12,0.830000,0.940000,0.820000,0.930000,0.930000,64700
2004-01-13,0.940000,0.940000,0.850000,0.890000,0.890000,39700
2004-01-14,0.920000,0.920000,0.850000,0.850000,0.850000,39800
2004-01-15,0.880000,0.880000,0.840000,0.880000,0.880000,24400
2004-01-16,0.870000,0.910000,0.850000,0.900000,0.900000,71500
2004-01-20,0.910000,0.910000,0.860000,0.900000,0.900000,67900
2004-01-21,0.910000,1.090000,0.900000,1.000000,1.000000,357400
2004-01-22,1.000000,1.070000,0.960000,0.980000,0.980000,209100
2004-01-23,1.000000,1.000000,0.920000,0.950000,0.950000,52500
2004-01-26,1.010000,1.070000,0.980000,0.990000,0.990000,249200
2004-01-27,1.000000,1.020000,0.940000,0.950000,0.950000,113400
2004-01-28,0.970000,0.980000,0.910000,0.910000,0.910000,99500
2004-01-29,0.910000,0.980000,0.800000,0.850000,0.850000,96000
2004-01-30,0.940000,0.980000,0.860000,0.880000,0.880000,49700
2004-02-02,0.870000,0.920000,0.820000,0.870000,0.870000,136000
2004-02-03,0.840000,0.880000,0.840000,0.870000,0.870000,47600
2004-02-04,0.900000,0.940000,0.840000,0.860000,0.860000,55700
2004-02-05,0.880000,0.950000,0.880000,0.950000,0.950000,37600
2004-02-06,0.930000,1.000000,0.930000,0.970000,0.970000,221000
2004-02-09,1.000000,1.000000,0.880000,0.920000,0.920000,126100
2004-02-10,0.920000,0.950000,0.860000,0.890000,0.890000,231200
2004-02-11,0.880000,0.890000,0.860000,0.870000,0.870000,225400
2004-02-12,0.870000,0.890000,0.860000,0.880000,0.880000,70600
2004-02-13,0.880000,0.920000,0.880000,0.920000,0.920000,36500
2004-02-17,0.950000,0.970000,0.900000,0.960000,0.960000,64900
2004-02-18,0.910000,0.990000,0.880000,0.920000,0.920000,129800
2004-02-19,0.870000,0.930000,0.870000,0.900000,0.900000,74000
2004-02-20,0.880000,0.880000,0.860000,0.860000,0.860000,53600
2004-02-23,0.890000,0.900000,0.830000,0.840000,0.840000,43100
2004-02-24,0.840000,0.850000,0.800000,0.830000,0.830000,63800
2004-02-25,0.810000,0.840000,0.700000,0.800000,0.800000,138800
2004-02-26,0.800000,0.800000,0.720000,0.800000,0.800000,126600
2004-02-27,0.800000,0.800000,0.750000,0.780000,0.780000,40100
2004-03-01,0.790000,0.810000,0.770000,0.800000,0.800000,47200
2004-03-02,0.800000,0.820000,0.800000,0.820000,0.820000,10200
2004-03-03,0.830000,0.830000,0.760000,0.780000,0.780000,25700
2004-03-04,0.760000,0.790000,0.750000,0.750000,0.750000,74600
2004-03-05,0.740000,0.790000,0.730000,0.770000,0.770000,100100
2004-03-08,0.780000,0.800000,0.730000,0.730000,0.730000,52800
2004-03-09,0.730000,0.770000,0.700000,0.700000,0.700000,100400
2004-03-10,0.760000,0.760000,0.700000,0.710000,0.710000,56300
2004-03-11,0.730000,0.730000,0.680000,0.680000,0.680000,27000
2004-03-12,0.680000,0.740000,0.680000,0.710000,0.710000,37800
2004-03-15,0.710000,0.720000,0.680000,0.700000,0.700000,17900
2004-03-16,0.680000,0.710000,0.680000,0.710000,0.710000,38500
2004-03-17,0.720000,0.740000,0.690000,0.730000,0.730000,46700
2004-03-18,0.730000,0.950000,0.720000,0.830000,0.830000,292500
2004-03-19,0.870000,0.870000,0.800000,0.820000,0.820000,61700
2004-03-22,0.820000,0.870000,0.790000,0.790000,0.790000,43700
2004-03-23,0.790000,0.840000,0.790000,0.820000,0.820000,16900
2004-03-24,0.820000,0.820000,0.780000,0.800000,0.800000,22500
2004-03-25,0.820000,0.840000,0.820000,0.830000,0.830000,22500
2004-03-26,0.820000,0.850000,0.810000,0.810000,0.810000,24200
2004-03-29,0.850000,0.860000,0.810000,0.840000,0.840000,17000
2004-03-30,0.850000,0.850000,0.840000,0.850000,0.850000,19500
2004-03-31,0.840000,0.890000,0.810000,0.890000,0.890000,99100
2004-04-01,0.900000,0.960000,0.880000,0.890000,0.890000,59000
2004-04-02,0.930000,0.930000,0.890000,0.910000,0.910000,83900
2004-04-05,0.910000,0.910000,0.820000,0.850000,0.850000,70400
2004-04-06,0.850000,0.870000,0.820000,0.860000,0.860000,34000
2004-04-07,0.820000,0.850000,0.800000,0.810000,0.810000,17400
2004-04-08,0.800000,0.860000,0.800000,0.840000,0.840000,41300
2004-04-12,0.820000,0.830000,0.660000,0.780000,0.780000,74000
2004-04-13,0.800000,0.830000,0.720000,0.770000,0.770000,99300
2004-04-14,0.760000,0.800000,0.750000,0.760000,0.760000,34500
2004-04-15,0.790000,0.800000,0.760000,0.790000,0.790000,42500
2004-04-16,0.800000,0.810000,0.780000,0.780000,0.780000,12000
2004-04-19,0.800000,0.810000,0.770000,0.780000,0.780000,4400
2004-04-20,0.770000,0.800000,0.770000,0.800000,0.800000,22100
2004-04-21,0.770000,0.820000,0.760000,0.780000,0.780000,43400
2004-04-22,0.800000,0.860000,0.800000,0.850000,0.850000,53900
2004-04-23,0.850000,0.900000,0.850000,0.880000,0.880000,50400
2004-04-26,0.850000,0.940000,0.850000,0.900000,0.900000,57500
2004-04-27,0.850000,0.900000,0.850000,0.890000,0.890000,66500
2004-04-28,0.920000,0.950000,0.870000,0.930000,0.930000,168800
2004-04-29,0.950000,0.980000,0.870000,0.900000,0.900000,48400
2004-04-30,0.870000,0.970000,0.870000,0.970000,0.970000,103600
2004-05-03,0.950000,1.320000,0.950000,1.140000,1.140000,757600
2004-05-04,1.170000,1.170000,0.980000,0.990000,0.990000,338200
2004-05-05,0.990000,0.990000,0.930000,0.930000,0.930000,90700
2004-05-06,0.920000,0.920000,0.880000,0.890000,0.890000,58500
2004-05-07,0.880000,0.910000,0.820000,0.850000,0.850000,40200
2004-05-10,0.850000,0.850000,0.750000,0.780000,0.780000,55600
2004-05-11,0.790000,0.840000,0.750000,0.820000,0.820000,27500
2004-05-12,0.790000,0.830000,0.750000,0.790000,0.790000,77400
2004-05-13,0.800000,0.820000,0.780000,0.790000,0.790000,41000
2004-05-14,0.770000,0.780000,0.710000,0.710000,0.710000,66800
2004-05-17,0.720000,0.770000,0.700000,0.750000,0.750000,68900
2004-05-18,0.720000,0.730000,0.660000,0.680000,0.680000,70000
2004-05-19,0.670000,0.720000,0.670000,0.720000,0.720000,23000
2004-05-20,0.770000,0.770000,0.670000,0.670000,0.670000,21600
2004-05-21,0.650000,0.700000,0.600000,0.690000,0.690000,74900
2004-05-24,0.610000,0.700000,0.610000,0.700000,0.700000,20700
2004-05-25,0.650000,0.690000,0.620000,0.670000,0.670000,16900
2004-05-26,0.670000,0.690000,0.550000,0.630000,0.630000,115800
2004-05-27,0.630000,0.650000,0.590000,0.620000,0.620000,70400
2004-05-28,0.620000,0.640000,0.590000,0.590000,0.590000,14700
2004-06-01,0.560000,0.620000,0.560000,0.600000,0.600000,32600
2004-06-02,0.570000,0.600000,0.570000,0.600000,0.600000,2200
2004-06-03,0.600000,0.600000,0.580000,0.600000,0.600000,10100
2004-06-04,0.590000,0.730000,0.590000,0.640000,0.640000,77600
2004-06-07,0.680000,0.720000,0.640000,0.640000,0.640000,14200
2004-06-08,0.690000,0.700000,0.650000,0.690000,0.690000,14000
2004-06-09,0.690000,0.690000,0.630000,0.630000,0.630000,18000
2004-06-10,0.660000,0.660000,0.650000,0.650000,0.650000,16700
2004-06-14,0.630000,0.680000,0.630000,0.670000,0.670000,22700
2004-06-15,0.680000,0.730000,0.670000,0.670000,0.670000,86200
2004-06-16,0.740000,0.740000,0.650000,0.660000,0.660000,14400
2004-06-17,0.670000,0.730000,0.670000,0.690000,0.690000,50700
2004-06-18,0.720000,0.760000,0.720000,0.760000,0.760000,44100
2004-06-21,0.790000,0.820000,0.780000,0.820000,0.820000,88300
2004-06-22,0.820000,0.820000,0.740000,0.750000,0.750000,19800
2004-06-23,0.760000,0.760000,0.670000,0.680000,0.680000,8200
2004-06-24,0.730000,0.750000,0.730000,0.750000,0.750000,49000
2004-06-25,0.720000,0.780000,0.720000,0.750000,0.750000,41100
2004-06-28,0.740000,0.780000,0.740000,0.780000,0.780000,4900
2004-06-29,0.740000,0.780000,0.740000,0.750000,0.750000,7000
2004-06-30,0.740000,0.740000,0.730000,0.730000,0.730000,600
2004-07-01,0.740000,0.750000,0.690000,0.710000,0.710000,45600
2004-07-02,0.720000,0.720000,0.720000,0.720000,0.720000,1100
2004-07-06,0.730000,0.730000,0.690000,0.720000,0.720000,3500
2004-07-07,0.700000,0.710000,0.700000,0.710000,0.710000,400
2004-07-08,0.700000,0.710000,0.690000,0.710000,0.710000,5400
2004-07-09,0.700000,0.730000,0.690000,0.720000,0.720000,37800
2004-07-12,0.710000,0.710000,0.700000,0.700000,0.700000,11000
2004-07-13,0.700000,0.740000,0.700000,0.700000,0.700000,10300
2004-07-14,0.730000,0.810000,0.700000,0.740000,0.740000,50300
2004-07-15,0.740000,0.750000,0.720000,0.720000,0.720000,2400
2004-07-16,0.710000,0.730000,0.700000,0.700000,0.700000,23900
2004-07-19,0.700000,0.720000,0.690000,0.690000,0.690000,40700
2004-07-20,0.700000,0.710000,0.600000,0.610000,0.610000,105400
2004-07-21,0.660000,0.660000,0.610000,0.620000,0.620000,6400
2004-07-22,0.600000,0.660000,0.520000,0.630000,0.630000,34500
2004-07-23,0.630000,0.630000,0.560000,0.630000,0.630000,32800
2004-07-26,0.650000,0.650000,0.570000,0.610000,0.610000,32900
2004-07-27,0.600000,0.610000,0.580000,0.590000,0.590000,4000
2004-07-28,0.580000,0.600000,0.570000,0.590000,0.590000,5300
2004-07-29,0.560000,0.600000,0.550000,0.570000,0.570000,10600
2004-07-30,0.580000,0.580000,0.520000,0.550000,0.550000,13300
2004-08-02,0.540000,0.580000,0.510000,0.540000,0.540000,10200
2004-08-03,0.550000,0.560000,0.530000,0.560000,0.560000,32100
2004-08-04,0.560000,0.560000,0.530000,0.550000,0.550000,3400
2004-08-05,0.560000,0.560000,0.550000,0.550000,0.550000,3900
2004-08-06,0.550000,0.560000,0.550000,0.560000,0.560000,1700
2004-08-09,0.560000,0.560000,0.520000,0.530000,0.530000,9700
2004-08-10,0.540000,0.560000,0.520000,0.540000,0.540000,37700
2004-08-11,0.420000,0.520000,0.420000,0.430000,0.430000,43300
2004-08-12,0.440000,0.440000,0.350000,0.370000,0.370000,314300
2004-08-13,0.390000,0.550000,0.390000,0.500000,0.500000,51900
2004-08-16,0.490000,0.510000,0.480000,0.510000,0.510000,13500
2004-08-17,0.490000,0.500000,0.490000,0.500000,0.500000,1100
2004-08-18,0.410000,0.590000,0.410000,0.580000,0.580000,55000
2004-08-19,0.580000,0.580000,0.380000,0.560000,0.560000,24400
2004-08-20,0.570000,0.570000,0.520000,0.520000,0.520000,2600
2004-08-23,0.500000,0.500000,0.480000,0.480000,0.480000,6500
2004-08-24,0.490000,0.510000,0.490000,0.510000,0.510000,4700
2004-08-25,0.480000,0.520000,0.480000,0.520000,0.520000,5100
2004-08-26,0.520000,0.690000,0.520000,0.650000,0.650000,120800
2004-08-27,0.640000,0.650000,0.610000,0.610000,0.610000,12400
2004-08-30,0.630000,0.640000,0.610000,0.630000,0.630000,3400
2004-08-31,0.560000,0.640000,0.560000,0.580000,0.580000,20900
2004-09-01,0.580000,0.670000,0.580000,0.620000,0.620000,40400
2004-09-02,0.600000,0.770000,0.600000,0.670000,0.670000,221200
2004-09-03,0.670000,0.710000,0.670000,0.690000,0.690000,32300
2004-09-07,0.680000,0.690000,0.580000,0.620000,0.620000,28300
2004-09-08,0.620000,0.640000,0.590000,0.630000,0.630000,42800
2004-09-09,0.630000,0.790000,0.630000,0.730000,0.730000,233800
2004-09-10,0.760000,0.820000,0.740000,0.810000,0.810000,197300
2004-09-13,0.830000,0.850000,0.780000,0.800000,0.800000,28600
2004-09-14,0.780000,0.830000,0.780000,0.810000,0.810000,125600
2004-09-15,0.830000,0.840000,0.800000,0.810000,0.810000,18500
2004-09-16,0.830000,0.840000,0.830000,0.830000,0.830000,4800
2004-09-17,0.800000,0.830000,0.800000,0.800000,0.800000,20100
2004-09-20,0.820000,0.820000,0.790000,0.810000,0.810000,5700
2004-09-21,0.800000,0.830000,0.780000,0.790000,0.790000,47500
2004-09-22,0.820000,0.820000,0.740000,0.750000,0.750000,6900
2004-09-23,0.780000,0.780000,0.720000,0.720000,0.720000,5700
2004-09-24,0.720000,0.810000,0.720000,0.770000,0.770000,78200
2004-09-27,0.720000,0.770000,0.710000,0.740000,0.740000,13400
2004-09-28,0.700000,0.710000,0.570000,0.680000,0.680000,8900
2004-09-29,0.680000,0.720000,0.660000,0.700000,0.700000,21900
2004-09-30,0.670000,0.730000,0.670000,0.690000,0.690000,3500
2004-10-01,0.700000,0.700000,0.670000,0.670000,0.670000,86400
2004-10-04,0.670000,0.680000,0.670000,0.680000,0.680000,16500
2004-10-05,0.680000,0.680000,0.660000,0.660000,0.660000,1100
2004-10-06,0.660000,0.680000,0.650000,0.650000,0.650000,8400
2004-10-07,0.650000,0.660000,0.650000,0.660000,0.660000,7600
2004-10-08,0.640000,0.680000,0.630000,0.660000,0.660000,19900
2004-10-11,0.630000,0.630000,0.570000,0.600000,0.600000,21100
2004-10-12,0.600000,0.630000,0.580000,0.580000,0.580000,8300
2004-10-13,0.620000,0.630000,0.400000,0.470000,0.470000,371700
2004-10-14,0.400000,0.510000,0.400000,0.460000,0.460000,83400
2004-10-15,0.450000,0.490000,0.450000,0.470000,0.470000,40000
2004-10-18,0.450000,0.450000,0.430000,0.430000,0.430000,22000
2004-10-19,0.430000,0.470000,0.430000,0.470000,0.470000,65900
2004-10-20,0.470000,0.470000,0.450000,0.450000,0.450000,25500
2004-10-21,0.450000,0.490000,0.450000,0.460000,0.460000,71800
2004-10-22,0.480000,0.520000,0.460000,0.520000,0.520000,163200
2004-10-25,0.520000,0.520000,0.460000,0.460000,0.460000,15000
2004-10-26,0.470000,0.490000,0.460000,0.460000,0.460000,14500
2004-10-27,0.460000,0.460000,0.430000,0.460000,0.460000,107800
2004-10-28,0.430000,0.430000,0.430000,0.430000,0.430000,18300
2004-10-29,0.430000,0.430000,0.430000,0.430000,0.430000,1800
2004-11-01,0.440000,0.470000,0.410000,0.410000,0.410000,43600
2004-11-02,0.410000,0.430000,0.390000,0.420000,0.420000,87200
2004-11-03,0.400000,0.410000,0.390000,0.390000,0.390000,80700
2004-11-04,0.400000,0.400000,0.370000,0.370000,0.370000,50700
2004-11-05,0.360000,0.380000,0.340000,0.350000,0.350000,244900
2004-11-08,0.350000,0.380000,0.350000,0.350000,0.350000,35000
2004-11-09,0.350000,0.370000,0.340000,0.340000,0.340000,148000
2004-11-10,0.360000,0.380000,0.350000,0.380000,0.380000,59700
2004-11-11,0.380000,0.380000,0.360000,0.360000,0.360000,7200
2004-11-12,0.380000,0.390000,0.350000,0.360000,0.360000,35100
2004-11-15,0.360000,0.390000,0.360000,0.390000,0.390000,41800
2004-11-16,0.390000,0.390000,0.390000,0.390000,0.390000,6200
2004-11-17,0.370000,0.370000,0.340000,0.350000,0.350000,191900
2004-11-18,0.340000,0.360000,0.340000,0.340000,0.340000,161200
2004-11-19,0.340000,0.340000,0.340000,0.340000,0.340000,6300
2004-11-22,0.340000,0.340000,0.340000,0.340000,0.340000,49700
2004-11-23,0.340000,0.340000,0.340000,0.340000,0.340000,15200
2004-11-24,0.340000,0.340000,0.340000,0.340000,0.340000,900
2004-11-26,0.340000,0.340000,0.340000,0.340000,0.340000,2100
2004-11-29,0.340000,0.340000,0.340000,0.340000,0.340000,16100
2004-11-30,0.340000,0.340000,0.340000,0.340000,0.340000,19700
2004-12-01,0.340000,0.370000,0.340000,0.340000,0.340000,38700
2004-12-02,0.340000,0.340000,0.340000,0.340000,0.340000,13000
2004-12-03,0.360000,0.360000,0.340000,0.340000,0.340000,129700
2004-12-06,0.340000,0.360000,0.340000,0.340000,0.340000,72700
2004-12-07,0.350000,0.380000,0.340000,0.380000,0.380000,70000
2004-12-08,0.340000,0.400000,0.330000,0.400000,0.400000,591200
2004-12-09,0.350000,0.370000,0.350000,0.370000,0.370000,14300
2004-12-10,0.350000,0.400000,0.340000,0.350000,0.350000,61800
2004-12-13,0.340000,0.360000,0.340000,0.360000,0.360000,41500
2004-12-14,0.320000,0.350000,0.320000,0.340000,0.340000,10500
2004-12-15,0.340000,0.390000,0.340000,0.390000,0.390000,70900
2004-12-16,0.370000,0.370000,0.370000,0.370000,0.370000,13500
2004-12-17,0.360000,0.370000,0.360000,0.370000,0.370000,24300
2004-12-20,0.360000,0.360000,0.340000,0.340000,0.340000,94700
2004-12-21,0.340000,0.350000,0.210000,0.350000,0.350000,44200
2004-12-22,0.340000,0.350000,0.340000,0.350000,0.350000,29000
2004-12-23,0.340000,0.350000,0.340000,0.350000,0.350000,37900
2004-12-27,0.340000,0.370000,0.210000,0.340000,0.340000,28700
2004-12-28,0.340000,0.340000,0.340000,0.340000,0.340000,17600
2004-12-29,0.340000,0.370000,0.340000,0.340000,0.340000,107300
2004-12-30,0.340000,0.340000,0.330000,0.340000,0.340000,164100
2004-12-31,0.330000,0.350000,0.330000,0.340000,0.340000,100200
2005-01-03,0.340000,0.350000,0.320000,0.320000,0.320000,11000
2005-01-04,0.330000,0.360000,0.330000,0.350000,0.350000,86000
2005-01-05,0.340000,0.360000,0.340000,0.360000,0.360000,20200
2005-01-06,0.350000,0.370000,0.350000,0.370000,0.370000,88400
2005-01-07,0.360000,0.360000,0.360000,0.360000,0.360000,300
2005-01-10,0.360000,0.370000,0.360000,0.370000,0.370000,34100
2005-01-11,0.370000,0.370000,0.370000,0.370000,0.370000,0
2005-01-12,0.370000,0.370000,0.370000,0.370000,0.370000,43000
2005-01-13,0.380000,0.380000,0.370000,0.370000,0.370000,75900
2005-01-14,0.370000,0.380000,0.350000,0.380000,0.380000,191800
2005-01-18,0.350000,0.380000,0.350000,0.380000,0.380000,3000
2005-01-19,0.360000,0.360000,0.360000,0.360000,0.360000,500
2005-01-20,0.360000,0.380000,0.360000,0.360000,0.360000,29000
2005-01-21,0.360000,0.360000,0.360000,0.360000,0.360000,900
2005-01-24,0.360000,0.360000,0.360000,0.360000,0.360000,61500
2005-01-25,0.360000,0.360000,0.360000,0.360000,0.360000,2300
2005-01-26,0.360000,0.360000,0.360000,0.360000,0.360000,48600
2005-01-27,0.360000,0.360000,0.360000,0.360000,0.360000,300
2005-01-28,0.370000,0.380000,0.360000,0.360000,0.360000,32500
2005-01-31,0.360000,0.360000,0.360000,0.360000,0.360000,12600
2005-02-01,0.360000,0.380000,0.360000,0.360000,0.360000,102900
2005-02-02,0.360000,0.450000,0.360000,0.450000,0.450000,132800
2005-02-03,0.420000,0.420000,0.420000,0.420000,0.420000,2000
2005-02-04,0.420000,0.420000,0.420000,0.420000,0.420000,1500
2005-02-07,0.420000,0.420000,0.410000,0.410000,0.410000,85400
2005-02-08,0.410000,0.410000,0.370000,0.380000,0.380000,12100
2005-02-09,0.380000,0.380000,0.370000,0.370000,0.370000,900
2005-02-10,0.380000,0.380000,0.380000,0.380000,0.380000,2400
2005-02-11,0.380000,0.380000,0.380000,0.380000,0.380000,2100
2005-02-14,0.380000,0.430000,0.380000,0.380000,0.380000,29000
2005-02-15,0.380000,0.380000,0.380000,0.380000,0.380000,15100
2005-02-16,0.380000,0.420000,0.380000,0.380000,0.380000,25700
2005-02-17,0.380000,0.380000,0.380000,0.380000,0.380000,900
2005-02-18,0.380000,0.390000,0.380000,0.380000,0.380000,400
2005-02-22,0.400000,0.400000,0.380000,0.380000,0.380000,16200
2005-02-23,0.380000,0.380000,0.380000,0.380000,0.380000,17800
2005-02-24,0.380000,0.380000,0.380000,0.380000,0.380000,300
2005-02-25,0.420000,0.430000,0.420000,0.420000,0.420000,30800
2005-02-28,0.420000,0.420000,0.390000,0.420000,0.420000,28600
2005-03-01,0.400000,0.410000,0.400000,0.410000,0.410000,16000
2005-03-02,0.390000,0.410000,0.390000,0.410000,0.410000,78600
2005-03-03,0.410000,0.430000,0.400000,0.430000,0.430000,101200
2005-03-04,0.390000,0.400000,0.390000,0.400000,0.400000,6600
2005-03-07,0.390000,0.390000,0.390000,0.390000,0.390000,3100
2005-03-08,0.390000,0.390000,0.390000,0.390000,0.390000,500
2005-03-09,0.400000,0.410000,0.390000,0.410000,0.410000,21400
2005-03-10,0.390000,0.410000,0.390000,0.410000,0.410000,52700
2005-03-11,0.400000,0.400000,0.390000,0.400000,0.400000,93300
2005-03-14,0.390000,0.410000,0.390000,0.410000,0.410000,22000
2005-03-15,0.410000,0.410000,0.410000,0.410000,0.410000,26000
2005-03-16,0.400000,0.410000,0.400000,0.410000,0.410000,96200
2005-03-17,0.420000,0.420000,0.410000,0.410000,0.410000,22700
2005-03-18,0.400000,0.400000,0.400000,0.400000,0.400000,2200
2005-03-21,0.400000,0.400000,0.390000,0.390000,0.390000,2200
2005-03-22,0.390000,0.390000,0.390000,0.390000,0.390000,100
2005-03-23,0.390000,0.430000,0.390000,0.410000,0.410000,19300
2005-03-24,0.410000,0.440000,0.400000,0.440000,0.440000,15300
2005-03-28,0.420000,0.420000,0.400000,0.420000,0.420000,77500
2005-03-29,0.410000,0.440000,0.410000,0.440000,0.440000,32000
2005-03-30,0.410000,0.440000,0.410000,0.410000,0.410000,82600
2005-03-31,0.410000,0.450000,0.410000,0.450000,0.450000,32600
2005-04-01,0.410000,0.430000,0.400000,0.400000,0.400000,17700
2005-04-04,0.400000,0.400000,0.400000,0.400000,0.400000,2800
2005-04-05,0.400000,0.400000,0.400000,0.400000,0.400000,2700
2005-04-06,0.400000,0.450000,0.400000,0.450000,0.450000,13600
2005-04-07,0.420000,0.470000,0.400000,0.470000,0.470000,34000
2005-04-08,0.410000,0.410000,0.410000,0.410000,0.410000,100
2005-04-11,0.410000,0.410000,0.410000,0.410000,0.410000,4500
2005-04-12,0.410000,0.410000,0.410000,0.410000,0.410000,11100
2005-04-13,0.410000,0.410000,0.410000,0.410000,0.410000,8000
2005-04-14,0.410000,0.420000,0.390000,0.390000,0.390000,174400
2005-04-15,0.390000,0.390000,0.360000,0.370000,0.370000,98100
2005-04-18,0.350000,0.360000,0.350000,0.360000,0.360000,332300
2005-04-19,0.360000,0.360000,0.360000,0.360000,0.360000,0
2005-04-20,0.360000,0.360000,0.360000,0.360000,0.360000,5200
2005-04-21,0.350000,0.350000,0.350000,0.350000,0.350000,70900
2005-04-22,0.350000,0.370000,0.350000,0.370000,0.370000,87500
2005-04-25,0.360000,0.360000,0.360000,0.360000,0.360000,600
2005-04-26,0.360000,0.370000,0.360000,0.370000,0.370000,34800
2005-04-27,0.360000,0.360000,0.360000,0.360000,0.360000,1300
2005-04-28,0.360000,0.360000,0.360000,0.360000,0.360000,400
2005-04-29,0.360000,0.360000,0.360000,0.360000,0.360000,5000
2005-05-02,0.360000,0.410000,0.360000,0.380000,0.380000,69800
2005-05-03,0.400000,0.400000,0.380000,0.390000,0.390000,38200
2005-05-04,0.390000,0.390000,0.370000,0.370000,0.370000,11600
2005-05-05,0.370000,0.370000,0.370000,0.370000,0.370000,1000
2005-05-06,0.370000,0.370000,0.370000,0.370000,0.370000,12000
2005-05-09,0.370000,0.370000,0.370000,0.370000,0.370000,500
2005-05-10,0.380000,0.380000,0.380000,0.380000,0.380000,10000
2005-05-11,0.370000,0.370000,0.370000,0.370000,0.370000,2000
2005-05-12,0.370000,0.370000,0.360000,0.360000,0.360000,15000
2005-05-13,0.360000,0.360000,0.360000,0.360000,0.360000,1700
2005-05-16,0.360000,0.360000,0.360000,0.360000,0.360000,700
2005-05-17,0.360000,0.360000,0.360000,0.360000,0.360000,1700
2005-05-18,0.360000,0.360000,0.360000,0.360000,0.360000,600
2005-05-19,0.380000,0.390000,0.380000,0.390000,0.390000,23000
2005-05-20,0.390000,0.390000,0.380000,0.380000,0.380000,40000
2005-05-23,0.410000,0.410000,0.400000,0.400000,0.400000,12700
2005-05-24,0.400000,0.420000,0.400000,0.420000,0.420000,5100
2005-05-25,0.420000,0.430000,0.410000,0.410000,0.410000,25300
2005-05-26,0.410000,0.410000,0.410000,0.410000,0.410000,6500
2005-05-27,0.410000,0.410000,0.410000,0.410000,0.410000,0
2005-05-31,0.380000,0.390000,0.380000,0.380000,0.380000,5900
2005-06-01,0.380000,0.420000,0.380000,0.410000,0.410000,60500
2005-06-02,0.420000,0.430000,0.420000,0.430000,0.430000,51000
2005-06-03,0.440000,0.440000,0.420000,0.420000,0.420000,23900
2005-06-06,0.420000,0.420000,0.420000,0.420000,0.420000,0
2005-06-07,0.400000,0.410000,0.400000,0.410000,0.410000,15600
2005-06-08,0.400000,0.400000,0.400000,0.400000,0.400000,2300
2005-06-09,0.430000,0.430000,0.430000,0.430000,0.430000,1700
2005-06-10,0.400000,0.420000,0.400000,0.410000,0.410000,17500
2005-06-13,0.410000,0.410000,0.400000,0.400000,0.400000,8100
2005-06-14,0.400000,0.400000,0.400000,0.400000,0.400000,1000
2005-06-15,0.400000,0.400000,0.400000,0.400000,0.400000,0
2005-06-16,0.370000,0.420000,0.370000,0.420000,0.420000,3200
2005-06-17,0.420000,0.420000,0.370000,0.380000,0.380000,11100
2005-06-20,0.370000,0.380000,0.370000,0.370000,0.370000,21600
2005-06-21,0.370000,0.370000,0.370000,0.370000,0.370000,300
2005-06-22,0.370000,0.370000,0.370000,0.370000,0.370000,500
2005-06-23,0.370000,0.370000,0.360000,0.370000,0.370000,20500
2005-06-24,0.410000,0.410000,0.360000,0.360000,0.360000,3800
2005-06-27,0.360000,0.400000,0.360000,0.360000,0.360000,15000
2005-06-28,0.380000,0.380000,0.380000,0.380000,0.380000,5000
2005-06-29,0.370000,0.370000,0.370000,0.370000,0.370000,6900
2005-06-30,0.360000,0.360000,0.360000,0.360000,0.360000,9700
2005-07-01,0.380000,0.420000,0.380000,0.420000,0.420000,33700
2005-07-05,0.400000,0.400000,0.400000,0.400000,0.400000,10200
2005-07-06,0.370000,0.370000,0.370000,0.370000,0.370000,1700
2005-07-07,0.370000,0.370000,0.370000,0.370000,0.370000,700
2005-07-08,0.370000,0.370000,0.370000,0.370000,0.370000,0
2005-07-11,0.400000,0.410000,0.380000,0.380000,0.380000,6400
2005-07-12,0.380000,0.410000,0.380000,0.410000,0.410000,12700
2005-07-13,0.410000,0.410000,0.410000,0.410000,0.410000,0
2005-07-14,0.390000,0.390000,0.390000,0.390000,0.390000,700
2005-07-15,0.390000,0.390000,0.390000,0.390000,0.390000,0
2005-07-18,0.390000,0.410000,0.390000,0.390000,0.390000,106000
2005-07-19,0.360000,0.360000,0.360000,0.360000,0.360000,20000
2005-07-20,0.360000,0.440000,0.360000,0.440000,0.440000,38400
2005-07-21,0.380000,0.380000,0.380000,0.380000,0.380000,14000
2005-07-22,0.380000,0.380000,0.380000,0.380000,0.380000,1400
2005-07-25,0.390000,0.390000,0.390000,0.390000,0.390000,20700
2005-07-26,0.400000,0.400000,0.360000,0.390000,0.390000,113500
2005-07-27,0.380000,0.400000,0.380000,0.400000,0.400000,18900
2005-07-28,0.400000,0.400000,0.350000,0.400000,0.400000,66000
2005-07-29,0.370000,0.370000,0.360000,0.360000,0.360000,11200
2005-08-01,0.390000,0.390000,0.360000,0.390000,0.390000,28800
2005-08-02,0.390000,0.390000,0.390000,0.390000,0.390000,25000
2005-08-03,0.380000,0.380000,0.380000,0.380000,0.380000,500
2005-08-04,0.420000,0.420000,0.380000,0.390000,0.390000,13400
2005-08-05,0.370000,0.370000,0.370000,0.370000,0.370000,1000
2005-08-08,0.390000,0.440000,0.390000,0.440000,0.440000,27200
2005-08-09,0.380000,0.380000,0.380000,0.380000,0.380000,4500
2005-08-10,0.380000,0.400000,0.380000,0.380000,0.380000,9400
2005-08-11,0.370000,0.380000,0.370000,0.380000,0.380000,400
2005-08-12,0.370000,0.390000,0.360000,0.360000,0.360000,33500
2005-08-15,0.360000,0.400000,0.360000,0.380000,0.380000,20800
2005-08-16,0.390000,0.400000,0.360000,0.390000,0.390000,73900
2005-08-17,0.360000,0.380000,0.360000,0.360000,0.360000,29600
2005-08-18,0.360000,0.390000,0.360000,0.370000,0.370000,35200
2005-08-19,0.390000,0.400000,0.390000,0.390000,0.390000,36400
2005-08-22,0.370000,0.370000,0.370000,0.370000,0.370000,500
2005-08-23,0.430000,0.430000,0.390000,0.390000,0.390000,400
2005-08-24,0.390000,0.400000,0.370000,0.400000,0.400000,31400
2005-08-25,0.370000,0.390000,0.360000,0.380000,0.380000,48300
2005-08-26,0.380000,0.400000,0.380000,0.380000,0.380000,48000
2005-08-29,0.380000,0.400000,0.380000,0.390000,0.390000,43200
2005-08-30,0.400000,0.400000,0.360000,0.390000,0.390000,58800
2005-08-31,0.400000,0.400000,0.400000,0.400000,0.400000,10000
2005-09-01,0.410000,0.410000,0.390000,0.390000,0.390000,3600
2005-09-02,0.390000,0.390000,0.390000,0.390000,0.390000,7000
2005-09-06,0.370000,0.390000,0.360000,0.390000,0.390000,52400
2005-09-07,0.370000,0.400000,0.370000,0.400000,0.400000,15800
2005-09-08,0.390000,0.390000,0.390000,0.390000,0.390000,3000
2005-09-09,0.380000,0.430000,0.380000,0.430000,0.430000,91600
2005-09-12,0.430000,0.430000,0.430000,0.430000,0.430000,0
2005-09-13,0.410000,0.410000,0.400000,0.400000,0.400000,8800
2005-09-14,0.400000,0.400000,0.400000,0.400000,0.400000,400
2005-09-15,0.400000,0.400000,0.400000,0.400000,0.400000,12000
2005-09-16,0.400000,0.400000,0.400000,0.400000,0.400000,10200
2005-09-19,0.400000,0.400000,0.400000,0.400000,0.400000,12000
2005-09-20,0.400000,0.400000,0.400000,0.400000,0.400000,14200
2005-09-21,0.390000,0.390000,0.390000,0.390000,0.390000,17000
2005-09-22,0.400000,0.420000,0.400000,0.400000,0.400000,17100
2005-09-23,0.400000,0.400000,0.400000,0.400000,0.400000,7100
2005-09-26,0.400000,0.400000,0.400000,0.400000,0.400000,3400
2005-09-27,0.400000,0.400000,0.400000,0.400000,0.400000,2500
2005-09-28,0.400000,0.400000,0.400000,0.400000,0.400000,700
2005-09-29,0.400000,0.400000,0.400000,0.400000,0.400000,10900
2005-09-30,0.400000,0.400000,0.400000,0.400000,0.400000,900
2005-10-03,0.400000,0.450000,0.400000,0.450000,0.450000,56800
2005-10-04,0.420000,0.420000,0.420000,0.420000,0.420000,20800
2005-10-05,0.420000,0.420000,0.420000,0.420000,0.420000,2500
2005-10-06,0.420000,0.420000,0.420000,0.420000,0.420000,1000
2005-10-07,0.420000,0.420000,0.410000,0.410000,0.410000,38800
2005-10-10,0.410000,0.430000,0.410000,0.430000,0.430000,20100
2005-10-11,0.410000,0.410000,0.410000,0.410000,0.410000,4000
2005-10-12,0.410000,0.410000,0.410000,0.410000,0.410000,3700
2005-10-13,0.410000,0.430000,0.410000,0.410000,0.410000,10900
2005-10-14,0.410000,0.410000,0.410000,0.410000,0.410000,25500
2005-10-17,0.410000,0.410000,0.410000,0.410000,0.410000,500
2005-10-18,0.410000,0.410000,0.410000,0.410000,0.410000,9600
2005-10-19,0.410000,0.420000,0.410000,0.420000,0.420000,91100
2005-10-20,0.430000,0.430000,0.430000,0.430000,0.430000,6000
2005-10-21,0.430000,0.430000,0.420000,0.430000,0.430000,36500
2005-10-24,0.430000,0.440000,0.430000,0.440000,0.440000,2400
2005-10-25,0.440000,0.440000,0.440000,0.440000,0.440000,0
2005-10-26,0.440000,0.440000,0.410000,0.410000,0.410000,6100
2005-10-27,0.420000,0.440000,0.420000,0.420000,0.420000,13600
2005-10-28,0.440000,0.440000,0.410000,0.420000,0.420000,88100
2005-10-31,0.410000,0.420000,0.410000,0.420000,0.420000,64300
2005-11-01,0.420000,0.470000,0.420000,0.450000,0.450000,55300
2005-11-02,0.410000,0.430000,0.410000,0.420000,0.420000,95800
2005-11-03,0.420000,0.420000,0.420000,0.420000,0.420000,15000
2005-11-04,0.420000,0.420000,0.420000,0.420000,0.420000,26300
2005-11-07,0.420000,0.420000,0.420000,0.420000,0.420000,700
2005-11-08,0.420000,0.420000,0.420000,0.420000,0.420000,4200
2005-11-09,0.420000,0.420000,0.420000,0.420000,0.420000,25100
2005-11-10,0.420000,0.420000,0.420000,0.420000,0.420000,1400
2005-11-11,0.420000,0.420000,0.420000,0.420000,0.420000,5500
2005-11-14,0.420000,0.420000,0.420000,0.420000,0.420000,10300
2005-11-15,0.380000,0.390000,0.380000,0.390000,0.390000,32700
2005-11-16,0.390000,0.390000,0.390000,0.390000,0.390000,500
2005-11-17,0.390000,0.390000,0.390000,0.390000,0.390000,2900
2005-11-18,0.390000,0.400000,0.350000,0.400000,0.400000,291800
2005-11-21,0.410000,0.420000,0.410000,0.420000,0.420000,38100
2005-11-22,0.420000,0.440000,0.420000,0.440000,0.440000,23500
2005-11-23,0.450000,0.450000,0.440000,0.450000,0.450000,46400
2005-11-25,0.450000,0.450000,0.450000,0.450000,0.450000,15000
2005-11-28,0.450000,0.480000,0.450000,0.460000,0.460000,30400
2005-11-29,0.450000,0.460000,0.450000,0.450000,0.450000,53500
2005-11-30,0.450000,0.450000,0.450000,0.450000,0.450000,15200
2005-12-01,0.450000,0.450000,0.450000,0.450000,0.450000,14900
2005-12-02,0.450000,0.450000,0.440000,0.440000,0.440000,37200
2005-12-05,0.440000,0.480000,0.440000,0.440000,0.440000,54100
2005-12-06,0.440000,0.440000,0.440000,0.440000,0.440000,0
2005-12-07,0.440000,0.440000,0.430000,0.430000,0.430000,65000
2005-12-08,0.420000,0.430000,0.410000,0.410000,0.410000,38300
2005-12-09,0.410000,0.430000,0.390000,0.400000,0.400000,64700
2005-12-12,0.400000,0.400000,0.400000,0.400000,0.400000,100
2005-12-13,0.400000,0.420000,0.400000,0.400000,0.400000,21500
2005-12-14,0.400000,0.400000,0.400000,0.400000,0.400000,23600
2005-12-15,0.410000,0.460000,0.390000,0.390000,0.390000,24800
2005-12-16,0.410000,0.410000,0.400000,0.400000,0.400000,13500
2005-12-19,0.410000,0.430000,0.390000,0.420000,0.420000,222600
2005-12-20,0.410000,0.410000,0.410000,0.410000,0.410000,115300
2005-12-21,0.410000,0.410000,0.410000,0.410000,0.410000,23800
2005-12-22,0.410000,0.420000,0.400000,0.420000,0.420000,154000
2005-12-23,0.400000,0.400000,0.400000,0.400000,0.400000,10300
2005-12-27,0.400000,0.450000,0.400000,0.420000,0.420000,91000
2005-12-28,0.420000,0.430000,0.410000,0.430000,0.430000,16100
2005-12-29,0.420000,0.420000,0.420000,0.420000,0.420000,19000
2005-12-30,0.420000,0.430000,0.400000,0.410000,0.410000,99000
2006-01-03,0.410000,0.430000,0.410000,0.410000,0.410000,25600
2006-01-04,0.410000,0.430000,0.410000,0.410000,0.410000,25200
2006-01-05,0.410000,0.410000,0.410000,0.410000,0.410000,200
2006-01-06,0.410000,0.460000,0.410000,0.410000,0.410000,37400
2006-01-09,0.400000,0.460000,0.400000,0.400000,0.400000,11200
2006-01-10,0.400000,0.460000,0.400000,0.460000,0.460000,8300
2006-01-11,0.440000,0.440000,0.410000,0.410000,0.410000,28100
2006-01-12,0.410000,0.410000,0.410000,0.410000,0.410000,8900
2006-01-13,0.410000,0.440000,0.410000,0.440000,0.440000,20700
2006-01-17,0.410000,0.410000,0.410000,0.410000,0.410000,300
2006-01-18,0.420000,0.420000,0.420000,0.420000,0.420000,9700
2006-01-19,0.420000,0.420000,0.420000,0.420000,0.420000,0
2006-01-20,0.420000,0.440000,0.420000,0.440000,0.440000,12100
2006-01-23,0.430000,0.430000,0.430000,0.430000,0.430000,200
2006-01-24,0.430000,0.440000,0.430000,0.440000,0.440000,600
2006-01-25,0.440000,0.440000,0.440000,0.440000,0.440000,0
2006-01-26,0.430000,0.440000,0.430000,0.430000,0.430000,42600
2006-01-27,0.430000,0.430000,0.430000,0.430000,0.430000,900
2006-01-30,0.430000,0.450000,0.430000,0.450000,0.450000,43300
2006-01-31,0.430000,0.430000,0.430000,0.430000,0.430000,200
2006-02-01,0.430000,0.430000,0.430000,0.430000,0.430000,1000
2006-02-02,0.430000,0.440000,0.430000,0.430000,0.430000,85200
2006-02-03,0.430000,0.440000,0.430000,0.430000,0.430000,70500
2006-02-06,0.410000,0.410000,0.410000,0.410000,0.410000,4200
2006-02-07,0.410000,0.440000,0.410000,0.430000,0.430000,4400
2006-02-08,0.430000,0.430000,0.430000,0.430000,0.430000,0
2006-02-09,0.410000,0.430000,0.410000,0.430000,0.430000,33900
2006-02-10,0.420000,0.420000,0.420000,0.420000,0.420000,3800
2006-02-13,0.430000,0.440000,0.420000,0.430000,0.430000,38200
2006-02-14,0.430000,0.440000,0.430000,0.430000,0.430000,87700
2006-02-15,0.420000,0.430000,0.420000,0.430000,0.430000,25000
2006-02-16,0.420000,0.420000,0.420000,0.420000,0.420000,66100
2006-02-17,0.410000,0.420000,0.410000,0.420000,0.420000,98000
2006-02-21,0.430000,0.430000,0.400000,0.420000,0.420000,84700
2006-02-22,0.420000,0.420000,0.410000,0.410000,0.410000,66500
2006-02-23,0.420000,0.420000,0.420000,0.420000,0.420000,76700
2006-02-24,0.420000,0.420000,0.420000,0.420000,0.420000,35100
2006-02-27,0.420000,0.420000,0.420000,0.420000,0.420000,21200
2006-02-28,0.420000,0.420000,0.410000,0.410000,0.410000,44000
2006-03-01,0.420000,0.420000,0.420000,0.420000,0.420000,7600
2006-03-02,0.420000,0.420000,0.420000,0.420000,0.420000,11300
2006-03-03,0.420000,0.420000,0.420000,0.420000,0.420000,19000
2006-03-06,0.420000,0.420000,0.420000,0.420000,0.420000,12900
2006-03-07,0.420000,0.420000,0.420000,0.420000,0.420000,100
2006-03-08,0.420000,0.420000,0.420000,0.420000,0.420000,1400
2006-03-09,0.420000,0.420000,0.420000,0.420000,0.420000,100
2006-03-10,0.420000,0.420000,0.420000,0.420000,0.420000,11000
2006-03-13,0.420000,0.420000,0.410000,0.410000,0.410000,900
2006-03-14,0.410000,0.410000,0.410000,0.410000,0.410000,0
2006-03-15,0.410000,0.410000,0.410000,0.410000,0.410000,900
2006-03-16,0.410000,0.420000,0.410000,0.420000,0.420000,4200
2006-03-17,0.410000,0.410000,0.410000,0.410000,0.410000,5600
2006-03-20,0.410000,0.410000,0.410000,0.410000,0.410000,5100
2006-03-21,0.420000,0.420000,0.410000,0.420000,0.420000,10000
2006-03-22,0.410000,0.410000,0.390000,0.400000,0.400000,69600
2006-03-23,0.410000,0.420000,0.410000,0.410000,0.410000,35500
2006-03-24,0.410000,0.410000,0.410000,0.410000,0.410000,0
2006-03-27,0.410000,0.410000,0.410000,0.410000,0.410000,25000
2006-03-28,0.410000,0.410000,0.410000,0.410000,0.410000,800
2006-03-29,0.410000,0.410000,0.410000,0.410000,0.410000,30800
2006-03-30,0.410000,0.410000,0.410000,0.410000,0.410000,19700
2006-03-31,0.410000,0.410000,0.410000,0.410000,0.410000,800
2006-04-03,0.410000,0.410000,0.410000,0.410000,0.410000,2200
2006-04-04,0.410000,0.410000,0.410000,0.410000,0.410000,0
2006-04-05,0.410000,0.410000,0.400000,0.400000,0.400000,33400
2006-04-06,0.400000,0.400000,0.400000,0.400000,0.400000,18000
2006-04-07,0.400000,0.400000,0.400000,0.400000,0.400000,0
2006-04-10,0.400000,0.400000,0.400000,0.400000,0.400000,29500
2006-04-11,0.400000,0.400000,0.400000,0.400000,0.400000,0
2006-04-12,0.400000,0.410000,0.400000,0.400000,0.400000,9700
2006-04-13,0.400000,0.400000,0.400000,0.400000,0.400000,1000
2006-04-17,0.400000,0.400000,0.400000,0.400000,0.400000,3600
2006-04-18,0.400000,0.400000,0.400000,0.400000,0.400000,300
2006-04-19,0.410000,0.420000,0.400000,0.400000,0.400000,41800
2006-04-20,0.410000,0.420000,0.400000,0.410000,0.410000,70800
2006-04-21,0.410000,0.410000,0.410000,0.410000,0.410000,2100
2006-04-24,0.400000,0.400000,0.400000,0.400000,0.400000,20000
2006-04-25,0.400000,0.400000,0.400000,0.400000,0.400000,7800
2006-04-26,0.400000,0.400000,0.400000,0.400000,0.400000,400
2006-04-27,0.400000,0.400000,0.400000,0.400000,0.400000,0
2006-04-28,0.400000,0.400000,0.400000,0.400000,0.400000,15500
2006-05-01,0.400000,0.400000,0.400000,0.400000,0.400000,900
2006-05-02,0.400000,0.400000,0.400000,0.400000,0.400000,600
2006-05-03,0.410000,0.410000,0.410000,0.410000,0.410000,500
2006-05-04,0.410000,0.410000,0.410000,0.410000,0.410000,10200
2006-05-05,0.410000,0.420000,0.410000,0.410000,0.410000,23300
2006-05-08,0.410000,0.410000,0.410000,0.410000,0.410000,0
2006-05-09,0.410000,0.410000,0.410000,0.410000,0.410000,4600
2006-05-10,0.400000,0.410000,0.400000,0.410000,0.410000,800
2006-05-11,0.400000,0.410000,0.400000,0.410000,0.410000,8400
2006-05-12,0.400000,0.420000,0.400000,0.410000,0.410000,7800
2006-05-15,0.400000,0.420000,0.400000,0.420000,0.420000,11200
2006-05-16,0.420000,0.420000,0.420000,0.420000,0.420000,12800
2006-05-17,0.410000,0.410000,0.410000,0.410000,0.410000,1000
2006-05-18,0.400000,0.450000,0.400000,0.440000,0.440000,49300
2006-05-19,0.440000,0.440000,0.410000,0.410000,0.410000,5800
2006-05-22,0.410000,0.410000,0.400000,0.400000,0.400000,20100
2006-05-23,0.400000,0.400000,0.400000,0.400000,0.400000,800
2006-05-24,0.400000,0.400000,0.400000,0.400000,0.400000,2000
2006-05-25,0.400000,0.400000,0.400000,0.400000,0.400000,200
2006-05-26,0.410000,0.410000,0.410000,0.410000,0.410000,11700
2006-05-30,0.410000,0.410000,0.410000,0.410000,0.410000,3600
2006-05-31,0.410000,0.410000,0.410000,0.410000,0.410000,11000
2006-06-01,0.410000,0.410000,0.410000,0.410000,0.410000,8700
2006-06-02,0.410000,0.410000,0.410000,0.410000,0.410000,500
2006-06-05,0.410000,0.410000,0.410000,0.410000,0.410000,100
2006-06-06,0.410000,0.410000,0.410000,0.410000,0.410000,1900
2006-06-07,0.410000,0.410000,0.410000,0.410000,0.410000,800
2006-06-08,0.410000,0.410000,0.410000,0.410000,0.410000,900
2006-06-09,0.410000,0.410000,0.410000,0.410000,0.410000,300
2006-06-12,0.420000,0.420000,0.420000,0.420000,0.420000,20400
2006-06-13,0.410000,0.410000,0.410000,0.410000,0.410000,3200
2006-06-14,0.410000,0.410000,0.410000,0.410000,0.410000,8100
2006-06-15,0.410000,0.420000,0.410000,0.410000,0.410000,1400
2006-06-16,0.410000,0.420000,0.410000,0.410000,0.410000,7300
2006-06-19,0.410000,0.410000,0.410000,0.410000,0.410000,9100
2006-06-20,0.410000,0.410000,0.410000,0.410000,0.410000,200
2006-06-21,0.410000,0.410000,0.410000,0.410000,0.410000,100
2006-06-22,0.410000,0.410000,0.400000,0.400000,0.400000,33400
2006-06-23,0.400000,0.420000,0.400000,0.420000,0.420000,4500
2006-06-26,0.400000,0.400000,0.400000,0.400000,0.400000,200
2006-06-27,0.400000,0.400000,0.400000,0.400000,0.400000,0
2006-06-28,0.400000,0.400000,0.400000,0.400000,0.400000,0
2006-06-29,0.400000,0.400000,0.380000,0.380000,0.380000,15000
2006-06-30,0.390000,0.430000,0.390000,0.430000,0.430000,47500
2006-07-03,0.390000,0.390000,0.390000,0.390000,0.390000,300
2006-07-05,0.430000,0.430000,0.430000,0.430000,0.430000,2000
2006-07-06,0.400000,0.410000,0.400000,0.400000,0.400000,11400
2006-07-07,0.400000,0.400000,0.400000,0.400000,0.400000,1100
2006-07-10,0.400000,0.400000,0.400000,0.400000,0.400000,0
2006-07-11,0.400000,0.400000,0.400000,0.400000,0.400000,0
2006-07-12,0.400000,0.400000,0.400000,0.400000,0.400000,800
2006-07-13,0.400000,0.400000,0.400000,0.400000,0.400000,300
2006-07-14,0.400000,0.420000,0.380000,0.420000,0.420000,258400
2006-07-17,0.420000,0.420000,0.400000,0.400000,0.400000,5200
2006-07-18,0.400000,0.400000,0.400000,0.400000,0.400000,10500
2006-07-19,0.400000,0.400000,0.400000,0.400000,0.400000,0
2006-07-20,0.400000,0.400000,0.400000,0.400000,0.400000,0
2006-07-21,0.400000,0.400000,0.400000,0.400000,0.400000,42400
2006-07-24,0.470000,0.470000,0.470000,0.470000,0.470000,500
2006-07-25,0.390000,0.390000,0.390000,0.390000,0.390000,100
2006-07-26,0.390000,0.390000,0.390000,0.390000,0.390000,1600
2006-07-27,0.390000,0.390000,0.390000,0.390000,0.390000,0
2006-07-28,0.390000,0.390000,0.390000,0.390000,0.390000,2000
2006-07-31,0.390000,0.390000,0.390000,0.390000,0.390000,2000
2006-08-01,0.390000,0.390000,0.390000,0.390000,0.390000,0
2006-08-02,0.390000,0.390000,0.390000,0.390000,0.390000,300
2006-08-03,0.390000,0.400000,0.390000,0.400000,0.400000,54200
2006-08-04,0.390000,0.400000,0.390000,0.390000,0.390000,43600
2006-08-07,0.390000,0.410000,0.380000,0.390000,0.390000,104600
2006-08-08,0.390000,0.390000,0.390000,0.390000,0.390000,100
2006-08-09,0.390000,0.390000,0.390000,0.390000,0.390000,0
2006-08-10,0.390000,0.410000,0.390000,0.390000,0.390000,15900
2006-08-11,0.390000,0.410000,0.390000,0.390000,0.390000,54300
2006-08-14,0.400000,0.400000,0.400000,0.400000,0.400000,3000
2006-08-15,0.410000,0.680000,0.400000,0.600000,0.600000,1153800
2006-08-16,0.640000,0.840000,0.640000,0.760000,0.760000,511500
2006-08-17,0.780000,0.780000,0.620000,0.660000,0.660000,266900
2006-08-18,0.660000,0.680000,0.650000,0.680000,0.680000,59600
2006-08-21,0.700000,0.730000,0.650000,0.720000,0.720000,63800
2006-08-22,0.730000,0.770000,0.730000,0.750000,0.750000,201200
2006-08-23,0.800000,0.900000,0.760000,0.900000,0.900000,295300
2006-08-24,0.940000,0.940000,0.850000,0.900000,0.900000,179400
2006-08-25,0.880000,0.930000,0.880000,0.880000,0.880000,118700
2006-08-28,0.920000,1.050000,0.900000,1.040000,1.040000,121000
2006-08-29,1.040000,1.090000,0.980000,0.980000,0.980000,167900
2006-08-30,1.080000,1.080000,0.980000,0.990000,0.990000,64000
2006-08-31,1.040000,1.050000,0.990000,1.000000,1.000000,29200
2006-09-01,1.000000,1.000000,0.920000,0.920000,0.920000,26000
2006-09-05,0.990000,0.990000,0.900000,0.930000,0.930000,22600
2006-09-06,0.940000,0.940000,0.850000,0.900000,0.900000,35400
2006-09-07,0.900000,0.900000,0.900000,0.900000,0.900000,1100
2006-09-08,0.850000,0.900000,0.790000,0.890000,0.890000,106400
2006-09-11,0.820000,0.900000,0.820000,0.890000,0.890000,15900
2006-09-12,0.880000,0.900000,0.840000,0.850000,0.850000,25800
2006-09-13,0.850000,0.850000,0.800000,0.800000,0.800000,11100
2006-09-14,0.820000,0.850000,0.800000,0.800000,0.800000,47200
2006-09-15,0.800000,0.800000,0.800000,0.800000,0.800000,1200
2006-09-18,0.820000,0.850000,0.780000,0.850000,0.850000,70100
2006-09-19,0.880000,0.880000,0.810000,0.810000,0.810000,12600
2006-09-20,0.800000,0.800000,0.780000,0.800000,0.800000,20900
2006-09-21,0.780000,0.780000,0.780000,0.780000,0.780000,800
2006-09-22,0.800000,0.800000,0.800000,0.800000,0.800000,2500
2006-09-25,0.800000,0.840000,0.800000,0.840000,0.840000,30000
2006-09-26,0.850000,0.860000,0.850000,0.860000,0.860000,10900
2006-09-27,0.870000,0.870000,0.830000,0.830000,0.830000,6000
2006-09-28,0.790000,0.800000,0.790000,0.800000,0.800000,3000
2006-09-29,0.800000,0.800000,0.790000,0.800000,0.800000,10100
2006-10-02,0.780000,0.820000,0.780000,0.800000,0.800000,17200
2006-10-03,0.780000,0.790000,0.760000,0.790000,0.790000,27400
2006-10-04,0.790000,0.790000,0.780000,0.780000,0.780000,42000
2006-10-05,0.780000,0.780000,0.750000,0.750000,0.750000,25200
2006-10-06,0.750000,0.750000,0.720000,0.720000,0.720000,18600
2006-10-09,0.720000,0.750000,0.720000,0.720000,0.720000,22000
2006-10-10,0.790000,0.790000,0.790000,0.790000,0.790000,2000
2006-10-11,0.720000,0.720000,0.720000,0.720000,0.720000,100
2006-10-12,0.720000,0.720000,0.720000,0.720000,0.720000,0
2006-10-13,0.750000,0.750000,0.720000,0.750000,0.750000,11500
2006-10-16,0.720000,0.820000,0.720000,0.820000,0.820000,5300
2006-10-17,0.720000,0.720000,0.720000,0.720000,0.720000,200
2006-10-18,0.840000,0.840000,0.840000,0.840000,0.840000,2600
2006-10-19,0.750000,0.780000,0.740000,0.750000,0.750000,27000
2006-10-20,0.730000,0.790000,0.730000,0.750000,0.750000,23200
2006-10-23,0.730000,0.840000,0.730000,0.840000,0.840000,42900
2006-10-24,0.830000,0.880000,0.830000,0.880000,0.880000,11100
2006-10-25,0.880000,0.950000,0.880000,0.950000,0.950000,25800
2006-10-26,0.930000,0.980000,0.920000,0.920000,0.920000,24500
2006-10-27,0.870000,0.910000,0.850000,0.910000,0.910000,5600
2006-10-30,0.910000,0.910000,0.910000,0.910000,0.910000,2000
2006-10-31,0.870000,0.870000,0.850000,0.850000,0.850000,10800
2006-11-01,0.900000,0.900000,0.890000,0.890000,0.890000,20800
2006-11-02,0.870000,0.930000,0.870000,0.930000,0.930000,2200
2006-11-03,0.880000,0.900000,0.880000,0.900000,0.900000,10000
2006-11-06,0.900000,0.950000,0.900000,0.920000,0.920000,51700
2006-11-07,0.890000,0.930000,0.890000,0.900000,0.900000,23700
2006-11-08,0.850000,0.940000,0.850000,0.900000,0.900000,21900
2006-11-09,0.960000,0.960000,0.900000,0.900000,0.900000,3400
2006-11-10,0.900000,0.900000,0.900000,0.900000,0.900000,0
2006-11-13,0.900000,0.900000,0.900000,0.900000,0.900000,9700
2006-11-14,0.950000,0.990000,0.900000,0.900000,0.900000,85200
2006-11-15,0.910000,0.910000,0.910000,0.910000,0.910000,3800
2006-11-16,0.960000,0.960000,0.960000,0.960000,0.960000,2500
2006-11-17,0.910000,0.910000,0.900000,0.900000,0.900000,12500
2006-11-20,0.900000,0.900000,0.860000,0.860000,0.860000,3800
2006-11-21,0.860000,0.930000,0.850000,0.900000,0.900000,31100
2006-11-22,0.900000,0.900000,0.900000,0.900000,0.900000,5500
2006-11-24,0.880000,0.920000,0.880000,0.900000,0.900000,3600
2006-11-27,0.900000,0.900000,0.850000,0.850000,0.850000,12700
2006-11-28,0.850000,0.850000,0.850000,0.850000,0.850000,3500
2006-11-29,0.850000,0.920000,0.850000,0.850000,0.850000,5300
2006-11-30,0.900000,0.900000,0.880000,0.880000,0.880000,11500
2006-12-01,0.880000,0.900000,0.880000,0.900000,0.900000,10100
2006-12-04,0.880000,0.910000,0.880000,0.900000,0.900000,10400
2006-12-05,0.890000,0.900000,0.880000,0.880000,0.880000,12200
2006-12-06,0.870000,0.870000,0.870000,0.870000,0.870000,1000
2006-12-07,0.850000,0.870000,0.850000,0.870000,0.870000,15200
2006-12-08,0.890000,0.890000,0.870000,0.870000,0.870000,9200
2006-12-11,0.850000,0.850000,0.850000,0.850000,0.850000,6000
2006-12-12,0.850000,0.850000,0.850000,0.850000,0.850000,1800
2006-12-13,0.850000,0.870000,0.850000,0.870000,0.870000,7900
2006-12-14,0.870000,0.870000,0.870000,0.870000,0.870000,0
2006-12-15,0.810000,0.840000,0.800000,0.840000,0.840000,6200
2006-12-18,0.820000,0.880000,0.820000,0.820000,0.820000,17500
2006-12-19,0.820000,0.850000,0.800000,0.800000,0.800000,38200
2006-12-20,0.800000,0.860000,0.800000,0.840000,0.840000,18100
2006-12-21,0.840000,0.840000,0.820000,0.820000,0.820000,10500
2006-12-22,0.820000,0.820000,0.820000,0.820000,0.820000,7900
2006-12-26,0.800000,0.800000,0.770000,0.770000,0.770000,11200
2006-12-27,0.770000,0.840000,0.770000,0.800000,0.800000,36600
2006-12-28,0.800000,0.940000,0.800000,0.850000,0.850000,26600
2006-12-29,0.850000,0.940000,0.850000,0.850000,0.850000,15900
2007-01-03,0.870000,0.940000,0.870000,0.900000,0.900000,29000
2007-01-04,0.900000,1.000000,0.880000,1.000000,1.000000,20700
2007-01-05,0.990000,1.000000,0.910000,1.000000,1.000000,21000
2007-01-08,1.000000,1.100000,1.000000,1.060000,1.060000,81500
2007-01-09,1.050000,1.150000,1.050000,1.150000,1.150000,46000
2007-01-10,1.200000,1.230000,1.050000,1.100000,1.100000,130800
2007-01-11,1.080000,1.330000,1.080000,1.300000,1.300000,87700
2007-01-12,1.250000,1.430000,1.250000,1.390000,1.390000,125500
2007-01-16,1.390000,1.420000,1.310000,1.350000,1.350000,83800
2007-01-17,1.310000,1.340000,1.290000,1.300000,1.300000,42900
2007-01-18,1.280000,1.300000,1.150000,1.150000,1.150000,18800
2007-01-19,1.170000,1.400000,1.170000,1.250000,1.250000,75200
2007-01-22,1.250000,1.280000,1.200000,1.260000,1.260000,13000
2007-01-23,1.280000,1.280000,1.250000,1.250000,1.250000,16600
2007-01-24,1.230000,1.290000,1.230000,1.290000,1.290000,55500
2007-01-25,1.290000,1.300000,1.290000,1.290000,1.290000,17800
2007-01-26,1.280000,1.300000,1.250000,1.300000,1.300000,11300
2007-01-29,1.280000,1.280000,1.250000,1.280000,1.280000,21900
2007-01-30,1.280000,1.400000,1.280000,1.400000,1.400000,20200
2007-01-31,1.390000,1.400000,1.350000,1.400000,1.400000,27600
2007-02-01,1.350000,1.370000,1.350000,1.370000,1.370000,7700
2007-02-02,1.370000,1.440000,1.370000,1.400000,1.400000,40400
2007-02-05,1.410000,1.520000,1.410000,1.500000,1.500000,38400
2007-02-06,1.460000,1.520000,1.460000,1.470000,1.470000,31400
2007-02-07,1.470000,1.520000,1.470000,1.500000,1.500000,135000
2007-02-08,1.530000,1.920000,1.510000,1.750000,1.750000,272200
2007-02-09,2.180000,2.180000,1.840000,1.930000,1.930000,106500
2007-02-12,1.980000,2.000000,1.700000,1.700000,1.700000,129200
2007-02-13,1.850000,1.850000,1.590000,1.630000,1.630000,81800
2007-02-14,1.550000,1.650000,1.550000,1.600000,1.600000,94200
2007-02-15,1.640000,1.740000,1.630000,1.740000,1.740000,71500
2007-02-16,1.740000,1.850000,1.740000,1.840000,1.840000,70900
2007-02-20,1.970000,1.980000,1.840000,1.850000,1.850000,73800
2007-02-21,1.880000,1.930000,1.860000,1.930000,1.930000,74400
2007-02-22,1.930000,2.120000,1.930000,2.080000,2.080000,120500
2007-02-23,2.250000,2.600000,2.100000,2.490000,2.490000,175200
2007-02-26,2.600000,2.670000,2.160000,2.420000,2.420000,233100
2007-02-27,2.390000,2.390000,2.050000,2.050000,2.050000,157000
2007-02-28,2.100000,2.170000,1.720000,2.170000,2.170000,105600
2007-03-01,2.050000,2.170000,2.040000,2.150000,2.150000,83300
2007-03-02,2.160000,2.330000,2.150000,2.170000,2.170000,28300
2007-03-05,2.190000,2.300000,2.170000,2.210000,2.210000,46000
2007-03-06,2.210000,2.270000,2.210000,2.220000,2.220000,40100
2007-03-07,2.330000,2.330000,2.250000,2.280000,2.280000,124800
2007-03-08,2.290000,2.450000,2.280000,2.420000,2.420000,72400
2007-03-09,2.500000,2.670000,2.400000,2.580000,2.580000,208800
2007-03-12,2.530000,2.580000,2.450000,2.480000,2.480000,57700
2007-03-13,2.500000,2.520000,2.480000,2.500000,2.500000,63500
2007-03-14,2.500000,2.500000,2.250000,2.340000,2.340000,90700
2007-03-15,2.400000,2.400000,2.330000,2.400000,2.400000,87200
2007-03-16,2.350000,2.400000,2.300000,2.350000,2.350000,39400
2007-03-19,2.350000,2.430000,2.350000,2.380000,2.380000,71000
2007-03-20,2.350000,2.520000,2.350000,2.500000,2.500000,64800
2007-03-21,2.500000,2.650000,2.500000,2.650000,2.650000,78700
2007-03-22,2.650000,2.950000,2.640000,2.860000,2.860000,176400
2007-03-23,2.870000,2.870000,2.780000,2.780000,2.780000,63400
2007-03-26,2.830000,2.830000,2.510000,2.520000,2.520000,54100
2007-03-27,2.610000,3.290000,2.600000,3.280000,3.280000,589500
2007-03-28,3.650000,4.100000,3.600000,3.800000,3.800000,1114700
2007-03-29,3.910000,3.910000,3.330000,3.570000,3.570000,360500
2007-03-30,3.700000,3.880000,3.660000,3.710000,3.710000,185800
2007-04-02,3.710000,3.800000,3.550000,3.780000,3.780000,231200
2007-04-03,3.710000,3.780000,3.400000,3.500000,3.500000,122600
2007-04-04,3.500000,3.570000,3.460000,3.570000,3.570000,93800
2007-04-05,3.570000,3.570000,3.200000,3.540000,3.540000,115500
2007-04-09,3.550000,3.750000,3.500000,3.550000,3.550000,152500
2007-04-10,3.550000,3.700000,3.550000,3.670000,3.670000,70200
2007-04-11,3.700000,4.090000,3.700000,4.020000,4.020000,391500
2007-04-12,4.090000,4.900000,4.080000,4.900000,4.900000,736200
2007-04-13,5.090000,5.450000,4.850000,5.350000,5.350000,491300
2007-04-16,5.500000,5.500000,4.570000,4.880000,4.880000,388600
2007-04-17,4.950000,4.950000,4.300000,4.400000,4.400000,274500
2007-04-18,4.150000,4.250000,3.900000,4.200000,4.200000,533400
2007-04-19,4.300000,4.660000,4.200000,4.500000,4.500000,182100
2007-04-20,4.500000,4.500000,4.320000,4.360000,4.360000,55700
2007-04-23,4.350000,4.400000,4.200000,4.300000,4.300000,140200
2007-04-24,4.300000,4.600000,4.300000,4.600000,4.600000,78800
2007-04-25,4.650000,4.650000,4.360000,4.500000,4.500000,42300
2007-04-26,4.550000,4.850000,4.550000,4.620000,4.620000,122300
2007-04-27,4.750000,4.850000,4.600000,4.700000,4.700000,44200
2007-04-30,4.790000,4.900000,4.700000,4.800000,4.800000,94100
2007-05-01,4.850000,4.850000,4.720000,4.800000,4.800000,58900
2007-05-02,4.850000,4.900000,4.780000,4.830000,4.830000,54400
2007-05-03,5.000000,5.000000,4.830000,4.880000,4.880000,67800
2007-05-04,4.950000,5.020000,4.860000,4.980000,4.980000,144600
2007-05-07,5.000000,5.000000,4.750000,4.900000,4.900000,69500
2007-05-08,4.850000,4.850000,4.550000,4.700000,4.700000,83800
2007-05-09,4.530000,4.700000,4.530000,4.700000,4.700000,42400
2007-05-10,4.700000,4.910000,4.700000,4.850000,4.850000,97200
2007-05-11,4.880000,5.000000,4.850000,4.990000,4.990000,82500
2007-05-14,5.000000,5.050000,4.950000,5.000000,5.000000,122100
2007-05-15,5.020000,5.100000,4.950000,5.050000,5.050000,93800
2007-05-16,5.100000,5.100000,5.000000,5.030000,5.030000,47600
2007-05-17,5.010000,5.010000,4.930000,4.940000,4.940000,181200
2007-05-18,4.920000,4.950000,4.800000,4.810000,4.810000,95400
2007-05-21,4.850000,4.880000,4.650000,4.650000,4.650000,52900
2007-05-22,4.700000,4.700000,4.330000,4.500000,4.500000,189800
2007-05-23,4.500000,4.550000,4.350000,4.450000,4.450000,93300
2007-05-24,4.410000,4.550000,4.260000,4.390000,4.390000,211100
2007-05-25,4.400000,4.400000,3.870000,4.100000,4.100000,259500
2007-05-29,4.110000,4.590000,4.100000,4.300000,4.300000,112100
2007-05-30,4.230000,4.270000,4.100000,4.100000,4.100000,62100
2007-05-31,4.100000,4.200000,3.960000,4.200000,4.200000,156000
2007-06-01,4.200000,4.240000,4.160000,4.200000,4.200000,75200
2007-06-04,4.200000,4.250000,4.000000,4.200000,4.200000,74500
2007-06-05,4.200000,4.200000,4.040000,4.110000,4.110000,92600
2007-06-06,4.020000,4.100000,3.920000,3.950000,3.950000,112800
2007-06-07,3.960000,4.000000,3.890000,3.890000,3.890000,116200
2007-06-08,4.150000,4.250000,4.000000,4.080000,4.080000,84500
2007-06-11,4.080000,4.080000,4.080000,4.080000,4.080000,0
2007-06-12,4.080000,4.080000,4.080000,4.080000,4.080000,0
2007-06-13,4.000000,4.200000,4.000000,4.150000,4.150000,75900
2007-06-14,4.220000,4.220000,4.000000,4.010000,4.010000,69500
2007-06-15,4.100000,4.150000,4.000000,4.010000,4.010000,48400
2007-06-18,4.050000,4.050000,4.010000,4.050000,4.050000,106500
2007-06-19,4.050000,4.200000,3.880000,4.020000,4.020000,80000
2007-06-20,4.050000,4.090000,3.990000,3.990000,3.990000,24500
2007-06-21,4.000000,4.000000,3.940000,3.950000,3.950000,31000
2007-06-22,3.900000,3.910000,3.800000,3.850000,3.850000,75300
2007-06-25,3.900000,3.950000,3.720000,3.720000,3.720000,57300
2007-06-26,3.550000,3.590000,3.420000,3.540000,3.540000,87700
2007-06-27,3.590000,3.590000,3.500000,3.550000,3.550000,72900
2007-06-28,3.510000,3.600000,3.500000,3.570000,3.570000,19200
2007-06-29,3.570000,3.680000,3.550000,3.650000,3.650000,28300
2007-07-02,3.670000,3.800000,3.640000,3.800000,3.800000,52400
2007-07-03,3.800000,3.830000,3.750000,3.750000,3.750000,28600
2007-07-05,3.750000,3.800000,3.670000,3.780000,3.780000,63400
2007-07-06,3.780000,3.800000,3.520000,3.550000,3.550000,67400
2007-07-09,3.750000,3.800000,3.600000,3.660000,3.660000,83000
2007-07-10,3.730000,3.750000,3.360000,3.360000,3.360000,77800
2007-07-11,3.560000,3.700000,3.450000,3.540000,3.540000,41700
2007-07-12,3.650000,3.800000,3.600000,3.720000,3.720000,230300
2007-07-13,3.750000,3.930000,3.690000,3.860000,3.860000,183300
2007-07-16,3.900000,4.130000,3.900000,4.010000,4.010000,174700
2007-07-17,4.150000,4.150000,4.000000,4.050000,4.050000,96800
2007-07-18,4.010000,4.140000,3.920000,4.020000,4.020000,59100
2007-07-19,4.020000,4.050000,3.920000,3.920000,3.920000,25700
2007-07-20,4.000000,4.040000,3.930000,4.040000,4.040000,66400
2007-07-23,4.250000,4.870000,4.170000,4.870000,4.870000,336600
2007-07-24,4.870000,4.940000,4.340000,4.500000,4.500000,203600
2007-07-25,4.600000,4.610000,4.100000,4.180000,4.180000,146700
2007-07-26,4.250000,4.490000,4.200000,4.410000,4.410000,141400
2007-07-27,4.410000,4.450000,4.170000,4.450000,4.450000,89800
2007-07-30,4.600000,4.640000,4.220000,4.390000,4.390000,123300
2007-07-31,4.450000,4.520000,4.200000,4.220000,4.220000,64700
2007-08-01,4.180000,4.270000,4.100000,4.200000,4.200000,85000
2007-08-02,4.300000,4.300000,4.000000,4.190000,4.190000,47100
2007-08-03,4.130000,4.130000,3.900000,4.000000,4.000000,71800
2007-08-06,3.950000,3.950000,3.500000,3.950000,3.950000,155200
2007-08-07,4.000000,4.120000,3.990000,4.110000,4.110000,60400
2007-08-08,4.240000,4.240000,3.950000,4.020000,4.020000,83300
2007-08-09,4.000000,4.000000,3.950000,4.000000,4.000000,42900
2007-08-10,3.970000,3.990000,3.790000,3.870000,3.870000,62800
2007-08-13,3.950000,4.040000,3.900000,3.970000,3.970000,69100
2007-08-14,4.000000,4.000000,3.900000,3.920000,3.920000,72800
2007-08-15,3.970000,3.980000,3.760000,3.800000,3.800000,66200
2007-08-16,3.700000,3.970000,3.510000,3.930000,3.930000,126700
2007-08-17,3.800000,4.450000,3.800000,4.450000,4.450000,477500
2007-08-20,4.300000,4.300000,4.020000,4.100000,4.100000,81200
2007-08-21,4.150000,4.180000,4.080000,4.100000,4.100000,76300
2007-08-22,4.150000,4.250000,4.100000,4.250000,4.250000,89900
2007-08-23,4.250000,4.480000,4.220000,4.360000,4.360000,88900
2007-08-24,4.400000,4.400000,4.120000,4.350000,4.350000,156800
2007-08-27,4.450000,4.450000,4.200000,4.210000,4.210000,21200
2007-08-28,4.210000,4.240000,3.970000,4.180000,4.180000,59000
2007-08-29,4.200000,4.200000,4.060000,4.080000,4.080000,17000
2007-08-30,4.080000,4.210000,3.970000,4.160000,4.160000,86700
2007-08-31,4.150000,4.200000,3.970000,4.200000,4.200000,52900
2007-09-04,4.200000,4.200000,3.970000,4.190000,4.190000,32400
2007-09-05,4.190000,4.190000,4.040000,4.120000,4.120000,13700
2007-09-06,4.150000,4.180000,4.050000,4.140000,4.140000,18700
2007-09-07,4.070000,4.100000,3.580000,4.100000,4.100000,135000
2007-09-10,4.090000,4.090000,4.010000,4.040000,4.040000,31900
2007-09-11,4.040000,4.100000,3.970000,3.980000,3.980000,49300
2007-09-12,4.000000,4.140000,4.000000,4.020000,4.020000,30200
2007-09-13,4.060000,4.110000,4.040000,4.060000,4.060000,25400
2007-09-14,4.090000,4.090000,4.010000,4.080000,4.080000,11600
2007-09-17,4.080000,4.080000,3.900000,4.050000,4.050000,66200
2007-09-18,4.000000,4.070000,4.000000,4.060000,4.060000,39100
2007-09-19,4.100000,4.250000,4.100000,4.150000,4.150000,170700
2007-09-20,4.000000,4.250000,4.000000,4.100000,4.100000,91900
2007-09-21,4.090000,4.150000,4.010000,4.040000,4.040000,84000
2007-09-24,4.060000,4.130000,4.010000,4.130000,4.130000,84700
2007-09-25,4.100000,4.190000,4.000000,4.000000,4.000000,44000
2007-09-26,4.010000,4.080000,3.990000,3.990000,3.990000,53700
2007-09-27,4.000000,4.050000,4.000000,4.010000,4.010000,60300
2007-09-28,4.000000,4.050000,3.990000,4.040000,4.040000,31900
2007-10-01,3.980000,4.080000,3.980000,4.010000,4.010000,45200
2007-10-02,4.000000,4.030000,3.900000,3.940000,3.940000,44200
2007-10-03,3.960000,4.040000,3.960000,3.980000,3.980000,58200
2007-10-04,3.960000,4.010000,3.950000,4.000000,4.000000,56200
2007-10-05,4.000000,4.050000,3.980000,4.050000,4.050000,77200
2007-10-08,3.970000,4.050000,3.970000,4.040000,4.040000,49700
2007-10-09,4.040000,4.050000,3.940000,4.050000,4.050000,42700
2007-10-10,4.050000,4.360000,3.910000,4.290000,4.290000,178800
2007-10-11,4.400000,4.530000,4.100000,4.230000,4.230000,314300
2007-10-12,4.230000,4.280000,4.150000,4.150000,4.150000,64600
2007-10-15,4.180000,4.280000,4.110000,4.150000,4.150000,85100
2007-10-16,4.210000,4.430000,4.100000,4.170000,4.170000,155500
2007-10-17,4.210000,4.260000,4.170000,4.200000,4.200000,51100
2007-10-18,4.200000,4.400000,4.180000,4.400000,4.400000,89700
2007-10-19,4.400000,4.400000,4.200000,4.300000,4.300000,58600
2007-10-22,4.250000,4.250000,4.100000,4.170000,4.170000,62200
2007-10-23,4.140000,4.220000,4.110000,4.190000,4.190000,49900
2007-10-24,4.180000,4.300000,4.180000,4.260000,4.260000,39500
2007-10-25,4.300000,4.300000,4.200000,4.300000,4.300000,43500
2007-10-26,4.300000,4.340000,4.170000,4.330000,4.330000,64300
2007-10-29,4.500000,4.500000,4.210000,4.320000,4.320000,42600
2007-10-30,4.380000,4.380000,4.210000,4.220000,4.220000,43700
2007-10-31,4.200000,4.270000,4.170000,4.230000,4.230000,38000
2007-11-01,4.240000,4.370000,4.190000,4.220000,4.220000,111300
2007-11-02,4.240000,4.240000,4.110000,4.200000,4.200000,64500
2007-11-05,4.000000,4.150000,4.000000,4.050000,4.050000,49300
2007-11-06,4.150000,4.150000,3.960000,4.070000,4.070000,80100
2007-11-07,4.000000,4.070000,3.900000,4.070000,4.070000,77200
2007-11-08,4.090000,4.090000,3.940000,4.000000,4.000000,71200
2007-11-09,4.000000,4.000000,3.720000,3.760000,3.760000,70200
2007-11-12,3.700000,3.750000,3.510000,3.510000,3.510000,87900
2007-11-13,3.540000,3.950000,3.540000,3.900000,3.900000,79800
2007-11-14,3.980000,3.980000,3.850000,3.880000,3.880000,30800
2007-11-15,3.910000,3.960000,3.750000,3.750000,3.750000,21900
2007-11-16,3.770000,3.770000,3.650000,3.700000,3.700000,39900
2007-11-19,3.700000,3.700000,3.470000,3.500000,3.500000,90700
2007-11-20,3.550000,3.560000,3.450000,3.530000,3.530000,69300
2007-11-21,3.500000,3.540000,3.450000,3.540000,3.540000,26900
2007-11-23,3.860000,4.060000,3.470000,3.470000,3.470000,6000
2007-11-26,3.500000,3.530000,3.400000,3.400000,3.400000,72100
2007-11-27,3.710000,3.710000,2.800000,3.060000,3.060000,187800
2007-11-28,3.200000,3.260000,3.120000,3.220000,3.220000,63900
2007-11-29,3.160000,3.560000,3.100000,3.480000,3.480000,83800
2007-11-30,3.500000,3.510000,3.170000,3.200000,3.200000,32300
2007-12-03,3.240000,3.240000,2.500000,2.660000,2.660000,247900
2007-12-04,2.600000,2.750000,2.600000,2.700000,2.700000,70000
2007-12-05,2.800000,3.050000,2.660000,2.960000,2.960000,136800
2007-12-06,3.030000,3.270000,2.990000,3.220000,3.220000,103800
2007-12-07,3.260000,3.600000,3.200000,3.240000,3.240000,72800
2007-12-10,3.150000,3.350000,3.150000,3.330000,3.330000,67200
2007-12-11,3.350000,3.400000,3.110000,3.160000,3.160000,55300
2007-12-12,3.600000,3.600000,3.040000,3.050000,3.050000,29100
2007-12-13,3.100000,3.280000,3.100000,3.250000,3.250000,74700
2007-12-14,3.250000,3.350000,3.030000,3.120000,3.120000,36400
2007-12-17,3.070000,3.170000,3.070000,3.100000,3.100000,27700
2007-12-18,3.020000,3.170000,2.850000,2.980000,2.980000,104200
2007-12-19,2.890000,3.050000,2.860000,2.990000,2.990000,86900
2007-12-20,3.040000,3.040000,2.880000,2.890000,2.890000,52400
2007-12-21,2.900000,3.350000,2.900000,3.350000,3.350000,120500
2007-12-24,3.400000,3.400000,3.000000,3.180000,3.180000,42200
2007-12-26,3.010000,3.290000,3.000000,3.050000,3.050000,78400
2007-12-27,3.070000,3.100000,2.850000,2.950000,2.950000,71900
2007-12-28,2.950000,3.050000,2.800000,2.850000,2.850000,167100
2007-12-31,2.890000,2.910000,2.750000,2.850000,2.850000,128000
2008-01-02,2.900000,2.910000,2.620000,2.890000,2.890000,66600
2008-01-03,2.860000,2.990000,2.830000,2.900000,2.900000,73000
2008-01-04,2.880000,2.890000,2.720000,2.890000,2.890000,22600
2008-01-07,3.140000,3.140000,2.750000,2.840000,2.840000,46600
2008-01-08,2.860000,2.910000,2.750000,2.790000,2.790000,24800
2008-01-09,2.880000,2.880000,2.720000,2.790000,2.790000,50100
2008-01-10,2.800000,3.900000,2.800000,3.400000,3.400000,109400
2008-01-11,3.090000,3.390000,3.000000,3.040000,3.040000,123900
2008-01-14,3.150000,3.250000,2.920000,3.240000,3.240000,100600
2008-01-15,3.370000,3.370000,3.000000,3.060000,3.060000,68200
2008-01-16,3.050000,3.050000,2.850000,2.950000,2.950000,64500
2008-01-17,2.960000,2.970000,2.900000,2.970000,2.970000,49600
2008-01-18,2.940000,2.970000,2.900000,2.910000,2.910000,34200
2008-01-22,2.660000,2.880000,2.660000,2.730000,2.730000,61300
2008-01-23,2.790000,2.900000,2.750000,2.900000,2.900000,32800
2008-01-24,2.800000,2.850000,2.760000,2.780000,2.780000,18200
2008-01-25,2.820000,2.830000,2.780000,2.780000,2.780000,33200
2008-01-28,2.780000,2.900000,2.750000,2.880000,2.880000,47300
2008-01-29,2.900000,3.100000,2.900000,3.100000,3.100000,50000
2008-01-30,2.950000,3.000000,2.820000,2.870000,2.870000,36700
2008-01-31,2.840000,3.000000,2.770000,2.950000,2.950000,61400
2008-02-01,2.900000,2.900000,2.780000,2.850000,2.850000,18700
2008-02-04,2.990000,3.040000,2.900000,3.000000,3.000000,110700
2008-02-05,3.000000,3.000000,2.850000,2.900000,2.900000,58200
2008-02-06,2.850000,2.930000,2.850000,2.880000,2.880000,18200
2008-02-07,2.900000,2.900000,2.810000,2.820000,2.820000,52700
2008-02-08,2.810000,2.870000,2.800000,2.840000,2.840000,23400
2008-02-11,2.980000,2.980000,2.800000,2.820000,2.820000,37000
2008-02-12,2.810000,2.810000,2.700000,2.750000,2.750000,92700
2008-02-13,2.750000,2.850000,2.750000,2.790000,2.790000,23800
2008-02-14,2.720000,2.830000,2.720000,2.790000,2.790000,25200
2008-02-15,2.800000,2.800000,2.720000,2.750000,2.750000,42800
2008-02-19,2.730000,2.780000,2.730000,2.730000,2.730000,36500
2008-02-20,2.750000,2.750000,2.500000,2.580000,2.580000,192300
2008-02-21,2.550000,2.650000,2.550000,2.610000,2.610000,35600
2008-02-22,2.710000,2.710000,2.510000,2.630000,2.630000,35800
2008-02-25,2.720000,2.800000,2.510000,2.640000,2.640000,104800
2008-02-26,2.690000,2.690000,2.510000,2.600000,2.600000,36500
2008-02-27,2.530000,2.600000,2.500000,2.550000,2.550000,50300
2008-02-28,2.510000,2.630000,2.510000,2.600000,2.600000,64900
2008-02-29,2.750000,2.750000,2.600000,2.620000,2.620000,60400
2008-03-03,2.620000,2.700000,2.620000,2.680000,2.680000,46500
2008-03-04,2.710000,2.710000,2.560000,2.610000,2.610000,35000
2008-03-05,2.710000,2.710000,2.540000,2.550000,2.550000,20400
2008-03-06,2.600000,2.610000,2.550000,2.590000,2.590000,35600
2008-03-07,2.580000,2.690000,2.500000,2.530000,2.530000,90100
2008-03-10,2.530000,2.550000,2.150000,2.240000,2.240000,109400
2008-03-11,2.200000,2.650000,2.150000,2.610000,2.610000,116400
2008-03-12,2.600000,2.600000,2.360000,2.470000,2.470000,91600
2008-03-13,2.260000,2.530000,2.260000,2.450000,2.450000,29300
2008-03-14,2.500000,2.500000,2.370000,2.400000,2.400000,25600
2008-03-17,2.400000,2.400000,2.150000,2.190000,2.190000,116200
2008-03-18,2.310000,2.330000,2.200000,2.280000,2.280000,72900
2008-03-19,2.280000,2.350000,2.230000,2.230000,2.230000,55500
2008-03-20,2.100000,2.200000,2.080000,2.120000,2.120000,105700
2008-03-24,2.180000,2.300000,2.120000,2.300000,2.300000,88100
2008-03-25,2.300000,2.340000,2.190000,2.240000,2.240000,97400
2008-03-26,2.230000,2.240000,2.200000,2.240000,2.240000,59500
2008-03-27,2.240000,2.290000,2.100000,2.260000,2.260000,77200
2008-03-28,2.360000,2.360000,2.060000,2.110000,2.110000,80100
2008-03-31,2.020000,2.170000,2.000000,2.060000,2.060000,107200
2008-04-01,2.050000,2.300000,2.000000,2.190000,2.190000,156500
2008-04-02,2.170000,2.170000,2.010000,2.060000,2.060000,56600
2008-04-03,2.050000,2.160000,1.960000,2.000000,2.000000,138600
2008-04-04,2.060000,2.100000,1.910000,2.080000,2.080000,169400
2008-04-07,2.120000,2.220000,1.970000,2.010000,2.010000,139700
2008-04-08,2.000000,2.000000,1.940000,1.960000,1.960000,79100
2008-04-09,1.980000,1.980000,1.820000,1.890000,1.890000,125100
2008-04-10,1.890000,1.900000,1.770000,1.770000,1.770000,137600
2008-04-11,1.790000,1.800000,1.550000,1.680000,1.680000,239100
2008-04-14,1.700000,1.750000,1.510000,1.750000,1.750000,288000
2008-04-15,1.810000,1.880000,1.710000,1.720000,1.720000,191000
2008-04-16,1.700000,1.720000,1.650000,1.720000,1.720000,55000
2008-04-17,1.750000,1.780000,1.720000,1.770000,1.770000,87900
2008-04-18,1.760000,1.780000,1.690000,1.750000,1.750000,27700
2008-04-21,1.750000,1.840000,1.720000,1.740000,1.740000,197900
2008-04-22,1.760000,1.760000,1.710000,1.720000,1.720000,17200
2008-04-23,1.700000,1.770000,1.700000,1.750000,1.750000,25500
2008-04-24,1.740000,1.740000,1.620000,1.710000,1.710000,137400
2008-04-25,1.700000,1.720000,1.660000,1.700000,1.700000,39300
2008-04-28,1.700000,1.700000,1.580000,1.650000,1.650000,76000
2008-04-29,1.620000,1.660000,1.560000,1.560000,1.560000,35200
2008-04-30,1.550000,1.690000,1.550000,1.670000,1.670000,54700
2008-05-01,1.650000,1.670000,1.630000,1.650000,1.650000,77100
2008-05-02,1.650000,1.680000,1.630000,1.680000,1.680000,49600
2008-05-05,1.700000,1.700000,1.630000,1.640000,1.640000,53500
2008-05-06,1.660000,1.670000,1.630000,1.630000,1.630000,33300
2008-05-07,1.630000,1.700000,1.630000,1.680000,1.680000,146900
2008-05-08,1.700000,2.030000,1.690000,1.920000,1.920000,399000
2008-05-09,1.880000,1.920000,1.800000,1.880000,1.880000,159500
2008-05-12,1.900000,1.900000,1.770000,1.800000,1.800000,81000
2008-05-13,1.820000,2.080000,1.750000,1.980000,1.980000,245900
2008-05-14,2.010000,2.350000,1.980000,2.280000,2.280000,679200
2008-05-15,2.280000,2.310000,2.240000,2.250000,2.250000,186400
2008-05-16,2.300000,2.420000,2.260000,2.410000,2.410000,261400
2008-05-19,2.410000,2.500000,2.300000,2.320000,2.320000,212300
2008-05-20,2.300000,2.300000,2.140000,2.280000,2.280000,127000
2008-05-21,2.260000,2.300000,2.250000,2.280000,2.280000,90200
2008-05-22,2.290000,2.550000,2.270000,2.450000,2.450000,162500
2008-05-23,2.500000,2.500000,2.390000,2.450000,2.450000,118200
2008-05-27,2.500000,2.550000,2.420000,2.500000,2.500000,402100
2008-05-28,2.470000,2.630000,2.340000,2.400000,2.400000,348300
2008-05-29,2.430000,2.440000,2.320000,2.400000,2.400000,300200
2008-05-30,2.460000,2.820000,2.300000,2.300000,2.300000,886600
2008-06-02,2.500000,2.500000,2.250000,2.300000,2.300000,217200
2008-06-03,2.400000,2.400000,2.150000,2.150000,2.150000,246300
2008-06-04,2.180000,2.180000,1.930000,1.950000,1.950000,997600
2008-06-05,1.980000,2.020000,1.930000,1.980000,1.980000,213500
2008-06-06,2.000000,2.000000,1.880000,1.920000,1.920000,365200
2008-06-09,2.050000,2.050000,1.780000,1.820000,1.820000,151400
2008-06-10,1.780000,1.840000,1.760000,1.790000,1.790000,98400
2008-06-11,1.750000,1.820000,1.750000,1.790000,1.790000,112400
2008-06-12,1.750000,1.840000,1.750000,1.780000,1.780000,232600
2008-06-13,1.780000,1.810000,1.770000,1.770000,1.770000,67700
2008-06-16,1.790000,1.930000,1.760000,1.830000,1.830000,206100
2008-06-17,1.850000,1.900000,1.800000,1.850000,1.850000,174300
2008-06-18,1.870000,1.870000,1.790000,1.800000,1.800000,109100
2008-06-19,1.790000,1.820000,1.730000,1.780000,1.780000,141300
2008-06-20,1.760000,1.780000,1.710000,1.710000,1.710000,78400
2008-06-23,1.740000,1.790000,1.620000,1.630000,1.630000,249000
2008-06-24,1.650000,1.660000,1.500000,1.510000,1.510000,552300
2008-06-25,1.530000,1.750000,1.460000,1.670000,1.670000,366400
2008-06-26,1.510000,1.750000,1.510000,1.610000,1.610000,186300
2008-06-27,1.690000,1.700000,1.470000,1.540000,1.540000,2667600
2008-06-30,1.690000,1.690000,1.510000,1.520000,1.520000,346200
2008-07-01,1.500000,1.550000,1.340000,1.360000,1.360000,609900
2008-07-02,1.380000,1.380000,1.130000,1.190000,1.190000,734100
2008-07-03,1.210000,1.410000,1.180000,1.270000,1.270000,274300
2008-07-07,1.300000,1.370000,1.300000,1.350000,1.350000,234500
2008-07-08,1.390000,1.580000,1.300000,1.500000,1.500000,419300
2008-07-09,1.490000,1.490000,1.400000,1.410000,1.410000,141300
2008-07-10,1.410000,1.410000,1.350000,1.370000,1.370000,98300
2008-07-11,1.320000,1.700000,1.320000,1.440000,1.440000,85300
2008-07-14,1.470000,1.480000,1.350000,1.390000,1.390000,103400
2008-07-15,1.350000,1.480000,1.340000,1.470000,1.470000,301600
2008-07-16,1.480000,1.550000,1.460000,1.540000,1.540000,218600
2008-07-17,1.530000,1.750000,1.500000,1.740000,1.740000,184300
2008-07-18,1.750000,1.910000,1.750000,1.790000,1.790000,234900
2008-07-21,1.780000,1.800000,1.640000,1.690000,1.690000,122500
2008-07-22,1.630000,1.840000,1.590000,1.820000,1.820000,148000
2008-07-23,2.010000,2.010000,1.830000,1.890000,1.890000,111000
2008-07-24,1.930000,1.930000,1.760000,1.800000,1.800000,169500
2008-07-25,1.840000,1.860000,1.800000,1.860000,1.860000,100200
2008-07-28,1.900000,1.900000,1.640000,1.650000,1.650000,122900
2008-07-29,1.650000,1.750000,1.630000,1.750000,1.750000,100600
2008-07-30,1.750000,1.800000,1.700000,1.800000,1.800000,65900
2008-07-31,1.780000,1.900000,1.740000,1.860000,1.860000,84800
2008-08-01,1.850000,1.850000,1.770000,1.780000,1.780000,36800
2008-08-04,1.800000,1.850000,1.660000,1.850000,1.850000,86100
2008-08-05,1.820000,1.890000,1.780000,1.790000,1.790000,72800
2008-08-06,1.820000,2.000000,1.820000,1.970000,1.970000,147200
2008-08-07,1.970000,1.970000,1.770000,1.830000,1.830000,163400
2008-08-08,1.830000,1.980000,1.790000,1.850000,1.850000,144700
2008-08-11,1.850000,1.950000,1.800000,1.950000,1.950000,170400
2008-08-12,2.000000,2.000000,1.900000,1.960000,1.960000,107300
2008-08-13,1.980000,2.000000,1.820000,1.980000,1.980000,187800
2008-08-14,1.900000,2.060000,1.900000,2.060000,2.060000,174700
2008-08-15,2.090000,2.130000,1.920000,1.990000,1.990000,128600
2008-08-18,1.950000,1.980000,1.820000,1.870000,1.870000,66500
2008-08-19,1.870000,1.960000,1.750000,1.760000,1.760000,39000
2008-08-20,1.760000,1.830000,1.750000,1.810000,1.810000,71800
2008-08-21,1.930000,1.950000,1.800000,1.830000,1.830000,140400
2008-08-22,2.030000,2.030000,1.790000,1.850000,1.850000,96900
2008-08-25,1.880000,1.880000,1.740000,1.790000,1.790000,61500
2008-08-26,1.750000,1.780000,1.750000,1.760000,1.760000,54400
2008-08-27,1.730000,1.830000,1.700000,1.820000,1.820000,69500
2008-08-28,1.860000,1.990000,1.830000,1.920000,1.920000,148000
2008-08-29,1.930000,2.110000,1.860000,2.090000,2.090000,752700
2008-09-02,2.050000,2.180000,1.870000,1.930000,1.930000,347200
2008-09-03,1.900000,2.020000,1.900000,2.020000,2.020000,119300
2008-09-04,2.050000,2.150000,1.960000,1.980000,1.980000,87100
2008-09-05,2.020000,2.020000,1.820000,1.870000,1.870000,159500
2008-09-08,1.970000,1.970000,1.760000,1.890000,1.890000,156800
2008-09-09,2.010000,2.020000,1.780000,1.780000,1.780000,120900
2008-09-10,1.820000,1.820000,1.600000,1.600000,1.600000,212400
2008-09-11,1.610000,1.680000,1.550000,1.650000,1.650000,149100
2008-09-12,1.650000,1.830000,1.650000,1.770000,1.770000,96300
2008-09-15,1.630000,1.850000,1.610000,1.610000,1.610000,189800
2008-09-16,1.510000,1.710000,0.870000,1.710000,1.710000,244600
2008-09-17,1.840000,1.840000,1.480000,1.490000,1.490000,116200
2008-09-18,1.450000,1.990000,1.430000,1.990000,1.990000,511400
2008-09-19,2.390000,2.390000,1.730000,2.050000,2.050000,674000
2008-09-22,2.220000,2.220000,1.660000,1.710000,1.710000,313400
2008-09-23,1.680000,1.810000,1.660000,1.730000,1.730000,111000
2008-09-24,1.650000,2.190000,1.630000,1.640000,1.640000,261300
2008-09-25,1.750000,1.750000,1.600000,1.680000,1.680000,134300
2008-09-26,1.660000,1.670000,1.520000,1.620000,1.620000,209300
2008-09-29,1.650000,1.690000,1.440000,1.690000,1.690000,271800
2008-09-30,1.840000,1.840000,1.660000,1.750000,1.750000,167900
2008-10-01,1.650000,1.790000,1.610000,1.610000,1.610000,84100
2008-10-02,1.610000,1.740000,1.480000,1.540000,1.540000,117400
2008-10-03,1.580000,1.750000,1.450000,1.450000,1.450000,221800
2008-10-06,1.410000,1.540000,1.350000,1.450000,1.450000,188500
2008-10-07,1.530000,1.590000,1.380000,1.390000,1.390000,115600
2008-10-08,1.380000,1.510000,1.360000,1.410000,1.410000,159700
2008-10-09,1.450000,1.450000,1.210000,1.210000,1.210000,179200
2008-10-10,1.210000,1.680000,1.160000,1.680000,1.680000,385400
2008-10-13,1.740000,1.800000,1.420000,1.610000,1.610000,319900
2008-10-14,1.650000,1.650000,1.400000,1.540000,1.540000,94400
2008-10-15,1.540000,1.560000,1.220000,1.220000,1.220000,130500
2008-10-16,1.240000,1.600000,1.240000,1.600000,1.600000,169100
2008-10-17,1.580000,1.700000,1.410000,1.520000,1.520000,223600
2008-10-20,1.630000,1.630000,1.400000,1.540000,1.540000,118500
2008-10-21,1.460000,1.600000,1.350000,1.490000,1.490000,195700
2008-10-22,1.430000,1.430000,1.260000,1.260000,1.260000,125600
2008-10-23,1.320000,1.380000,1.260000,1.320000,1.320000,185500
2008-10-24,1.240000,1.300000,1.210000,1.280000,1.280000,94400
2008-10-27,1.250000,1.300000,1.100000,1.110000,1.110000,117000
2008-10-28,1.010000,1.270000,1.010000,1.270000,1.270000,148200
2008-10-29,1.270000,1.300000,1.110000,1.210000,1.210000,205800
2008-10-30,1.250000,1.370000,1.210000,1.370000,1.370000,73600
2008-10-31,1.410000,1.550000,1.350000,1.530000,1.530000,253400
2008-11-03,1.580000,1.600000,1.450000,1.470000,1.470000,67400
2008-11-04,1.550000,1.550000,1.410000,1.510000,1.510000,59900
2008-11-05,1.490000,1.510000,1.450000,1.450000,1.450000,66900
2008-11-06,1.440000,1.480000,1.350000,1.350000,1.350000,93400
2008-11-07,1.400000,1.410000,1.300000,1.350000,1.350000,67500
2008-11-10,1.320000,1.390000,1.250000,1.270000,1.270000,79300
2008-11-11,1.270000,1.430000,1.250000,1.300000,1.300000,132300
2008-11-12,1.200000,1.420000,1.200000,1.200000,1.200000,66900
2008-11-13,1.170000,1.330000,1.010000,1.300000,1.300000,213000
2008-11-14,1.210000,1.290000,1.050000,1.170000,1.170000,663700
2008-11-17,1.160000,1.250000,1.080000,1.170000,1.170000,74100
2008-11-18,1.180000,1.250000,1.160000,1.210000,1.210000,94700
2008-11-19,1.150000,1.250000,1.080000,1.080000,1.080000,211500
2008-11-20,1.080000,1.250000,1.080000,1.240000,1.240000,127300
2008-11-21,1.250000,1.250000,1.140000,1.220000,1.220000,157700
2008-11-24,1.100000,1.340000,1.100000,1.340000,1.340000,210100
2008-11-25,1.340000,1.380000,1.210000,1.370000,1.370000,214100
2008-11-26,1.320000,1.530000,1.200000,1.530000,1.530000,134900
2008-11-28,1.480000,1.610000,1.420000,1.550000,1.550000,83600
2008-12-01,1.480000,1.480000,1.160000,1.160000,1.160000,89200
2008-12-02,1.200000,1.370000,1.200000,1.340000,1.340000,122900
2008-12-03,1.290000,1.470000,1.290000,1.350000,1.350000,121400
2008-12-04,1.400000,1.620000,1.340000,1.340000,1.340000,264600
2008-12-05,1.250000,1.450000,1.200000,1.360000,1.360000,108900
2008-12-08,1.400000,1.650000,1.350000,1.650000,1.650000,178400
2008-12-09,1.570000,1.650000,1.220000,1.400000,1.400000,125100
2008-12-10,1.350000,1.470000,1.340000,1.400000,1.400000,43700
2008-12-11,1.370000,1.430000,1.260000,1.260000,1.260000,52800
2008-12-12,1.300000,1.600000,1.280000,1.600000,1.600000,91900
2008-12-15,1.540000,1.540000,1.350000,1.360000,1.360000,79400
2008-12-16,1.410000,1.500000,1.360000,1.410000,1.410000,150700
2008-12-17,1.500000,1.500000,1.310000,1.380000,1.380000,219400
2008-12-18,1.390000,1.440000,1.310000,1.360000,1.360000,86000
2008-12-19,1.430000,1.510000,1.350000,1.350000,1.350000,384200
2008-12-22,1.350000,1.550000,1.350000,1.550000,1.550000,95900
2008-12-23,1.530000,1.750000,1.320000,1.590000,1.590000,178000
2008-12-24,1.590000,1.610000,1.590000,1.610000,1.610000,59500
2008-12-26,1.620000,1.640000,1.500000,1.590000,1.590000,160100
2008-12-29,1.440000,1.700000,1.400000,1.430000,1.430000,138500
2008-12-30,1.450000,1.630000,1.430000,1.570000,1.570000,80700
2008-12-31,1.570000,1.720000,1.560000,1.620000,1.620000,390000
2009-01-02,1.620000,1.620000,1.550000,1.580000,1.580000,67600
2009-01-05,1.610000,1.680000,1.500000,1.610000,1.610000,72000
2009-01-06,1.630000,1.700000,1.630000,1.680000,1.680000,72000
2009-01-07,1.600000,1.700000,1.500000,1.570000,1.570000,65600
2009-01-08,1.560000,1.700000,1.550000,1.700000,1.700000,51500
2009-01-09,1.700000,1.700000,1.590000,1.590000,1.590000,78900
2009-01-12,1.590000,1.590000,1.430000,1.430000,1.430000,93900
2009-01-13,1.430000,1.470000,1.410000,1.410000,1.410000,66600
2009-01-14,1.410000,1.430000,1.300000,1.300000,1.300000,103700
2009-01-15,1.340000,1.350000,1.260000,1.300000,1.300000,87700
2009-01-16,1.330000,1.500000,1.330000,1.430000,1.430000,123900
2009-01-20,1.400000,1.470000,1.290000,1.290000,1.290000,79300
2009-01-21,1.250000,1.390000,1.250000,1.320000,1.320000,78900
2009-01-22,1.290000,1.330000,1.250000,1.250000,1.250000,78200
2009-01-23,1.300000,1.590000,1.300000,1.480000,1.480000,239500
2009-01-26,1.620000,1.650000,1.480000,1.510000,1.510000,87600
2009-01-27,1.510000,1.560000,1.430000,1.440000,1.440000,48100
2009-01-28,1.430000,1.490000,1.370000,1.470000,1.470000,37600
2009-01-29,1.450000,1.460000,1.400000,1.400000,1.400000,39600
2009-01-30,1.370000,1.390000,1.310000,1.310000,1.310000,58300
2009-02-02,1.330000,1.540000,1.330000,1.490000,1.490000,138100
2009-02-03,1.420000,1.530000,1.410000,1.450000,1.450000,91500
2009-02-04,1.440000,1.480000,1.340000,1.350000,1.350000,146800
2009-02-05,1.340000,1.350000,1.260000,1.280000,1.280000,132600
2009-02-06,1.260000,1.310000,1.250000,1.300000,1.300000,64700
2009-02-09,1.220000,1.330000,1.220000,1.270000,1.270000,63900
2009-02-10,1.300000,1.300000,1.210000,1.210000,1.210000,96700
2009-02-11,1.250000,1.290000,1.230000,1.240000,1.240000,36300
2009-02-12,1.310000,1.380000,1.210000,1.270000,1.270000,93700
2009-02-13,1.280000,1.280000,1.200000,1.250000,1.250000,60300
2009-02-17,1.300000,1.300000,1.210000,1.210000,1.210000,40800
2009-02-18,1.220000,1.220000,1.160000,1.160000,1.160000,28400
2009-02-19,1.190000,1.190000,1.130000,1.140000,1.140000,66300
2009-02-20,1.110000,1.130000,1.070000,1.100000,1.100000,164300
2009-02-23,1.200000,1.200000,1.020000,1.020000,1.020000,196700
2009-02-24,1.040000,1.110000,0.890000,1.100000,1.100000,269900
2009-02-25,0.970000,1.240000,0.880000,1.070000,1.070000,74500
2009-02-26,1.080000,1.090000,0.990000,1.010000,1.010000,174100
2009-02-27,1.000000,1.130000,0.940000,1.130000,1.130000,280000
2009-03-02,1.080000,1.090000,0.990000,1.000000,1.000000,99900
2009-03-03,0.970000,1.030000,0.930000,0.980000,0.980000,122300
2009-03-04,1.010000,1.020000,0.910000,0.990000,0.990000,177200
2009-03-05,1.070000,1.070000,0.880000,0.910000,0.910000,341800
2009-03-06,0.920000,0.920000,0.590000,0.800000,0.800000,1521600
2009-03-09,0.800000,0.800000,0.620000,0.680000,0.680000,413700
2009-03-10,0.670000,0.680000,0.610000,0.680000,0.680000,239300
2009-03-11,0.700000,0.700000,0.550000,0.600000,0.600000,265100
2009-03-12,0.610000,0.640000,0.550000,0.620000,0.620000,595000
2009-03-13,0.620000,0.630000,0.610000,0.610000,0.610000,163000
2009-03-16,0.610000,0.750000,0.570000,0.700000,0.700000,2398600
2009-03-17,0.650000,0.690000,0.640000,0.640000,0.640000,259000
2009-03-18,0.690000,0.860000,0.670000,0.830000,0.830000,283200
2009-03-19,0.900000,0.940000,0.770000,0.790000,0.790000,187000
2009-03-20,0.800000,0.810000,0.730000,0.770000,0.770000,239500
2009-03-23,0.800000,0.830000,0.750000,0.830000,0.830000,170600
2009-03-24,0.800000,0.890000,0.660000,0.810000,0.810000,224300
2009-03-25,0.810000,0.870000,0.800000,0.870000,0.870000,335500
2009-03-26,0.840000,1.030000,0.840000,1.030000,1.030000,386200
2009-03-27,1.060000,1.060000,0.940000,1.020000,1.020000,322500
2009-03-30,0.950000,1.000000,0.950000,0.970000,0.970000,98600
2009-03-31,1.000000,1.000000,0.940000,0.980000,0.980000,109100
2009-04-01,0.990000,0.990000,0.880000,0.980000,0.980000,117500
2009-04-02,1.000000,1.020000,0.980000,1.010000,1.010000,206300
2009-04-03,1.000000,1.050000,0.980000,1.050000,1.050000,71600
2009-04-06,1.080000,1.080000,0.980000,1.040000,1.040000,45500
2009-04-07,1.020000,1.050000,1.000000,1.000000,1.000000,51400
2009-04-08,1.010000,1.030000,0.970000,1.030000,1.030000,65800
2009-04-09,1.050000,1.120000,1.010000,1.120000,1.120000,187300
2009-04-13,1.100000,1.120000,1.050000,1.120000,1.120000,88800
2009-04-14,1.100000,1.120000,1.030000,1.030000,1.030000,62500
2009-04-15,1.120000,1.190000,1.010000,1.050000,1.050000,66100
2009-04-16,1.060000,1.100000,1.030000,1.090000,1.090000,100100
2009-04-17,1.100000,1.250000,1.060000,1.250000,1.250000,158400
2009-04-20,1.240000,1.240000,1.110000,1.200000,1.200000,168200
2009-04-21,1.200000,1.240000,1.180000,1.230000,1.230000,131500
2009-04-22,1.250000,1.250000,1.180000,1.200000,1.200000,75400
2009-04-23,1.200000,1.200000,1.120000,1.180000,1.180000,50000
2009-04-24,1.150000,1.170000,1.100000,1.150000,1.150000,115400
2009-04-27,1.120000,1.240000,1.100000,1.180000,1.180000,285900
2009-04-28,1.170000,1.210000,1.130000,1.170000,1.170000,79000
2009-04-29,1.180000,1.220000,1.160000,1.220000,1.220000,58700
2009-04-30,1.220000,1.240000,1.160000,1.180000,1.180000,77800
2009-05-01,1.230000,1.230000,1.160000,1.160000,1.160000,81500
2009-05-04,1.190000,1.190000,1.140000,1.170000,1.170000,101000
2009-05-05,1.140000,1.180000,1.120000,1.160000,1.160000,95600
2009-05-06,1.130000,1.160000,1.110000,1.160000,1.160000,91200
2009-05-07,1.180000,1.180000,1.130000,1.170000,1.170000,90800
2009-05-08,1.180000,1.190000,1.070000,1.160000,1.160000,89300
2009-05-11,1.110000,1.170000,1.070000,1.150000,1.150000,138800
2009-05-12,1.150000,1.160000,1.120000,1.130000,1.130000,78000
2009-05-13,1.100000,1.100000,1.050000,1.070000,1.070000,117900
2009-05-14,1.070000,1.170000,1.000000,1.170000,1.170000,446200
2009-05-15,1.150000,1.450000,1.150000,1.270000,1.270000,433500
2009-05-18,1.300000,1.350000,1.200000,1.320000,1.320000,168800
2009-05-19,1.320000,1.340000,1.250000,1.340000,1.340000,142900
2009-05-20,1.350000,1.360000,1.260000,1.280000,1.280000,130700
2009-05-21,1.260000,1.260000,1.150000,1.200000,1.200000,81300
2009-05-22,1.100000,1.210000,1.090000,1.160000,1.160000,70200
2009-05-26,1.120000,1.200000,1.050000,1.190000,1.190000,120900
2009-05-27,1.190000,1.200000,1.120000,1.180000,1.180000,92800
2009-05-28,1.200000,1.250000,1.150000,1.240000,1.240000,73900
2009-05-29,1.200000,1.250000,1.170000,1.200000,1.200000,201600
2009-06-01,1.200000,1.260000,1.180000,1.200000,1.200000,207200
2009-06-02,1.200000,1.400000,1.190000,1.400000,1.400000,271400
2009-06-03,1.390000,1.420000,1.280000,1.410000,1.410000,268100
2009-06-04,1.420000,1.820000,1.300000,1.800000,1.800000,460000
2009-06-05,1.820000,1.880000,1.420000,1.570000,1.570000,455000
2009-06-08,1.720000,1.720000,1.540000,1.610000,1.610000,95800
2009-06-09,1.770000,1.770000,1.400000,1.570000,1.570000,299900
2009-06-10,1.570000,1.610000,1.430000,1.540000,1.540000,196800
2009-06-11,1.640000,1.640000,1.470000,1.520000,1.520000,161300
2009-06-12,1.460000,1.680000,1.460000,1.680000,1.680000,207300
2009-06-15,1.680000,1.680000,1.410000,1.440000,1.440000,206800
2009-06-16,1.580000,1.580000,1.410000,1.420000,1.420000,104100
2009-06-17,1.600000,1.620000,1.410000,1.460000,1.460000,109400
2009-06-18,1.590000,1.600000,1.500000,1.590000,1.590000,127300
2009-06-19,1.610000,1.890000,1.600000,1.870000,1.870000,737400
2009-06-22,1.850000,1.900000,1.600000,1.780000,1.780000,514800
2009-06-23,1.840000,1.840000,1.680000,1.720000,1.720000,116600
2009-06-24,1.710000,1.730000,1.600000,1.650000,1.650000,184900
2009-06-25,1.600000,1.800000,1.530000,1.770000,1.770000,164300
2009-06-26,1.760000,1.800000,1.660000,1.800000,1.800000,1231300
2009-06-29,1.790000,1.810000,1.650000,1.760000,1.760000,140200
2009-06-30,1.700000,1.800000,1.700000,1.770000,1.770000,217700
2009-07-01,1.790000,1.800000,1.710000,1.750000,1.750000,89900
2009-07-02,1.710000,1.800000,1.690000,1.750000,1.750000,124700
2009-07-06,1.740000,1.770000,1.600000,1.730000,1.730000,235900
2009-07-07,1.710000,1.730000,1.630000,1.640000,1.640000,107600
2009-07-08,1.650000,1.660000,1.550000,1.650000,1.650000,130800
2009-07-09,1.650000,1.700000,1.550000,1.550000,1.550000,110400
2009-07-10,1.550000,1.600000,1.540000,1.590000,1.590000,116400
2009-07-13,1.610000,1.620000,1.500000,1.620000,1.620000,94200
2009-07-14,1.620000,1.620000,1.570000,1.610000,1.610000,44200
2009-07-15,1.640000,1.730000,1.640000,1.730000,1.730000,148000
2009-07-16,1.710000,1.740000,1.680000,1.730000,1.730000,85200
2009-07-17,1.730000,1.740000,1.670000,1.690000,1.690000,95600
2009-07-20,1.750000,1.800000,1.700000,1.770000,1.770000,257500
2009-07-21,1.770000,1.800000,1.740000,1.780000,1.780000,102800
2009-07-22,1.710000,1.770000,1.700000,1.770000,1.770000,72300
2009-07-23,1.800000,1.820000,1.770000,1.800000,1.800000,314800
2009-07-24,1.800000,1.880000,1.770000,1.810000,1.810000,375400
2009-07-27,1.860000,2.180000,1.760000,2.110000,2.110000,740700
2009-07-28,2.330000,2.380000,2.010000,2.160000,2.160000,595100
2009-07-29,2.150000,2.300000,2.110000,2.250000,2.250000,498400
2009-07-30,2.230000,2.570000,2.230000,2.360000,2.360000,1140500
2009-07-31,2.350000,2.370000,2.200000,2.270000,2.270000,338700
2009-08-03,2.340000,2.340000,2.050000,2.110000,2.110000,512400
2009-08-04,2.090000,2.110000,2.020000,2.090000,2.090000,196200
2009-08-05,2.100000,2.150000,1.900000,2.000000,2.000000,297700
2009-08-06,2.010000,2.100000,1.890000,2.050000,2.050000,393500
2009-08-07,2.050000,2.220000,1.920000,2.040000,2.040000,492000
2009-08-10,2.070000,2.190000,2.050000,2.110000,2.110000,255400
2009-08-11,2.070000,2.200000,1.950000,2.040000,2.040000,205800
2009-08-12,2.050000,2.250000,2.050000,2.080000,2.080000,427600
2009-08-13,2.280000,2.360000,2.090000,2.320000,2.320000,530900
2009-08-14,2.310000,2.330000,2.150000,2.180000,2.180000,358000
2009-08-17,2.130000,2.250000,2.070000,2.090000,2.090000,187400
2009-08-18,2.180000,2.200000,2.080000,2.120000,2.120000,126600
2009-08-19,2.050000,2.160000,2.050000,2.150000,2.150000,79600
2009-08-20,2.150000,2.160000,2.060000,2.100000,2.100000,181300
2009-08-21,2.250000,2.250000,2.100000,2.170000,2.170000,222100
2009-08-24,2.170000,2.200000,2.110000,2.160000,2.160000,116200
2009-08-25,2.190000,2.330000,2.110000,2.320000,2.320000,298700
2009-08-26,2.190000,2.450000,2.190000,2.300000,2.300000,479200
2009-08-27,2.340000,2.360000,2.140000,2.350000,2.350000,215300
2009-08-28,2.500000,2.500000,2.280000,2.370000,2.370000,316500
2009-08-31,2.380000,2.440000,2.210000,2.330000,2.330000,842000
2009-09-01,2.400000,2.850000,2.300000,2.680000,2.680000,2428600
2009-09-02,2.610000,2.910000,2.450000,2.670000,2.670000,3777400
2009-09-03,2.620000,2.800000,2.540000,2.760000,2.760000,937800
2009-09-04,2.660000,2.760000,2.560000,2.610000,2.610000,622500
2009-09-08,2.400000,2.600000,2.400000,2.530000,2.530000,561300
2009-09-09,2.400000,2.650000,2.390000,2.550000,2.550000,404200
2009-09-10,2.450000,2.550000,2.450000,2.530000,2.530000,332800
2009-09-11,2.550000,2.550000,2.460000,2.490000,2.490000,311700
2009-09-14,2.400000,2.500000,2.330000,2.480000,2.480000,316800
2009-09-15,2.420000,2.480000,2.420000,2.470000,2.470000,189500
2009-09-16,2.400000,2.510000,2.400000,2.460000,2.460000,309600
2009-09-17,2.450000,2.490000,2.450000,2.480000,2.480000,143900
2009-09-18,2.420000,2.750000,2.420000,2.680000,2.680000,1251200
2009-09-21,2.650000,2.730000,2.500000,2.660000,2.660000,695900
2009-09-22,2.730000,2.730000,2.530000,2.590000,2.590000,270400
2009-09-23,2.600000,2.690000,2.550000,2.550000,2.550000,201300
2009-09-24,2.570000,2.700000,2.430000,2.450000,2.450000,381200
2009-09-25,2.450000,2.480000,2.400000,2.420000,2.420000,140800
2009-09-28,2.650000,2.650000,2.420000,2.450000,2.450000,125700
2009-09-29,2.450000,2.450000,2.320000,2.330000,2.330000,179700
2009-09-30,2.400000,2.410000,2.270000,2.280000,2.280000,203000
2009-10-01,2.260000,2.270000,2.090000,2.090000,2.090000,270800
2009-10-02,2.020000,2.370000,2.000000,2.220000,2.220000,369100
2009-10-05,2.400000,2.450000,2.240000,2.430000,2.430000,352000
2009-10-06,2.460000,2.500000,2.360000,2.380000,2.380000,205700
2009-10-07,2.390000,2.390000,2.270000,2.290000,2.290000,130100
2009-10-08,2.310000,2.350000,2.200000,2.290000,2.290000,192300
2009-10-09,2.250000,2.270000,2.200000,2.250000,2.250000,115200
2009-10-12,2.310000,2.450000,2.210000,2.210000,2.210000,94900
2009-10-13,2.250000,2.380000,2.230000,2.320000,2.320000,251100
2009-10-14,2.370000,2.380000,2.260000,2.350000,2.350000,104800
2009-10-15,2.340000,2.450000,2.300000,2.390000,2.390000,390100
2009-10-16,2.380000,2.450000,2.310000,2.430000,2.430000,197600
2009-10-19,2.500000,2.500000,2.300000,2.390000,2.390000,245700
2009-10-20,2.390000,2.400000,2.310000,2.340000,2.340000,110500
2009-10-21,2.330000,2.340000,2.200000,2.210000,2.210000,188200
2009-10-22,2.180000,2.310000,2.180000,2.240000,2.240000,184400
2009-10-23,2.250000,2.270000,2.150000,2.210000,2.210000,171600
2009-10-26,2.210000,2.210000,2.090000,2.130000,2.130000,160000
2009-10-27,2.120000,2.250000,2.090000,2.110000,2.110000,251900
2009-10-28,2.100000,2.110000,2.020000,2.060000,2.060000,287200
2009-10-29,2.080000,2.220000,2.000000,2.180000,2.180000,545500
2009-10-30,2.370000,2.370000,2.050000,2.170000,2.170000,329700
2009-11-02,2.180000,2.180000,2.020000,2.100000,2.100000,314400
2009-11-03,2.070000,2.220000,2.020000,2.180000,2.180000,297300
2009-11-04,2.230000,2.370000,2.060000,2.060000,2.060000,189700
2009-11-05,2.090000,2.180000,2.060000,2.130000,2.130000,161000
2009-11-06,2.090000,2.150000,2.070000,2.090000,2.090000,79800
2009-11-09,2.110000,2.150000,2.050000,2.080000,2.080000,107100
2009-11-10,2.060000,2.120000,2.050000,2.050000,2.050000,90800
2009-11-11,2.260000,2.260000,2.060000,2.080000,2.080000,148600
2009-11-12,2.080000,2.150000,2.030000,2.050000,2.050000,167400
2009-11-13,2.050000,2.090000,2.010000,2.020000,2.020000,146800
2009-11-16,2.050000,2.110000,2.010000,2.100000,2.100000,177900
2009-11-17,2.090000,2.100000,1.980000,2.040000,2.040000,188400
2009-11-18,2.010000,2.080000,2.010000,2.060000,2.060000,150600
2009-11-19,2.070000,2.080000,2.030000,2.040000,2.040000,125800
2009-11-20,2.040000,2.090000,2.040000,2.070000,2.070000,93900
2009-11-23,2.110000,2.120000,2.070000,2.100000,2.100000,92700
2009-11-24,2.050000,2.100000,1.990000,2.090000,2.090000,106800
2009-11-25,2.100000,2.110000,2.050000,2.050000,2.050000,92000
2009-11-27,2.050000,2.050000,1.980000,1.980000,1.980000,119500
2009-11-30,2.010000,2.010000,1.640000,1.750000,1.750000,1874300
2009-12-01,1.790000,1.790000,1.610000,1.650000,1.650000,3438400
2009-12-02,1.650000,1.770000,1.650000,1.770000,1.770000,313100
2009-12-03,1.650000,1.750000,1.630000,1.670000,1.670000,330900
2009-12-04,1.710000,1.740000,1.610000,1.720000,1.720000,281900
2009-12-07,1.750000,1.750000,1.650000,1.680000,1.680000,304100
2009-12-08,1.660000,1.680000,1.540000,1.550000,1.550000,368800
2009-12-09,1.560000,1.800000,1.500000,1.770000,1.770000,596700
2009-12-10,1.770000,1.800000,1.600000,1.710000,1.710000,230800
2009-12-11,1.700000,1.700000,1.610000,1.690000,1.690000,111400
2009-12-14,1.520000,1.730000,1.500000,1.630000,1.630000,179700
2009-12-15,1.620000,1.720000,1.550000,1.690000,1.690000,161500
2009-12-16,1.700000,1.720000,1.600000,1.610000,1.610000,181500
2009-12-17,1.600000,1.650000,1.600000,1.630000,1.630000,70500
2009-12-18,1.510000,1.950000,1.510000,1.730000,1.730000,585100
2009-12-21,1.730000,1.750000,1.680000,1.740000,1.740000,112000
2009-12-22,1.760000,1.790000,1.740000,1.750000,1.750000,125400
2009-12-23,1.770000,1.770000,1.670000,1.730000,1.730000,265400
2009-12-24,1.740000,1.740000,1.640000,1.680000,1.680000,78400
2009-12-28,1.710000,1.710000,1.610000,1.650000,1.650000,152000
2009-12-29,1.660000,1.680000,1.640000,1.670000,1.670000,100200
2009-12-30,1.660000,1.660000,1.600000,1.620000,1.620000,292000
2009-12-31,1.610000,1.950000,1.600000,1.830000,1.830000,219600
2010-01-04,1.800000,1.970000,1.760000,1.950000,1.950000,234500
2010-01-05,1.640000,1.950000,1.640000,1.930000,1.930000,135800
2010-01-06,1.900000,1.920000,1.770000,1.790000,1.790000,546600
2010-01-07,1.790000,1.940000,1.760000,1.920000,1.920000,138700
2010-01-08,1.920000,1.940000,1.860000,1.890000,1.890000,62500
2010-01-11,1.900000,1.950000,1.890000,1.910000,1.910000,130200
2010-01-12,1.890000,1.890000,1.790000,1.820000,1.820000,121300
2010-01-13,1.820000,1.840000,1.820000,1.830000,1.830000,47900
2010-01-14,1.840000,1.850000,1.820000,1.840000,1.840000,126600
2010-01-15,1.850000,1.850000,1.750000,1.760000,1.760000,175300
2010-01-19,1.770000,1.850000,1.760000,1.850000,1.850000,123400
2010-01-20,1.830000,1.880000,1.810000,1.880000,1.880000,100900
2010-01-21,1.850000,1.880000,1.710000,1.710000,1.710000,262300
2010-01-22,1.710000,1.800000,1.700000,1.720000,1.720000,114600
2010-01-25,1.740000,1.770000,1.710000,1.740000,1.740000,91300
2010-01-26,1.720000,1.840000,1.700000,1.790000,1.790000,137700
2010-01-27,1.780000,1.810000,1.770000,1.790000,1.790000,94100
2010-01-28,1.800000,1.820000,1.770000,1.780000,1.780000,129300
2010-01-29,1.760000,1.760000,1.660000,1.700000,1.700000,172500
2010-02-01,1.710000,1.750000,1.690000,1.740000,1.740000,119500
2010-02-02,1.740000,1.740000,1.670000,1.700000,1.700000,122500
2010-02-03,1.690000,1.730000,1.650000,1.710000,1.710000,150000
2010-02-04,1.700000,1.700000,1.600000,1.640000,1.640000,193900
2010-02-05,1.650000,1.660000,1.610000,1.630000,1.630000,93700
2010-02-08,1.640000,1.720000,1.640000,1.690000,1.690000,119700
2010-02-09,1.690000,1.690000,1.650000,1.680000,1.680000,52500
2010-02-10,1.680000,1.760000,1.670000,1.740000,1.740000,151000
2010-02-11,1.710000,2.200000,1.710000,1.940000,1.940000,2212300
2010-02-12,1.940000,2.100000,1.940000,2.030000,2.030000,739500
2010-02-16,2.030000,2.190000,2.010000,2.070000,2.070000,361400
2010-02-17,2.070000,2.070000,1.990000,2.030000,2.030000,219700
2010-02-18,2.030000,2.030000,1.990000,2.030000,2.030000,181700
2010-02-19,2.030000,2.030000,2.000000,2.020000,2.020000,116400
2010-02-22,2.050000,2.050000,2.020000,2.040000,2.040000,188300
2010-02-23,2.050000,2.070000,2.010000,2.050000,2.050000,255400
2010-02-24,2.060000,2.060000,1.960000,2.000000,2.000000,101800
2010-02-25,1.980000,2.010000,1.950000,2.010000,2.010000,96500
2010-02-26,2.000000,2.030000,1.990000,2.010000,2.010000,169400
2010-03-01,2.010000,2.070000,1.990000,2.050000,2.050000,271000
2010-03-02,2.040000,2.050000,2.000000,2.050000,2.050000,137600
2010-03-03,2.050000,2.070000,2.010000,2.020000,2.020000,175400
2010-03-04,2.020000,2.020000,2.000000,2.020000,2.020000,86700
2010-03-05,2.030000,2.050000,2.000000,2.050000,2.050000,170000
2010-03-08,2.060000,2.060000,2.000000,2.010000,2.010000,127100
2010-03-09,2.020000,2.030000,1.990000,2.010000,2.010000,151300
2010-03-10,2.050000,2.050000,1.990000,2.020000,2.020000,246900
2010-03-11,2.000000,2.030000,1.970000,2.030000,2.030000,178300
2010-03-12,2.030000,2.060000,1.980000,2.060000,2.060000,212500
2010-03-15,2.040000,2.050000,2.000000,2.050000,2.050000,147500
2010-03-16,2.030000,2.050000,2.020000,2.050000,2.050000,106000
2010-03-17,2.030000,2.050000,2.010000,2.040000,2.040000,113500
2010-03-18,2.050000,2.050000,1.980000,1.990000,1.990000,143200
2010-03-19,2.030000,2.050000,1.950000,2.030000,2.030000,611800
2010-03-22,2.050000,2.050000,2.000000,2.010000,2.010000,184400
2010-03-23,2.000000,2.060000,2.000000,2.020000,2.020000,323000
2010-03-24,2.020000,2.030000,1.990000,2.030000,2.030000,163900
2010-03-25,2.000000,2.050000,2.000000,2.020000,2.020000,172100
2010-03-26,2.000000,2.050000,2.000000,2.030000,2.030000,95800
2010-03-29,2.000000,2.050000,2.000000,2.030000,2.030000,117700
2010-03-30,2.030000,2.050000,2.000000,2.020000,2.020000,165600
2010-03-31,2.050000,2.050000,1.980000,1.980000,1.980000,166500
2010-04-01,2.010000,2.030000,1.990000,2.000000,2.000000,184400
2010-04-05,2.020000,2.020000,2.000000,2.020000,2.020000,107000
2010-04-06,2.050000,2.050000,2.010000,2.020000,2.020000,79200
2010-04-07,1.990000,2.030000,1.990000,2.020000,2.020000,171700
2010-04-08,2.000000,2.030000,1.980000,2.030000,2.030000,195400
2010-04-09,2.020000,2.050000,2.000000,2.050000,2.050000,150200
2010-04-12,2.060000,2.210000,2.040000,2.160000,2.160000,647100
2010-04-13,2.210000,2.450000,2.160000,2.320000,2.320000,823200
2010-04-14,2.470000,2.470000,2.300000,2.360000,2.360000,234300
2010-04-15,2.400000,2.400000,2.250000,2.330000,2.330000,276200
2010-04-16,2.410000,2.410000,2.280000,2.350000,2.350000,241000
2010-04-19,2.300000,2.380000,2.260000,2.280000,2.280000,260200
2010-04-20,2.280000,2.330000,2.210000,2.310000,2.310000,141900
2010-04-21,2.300000,2.310000,2.250000,2.290000,2.290000,46800
2010-04-22,2.270000,2.280000,2.200000,2.250000,2.250000,28200
2010-04-23,2.230000,2.240000,2.190000,2.220000,2.220000,143400
2010-04-26,2.200000,2.270000,2.190000,2.230000,2.230000,126500
2010-04-27,2.200000,2.220000,2.170000,2.180000,2.180000,124000
2010-04-28,2.230000,2.230000,2.150000,2.160000,2.160000,38200
2010-04-29,2.220000,2.230000,2.150000,2.210000,2.210000,145500
2010-04-30,2.240000,2.250000,2.150000,2.160000,2.160000,160300
2010-05-03,2.150000,2.230000,2.130000,2.220000,2.220000,123400
2010-05-04,2.200000,2.220000,2.130000,2.200000,2.200000,190300
2010-05-05,2.200000,2.210000,2.050000,2.090000,2.090000,191600
2010-05-06,2.030000,2.100000,1.810000,1.880000,1.880000,255900
2010-05-07,1.860000,2.010000,1.860000,1.870000,1.870000,303600
2010-05-10,1.960000,2.050000,1.910000,2.030000,2.030000,190600
2010-05-11,2.010000,2.050000,2.000000,2.040000,2.040000,91300
2010-05-12,2.050000,2.230000,1.990000,2.200000,2.200000,322500
2010-05-13,2.230000,2.230000,2.110000,2.170000,2.170000,169700
2010-05-14,2.160000,2.160000,2.060000,2.110000,2.110000,114900
2010-05-17,2.110000,2.200000,2.110000,2.160000,2.160000,241300
2010-05-18,2.170000,2.200000,2.140000,2.160000,2.160000,124200
2010-05-19,2.160000,2.170000,2.100000,2.120000,2.120000,145300
2010-05-20,2.020000,2.120000,1.970000,1.980000,1.980000,278900
2010-05-21,2.020000,2.120000,1.960000,2.030000,2.030000,276500
2010-05-24,2.030000,2.060000,1.990000,2.030000,2.030000,132300
2010-05-25,1.980000,2.020000,1.930000,1.990000,1.990000,194400
2010-05-26,1.800000,2.050000,1.800000,1.960000,1.960000,738800
2010-05-27,1.980000,2.050000,1.980000,2.050000,2.050000,116700
2010-05-28,2.040000,2.040000,1.980000,1.980000,1.980000,119500
2010-06-01,1.980000,2.050000,1.970000,1.970000,1.970000,85500
2010-06-02,2.010000,2.060000,1.850000,2.060000,2.060000,166600
2010-06-03,2.000000,2.080000,2.000000,2.060000,2.060000,70900
2010-06-04,2.000000,2.040000,1.970000,1.970000,1.970000,152000
2010-06-07,2.000000,2.040000,1.850000,1.880000,1.880000,275000
2010-06-08,1.900000,1.960000,1.890000,1.910000,1.910000,170900
2010-06-09,1.920000,1.990000,1.880000,1.930000,1.930000,119100
2010-06-10,1.900000,2.010000,1.900000,2.010000,2.010000,124200
2010-06-11,1.980000,2.040000,1.960000,2.030000,2.030000,73000
2010-06-14,2.050000,2.090000,1.990000,2.070000,2.070000,132500
2010-06-15,2.050000,2.130000,2.040000,2.130000,2.130000,192200
2010-06-16,2.080000,2.160000,2.080000,2.120000,2.120000,86300
2010-06-17,2.130000,2.150000,2.030000,2.130000,2.130000,78000
2010-06-18,2.090000,2.190000,2.090000,2.190000,2.190000,347500
2010-06-21,2.160000,2.200000,2.120000,2.150000,2.150000,215600
2010-06-22,2.130000,2.180000,2.120000,2.170000,2.170000,283900
2010-06-23,2.140000,2.190000,2.010000,2.030000,2.030000,365800
2010-06-24,2.020000,2.220000,2.020000,2.200000,2.200000,457900
2010-06-25,2.230000,2.550000,2.130000,2.550000,2.550000,4640100
2010-06-28,2.450000,2.450000,2.240000,2.290000,2.290000,624900
2010-06-29,2.140000,2.420000,2.140000,2.240000,2.240000,369600
2010-06-30,2.160000,2.350000,2.110000,2.260000,2.260000,266100
2010-07-01,2.220000,2.270000,2.100000,2.150000,2.150000,277100
2010-07-02,2.120000,2.250000,2.110000,2.200000,2.200000,161000
2010-07-06,2.180000,2.340000,2.180000,2.230000,2.230000,251800
2010-07-07,2.180000,2.320000,2.180000,2.310000,2.310000,278600
2010-07-08,2.270000,2.380000,2.250000,2.370000,2.370000,284700
2010-07-09,2.270000,2.400000,2.270000,2.400000,2.400000,212800
2010-07-12,2.330000,2.440000,2.330000,2.370000,2.370000,196000
2010-07-13,2.370000,2.490000,2.370000,2.490000,2.490000,288400
2010-07-14,2.410000,2.490000,2.170000,2.470000,2.470000,139000
2010-07-15,2.430000,2.480000,2.390000,2.410000,2.410000,163300
2010-07-16,2.410000,2.410000,2.320000,2.320000,2.320000,282600
2010-07-19,2.300000,2.390000,2.260000,2.390000,2.390000,177900
2010-07-20,2.290000,2.380000,2.270000,2.340000,2.340000,206100
2010-07-21,2.340000,2.410000,2.300000,2.360000,2.360000,198500
2010-07-22,2.340000,2.450000,2.320000,2.390000,2.390000,324900
2010-07-23,2.340000,2.440000,2.340000,2.370000,2.370000,247200
2010-07-26,2.360000,2.450000,2.350000,2.440000,2.440000,321900
2010-07-27,2.410000,2.550000,2.370000,2.540000,2.540000,408900
2010-07-28,2.480000,2.550000,2.370000,2.470000,2.470000,280200
2010-07-29,2.430000,2.540000,2.380000,2.450000,2.450000,115500
2010-07-30,2.380000,2.500000,2.380000,2.490000,2.490000,192900
2010-08-02,2.490000,2.520000,2.420000,2.490000,2.490000,222500
2010-08-03,2.440000,2.600000,2.440000,2.560000,2.560000,279300
2010-08-04,2.560000,2.650000,2.540000,2.600000,2.600000,200800
2010-08-05,2.600000,2.690000,2.590000,2.590000,2.590000,200700
2010-08-06,2.630000,2.630000,2.460000,2.540000,2.540000,262600
2010-08-09,2.600000,2.600000,2.550000,2.600000,2.600000,165000
2010-08-10,2.570000,2.600000,2.500000,2.530000,2.530000,206000
2010-08-11,2.510000,2.580000,2.250000,2.280000,2.280000,527900
2010-08-12,2.230000,2.380000,2.220000,2.260000,2.260000,252400
2010-08-13,2.250000,2.250000,2.140000,2.170000,2.170000,274900
2010-08-16,2.160000,2.400000,2.150000,2.400000,2.400000,296300
2010-08-17,2.470000,2.470000,2.300000,2.370000,2.370000,274700
2010-08-18,2.360000,2.360000,2.230000,2.260000,2.260000,172800
2010-08-19,2.240000,2.340000,2.200000,2.240000,2.240000,296100
2010-08-20,2.220000,2.240000,2.170000,2.200000,2.200000,379500
2010-08-23,2.220000,2.270000,2.190000,2.200000,2.200000,177000
2010-08-24,2.170000,2.200000,2.110000,2.120000,2.120000,259800
2010-08-25,2.140000,2.170000,2.100000,2.150000,2.150000,209200
2010-08-26,2.170000,2.200000,2.140000,2.150000,2.150000,200200
2010-08-27,2.170000,2.190000,2.130000,2.190000,2.190000,173400
2010-08-30,2.170000,2.190000,2.100000,2.100000,2.100000,146000
2010-08-31,2.100000,2.130000,2.050000,2.070000,2.070000,241700
2010-09-01,2.100000,2.150000,2.080000,2.140000,2.140000,344300
2010-09-02,2.150000,2.150000,2.100000,2.140000,2.140000,118400
2010-09-03,2.160000,2.160000,2.100000,2.140000,2.140000,237600
2010-09-07,2.110000,2.130000,2.050000,2.080000,2.080000,150000
2010-09-08,2.080000,2.120000,2.030000,2.100000,2.100000,180900
2010-09-09,2.120000,2.140000,2.060000,2.100000,2.100000,96700
2010-09-10,2.100000,2.100000,2.070000,2.090000,2.090000,90600
2010-09-13,2.110000,2.150000,2.070000,2.080000,2.080000,293400
2010-09-14,2.090000,2.120000,2.020000,2.090000,2.090000,553200
2010-09-15,2.060000,2.260000,2.050000,2.250000,2.250000,304000
2010-09-16,2.230000,2.310000,2.220000,2.260000,2.260000,349600
2010-09-17,2.300000,2.310000,2.200000,2.280000,2.280000,519100
2010-09-20,2.270000,2.430000,2.050000,2.430000,2.430000,448100
2010-09-21,2.430000,2.450000,2.380000,2.410000,2.410000,142600
2010-09-22,2.390000,2.390000,2.290000,2.310000,2.310000,133400
2010-09-23,2.290000,2.400000,2.290000,2.340000,2.340000,206400
2010-09-24,2.370000,2.370000,2.230000,2.280000,2.280000,1285900
2010-09-27,2.270000,2.270000,2.150000,2.170000,2.170000,355700
2010-09-28,2.180000,2.250000,2.150000,2.220000,2.220000,95300
2010-09-29,2.220000,2.250000,2.130000,2.230000,2.230000,112700
2010-09-30,2.250000,2.260000,2.170000,2.240000,2.240000,215800
2010-10-01,2.270000,2.290000,2.180000,2.290000,2.290000,187200
2010-10-04,2.280000,2.280000,2.210000,2.230000,2.230000,143500
2010-10-05,2.230000,2.380000,2.210000,2.340000,2.340000,214200
2010-10-06,2.330000,2.370000,2.260000,2.340000,2.340000,153900
2010-10-07,2.340000,2.360000,2.280000,2.310000,2.310000,140800
2010-10-08,2.290000,2.490000,2.290000,2.460000,2.460000,265700
2010-10-11,2.440000,2.480000,2.420000,2.440000,2.440000,158600
2010-10-12,2.410000,2.450000,2.360000,2.450000,2.450000,154600
2010-10-13,2.450000,2.640000,2.430000,2.510000,2.510000,741900
2010-10-14,2.490000,2.540000,2.490000,2.520000,2.520000,144300
2010-10-15,2.530000,2.570000,2.500000,2.520000,2.520000,392200
2010-10-18,2.520000,2.610000,2.410000,2.610000,2.610000,231300
2010-10-19,2.540000,2.850000,2.540000,2.610000,2.610000,320100
2010-10-20,2.620000,2.790000,2.610000,2.720000,2.720000,753900
2010-10-21,2.730000,2.750000,2.600000,2.730000,2.730000,365000
2010-10-22,2.730000,2.750000,2.650000,2.740000,2.740000,362400
2010-10-25,2.750000,2.840000,2.740000,2.770000,2.770000,255100
2010-10-26,2.750000,2.800000,2.750000,2.780000,2.780000,219300
2010-10-27,2.770000,2.800000,2.690000,2.740000,2.740000,151800
2010-10-28,2.750000,2.770000,2.630000,2.750000,2.750000,172800
2010-10-29,2.730000,2.780000,2.730000,2.760000,2.760000,130100
2010-11-01,2.770000,2.770000,2.640000,2.720000,2.720000,254100
2010-11-02,2.750000,2.780000,2.700000,2.780000,2.780000,177400
2010-11-03,2.780000,2.930000,2.700000,2.900000,2.900000,555200
2010-11-04,2.860000,3.130000,2.860000,3.030000,3.030000,638700
2010-11-05,3.020000,3.020000,2.900000,2.990000,2.990000,401900
2010-11-08,3.000000,3.080000,2.890000,3.020000,3.020000,398400
2010-11-09,3.020000,3.160000,2.920000,2.960000,2.960000,282200
2010-11-10,3.000000,3.050000,2.970000,3.040000,3.040000,260100
2010-11-11,3.040000,3.040000,2.960000,2.980000,2.980000,146000
2010-11-12,2.950000,3.020000,2.860000,2.870000,2.870000,173700
2010-11-15,2.900000,3.030000,2.800000,2.910000,2.910000,176100
2010-11-16,2.890000,2.990000,2.800000,2.910000,2.910000,280100
2010-11-17,2.910000,3.000000,2.820000,2.840000,2.840000,174300
2010-11-18,2.880000,2.950000,2.860000,2.910000,2.910000,165900
2010-11-19,2.900000,2.900000,2.860000,2.890000,2.890000,126900
2010-11-22,2.870000,2.950000,2.860000,2.920000,2.920000,128600
2010-11-23,2.880000,2.950000,2.880000,2.940000,2.940000,71900
2010-11-24,2.990000,3.140000,2.960000,3.110000,3.110000,255400
2010-11-26,3.080000,3.220000,3.010000,3.170000,3.170000,206100
2010-11-29,3.160000,3.180000,3.070000,3.140000,3.140000,156600
2010-11-30,3.090000,3.120000,2.970000,3.020000,3.020000,439000
2010-12-01,3.060000,3.140000,3.000000,3.120000,3.120000,229700
2010-12-02,2.990000,3.120000,2.990000,3.100000,3.100000,150600
2010-12-03,3.090000,3.120000,3.040000,3.110000,3.110000,121000
2010-12-06,3.090000,3.150000,3.090000,3.150000,3.150000,152400
2010-12-07,3.140000,3.220000,3.060000,3.170000,3.170000,282300
2010-12-08,3.190000,3.350000,3.170000,3.300000,3.300000,485200
2010-12-09,3.380000,3.490000,3.300000,3.460000,3.460000,550000
2010-12-10,3.450000,3.830000,3.430000,3.580000,3.580000,1048200
2010-12-13,3.600000,3.670000,3.480000,3.580000,3.580000,506200
2010-12-14,3.660000,3.700000,3.590000,3.700000,3.700000,643900
2010-12-15,3.710000,3.840000,3.650000,3.700000,3.700000,774200
2010-12-16,3.640000,3.780000,3.630000,3.740000,3.740000,453800
2010-12-17,3.730000,3.830000,3.620000,3.810000,3.810000,1011500
2010-12-20,3.790000,3.900000,3.690000,3.880000,3.880000,424400
2010-12-21,3.900000,3.990000,3.800000,3.850000,3.850000,603100
2010-12-22,3.850000,3.910000,3.800000,3.840000,3.840000,421500
2010-12-23,3.850000,3.900000,3.700000,3.780000,3.780000,294900
2010-12-27,3.800000,3.840000,3.730000,3.770000,3.770000,336300
2010-12-28,3.790000,3.800000,3.630000,3.680000,3.680000,479200
2010-12-29,3.770000,3.800000,3.700000,3.730000,3.730000,270800
2010-12-30,3.740000,3.820000,3.700000,3.710000,3.710000,204400
2010-12-31,3.700000,3.750000,3.610000,3.670000,3.670000,352800
2011-01-03,3.690000,3.960000,3.650000,3.930000,3.930000,436400
2011-01-04,3.910000,4.030000,3.830000,3.880000,3.880000,674000
2011-01-05,3.860000,3.900000,3.830000,3.870000,3.870000,307700
2011-01-06,3.880000,4.020000,3.800000,3.960000,3.960000,661500
2011-01-07,3.990000,4.100000,3.900000,3.980000,3.980000,626700
2011-01-10,4.200000,4.200000,4.050000,4.090000,4.090000,894300
2011-01-11,4.150000,4.160000,3.990000,4.010000,4.010000,513700
2011-01-12,4.040000,4.100000,3.970000,4.030000,4.030000,444400
2011-01-13,4.080000,4.080000,4.010000,4.030000,4.030000,365000
2011-01-14,4.040000,4.110000,4.000000,4.010000,4.010000,382900
2011-01-18,4.150000,4.150000,3.810000,3.850000,3.850000,479400
2011-01-19,3.810000,3.870000,3.500000,3.580000,3.580000,1407200
2011-01-20,3.560000,3.700000,3.560000,3.640000,3.640000,553900
2011-01-21,3.700000,3.700000,3.430000,3.480000,3.480000,3711200
2011-01-24,3.550000,3.740000,3.460000,3.650000,3.650000,1094900
2011-01-25,3.640000,3.840000,3.550000,3.830000,3.830000,707500
2011-01-26,3.860000,4.150000,3.800000,3.950000,3.950000,1445500
2011-01-27,3.960000,4.020000,3.790000,4.020000,4.020000,538900
2011-01-28,4.180000,4.180000,3.850000,3.850000,3.850000,698600
2011-01-31,3.810000,3.940000,3.600000,3.900000,3.900000,453600
2011-02-01,3.930000,3.980000,3.900000,3.920000,3.920000,386200
2011-02-02,3.850000,3.980000,3.850000,3.880000,3.880000,287500
2011-02-03,3.960000,3.980000,3.800000,3.980000,3.980000,462500
2011-02-04,3.970000,4.000000,3.850000,3.990000,3.990000,488600
2011-02-07,4.010000,4.400000,3.940000,4.240000,4.240000,3007400
2011-02-08,4.320000,4.340000,4.120000,4.280000,4.280000,908900
2011-02-09,4.230000,4.520000,4.210000,4.510000,4.510000,1319100
2011-02-10,4.500000,4.530000,4.420000,4.490000,4.490000,954800
2011-02-11,4.440000,4.540000,4.100000,4.540000,4.540000,1487000
2011-02-14,4.510000,4.550000,4.430000,4.440000,4.440000,444000
2011-02-15,4.520000,4.950000,4.400000,4.890000,4.890000,2339900
2011-02-16,4.900000,5.030000,4.700000,4.790000,4.790000,1606200
2011-02-17,4.790000,4.910000,4.660000,4.740000,4.740000,586000
2011-02-18,4.780000,4.870000,4.480000,4.520000,4.520000,836900
2011-02-22,4.570000,4.670000,4.300000,4.420000,4.420000,590600
2011-02-23,4.470000,4.590000,4.300000,4.410000,4.410000,573300
2011-02-24,4.400000,4.470000,4.320000,4.440000,4.440000,380300
2011-02-25,4.460000,4.500000,4.360000,4.500000,4.500000,344600
2011-02-28,4.630000,4.900000,4.580000,4.830000,4.830000,1179900
2011-03-01,4.850000,5.000000,4.690000,4.740000,4.740000,2752600
2011-03-02,4.740000,4.760000,4.580000,4.600000,4.600000,1141000
2011-03-03,4.400000,4.450000,4.100000,4.250000,4.250000,2533000
2011-03-04,4.230000,4.260000,3.910000,3.970000,3.970000,3121200
2011-03-07,4.070000,4.070000,3.670000,3.690000,3.690000,2893200
2011-03-08,3.700000,3.950000,3.590000,3.840000,3.840000,4087900
2011-03-09,3.760000,3.790000,3.510000,3.590000,3.590000,24528900
2011-03-10,3.570000,3.650000,3.440000,3.530000,3.530000,5135600
2011-03-11,3.510000,3.760000,3.500000,3.750000,3.750000,4442700
2011-03-14,3.700000,3.800000,3.600000,3.790000,3.790000,2148000
2011-03-15,3.600000,3.750000,3.580000,3.660000,3.660000,1660200
2011-03-16,3.670000,3.790000,3.600000,3.640000,3.640000,2685500
2011-03-17,3.720000,3.740000,3.640000,3.650000,3.650000,1219800
2011-03-18,3.720000,3.720000,3.600000,3.670000,3.670000,1070100
2011-03-21,3.710000,3.750000,3.630000,3.700000,3.700000,1447300
2011-03-22,3.700000,3.750000,3.580000,3.730000,3.730000,1757000
2011-03-23,3.730000,3.840000,3.620000,3.840000,3.840000,1905800
2011-03-24,3.860000,3.910000,3.810000,3.890000,3.890000,1688100
2011-03-25,3.910000,3.920000,3.800000,3.820000,3.820000,1256800
2011-03-28,3.860000,3.870000,3.700000,3.750000,3.750000,1073200
2011-03-29,3.740000,3.830000,3.700000,3.830000,3.830000,1326400
2011-03-30,3.840000,3.840000,3.760000,3.820000,3.820000,851600
2011-03-31,3.820000,3.840000,3.710000,3.730000,3.730000,1724300
2011-04-01,3.790000,3.800000,3.700000,3.760000,3.760000,1273900
2011-04-04,3.850000,3.890000,3.790000,3.810000,3.810000,2181700
2011-04-05,3.790000,3.840000,3.760000,3.780000,3.780000,1158100
2011-04-06,3.810000,3.810000,3.770000,3.780000,3.780000,645800
2011-04-07,3.790000,3.830000,3.740000,3.800000,3.800000,1228800
2011-04-08,3.780000,3.820000,3.740000,3.750000,3.750000,883500
2011-04-11,3.760000,3.760000,3.670000,3.700000,3.700000,856600
2011-04-12,3.840000,3.840000,3.660000,3.680000,3.680000,883200
2011-04-13,3.690000,3.740000,3.620000,3.650000,3.650000,475100
2011-04-14,3.650000,3.710000,3.620000,3.700000,3.700000,539400
2011-04-15,3.680000,3.750000,3.650000,3.740000,3.740000,1261300
2011-04-18,3.720000,3.840000,3.650000,3.830000,3.830000,1889600
2011-04-19,3.840000,3.850000,3.730000,3.810000,3.810000,969200
2011-04-20,3.810000,3.840000,3.800000,3.840000,3.840000,350200
2011-04-21,3.850000,3.850000,3.710000,3.750000,3.750000,604900
2011-04-25,3.740000,3.820000,3.670000,3.810000,3.810000,616100
2011-04-26,3.810000,4.040000,3.800000,4.000000,4.000000,3100000
2011-04-27,4.010000,4.050000,3.900000,3.950000,3.950000,1151900
2011-04-28,4.010000,4.020000,3.910000,3.960000,3.960000,499500
2011-04-29,3.960000,4.010000,3.920000,3.980000,3.980000,454000
2011-05-02,3.980000,4.120000,3.900000,3.910000,3.910000,1129700
2011-05-03,4.000000,4.000000,3.780000,3.820000,3.820000,665600
2011-05-04,3.840000,3.900000,3.760000,3.760000,3.760000,501500
2011-05-05,3.770000,3.830000,3.680000,3.700000,3.700000,813300
2011-05-06,3.750000,3.800000,3.720000,3.750000,3.750000,371900
2011-05-09,3.770000,3.850000,3.730000,3.810000,3.810000,580200
2011-05-10,3.830000,3.860000,3.770000,3.850000,3.850000,428900
2011-05-11,3.820000,3.880000,3.750000,3.760000,3.760000,797400
2011-05-12,3.780000,3.830000,3.710000,3.800000,3.800000,576000
2011-05-13,3.800000,3.800000,3.700000,3.740000,3.740000,721500
2011-05-16,3.720000,3.760000,3.650000,3.650000,3.650000,741300
2011-05-17,3.700000,3.750000,3.640000,3.670000,3.670000,791400
2011-05-18,3.690000,3.780000,3.660000,3.750000,3.750000,557400
2011-05-19,3.780000,3.820000,3.740000,3.800000,3.800000,491300
2011-05-20,3.800000,3.820000,3.750000,3.750000,3.750000,491400
2011-05-23,3.730000,3.790000,3.730000,3.750000,3.750000,673200
2011-05-24,3.750000,3.770000,3.700000,3.700000,3.700000,653000
2011-05-25,3.680000,3.750000,3.650000,3.750000,3.750000,441700
2011-05-26,3.760000,3.800000,3.710000,3.800000,3.800000,549000
2011-05-27,3.810000,3.810000,3.750000,3.770000,3.770000,328500
2011-05-31,3.770000,3.790000,3.660000,3.760000,3.760000,1609700
2011-06-01,3.770000,3.780000,3.560000,3.560000,3.560000,3046700
2011-06-02,3.640000,3.680000,3.600000,3.600000,3.600000,640800
2011-06-03,3.600000,3.610000,3.500000,3.560000,3.560000,749900
2011-06-06,3.560000,3.600000,3.510000,3.510000,3.510000,579700
2011-06-07,3.540000,3.580000,3.500000,3.540000,3.540000,471500
2011-06-08,3.540000,3.560000,3.500000,3.510000,3.510000,486700
2011-06-09,3.530000,3.540000,3.340000,3.430000,3.430000,1404000
2011-06-10,3.420000,3.490000,3.360000,3.420000,3.420000,851100
2011-06-13,3.470000,3.470000,3.350000,3.390000,3.390000,862300
2011-06-14,3.440000,3.490000,3.390000,3.480000,3.480000,709600
2011-06-15,3.440000,3.450000,3.380000,3.390000,3.390000,549600
2011-06-16,3.390000,3.460000,3.360000,3.400000,3.400000,755600
2011-06-17,3.450000,3.450000,3.260000,3.290000,3.290000,1100400
2011-06-20,3.310000,3.340000,3.150000,3.280000,3.280000,3500700
2011-06-21,3.360000,3.450000,3.300000,3.450000,3.450000,996500
2011-06-22,3.410000,3.490000,3.370000,3.400000,3.400000,434600
2011-06-23,3.360000,3.440000,3.300000,3.390000,3.390000,447200
2011-06-24,3.410000,3.480000,3.370000,3.450000,3.450000,1472300
2011-06-27,3.490000,3.620000,3.440000,3.600000,3.600000,798900
2011-06-28,3.600000,3.630000,3.530000,3.570000,3.570000,863100
2011-06-29,3.590000,3.630000,3.540000,3.600000,3.600000,523800
2011-06-30,3.600000,3.690000,3.560000,3.690000,3.690000,1082900
2011-07-01,3.680000,3.720000,3.610000,3.720000,3.720000,777100
2011-07-05,3.710000,3.730000,3.660000,3.690000,3.690000,429000
2011-07-06,3.660000,3.810000,3.600000,3.810000,3.810000,953400
2011-07-07,3.800000,3.960000,3.760000,3.960000,3.960000,2129000
2011-07-08,3.930000,4.080000,3.820000,4.060000,4.060000,969500
2011-07-11,3.990000,4.120000,3.900000,4.010000,4.010000,1309800
2011-07-12,4.010000,4.040000,3.930000,4.000000,4.000000,871200
2011-07-13,3.990000,4.140000,3.960000,4.140000,4.140000,1138200
2011-07-14,4.180000,4.350000,4.100000,4.330000,4.330000,3121800
2011-07-15,4.430000,4.430000,4.180000,4.300000,4.300000,1431900
2011-07-18,4.300000,4.350000,4.130000,4.330000,4.330000,1216200
2011-07-19,4.140000,4.390000,4.000000,4.380000,4.380000,1324900
2011-07-20,4.380000,4.390000,4.210000,4.340000,4.340000,1200200
2011-07-21,4.340000,4.350000,4.180000,4.270000,4.270000,1176600
2011-07-22,4.110000,4.420000,4.100000,4.400000,4.400000,1235300
2011-07-25,4.350000,4.480000,4.300000,4.430000,4.430000,1508800
2011-07-26,4.410000,4.460000,4.250000,4.270000,4.270000,824700
2011-07-27,4.260000,4.310000,4.060000,4.110000,4.110000,1308600
2011-07-28,4.130000,4.270000,4.120000,4.210000,4.210000,1357900
2011-07-29,4.200000,4.380000,4.120000,4.350000,4.350000,955900
2011-08-01,4.400000,4.490000,4.200000,4.440000,4.440000,1682200
2011-08-02,4.380000,4.400000,4.250000,4.250000,4.250000,1115700
2011-08-03,4.270000,4.270000,4.000000,4.240000,4.240000,1098800
2011-08-04,4.190000,4.220000,3.870000,3.880000,3.880000,1490200
2011-08-05,3.960000,3.990000,3.770000,3.930000,3.930000,1767100
2011-08-08,3.790000,3.890000,3.540000,3.540000,3.540000,1760600
2011-08-09,3.620000,3.800000,3.490000,3.800000,3.800000,1638500
2011-08-10,3.680000,3.800000,3.600000,3.620000,3.620000,870100
2011-08-11,3.620000,3.900000,3.610000,3.830000,3.830000,1009900
2011-08-12,3.880000,3.900000,3.720000,3.880000,3.880000,824500
2011-08-15,3.940000,3.980000,3.790000,3.970000,3.970000,631800
2011-08-16,3.920000,3.940000,3.840000,3.870000,3.870000,530800
2011-08-17,3.860000,3.960000,3.770000,3.900000,3.900000,834400
2011-08-18,3.760000,3.790000,3.620000,3.640000,3.640000,1441900
2011-08-19,3.570000,3.720000,3.570000,3.630000,3.630000,916200
2011-08-22,3.720000,3.720000,3.520000,3.620000,3.620000,743100
2011-08-23,3.610000,3.880000,3.570000,3.880000,3.880000,1236200
2011-08-24,3.840000,3.910000,3.780000,3.890000,3.890000,471900
2011-08-25,3.870000,3.940000,3.800000,3.910000,3.910000,781200
2011-08-26,3.880000,4.050000,3.830000,4.020000,4.020000,798700
2011-08-29,4.030000,4.160000,3.940000,4.140000,4.140000,849300
2011-08-30,4.120000,4.210000,4.090000,4.190000,4.190000,841800
2011-08-31,4.200000,4.250000,4.100000,4.180000,4.180000,856400
2011-09-01,4.140000,4.170000,4.000000,4.040000,4.040000,753600
2011-09-02,4.030000,4.050000,3.900000,4.010000,4.010000,694200
2011-09-06,3.870000,4.060000,3.820000,4.030000,4.030000,674500
2011-09-07,4.110000,4.170000,4.030000,4.170000,4.170000,1154100
2011-09-08,4.120000,4.230000,3.930000,4.180000,4.180000,2699400
2011-09-09,4.130000,4.210000,4.000000,4.180000,4.180000,1735100
2011-09-12,4.110000,4.450000,4.080000,4.420000,4.420000,2867400
2011-09-13,4.400000,4.500000,4.350000,4.480000,4.480000,2399900
2011-09-14,4.450000,4.600000,4.360000,4.500000,4.500000,2649200
2011-09-15,4.560000,4.600000,4.240000,4.520000,4.520000,2095900
2011-09-16,4.570000,4.690000,4.500000,4.510000,4.510000,2808800
2011-09-19,4.430000,4.740000,4.350000,4.660000,4.660000,1126400
2011-09-20,4.690000,4.730000,4.530000,4.530000,4.530000,883700
2011-09-21,4.550000,4.680000,4.390000,4.390000,4.390000,857100
2011-09-22,4.420000,4.530000,4.300000,4.410000,4.410000,1129700
2011-09-23,4.390000,4.490000,4.330000,4.390000,4.390000,753400
2011-09-26,4.450000,4.500000,4.310000,4.470000,4.470000,508300
2011-09-27,4.560000,4.670000,4.540000,4.630000,4.630000,1165500
2011-09-28,4.640000,4.680000,4.430000,4.430000,4.430000,1451300
2011-09-29,4.530000,4.570000,4.350000,4.510000,4.510000,892500
2011-09-30,4.460000,4.490000,4.320000,4.330000,4.330000,1116500
2011-10-03,4.280000,4.390000,4.080000,4.100000,4.100000,1439600
2011-10-04,4.040000,4.320000,4.000000,4.310000,4.310000,1500000
2011-10-05,4.340000,4.490000,4.260000,4.450000,4.450000,1119100
2011-10-06,4.450000,4.490000,4.360000,4.430000,4.430000,814100
2011-10-07,4.460000,4.490000,4.350000,4.440000,4.440000,843900
2011-10-10,4.500000,4.590000,4.450000,4.540000,4.540000,1250700
2011-10-11,4.460000,4.580000,4.440000,4.550000,4.550000,752100
2011-10-12,4.580000,4.850000,4.560000,4.810000,4.810000,3327500
2011-10-13,4.680000,5.070000,4.650000,5.040000,5.040000,4516300
2011-10-14,5.240000,5.340000,5.100000,5.150000,5.150000,8334900
2011-10-17,5.100000,5.210000,5.030000,5.170000,5.170000,2636800
2011-10-18,5.230000,5.570000,5.200000,5.370000,5.370000,4014800
2011-10-19,5.450000,5.460000,5.110000,5.190000,5.190000,2376400
2011-10-20,5.200000,5.270000,5.030000,5.260000,5.260000,2215700
2011-10-21,5.270000,5.400000,5.250000,5.400000,5.400000,1479300
2011-10-24,5.400000,5.410000,5.160000,5.390000,5.390000,1843500
2011-10-25,5.360000,5.370000,5.160000,5.160000,5.160000,1045600
2011-10-26,5.230000,5.260000,5.060000,5.230000,5.230000,1439800
2011-10-27,5.370000,5.430000,5.220000,5.380000,5.380000,1932500
2011-10-28,5.380000,5.550000,5.350000,5.500000,5.500000,1356700
2011-10-31,5.430000,5.450000,5.320000,5.380000,5.380000,874200
2011-11-01,5.250000,5.310000,5.080000,5.160000,5.160000,1781200
2011-11-02,5.200000,5.280000,5.140000,5.280000,5.280000,988400
2011-11-03,5.340000,5.340000,5.160000,5.200000,5.200000,1107600
2011-11-04,5.160000,5.200000,5.090000,5.180000,5.180000,970500
2011-11-07,5.180000,5.250000,5.060000,5.200000,5.200000,1278400
2011-11-08,5.220000,5.240000,5.100000,5.230000,5.230000,818600
2011-11-09,5.120000,5.240000,5.120000,5.160000,5.160000,1063300
2011-11-10,5.240000,5.290000,5.060000,5.100000,5.100000,1418500
2011-11-11,5.290000,5.400000,5.210000,5.370000,5.370000,2939600
2011-11-14,5.430000,5.850000,5.330000,5.620000,5.620000,4150300
2011-11-15,5.580000,5.750000,5.470000,5.660000,5.660000,2267100
2011-11-16,5.650000,5.660000,5.280000,5.320000,5.320000,2706000
2011-11-17,5.380000,5.400000,5.100000,5.140000,5.140000,2224300
2011-11-18,5.170000,5.180000,5.010000,5.040000,5.040000,1983800
2011-11-21,5.000000,5.100000,4.900000,4.980000,4.980000,2263500
2011-11-22,4.990000,5.040000,4.920000,4.990000,4.990000,1153700
2011-11-23,4.920000,4.960000,4.820000,4.880000,4.880000,1745600
2011-11-25,4.850000,4.990000,4.810000,4.820000,4.820000,578000
2011-11-28,4.930000,5.060000,4.910000,5.000000,5.000000,1478600
2011-11-29,4.950000,5.000000,4.700000,4.770000,4.770000,2775400
2011-11-30,4.940000,4.960000,4.810000,4.960000,4.960000,2240100
2011-12-01,5.060000,5.150000,5.000000,5.100000,5.100000,1997500
2011-12-02,5.170000,5.180000,5.020000,5.100000,5.100000,1281200
2011-12-05,5.170000,5.170000,4.950000,5.000000,5.000000,1308900
2011-12-06,5.000000,5.080000,4.920000,4.990000,4.990000,870900
2011-12-07,4.950000,4.970000,4.850000,4.870000,4.870000,935700
2011-12-08,4.850000,4.970000,4.750000,4.780000,4.780000,1307800
2011-12-09,4.810000,4.880000,4.780000,4.820000,4.820000,1536800
2011-12-12,4.890000,4.900000,4.770000,4.890000,4.890000,1103700
2011-12-13,4.920000,4.950000,4.780000,4.790000,4.790000,1125700
2011-12-14,4.760000,4.830000,4.660000,4.720000,4.720000,1566800
2011-12-15,4.770000,4.880000,4.750000,4.870000,4.870000,953100
2011-12-16,4.930000,4.960000,4.780000,4.900000,4.900000,2295600
2011-12-19,4.950000,4.950000,4.750000,4.750000,4.750000,736300
2011-12-20,4.830000,4.840000,4.740000,4.830000,4.830000,1181800
2011-12-21,4.790000,4.890000,4.760000,4.840000,4.840000,1193700
2011-12-22,4.870000,4.870000,4.730000,4.770000,4.770000,1056300
2011-12-23,4.790000,4.830000,4.760000,4.790000,4.790000,482700
2011-12-27,4.780000,4.870000,4.740000,4.850000,4.850000,905900
2011-12-28,4.860000,4.890000,4.800000,4.800000,4.800000,1090400
2011-12-29,4.840000,4.880000,4.750000,4.800000,4.800000,732000
2011-12-30,4.790000,4.900000,4.760000,4.900000,4.900000,979600
2012-01-03,4.920000,4.990000,4.840000,4.880000,4.880000,1216700
2012-01-04,4.880000,4.910000,4.750000,4.770000,4.770000,1083600
2012-01-05,4.770000,4.950000,4.720000,4.920000,4.920000,1083000
2012-01-06,4.890000,4.970000,4.860000,4.900000,4.900000,1048200
2012-01-09,4.930000,4.980000,4.900000,4.950000,4.950000,785900
2012-01-10,4.990000,5.050000,4.880000,4.900000,4.900000,1733900
2012-01-11,4.900000,5.020000,4.830000,4.990000,4.990000,1830800
2012-01-12,4.990000,5.030000,4.930000,5.030000,5.030000,1353100
2012-01-13,4.980000,5.100000,4.950000,5.050000,5.050000,2743900
2012-01-17,5.100000,5.300000,5.030000,5.270000,5.270000,2676200
2012-01-18,5.320000,5.530000,5.320000,5.480000,5.480000,2964000
2012-01-19,5.500000,5.530000,5.350000,5.350000,5.350000,935700
2012-01-20,5.350000,5.390000,5.220000,5.270000,5.270000,1136300
2012-01-23,5.310000,5.310000,5.160000,5.190000,5.190000,1208900
2012-01-24,5.150000,5.190000,5.050000,5.080000,5.080000,1512900
2012-01-25,5.100000,5.300000,5.070000,5.270000,5.270000,1181400
2012-01-26,5.330000,5.350000,5.180000,5.240000,5.240000,1302700
2012-01-27,5.210000,5.300000,5.200000,5.270000,5.270000,656300
2012-01-30,5.260000,5.350000,5.190000,5.200000,5.200000,1385400
2012-01-31,5.210000,5.290000,5.200000,5.260000,5.260000,851100
2012-02-01,5.290000,5.320000,5.190000,5.210000,5.210000,1243100
2012-02-02,5.260000,5.290000,5.200000,5.220000,5.220000,966700
2012-02-03,5.260000,5.350000,5.200000,5.280000,5.280000,1331200
2012-02-06,5.270000,5.300000,5.220000,5.230000,5.230000,895600
2012-02-07,5.250000,5.300000,5.210000,5.280000,5.280000,836500
2012-02-08,5.300000,5.310000,5.200000,5.230000,5.230000,1385000
2012-02-09,5.270000,5.270000,5.160000,5.170000,5.170000,963900
2012-02-10,5.170000,5.190000,5.050000,5.140000,5.140000,1014900
2012-02-13,5.170000,5.250000,5.080000,5.120000,5.120000,1500800
2012-02-14,5.100000,5.210000,5.080000,5.210000,5.210000,1339000
2012-02-15,5.210000,5.240000,5.070000,5.140000,5.140000,1340700
2012-02-16,5.130000,5.220000,5.080000,5.110000,5.110000,1330100
2012-02-17,5.120000,5.120000,5.000000,5.030000,5.030000,2083000
2012-02-21,5.030000,5.050000,4.830000,4.830000,4.830000,3522000
2012-02-22,4.810000,4.840000,4.680000,4.710000,4.710000,3472100
2012-02-23,4.830000,4.960000,4.770000,4.900000,4.900000,2666500
2012-02-24,4.920000,4.940000,4.740000,4.790000,4.790000,5042700
2012-02-27,4.840000,4.950000,4.800000,4.950000,4.950000,2782500
2012-02-28,4.980000,5.000000,4.920000,5.000000,5.000000,4108500
2012-02-29,5.040000,5.040000,4.900000,4.940000,4.940000,1646200
2012-03-01,4.980000,5.000000,4.810000,4.850000,4.850000,2135800
2012-03-02,4.860000,4.860000,4.810000,4.830000,4.830000,1670000
2012-03-05,4.830000,4.860000,4.780000,4.800000,4.800000,1690000
2012-03-06,4.800000,4.800000,4.710000,4.730000,4.730000,2024400
2012-03-07,4.750000,4.800000,4.720000,4.800000,4.800000,1079600
2012-03-08,4.810000,4.840000,4.740000,4.830000,4.830000,1358300
2012-03-09,4.850000,4.930000,4.780000,4.930000,4.930000,1709500
2012-03-12,4.930000,4.950000,4.770000,4.870000,4.870000,2600400
2012-03-13,4.900000,5.000000,4.850000,5.000000,5.000000,1610500
2012-03-14,4.890000,5.070000,4.890000,5.060000,5.060000,1617500
2012-03-15,5.050000,5.070000,4.960000,4.990000,4.990000,1437000
2012-03-16,4.980000,5.080000,4.760000,4.930000,4.930000,3479800
2012-03-19,4.910000,5.030000,4.830000,4.910000,4.910000,2406700
2012-03-20,4.900000,4.920000,4.800000,4.850000,4.850000,1209200
2012-03-21,4.850000,4.950000,4.810000,4.850000,4.850000,1815800
2012-03-22,4.870000,4.890000,4.790000,4.820000,4.820000,1289500
2012-03-23,4.840000,4.930000,4.800000,4.870000,4.870000,900500
2012-03-26,4.900000,4.940000,4.810000,4.820000,4.820000,1550100
2012-03-27,4.840000,4.890000,4.790000,4.800000,4.800000,1151200
2012-03-28,4.800000,4.870000,4.730000,4.730000,4.730000,1346300
2012-03-29,4.770000,4.770000,4.630000,4.690000,4.690000,1878400
2012-03-30,4.760000,4.760000,4.700000,4.730000,4.730000,1355600
2012-04-02,4.740000,4.860000,4.650000,4.860000,4.860000,1914200
2012-04-03,4.940000,4.950000,4.750000,4.810000,4.810000,2039800
2012-04-04,4.790000,4.810000,4.690000,4.700000,4.700000,1397600
2012-04-05,4.740000,4.820000,4.680000,4.750000,4.750000,1132300
2012-04-09,4.690000,4.790000,4.610000,4.610000,4.610000,1297300
2012-04-10,4.630000,4.660000,4.390000,4.450000,4.450000,2511200
2012-04-11,4.530000,4.570000,4.450000,4.570000,4.570000,1234100
2012-04-12,4.520000,4.590000,4.410000,4.480000,4.480000,2250100
2012-04-13,4.480000,4.490000,4.340000,4.380000,4.380000,1671300
2012-04-16,4.370000,4.510000,4.220000,4.480000,4.480000,1674100
2012-04-17,4.500000,4.700000,4.470000,4.680000,4.680000,2715800
2012-04-18,4.670000,4.770000,4.550000,4.740000,4.740000,1949800
2012-04-19,4.720000,4.900000,4.640000,4.890000,4.890000,2784400
2012-04-20,4.930000,5.050000,4.810000,4.990000,4.990000,3579400
2012-04-23,4.920000,4.980000,4.800000,4.890000,4.890000,1544100
2012-04-24,4.880000,4.990000,4.810000,4.840000,4.840000,2414200
2012-04-25,4.890000,4.920000,4.820000,4.880000,4.880000,1243600
2012-04-26,4.870000,4.880000,4.770000,4.830000,4.830000,1225200
2012-04-27,4.890000,4.890000,4.770000,4.820000,4.820000,998900
2012-04-30,4.800000,4.850000,4.740000,4.750000,4.750000,980900
2012-05-01,4.740000,4.770000,4.650000,4.650000,4.650000,1075500
2012-05-02,4.620000,4.710000,4.600000,4.650000,4.650000,936500
2012-05-03,4.640000,4.690000,4.520000,4.540000,4.540000,1127000
2012-05-04,4.510000,4.550000,4.440000,4.470000,4.470000,991500
2012-05-07,4.500000,4.560000,4.450000,4.510000,4.510000,737500
2012-05-08,4.490000,4.550000,4.390000,4.420000,4.420000,1114200
2012-05-09,4.400000,4.550000,4.400000,4.490000,4.490000,805900
2012-05-10,4.530000,4.540000,4.460000,4.470000,4.470000,645300
2012-05-11,4.380000,4.560000,4.380000,4.550000,4.550000,1055600
2012-05-14,4.600000,4.600000,4.500000,4.590000,4.590000,1078000
2012-05-15,4.580000,4.650000,4.530000,4.620000,4.620000,828400
2012-05-16,4.620000,4.650000,4.550000,4.580000,4.580000,758500
2012-05-17,4.570000,4.580000,4.450000,4.520000,4.520000,1504400
2012-05-18,4.560000,4.560000,4.440000,4.490000,4.490000,1126300
2012-05-21,4.500000,4.600000,4.400000,4.550000,4.550000,1073900
2012-05-22,4.560000,4.650000,4.550000,4.620000,4.620000,877800
2012-05-23,4.600000,4.650000,4.550000,4.650000,4.650000,926000
2012-05-24,4.670000,4.800000,4.640000,4.800000,4.800000,1253300
2012-05-25,4.800000,4.810000,4.710000,4.780000,4.780000,650700
2012-05-29,4.720000,4.850000,4.660000,4.800000,4.800000,1025800
2012-05-30,4.750000,4.750000,4.580000,4.580000,4.580000,1869800
2012-05-31,4.600000,4.690000,4.540000,4.600000,4.600000,1341900
2012-06-01,4.550000,4.610000,4.450000,4.490000,4.490000,1977600
2012-06-04,4.500000,4.620000,4.450000,4.540000,4.540000,1319100
2012-06-05,4.510000,4.600000,4.460000,4.600000,4.600000,1325200
2012-06-06,4.610000,4.630000,4.600000,4.610000,4.610000,1198000
2012-06-07,4.640000,4.650000,4.540000,4.640000,4.640000,1783700
2012-06-08,4.610000,4.780000,4.550000,4.780000,4.780000,1280200
2012-06-11,4.800000,4.810000,4.730000,4.750000,4.750000,1069900
2012-06-12,4.740000,4.800000,4.710000,4.800000,4.800000,1061700
2012-06-13,4.780000,4.850000,4.710000,4.770000,4.770000,776900
2012-06-14,4.750000,4.780000,4.620000,4.720000,4.720000,1171900
2012-06-15,4.700000,4.700000,4.540000,4.570000,4.570000,2560500
2012-06-18,4.500000,4.580000,4.450000,4.450000,4.450000,1498800
2012-06-19,4.480000,4.540000,4.380000,4.410000,4.410000,2845000
2012-06-20,4.410000,4.540000,4.410000,4.530000,4.530000,2264800
2012-06-21,4.540000,4.590000,4.510000,4.570000,4.570000,897300
2012-06-22,4.610000,4.620000,4.520000,4.590000,4.590000,875000
2012-06-25,4.590000,4.640000,4.570000,4.590000,4.590000,914200
2012-06-26,4.600000,4.630000,4.570000,4.600000,4.600000,597200
2012-06-27,4.610000,4.640000,4.570000,4.640000,4.640000,462200
2012-06-28,4.610000,4.640000,4.470000,4.610000,4.610000,1051800
2012-06-29,4.660000,4.660000,4.560000,4.600000,4.600000,837600
2012-07-02,4.580000,4.710000,4.580000,4.710000,4.710000,984100
2012-07-03,4.720000,4.800000,4.590000,4.800000,4.800000,737100
2012-07-05,4.800000,4.800000,4.700000,4.770000,4.770000,818100
2012-07-06,4.720000,4.750000,4.650000,4.670000,4.670000,1027400
2012-07-09,4.650000,4.720000,4.600000,4.640000,4.640000,1216700
2012-07-10,4.640000,4.690000,4.590000,4.620000,4.620000,739700
2012-07-11,4.620000,4.640000,4.470000,4.610000,4.610000,1137200
2012-07-12,4.600000,4.640000,4.530000,4.620000,4.620000,897000
2012-07-13,4.630000,4.640000,4.590000,4.620000,4.620000,856900
2012-07-16,4.630000,4.650000,4.600000,4.600000,4.600000,438000
2012-07-17,4.610000,4.640000,4.540000,4.580000,4.580000,900100
2012-07-18,4.550000,4.680000,4.550000,4.620000,4.620000,1507700
2012-07-19,4.680000,4.680000,4.550000,4.610000,4.610000,928100
2012-07-20,4.600000,4.600000,4.470000,4.500000,4.500000,960700
2012-07-23,4.460000,4.530000,4.430000,4.470000,4.470000,786500
2012-07-24,4.450000,4.520000,4.400000,4.400000,4.400000,1146300
2012-07-25,4.430000,4.460000,4.350000,4.400000,4.400000,1002000
2012-07-26,4.440000,4.470000,4.250000,4.320000,4.320000,2157000
2012-07-27,4.310000,4.410000,4.220000,4.410000,4.410000,1522300
2012-07-30,4.400000,4.440000,4.260000,4.290000,4.290000,1182700
2012-07-31,4.260000,4.310000,4.220000,4.240000,4.240000,1251300
2012-08-01,4.240000,4.260000,4.060000,4.090000,4.090000,1348000
2012-08-02,4.000000,4.160000,4.000000,4.120000,4.120000,1019600
2012-08-03,4.150000,4.290000,4.130000,4.290000,4.290000,814100
2012-08-06,4.280000,4.320000,4.260000,4.270000,4.270000,858000
2012-08-07,4.290000,4.340000,4.240000,4.270000,4.270000,722500
2012-08-08,4.260000,4.310000,4.210000,4.260000,4.260000,678200
2012-08-09,4.220000,4.290000,4.200000,4.250000,4.250000,565600
2012-08-10,4.250000,4.290000,4.200000,4.250000,4.250000,425900
2012-08-13,4.250000,4.260000,4.190000,4.240000,4.240000,429400
2012-08-14,4.250000,4.270000,4.160000,4.170000,4.170000,624300
2012-08-15,4.180000,4.210000,4.150000,4.210000,4.210000,424100
2012-08-16,4.220000,4.310000,4.150000,4.290000,4.290000,780400
2012-08-17,4.270000,4.350000,4.230000,4.310000,4.310000,877700
2012-08-20,4.320000,4.370000,4.250000,4.360000,4.360000,610600
2012-08-21,4.360000,4.400000,4.260000,4.300000,4.300000,715100
2012-08-22,4.270000,4.450000,4.270000,4.370000,4.370000,838900
2012-08-23,4.400000,4.540000,4.360000,4.520000,4.520000,1280200
2012-08-24,4.520000,4.530000,4.430000,4.520000,4.520000,784500
2012-08-27,4.540000,4.560000,4.450000,4.500000,4.500000,952500
2012-08-28,4.510000,4.510000,4.420000,4.440000,4.440000,777000
2012-08-29,4.440000,4.560000,4.430000,4.450000,4.450000,966300
2012-08-30,4.460000,4.500000,4.410000,4.440000,4.440000,926700
2012-08-31,4.470000,4.500000,4.410000,4.440000,4.440000,626500
2012-09-04,4.500000,4.520000,4.460000,4.500000,4.500000,862600
2012-09-05,4.490000,4.520000,4.470000,4.470000,4.470000,473800
2012-09-06,4.510000,4.530000,4.480000,4.500000,4.500000,747700
2012-09-07,4.500000,4.520000,4.440000,4.500000,4.500000,653900
2012-09-10,4.510000,4.520000,4.350000,4.380000,4.380000,1053000
2012-09-11,4.370000,4.440000,4.320000,4.400000,4.400000,748600
2012-09-12,4.410000,4.430000,4.350000,4.370000,4.370000,346400
2012-09-13,4.370000,4.460000,4.280000,4.450000,4.450000,782900
2012-09-14,4.450000,4.590000,4.400000,4.450000,4.450000,1110600
2012-09-17,4.440000,4.450000,4.370000,4.430000,4.430000,531500
2012-09-18,4.410000,4.450000,4.400000,4.440000,4.440000,416700
2012-09-19,4.440000,4.450000,4.380000,4.400000,4.400000,779500
2012-09-20,4.390000,4.400000,4.240000,4.280000,4.280000,1309400
2012-09-21,4.290000,4.320000,4.160000,4.280000,4.280000,3547100
2012-09-24,4.240000,4.260000,4.090000,4.110000,4.110000,1584500
2012-09-25,4.120000,4.240000,4.120000,4.130000,4.130000,890600
2012-09-26,4.150000,4.180000,4.050000,4.140000,4.140000,692800
2012-09-27,4.150000,4.230000,4.110000,4.180000,4.180000,722300
2012-09-28,4.160000,4.230000,4.150000,4.180000,4.180000,545200
2012-10-01,4.180000,4.250000,4.100000,4.160000,4.160000,1272900
2012-10-02,4.170000,4.220000,4.130000,4.180000,4.180000,990400
2012-10-03,4.180000,4.450000,4.180000,4.390000,4.390000,3151600
2012-10-04,4.430000,4.470000,4.340000,4.440000,4.440000,1449600
2012-10-05,4.470000,4.540000,4.450000,4.500000,4.500000,1048700
2012-10-08,4.500000,4.500000,4.380000,4.380000,4.380000,920200
2012-10-09,4.350000,4.430000,4.290000,4.310000,4.310000,997200
2012-10-10,4.330000,4.360000,4.270000,4.290000,4.290000,578600
2012-10-11,4.310000,4.380000,4.220000,4.250000,4.250000,1234500
2012-10-12,4.290000,4.360000,4.260000,4.360000,4.360000,899400
2012-10-15,4.360000,4.400000,4.320000,4.340000,4.340000,431300
2012-10-16,4.350000,4.400000,4.320000,4.380000,4.380000,709700
2012-10-17,4.370000,4.560000,4.360000,4.550000,4.550000,1323100
2012-10-18,4.550000,4.780000,4.480000,4.690000,4.690000,2424200
2012-10-19,4.710000,4.720000,4.390000,4.420000,4.420000,1793600
2012-10-22,4.470000,4.530000,4.380000,4.470000,4.470000,1169300
2012-10-23,4.440000,4.500000,4.400000,4.490000,4.490000,810100
2012-10-24,4.510000,4.570000,4.460000,4.480000,4.480000,1115400
2012-10-25,4.490000,4.540000,4.400000,4.430000,4.430000,582700
2012-10-26,4.420000,4.460000,4.300000,4.340000,4.340000,908900
2012-10-31,4.320000,4.350000,4.210000,4.280000,4.280000,946400
2012-11-01,4.300000,4.330000,4.240000,4.320000,4.320000,1449300
2012-11-02,4.320000,4.340000,4.220000,4.260000,4.260000,656100
2012-11-05,4.250000,4.290000,4.200000,4.230000,4.230000,769200
2012-11-06,4.290000,4.300000,4.200000,4.260000,4.260000,937000
2012-11-07,4.240000,4.400000,4.220000,4.380000,4.380000,2335500
2012-11-08,4.600000,4.740000,4.400000,4.490000,4.490000,4715800
2012-11-09,4.500000,4.620000,4.460000,4.500000,4.500000,1578100
2012-11-12,4.510000,4.590000,4.370000,4.440000,4.440000,1194900
2012-11-13,4.430000,4.530000,4.400000,4.510000,4.510000,996200
2012-11-14,4.510000,4.530000,4.340000,4.360000,4.360000,1450200
2012-11-15,4.360000,4.460000,4.340000,4.430000,4.430000,1909600
2012-11-16,4.430000,4.450000,4.340000,4.380000,4.380000,803700
2012-11-19,4.420000,4.490000,4.370000,4.440000,4.440000,953600
2012-11-20,4.450000,4.490000,4.390000,4.480000,4.480000,781100
2012-11-21,4.490000,4.490000,4.410000,4.450000,4.450000,712900
2012-11-23,4.430000,4.490000,4.430000,4.490000,4.490000,541200
2012-11-26,4.470000,4.470000,4.370000,4.440000,4.440000,1408100
2012-11-27,4.440000,4.470000,4.410000,4.470000,4.470000,760700
2012-11-28,4.460000,4.460000,4.360000,4.430000,4.430000,1277200
2012-11-29,4.460000,4.510000,4.410000,4.470000,4.470000,1439000
2012-11-30,4.450000,4.490000,4.380000,4.380000,4.380000,1990600
2012-12-03,4.400000,4.450000,4.350000,4.410000,4.410000,1536000
2012-12-04,4.420000,4.430000,4.350000,4.400000,4.400000,920400
2012-12-05,4.400000,4.410000,4.350000,4.390000,4.390000,957900
2012-12-06,4.380000,4.390000,4.320000,4.350000,4.350000,1097000
2012-12-07,4.370000,4.390000,4.320000,4.380000,4.380000,738300
2012-12-10,4.370000,4.450000,4.350000,4.450000,4.450000,1632900
2012-12-11,4.440000,4.520000,4.440000,4.500000,4.500000,1272300
2012-12-12,4.520000,4.550000,4.500000,4.540000,4.540000,693700
2012-12-13,4.530000,4.610000,4.480000,4.580000,4.580000,4376100
2012-12-14,4.560000,4.630000,4.520000,4.620000,4.620000,1327000
2012-12-17,4.600000,4.650000,4.550000,4.650000,4.650000,1206300
2012-12-18,4.640000,4.710000,4.630000,4.710000,4.710000,798000
2012-12-19,4.710000,4.840000,4.680000,4.760000,4.760000,2806900
2012-12-20,4.790000,4.790000,4.690000,4.710000,4.710000,1427900
2012-12-21,4.680000,4.740000,4.580000,4.670000,4.670000,1641500
2012-12-24,4.650000,4.670000,4.590000,4.640000,4.640000,453100
2012-12-26,4.640000,4.750000,4.600000,4.680000,4.680000,1197400
2012-12-27,4.710000,4.750000,4.640000,4.740000,4.740000,959000
2012-12-28,4.730000,4.780000,4.720000,4.730000,4.730000,826000
2012-12-31,4.750000,4.810000,4.650000,4.810000,4.810000,1289400
2013-01-02,4.860000,5.010000,4.830000,5.000000,5.000000,1922200
2013-01-03,5.010000,5.070000,4.930000,5.000000,5.000000,1658300
2013-01-04,5.040000,5.240000,5.020000,5.160000,5.160000,2397400
2013-01-07,5.160000,5.320000,5.150000,5.310000,5.310000,2008700
2013-01-08,5.310000,5.420000,5.270000,5.300000,5.300000,2401800
2013-01-09,5.360000,5.420000,5.080000,5.180000,5.180000,3074500
2013-01-10,5.240000,5.350000,5.180000,5.310000,5.310000,1568200
2013-01-11,5.290000,5.400000,5.220000,5.380000,5.380000,1180600
2013-01-14,5.320000,5.780000,5.300000,5.710000,5.710000,3026800
2013-01-15,5.680000,5.780000,5.510000,5.710000,5.710000,2499700
2013-01-16,5.760000,6.120000,5.700000,6.000000,6.000000,3604900
2013-01-17,6.080000,6.190000,5.930000,6.000000,6.000000,2495600
2013-01-18,6.020000,6.150000,5.980000,6.050000,6.050000,2013900
2013-01-22,6.080000,6.350000,6.040000,6.340000,6.340000,3171200
2013-01-23,6.440000,6.570000,6.310000,6.320000,6.320000,3358500
2013-01-24,6.190000,6.280000,5.870000,5.890000,5.890000,5209100
2013-01-25,6.060000,6.240000,5.990000,6.200000,6.200000,2689900
2013-01-28,6.230000,6.700000,6.130000,6.600000,6.600000,5266400
2013-01-29,7.050000,7.220000,6.660000,6.750000,6.750000,11249800
2013-01-30,6.810000,6.880000,6.440000,6.470000,6.470000,4297300
2013-01-31,6.460000,6.620000,6.410000,6.420000,6.420000,3638500
2013-02-01,6.540000,6.760000,6.470000,6.730000,6.730000,2796000
2013-02-04,6.810000,7.090000,6.700000,6.990000,6.990000,3377300
2013-02-05,7.030000,7.110000,6.960000,6.980000,6.980000,2085600
2013-02-06,6.950000,6.970000,6.700000,6.890000,6.890000,2366300
2013-02-07,6.920000,6.990000,6.770000,6.810000,6.810000,1804700
2013-02-08,6.840000,6.900000,6.080000,6.490000,6.490000,9984800
2013-02-11,6.480000,6.740000,6.380000,6.720000,6.720000,3182700
2013-02-12,6.750000,6.830000,6.630000,6.660000,6.660000,1587200
2013-02-13,6.680000,6.740000,6.610000,6.730000,6.730000,1022700
2013-02-14,6.830000,6.870000,6.680000,6.810000,6.810000,1673200
2013-02-15,6.850000,6.860000,6.690000,6.730000,6.730000,1361500
2013-02-19,6.810000,6.840000,6.700000,6.780000,6.780000,1175600
2013-02-20,6.770000,6.820000,6.520000,6.630000,6.630000,1385600
2013-02-21,6.650000,6.770000,6.600000,6.680000,6.680000,1482300
2013-02-22,6.700000,7.100000,6.700000,7.030000,7.030000,3208300
2013-02-25,7.070000,7.350000,7.000000,7.000000,7.000000,4205200
2013-02-26,7.100000,7.170000,6.800000,7.150000,7.150000,2606300
2013-02-27,7.100000,7.150000,6.990000,7.030000,7.030000,2302500
2013-02-28,7.020000,7.100000,6.930000,6.940000,6.940000,1423100
2013-03-01,6.960000,7.090000,6.850000,6.990000,6.990000,1531100
2013-03-04,7.050000,7.200000,6.950000,7.160000,7.160000,3031000
2013-03-05,7.250000,7.400000,7.100000,7.300000,7.300000,2764600
2013-03-06,7.340000,7.390000,7.250000,7.320000,7.320000,1476800
2013-03-07,7.370000,7.490000,7.260000,7.390000,7.390000,2170000
2013-03-08,7.450000,7.540000,7.270000,7.480000,7.480000,2443100
2013-03-11,7.510000,7.590000,7.420000,7.480000,7.480000,1585900
2013-03-12,7.490000,7.530000,7.430000,7.490000,7.490000,1053200
2013-03-13,7.500000,7.520000,7.350000,7.510000,7.510000,1073800
2013-03-14,7.480000,7.570000,7.430000,7.540000,7.540000,1743400
2013-03-15,7.600000,7.830000,7.520000,7.830000,7.830000,4069900
2013-03-18,7.700000,7.770000,7.580000,7.610000,7.610000,2566800
2013-03-19,7.670000,7.700000,7.400000,7.520000,7.520000,2317400
2013-03-20,7.680000,7.710000,7.530000,7.560000,7.560000,1430800
2013-03-21,7.550000,7.590000,7.210000,7.350000,7.350000,2316200
2013-03-22,7.390000,7.660000,7.360000,7.630000,7.630000,1924600
2013-03-25,7.610000,7.660000,7.440000,7.640000,7.640000,1334000
2013-03-26,7.650000,7.690000,7.570000,7.650000,7.650000,900000
2013-03-27,7.580000,7.640000,7.540000,7.620000,7.620000,1050400
2013-03-28,7.640000,7.700000,7.580000,7.630000,7.630000,1305500
2013-04-01,7.630000,7.650000,7.360000,7.550000,7.550000,1705600
2013-04-02,7.560000,7.600000,7.330000,7.400000,7.400000,1668900
2013-04-03,7.450000,7.470000,6.650000,7.000000,7.000000,4410200
2013-04-04,7.000000,7.300000,6.900000,7.290000,7.290000,1859600
2013-04-05,7.060000,7.230000,7.010000,7.170000,7.170000,1216400
2013-04-08,7.270000,7.340000,7.170000,7.220000,7.220000,1288200
2013-04-09,7.140000,7.200000,6.800000,6.950000,6.950000,4736100
2013-04-10,6.950000,7.100000,6.860000,7.100000,7.100000,1879500
2013-04-11,7.120000,7.330000,7.100000,7.190000,7.190000,1723100
2013-04-12,7.190000,7.220000,7.050000,7.170000,7.170000,805600
2013-04-15,7.130000,7.130000,6.920000,6.940000,6.940000,1504100
2013-04-16,7.160000,7.200000,7.020000,7.130000,7.130000,1515100
2013-04-17,7.140000,7.160000,6.920000,7.020000,7.020000,1557800
2013-04-18,7.050000,7.080000,6.910000,6.950000,6.950000,1136000
2013-04-19,6.970000,7.090000,6.960000,7.020000,7.020000,956700
2013-04-22,7.060000,7.100000,6.980000,7.100000,7.100000,847700
2013-04-23,7.160000,7.200000,6.960000,7.060000,7.060000,1104500
2013-04-24,6.850000,7.150000,6.770000,6.960000,6.960000,3161400
2013-04-25,6.910000,7.070000,6.880000,7.040000,7.040000,1620300
2013-04-26,7.060000,7.070000,6.890000,6.920000,6.920000,1278900
2013-04-29,6.920000,7.000000,6.830000,6.860000,6.860000,1145800
2013-04-30,6.880000,6.900000,6.550000,6.660000,6.660000,2497400
2013-05-01,6.650000,6.700000,6.270000,6.410000,6.410000,3419600
2013-05-02,6.400000,6.650000,6.400000,6.540000,6.540000,1346800
2013-05-03,6.610000,6.790000,6.610000,6.670000,6.670000,1430000
2013-05-06,6.760000,6.780000,6.600000,6.700000,6.700000,1084500
2013-05-07,6.750000,6.790000,6.710000,6.760000,6.760000,956200
2013-05-08,6.730000,6.780000,6.650000,6.690000,6.690000,878900
2013-05-09,6.630000,6.940000,6.620000,6.810000,6.810000,1668600
2013-05-10,6.850000,6.940000,6.800000,6.920000,6.920000,1003200
2013-05-13,6.950000,6.950000,6.750000,6.900000,6.900000,1063700
2013-05-14,6.870000,6.990000,6.870000,6.960000,6.960000,1245500
2013-05-15,6.970000,7.180000,6.960000,7.130000,7.130000,1695100
2013-05-16,7.180000,7.180000,6.990000,7.010000,7.010000,1100000
2013-05-17,7.050000,7.160000,7.000000,7.160000,7.160000,1202200
2013-05-20,7.170000,7.180000,6.990000,7.000000,7.000000,852800
2013-05-21,7.050000,7.110000,6.920000,6.940000,6.940000,1158600
2013-05-22,6.920000,7.100000,6.830000,6.890000,6.890000,1057000
2013-05-23,6.800000,7.040000,6.720000,6.970000,6.970000,982400
2013-05-24,6.960000,6.960000,6.840000,6.930000,6.930000,661600
2013-05-28,7.020000,7.020000,6.820000,6.880000,6.880000,992300
2013-05-29,6.870000,6.870000,6.670000,6.720000,6.720000,1002400
2013-05-30,6.730000,6.820000,6.690000,6.720000,6.720000,865800
2013-05-31,6.700000,6.720000,6.580000,6.610000,6.610000,1461600
2013-06-03,6.600000,6.650000,6.440000,6.570000,6.570000,2083300
2013-06-04,6.620000,6.630000,6.360000,6.390000,6.390000,2248400
2013-06-05,6.370000,6.450000,6.140000,6.170000,6.170000,2521700
2013-06-06,6.320000,6.550000,6.230000,6.550000,6.550000,1987800
2013-06-07,6.620000,6.660000,6.470000,6.500000,6.500000,1226400
2013-06-10,6.620000,6.620000,6.440000,6.540000,6.540000,1089800
2013-06-11,6.500000,6.610000,6.430000,6.580000,6.580000,1080900
2013-06-12,6.620000,6.750000,6.600000,6.680000,6.680000,1447900
2013-06-13,6.660000,6.800000,6.610000,6.800000,6.800000,929000
2013-06-14,6.820000,6.890000,6.750000,6.830000,6.830000,1024200
2013-06-17,6.900000,7.100000,6.830000,7.070000,7.070000,2018500
2013-06-18,7.190000,7.290000,7.100000,7.140000,7.140000,2699000
2013-06-19,7.180000,7.200000,7.050000,7.060000,7.060000,1340300
2013-06-20,7.040000,7.080000,6.910000,6.980000,6.980000,1791600
2013-06-21,7.020000,7.110000,7.000000,7.020000,7.020000,2667500
2013-06-24,6.970000,7.020000,6.870000,6.920000,6.920000,1325200
2013-06-25,6.990000,7.010000,6.750000,6.940000,6.940000,1157600
2013-06-26,6.950000,7.080000,6.920000,6.990000,6.990000,1404100
2013-06-27,7.070000,7.180000,6.990000,7.160000,7.160000,1370300
2013-06-28,7.180000,7.230000,7.070000,7.100000,7.100000,4695300
2013-07-01,7.290000,7.480000,7.240000,7.400000,7.400000,2280000
2013-07-02,7.420000,7.470000,7.230000,7.280000,7.280000,1364300
2013-07-03,7.290000,7.390000,7.160000,7.180000,7.180000,1142900
2013-07-05,7.280000,7.290000,7.130000,7.250000,7.250000,827200
2013-07-08,7.310000,7.340000,7.230000,7.310000,7.310000,820000
2013-07-09,7.350000,7.350000,7.150000,7.210000,7.210000,963500
2013-07-10,7.150000,7.270000,7.140000,7.220000,7.220000,677600
2013-07-11,7.310000,7.330000,7.230000,7.310000,7.310000,1455200
2013-07-12,7.320000,7.460000,7.250000,7.460000,7.460000,1651800
2013-07-15,7.500000,7.500000,7.360000,7.390000,7.390000,1077400
2013-07-16,7.420000,7.440000,7.300000,7.440000,7.440000,1232200
2013-07-17,7.440000,7.580000,7.440000,7.480000,7.480000,2193400
2013-07-18,7.540000,7.740000,7.530000,7.670000,7.670000,1579200
2013-07-19,7.720000,7.770000,7.600000,7.720000,7.720000,1273600
2013-07-22,7.800000,7.800000,7.650000,7.720000,7.720000,1394400
2013-07-23,7.770000,7.780000,7.660000,7.720000,7.720000,1068100
2013-07-24,7.750000,7.770000,7.470000,7.570000,7.570000,1864500
2013-07-25,7.570000,7.640000,7.510000,7.640000,7.640000,1276500
2013-07-26,7.640000,7.700000,7.580000,7.680000,7.680000,880000
2013-07-29,7.680000,7.690000,7.580000,7.610000,7.610000,921200
2013-07-30,7.610000,7.630000,7.480000,7.500000,7.500000,1226100
2013-07-31,7.540000,7.550000,7.440000,7.450000,7.450000,891700
2013-08-01,7.530000,7.550000,7.420000,7.530000,7.530000,1049000
2013-08-02,7.490000,7.560000,7.480000,7.520000,7.520000,1135800
2013-08-05,7.520000,7.590000,7.440000,7.460000,7.460000,1811400
2013-08-06,7.450000,7.520000,7.320000,7.420000,7.420000,1614800
2013-08-07,7.410000,7.470000,7.330000,7.440000,7.440000,1518600
2013-08-08,7.480000,7.600000,7.430000,7.490000,7.490000,1992400
2013-08-09,7.510000,7.600000,7.430000,7.490000,7.490000,1773600
2013-08-12,7.450000,7.770000,7.390000,7.770000,7.770000,1954100
2013-08-13,7.870000,8.000000,7.660000,7.740000,7.740000,4066700
2013-08-14,7.890000,7.940000,7.750000,7.880000,7.880000,1872300
2013-08-15,7.840000,8.000000,7.800000,7.850000,7.850000,2225400
2013-08-16,7.810000,8.060000,7.810000,7.920000,7.920000,2277000
2013-08-19,7.920000,8.300000,7.920000,8.190000,8.190000,3160500
2013-08-20,8.410000,8.620000,8.280000,8.560000,8.560000,3477800
2013-08-21,8.760000,8.870000,8.320000,8.420000,8.420000,5108600
2013-08-22,8.450000,8.630000,8.390000,8.560000,8.560000,1927500
2013-08-23,8.650000,8.680000,8.450000,8.500000,8.500000,1424400
2013-08-26,8.570000,9.020000,8.520000,8.770000,8.770000,3585000
2013-08-27,8.730000,8.760000,8.410000,8.500000,8.500000,3108700
2013-08-28,8.480000,8.760000,8.460000,8.580000,8.580000,4138900
2013-08-29,8.520000,8.550000,8.030000,8.490000,8.490000,10674700
2013-08-30,8.450000,10.000000,8.220000,9.240000,9.240000,8209300
2013-09-03,9.090000,9.270000,8.850000,9.190000,9.190000,8370200
2013-09-04,9.150000,9.200000,8.560000,8.600000,8.600000,11512900
2013-09-05,8.580000,8.670000,8.360000,8.460000,8.460000,6663900
2013-09-06,8.450000,8.580000,8.320000,8.490000,8.490000,5736000
2013-09-09,8.630000,8.650000,8.450000,8.590000,8.590000,3364100
2013-09-10,8.650000,8.700000,8.470000,8.590000,8.590000,2783300
2013-09-11,8.610000,8.630000,8.460000,8.480000,8.480000,2099200
2013-09-12,8.430000,8.500000,8.340000,8.440000,8.440000,1773700
2013-09-13,8.430000,8.550000,8.360000,8.540000,8.540000,2924500
2013-09-16,8.590000,8.690000,8.480000,8.510000,8.510000,2512500
2013-09-17,8.450000,8.560000,8.450000,8.500000,8.500000,1535900
2013-09-18,8.470000,8.480000,8.260000,8.480000,8.480000,2645000
2013-09-19,8.470000,8.490000,8.260000,8.400000,8.400000,1757500
2013-09-20,8.450000,8.450000,8.260000,8.380000,8.380000,6365700
2013-09-23,8.350000,8.490000,8.280000,8.490000,8.490000,2893100
2013-09-24,8.490000,8.850000,8.450000,8.730000,8.730000,4511500
2013-09-25,8.750000,8.850000,8.640000,8.730000,8.730000,1888700
2013-09-26,8.750000,8.880000,8.680000,8.760000,8.760000,2036800
2013-09-27,8.710000,8.720000,8.600000,8.660000,8.660000,2377300
2013-09-30,8.670000,8.820000,8.610000,8.810000,8.810000,4760600
2013-10-01,8.820000,9.180000,8.800000,9.140000,9.140000,5831100
2013-10-02,9.240000,9.630000,9.150000,9.490000,9.490000,8562600
2013-10-03,9.620000,10.220000,9.500000,9.790000,9.790000,16811100
2013-10-04,9.800000,10.000000,9.680000,9.970000,9.970000,5329900
2013-10-07,9.950000,10.310000,9.850000,9.950000,9.950000,5082100
2013-10-08,10.000000,10.010000,9.410000,9.510000,9.510000,5465600
2013-10-09,9.630000,9.630000,9.230000,9.510000,9.510000,3853200
2013-10-10,9.690000,10.020000,9.660000,9.990000,9.990000,3290400
2013-10-11,9.990000,10.130000,9.810000,10.070000,10.070000,3086600
2013-10-14,10.000000,10.950000,9.970000,10.910000,10.910000,6052100
2013-10-15,11.040000,12.840000,11.040000,12.280000,12.280000,19137700
2013-10-16,12.230000,12.950000,11.750000,12.270000,12.270000,9038200
2013-10-17,12.350000,12.460000,12.050000,12.350000,12.350000,6389000
2013-10-18,12.440000,12.470000,11.320000,11.600000,11.600000,8191600
2013-10-21,11.400000,11.400000,10.300000,10.680000,10.680000,10559800
2013-10-22,10.950000,11.280000,10.800000,11.100000,11.100000,5361800
2013-10-23,11.190000,11.200000,10.660000,10.900000,10.900000,3820800
2013-10-24,10.940000,11.000000,10.760000,10.900000,10.900000,2514800
2013-10-25,10.910000,10.980000,10.600000,10.740000,10.740000,2362600
2013-10-28,10.770000,10.790000,10.580000,10.730000,10.730000,2153800
2013-10-29,10.730000,10.730000,10.300000,10.390000,10.390000,4908300
2013-10-30,10.480000,10.640000,9.860000,9.940000,9.940000,7138200
2013-10-31,9.950000,10.180000,9.780000,10.020000,10.020000,3069000
2013-11-01,9.950000,10.130000,9.800000,10.020000,10.020000,3117900
2013-11-04,10.060000,10.800000,10.050000,10.750000,10.750000,5003900
2013-11-05,10.650000,10.950000,10.490000,10.720000,10.720000,3550000
2013-11-06,10.800000,10.920000,10.080000,10.310000,10.310000,3446400
2013-11-07,10.360000,10.470000,10.020000,10.040000,10.040000,2548600
2013-11-08,10.020000,10.440000,10.000000,10.310000,10.310000,2231300
2013-11-11,10.350000,10.720000,10.180000,10.290000,10.290000,3056800
2013-11-12,10.270000,10.310000,10.050000,10.170000,10.170000,3081100
2013-11-13,10.150000,10.230000,9.920000,10.220000,10.220000,2686700
2013-11-14,10.280000,10.330000,10.030000,10.130000,10.130000,2495800
2013-11-15,10.060000,10.180000,9.960000,10.050000,10.050000,3210500
2013-11-18,10.150000,10.150000,9.590000,9.600000,9.600000,4793200
2013-11-19,9.570000,9.690000,9.360000,9.550000,9.550000,4876000
2013-11-20,9.580000,10.400000,9.550000,10.290000,10.290000,6040800
2013-11-21,10.320000,10.920000,9.620000,9.940000,9.940000,17151900
2013-11-22,9.840000,10.200000,9.720000,9.990000,9.990000,5832000
2013-11-25,10.040000,10.350000,9.860000,9.920000,9.920000,5620800
2013-11-26,10.000000,10.500000,9.890000,10.390000,10.390000,3638300
2013-11-27,10.690000,10.690000,10.210000,10.360000,10.360000,2924200
2013-11-29,10.490000,10.600000,10.410000,10.540000,10.540000,1260200
2013-12-02,10.710000,10.730000,10.600000,10.660000,10.660000,2760100
2013-12-03,10.650000,10.670000,10.270000,10.460000,10.460000,2249600
2013-12-04,10.520000,10.640000,10.340000,10.530000,10.530000,1974500
2013-12-05,10.590000,10.750000,10.530000,10.550000,10.550000,1761300
2013-12-06,10.760000,11.140000,10.460000,11.050000,11.050000,3822900
2013-12-09,11.430000,11.640000,11.010000,11.630000,11.630000,5122300
2013-12-10,11.530000,11.620000,11.260000,11.500000,11.500000,3168600
2013-12-11,11.050000,11.090000,9.450000,9.810000,9.810000,17671000
2013-12-12,10.100000,10.150000,9.420000,9.420000,9.420000,6799800
2013-12-13,9.470000,9.520000,8.340000,8.970000,8.970000,20210900
2013-12-16,9.480000,9.500000,8.740000,9.090000,9.090000,8953800
2013-12-17,8.820000,8.890000,8.170000,8.400000,8.400000,10596100
2013-12-18,8.520000,8.920000,8.340000,8.860000,8.860000,5923900
2013-12-19,8.820000,8.970000,8.710000,8.810000,8.810000,3388900
2013-12-20,8.820000,9.140000,8.770000,9.030000,9.030000,4519600
2013-12-23,9.190000,9.200000,8.810000,8.970000,8.970000,3745100
2013-12-24,8.890000,9.050000,8.850000,9.040000,9.040000,1239000
2013-12-26,8.930000,8.990000,8.730000,8.800000,8.800000,2785800
2013-12-27,8.800000,8.840000,8.510000,8.580000,8.580000,2855000
2013-12-30,8.570000,8.590000,8.350000,8.470000,8.470000,2862100
2013-12-31,8.520000,8.520000,8.400000,8.440000,8.440000,4821900
2014-01-02,8.310000,8.500000,8.180000,8.410000,8.410000,4274300
2014-01-03,8.420000,8.650000,8.420000,8.580000,8.580000,1899300
2014-01-06,8.540000,8.580000,8.300000,8.360000,8.360000,2833200
2014-01-07,8.440000,8.560000,8.340000,8.350000,8.350000,3577000
2014-01-08,8.370000,8.570000,8.280000,8.480000,8.480000,2497300
2014-01-09,8.460000,8.580000,8.390000,8.430000,8.430000,2965900
2014-01-10,8.550000,8.650000,8.370000,8.630000,8.630000,2779000
2014-01-13,8.620000,9.190000,8.620000,8.800000,8.800000,5038300
2014-01-14,8.920000,9.070000,8.770000,9.000000,9.000000,2895600
2014-01-15,9.050000,9.150000,8.730000,8.850000,8.850000,3527300
2014-01-16,8.880000,8.890000,8.660000,8.800000,8.800000,2232800
2014-01-17,8.900000,8.900000,8.650000,8.720000,8.720000,1804200
2014-01-21,8.760000,8.900000,8.630000,8.890000,8.890000,2299100
2014-01-22,8.890000,9.150000,8.750000,8.910000,8.910000,2823000
2014-01-23,8.830000,8.880000,8.690000,8.830000,8.830000,1700100
2014-01-24,8.740000,8.790000,8.400000,8.460000,8.460000,2850600
2014-01-27,8.460000,8.470000,7.810000,8.130000,8.130000,6773700
2014-01-28,8.170000,8.340000,7.960000,8.170000,8.170000,4689200
2014-01-29,8.060000,8.150000,7.930000,7.970000,7.970000,4188800
2014-01-30,8.100000,8.200000,7.990000,8.150000,8.150000,2869200
2014-01-31,8.050000,8.050000,7.890000,7.930000,7.930000,3315200
2014-02-03,8.020000,8.020000,7.570000,7.650000,7.650000,3636800
2014-02-04,7.700000,7.770000,7.560000,7.600000,7.600000,2710500
2014-02-05,7.580000,7.660000,7.320000,7.580000,7.580000,4161700
2014-02-06,7.580000,7.720000,7.500000,7.650000,7.650000,2516100
2014-02-07,7.680000,7.800000,7.580000,7.740000,7.740000,2755600
2014-02-10,7.880000,7.900000,7.700000,7.850000,7.850000,2384300
2014-02-11,7.850000,7.850000,7.710000,7.810000,7.810000,1867800
2014-02-12,7.780000,7.830000,7.690000,7.740000,7.740000,1487300
2014-02-13,7.700000,8.470000,7.670000,8.390000,8.390000,5066500
2014-02-14,8.560000,9.070000,8.450000,8.490000,8.490000,5562900
2014-02-18,8.620000,8.780000,8.500000,8.650000,8.650000,2619400
2014-02-19,8.610000,8.640000,8.450000,8.480000,8.480000,2770400
2014-02-20,8.450000,8.780000,8.360000,8.710000,8.710000,2403400
2014-02-21,8.910000,9.200000,8.820000,8.830000,8.830000,3964100
2014-02-24,8.750000,9.070000,8.710000,8.940000,8.940000,2937300
2014-02-25,8.920000,9.150000,8.840000,9.060000,9.060000,2858900
2014-02-26,9.060000,9.150000,8.880000,8.960000,8.960000,2190300
2014-02-27,8.960000,9.370000,8.830000,9.350000,9.350000,3084100
2014-02-28,9.460000,10.250000,9.310000,9.520000,9.520000,8307300
2014-03-03,9.250000,9.500000,9.200000,9.400000,9.400000,2800000
2014-03-04,9.570000,9.860000,9.410000,9.460000,9.460000,3398300
2014-03-05,9.500000,9.520000,9.340000,9.400000,9.400000,1904800
2014-03-06,9.450000,9.480000,8.930000,8.990000,8.990000,4003000
2014-03-07,9.120000,9.280000,8.910000,9.190000,9.190000,2631500
2014-03-10,9.240000,9.430000,9.090000,9.240000,9.240000,1979300
2014-03-11,9.240000,9.470000,9.050000,9.140000,9.140000,1735000
2014-03-12,9.070000,9.410000,9.010000,9.410000,9.410000,2076300
2014-03-13,9.520000,9.600000,9.210000,9.320000,9.320000,2370600
2014-03-14,9.610000,9.830000,9.520000,9.660000,9.660000,3727200
2014-03-17,9.770000,10.150000,9.760000,9.960000,9.960000,3957000
2014-03-18,10.090000,10.140000,9.900000,9.930000,9.930000,2803600
2014-03-19,9.850000,9.920000,9.650000,9.720000,9.720000,2694000
2014-03-20,9.650000,9.900000,9.540000,9.670000,9.670000,2171800
2014-03-21,9.720000,9.740000,9.230000,9.350000,9.350000,4000900
2014-03-24,9.480000,9.500000,9.060000,9.290000,9.290000,2930700
2014-03-25,9.410000,9.500000,9.070000,9.290000,9.290000,2062200
2014-03-26,9.350000,9.380000,9.060000,9.080000,9.080000,2249000
2014-03-27,9.070000,9.240000,8.880000,9.050000,9.050000,2158300
2014-03-28,9.040000,9.180000,8.810000,8.960000,8.960000,2095000
2014-03-31,9.030000,9.350000,8.920000,9.320000,9.320000,2590800
2014-04-01,9.270000,9.720000,9.230000,9.710000,9.710000,2767300
2014-04-02,9.730000,9.830000,9.450000,9.600000,9.600000,2168600
2014-04-03,9.600000,9.620000,9.320000,9.490000,9.490000,2393500
2014-04-04,9.580000,9.730000,9.080000,9.190000,9.190000,2709400
2014-04-07,9.200000,9.390000,9.030000,9.240000,9.240000,2356100
2014-04-08,9.390000,9.630000,9.260000,9.500000,9.500000,2942500
2014-04-09,9.550000,9.700000,9.460000,9.670000,9.670000,1752600
2014-04-10,9.620000,9.650000,9.130000,9.210000,9.210000,2460900
2014-04-11,9.100000,9.200000,8.720000,8.870000,8.870000,4081500
2014-04-14,8.970000,8.980000,8.110000,8.370000,8.370000,4951600
2014-04-15,8.370000,8.400000,7.830000,8.170000,8.170000,6626500
2014-04-16,8.390000,8.410000,8.160000,8.330000,8.330000,3608800
2014-04-17,8.290000,8.370000,8.050000,8.140000,8.140000,3319100
2014-04-21,8.220000,8.420000,8.040000,8.380000,8.380000,1710200
2014-04-22,8.440000,8.500000,8.220000,8.310000,8.310000,3053800
2014-04-23,8.290000,8.330000,8.100000,8.160000,8.160000,1980100
2014-04-24,8.250000,8.320000,8.100000,8.240000,8.240000,1753600
2014-04-25,8.250000,8.260000,7.980000,8.050000,8.050000,2343300
2014-04-28,8.090000,8.250000,7.820000,8.080000,8.080000,1945500
2014-04-29,8.150000,8.340000,8.130000,8.310000,8.310000,2553500
2014-04-30,8.200000,8.280000,8.090000,8.270000,8.270000,2037900
2014-05-01,8.280000,8.390000,8.120000,8.390000,8.390000,1530700
2014-05-02,8.460000,8.470000,8.250000,8.260000,8.260000,1031400
2014-05-05,8.250000,8.470000,8.200000,8.380000,8.380000,1668700
2014-05-06,8.460000,8.460000,8.110000,8.160000,8.160000,1641100
2014-05-07,8.360000,8.360000,8.100000,8.230000,8.230000,1630100
2014-05-08,8.200000,8.330000,8.000000,8.010000,8.010000,1990200
2014-05-09,7.980000,8.250000,7.900000,8.240000,8.240000,1646000
2014-05-12,8.220000,8.480000,8.220000,8.410000,8.410000,1916000
2014-05-13,8.450000,8.530000,8.300000,8.330000,8.330000,2173400
2014-05-14,8.280000,8.400000,8.160000,8.180000,8.180000,1506400
2014-05-15,8.200000,8.250000,8.040000,8.170000,8.170000,1662900
2014-05-16,8.190000,8.230000,8.000000,8.170000,8.170000,1440200
2014-05-19,8.180000,8.400000,8.180000,8.360000,8.360000,1133300
2014-05-20,8.350000,8.410000,8.200000,8.270000,8.270000,1799700
2014-05-21,8.370000,8.440000,8.200000,8.320000,8.320000,2373200
2014-05-22,8.300000,8.580000,8.250000,8.570000,8.570000,2981200
2014-05-23,8.640000,8.870000,8.500000,8.740000,8.740000,2984400
2014-05-27,8.830000,9.000000,8.780000,8.920000,8.920000,2761500
2014-05-28,8.870000,9.000000,8.850000,8.890000,8.890000,1780200
2014-05-29,8.900000,8.950000,8.840000,8.840000,8.840000,1208800
2014-05-30,8.850000,8.860000,8.500000,8.620000,8.620000,1921200
2014-06-02,8.700000,8.750000,8.440000,8.550000,8.550000,1925900
2014-06-03,8.530000,8.900000,8.450000,8.850000,8.850000,2737000
2014-06-04,8.810000,8.900000,8.740000,8.770000,8.770000,1484600
2014-06-05,8.850000,9.320000,8.840000,9.250000,9.250000,2986200
2014-06-06,9.280000,9.460000,9.180000,9.230000,9.230000,1294100
2014-06-09,9.280000,9.480000,9.240000,9.350000,9.350000,1831100
2014-06-10,9.290000,9.310000,9.130000,9.210000,9.210000,1550900
2014-06-11,9.200000,9.310000,9.010000,9.070000,9.070000,2126000
2014-06-12,9.050000,9.110000,8.820000,9.100000,9.100000,3361100
2014-06-13,9.130000,9.170000,8.940000,9.030000,9.030000,1087800
2014-06-16,8.980000,9.350000,8.950000,9.200000,9.200000,2417500
2014-06-17,9.170000,9.520000,9.160000,9.470000,9.470000,2675800
2014-06-18,9.380000,9.440000,9.170000,9.400000,9.400000,1680600
2014-06-19,9.290000,9.340000,9.130000,9.280000,9.280000,2301100
2014-06-20,9.200000,9.280000,9.060000,9.230000,9.230000,13800100
2014-06-23,9.230000,9.390000,9.020000,9.050000,9.050000,3800600
2014-06-24,9.090000,9.110000,8.750000,8.780000,8.780000,4715700
2014-06-25,8.730000,8.760000,8.520000,8.710000,8.710000,3066800
2014-06-26,8.700000,8.950000,8.630000,8.880000,8.880000,1569100
2014-06-27,8.830000,9.160000,8.830000,9.100000,9.100000,3068700
2014-06-30,9.050000,9.090000,8.820000,8.840000,8.840000,2385300
2014-07-01,8.900000,8.990000,8.850000,8.870000,8.870000,1399600
2014-07-02,8.830000,8.880000,8.730000,8.770000,8.770000,1641000
2014-07-03,8.830000,8.980000,8.780000,8.950000,8.950000,1032700
2014-07-07,8.870000,8.940000,8.660000,8.680000,8.680000,2689000
2014-07-08,8.680000,8.720000,8.450000,8.560000,8.560000,3142200
2014-07-09,8.590000,8.830000,8.570000,8.700000,8.700000,2020800
2014-07-10,8.640000,8.990000,8.590000,8.770000,8.770000,2589300
2014-07-11,8.800000,9.190000,8.710000,8.990000,8.990000,5838800
2014-07-14,9.050000,9.100000,8.840000,8.860000,8.860000,1956500
2014-07-15,8.870000,8.930000,8.640000,8.730000,8.730000,2200000
2014-07-16,8.820000,8.890000,8.680000,8.760000,8.760000,1760200
2014-07-17,8.730000,8.790000,8.550000,8.600000,8.600000,2845900
2014-07-18,8.620000,8.750000,8.570000,8.620000,8.620000,1764700
2014-07-21,8.580000,8.740000,8.570000,8.680000,8.680000,1339500
2014-07-22,8.770000,8.790000,8.620000,8.670000,8.670000,1732600
2014-07-23,8.720000,9.080000,8.710000,9.020000,9.020000,3934200
2014-07-24,9.050000,9.260000,9.010000,9.130000,9.130000,3452600
2014-07-25,9.080000,9.220000,8.980000,9.000000,9.000000,2343700
2014-07-28,9.120000,9.130000,8.820000,8.930000,8.930000,2118900
2014-07-29,9.000000,9.150000,8.940000,9.050000,9.050000,1687100
2014-07-30,9.110000,9.190000,8.910000,8.940000,8.940000,1683400
2014-07-31,8.860000,8.980000,8.770000,8.820000,8.820000,1735500
2014-08-01,8.820000,8.910000,8.600000,8.740000,8.740000,2140400
2014-08-04,8.810000,8.890000,8.720000,8.840000,8.840000,1565000
2014-08-05,8.790000,8.900000,8.750000,8.890000,8.890000,1781800
2014-08-06,8.900000,9.100000,8.840000,9.050000,9.050000,1552700
2014-08-07,9.040000,9.240000,9.040000,9.200000,9.200000,2800400
2014-08-08,9.220000,9.480000,9.160000,9.460000,9.460000,3198000
2014-08-11,9.530000,9.620000,9.270000,9.360000,9.360000,3192500
2014-08-12,9.300000,9.400000,8.810000,9.080000,9.080000,4865700
2014-08-13,9.120000,9.200000,8.890000,9.180000,9.180000,2234600
2014-08-14,9.110000,9.150000,9.010000,9.110000,9.110000,1554700
2014-08-15,9.190000,9.200000,9.050000,9.080000,9.080000,3477600
2014-08-18,9.060000,9.210000,9.050000,9.170000,9.170000,2231100
2014-08-19,9.100000,9.170000,9.010000,9.060000,9.060000,1880200
2014-08-20,8.960000,9.010000,8.820000,8.880000,8.880000,3618800
2014-08-21,8.890000,8.930000,8.750000,8.820000,8.820000,2132100
2014-08-22,8.840000,8.850000,8.750000,8.810000,8.810000,1458400
2014-08-25,8.800000,8.980000,8.800000,8.880000,8.880000,1994600
2014-08-26,8.920000,9.070000,8.890000,8.970000,8.970000,1732400
2014-08-27,9.030000,9.030000,8.830000,8.890000,8.890000,1606900
2014-08-28,8.770000,8.890000,8.770000,8.860000,8.860000,1257300
2014-08-29,8.880000,8.970000,8.830000,8.900000,8.900000,1064500
2014-09-02,8.870000,8.890000,8.770000,8.820000,8.820000,1980400
2014-09-03,8.880000,8.880000,8.680000,8.700000,8.700000,4079300
2014-09-04,8.740000,8.740000,8.550000,8.580000,8.580000,2123500
2014-09-05,8.570000,8.600000,8.350000,8.510000,8.510000,2837400
2014-09-08,8.620000,8.720000,8.550000,8.690000,8.690000,2339600
2014-09-09,8.670000,8.680000,8.510000,8.550000,8.550000,1817200
2014-09-10,8.590000,8.660000,8.510000,8.590000,8.590000,1677600
2014-09-11,8.570000,8.620000,8.500000,8.620000,8.620000,1298600
2014-09-12,8.620000,8.630000,8.540000,8.590000,8.590000,1546400
2014-09-15,8.640000,8.650000,8.420000,8.520000,8.520000,1888400
2014-09-16,8.500000,8.560000,8.460000,8.500000,8.500000,1786700
2014-09-17,8.580000,8.700000,8.530000,8.540000,8.540000,1878100
2014-09-18,8.600000,8.630000,8.450000,8.480000,8.480000,1676900
2014-09-19,8.490000,8.570000,8.350000,8.420000,8.420000,3028400
2014-09-22,8.390000,8.390000,8.150000,8.290000,8.290000,1941900
2014-09-23,8.450000,8.460000,8.250000,8.250000,8.250000,2216800
2014-09-24,8.270000,8.280000,8.090000,8.190000,8.190000,3031800
2014-09-25,8.250000,8.540000,8.250000,8.530000,8.530000,3793300
2014-09-26,8.550000,8.690000,8.500000,8.600000,8.600000,4495600
2014-09-29,8.530000,8.670000,8.470000,8.640000,8.640000,3017500
2014-09-30,8.630000,8.670000,8.510000,8.510000,8.510000,2307500
2014-10-01,8.510000,8.530000,8.300000,8.390000,8.390000,2453400
2014-10-02,8.420000,8.470000,8.240000,8.320000,8.320000,3357400
2014-10-03,8.420000,8.560000,8.340000,8.380000,8.380000,1884000
2014-10-06,8.440000,8.460000,8.350000,8.360000,8.360000,1242000
2014-10-07,8.350000,8.370000,8.250000,8.250000,8.250000,2043100
2014-10-08,8.250000,8.500000,8.210000,8.480000,8.480000,2303800
2014-10-09,8.470000,8.590000,8.260000,8.270000,8.270000,2002700
2014-10-10,8.220000,8.330000,8.050000,8.160000,8.160000,2310900
2014-10-13,8.170000,8.390000,8.020000,8.180000,8.180000,2183100
2014-10-14,8.270000,8.490000,8.220000,8.430000,8.430000,1963600
2014-10-15,8.330000,8.570000,8.250000,8.510000,8.510000,3502500
2014-10-16,8.400000,8.440000,8.210000,8.310000,8.310000,2281000
2014-10-17,8.380000,8.400000,8.180000,8.250000,8.250000,1999100
2014-10-20,8.240000,8.400000,8.210000,8.360000,8.360000,1268900
2014-10-21,8.400000,8.410000,8.320000,8.390000,8.390000,1405000
2014-10-22,8.390000,8.390000,8.200000,8.220000,8.220000,2283300
2014-10-23,8.250000,8.400000,8.230000,8.360000,8.360000,1926600
2014-10-24,8.390000,8.430000,8.350000,8.400000,8.400000,1492900
2014-10-27,8.330000,8.410000,8.290000,8.390000,8.390000,1429200
2014-10-28,8.400000,8.490000,8.390000,8.460000,8.460000,2007300
2014-10-29,8.430000,8.470000,8.330000,8.390000,8.390000,1365100
2014-10-30,8.330000,8.400000,8.220000,8.390000,8.390000,1720300
2014-10-31,8.500000,8.520000,8.350000,8.350000,8.350000,1538200
2014-11-03,8.320000,8.420000,8.320000,8.370000,8.370000,1373300
2014-11-04,8.340000,8.380000,8.310000,8.360000,8.360000,1248200
2014-11-05,8.370000,8.440000,8.290000,8.380000,8.380000,1729100
2014-11-06,8.400000,8.440000,8.320000,8.420000,8.420000,1653300
2014-11-07,8.300000,8.340000,8.190000,8.320000,8.320000,3297000
2014-11-10,8.380000,8.730000,8.300000,8.630000,8.630000,6270500
2014-11-11,8.680000,8.700000,8.470000,8.530000,8.530000,2325900
2014-11-12,8.500000,8.530000,8.320000,8.370000,8.370000,2433500
2014-11-13,8.390000,8.490000,8.320000,8.340000,8.340000,1229100
2014-11-14,8.330000,8.360000,8.210000,8.290000,8.290000,1863500
2014-11-17,8.230000,8.280000,8.200000,8.210000,8.210000,1378600
2014-11-18,8.210000,8.280000,8.200000,8.230000,8.230000,1793700
2014-11-19,8.200000,8.220000,8.130000,8.160000,8.160000,2225500
2014-11-20,8.140000,8.180000,8.080000,8.130000,8.130000,1841000
2014-11-21,8.240000,8.250000,8.100000,8.150000,8.150000,1365500
2014-11-24,8.110000,8.300000,8.110000,8.300000,8.300000,2006700
2014-11-25,8.300000,8.370000,8.250000,8.340000,8.340000,1400100
2014-11-26,8.380000,8.400000,8.340000,8.370000,8.370000,1382100
2014-11-28,8.370000,8.480000,8.330000,8.380000,8.380000,1121800
2014-12-01,8.400000,8.400000,8.230000,8.260000,8.260000,1996300
2014-12-02,8.270000,8.380000,8.250000,8.360000,8.360000,1214100
2014-12-03,8.320000,8.380000,8.290000,8.330000,8.330000,1268000
2014-12-04,8.370000,8.380000,8.300000,8.330000,8.330000,1701800
2014-12-05,8.330000,8.420000,8.320000,8.420000,8.420000,1314200
2014-12-08,8.400000,8.570000,8.390000,8.420000,8.420000,2949300
2014-12-09,8.390000,8.590000,8.350000,8.550000,8.550000,2909400
2014-12-10,8.500000,8.550000,8.320000,8.330000,8.330000,2058600
2014-12-11,8.390000,8.460000,8.290000,8.290000,8.290000,1205700
2014-12-12,8.250000,8.300000,8.160000,8.180000,8.180000,2116500
2014-12-15,9.310000,9.410000,8.750000,8.860000,8.860000,10345300
2014-12-16,8.830000,8.890000,8.620000,8.700000,8.700000,3980700
2014-12-17,8.750000,9.440000,8.660000,9.330000,9.330000,7371000
2014-12-18,9.520000,9.580000,9.140000,9.460000,9.460000,5087600
2014-12-19,9.460000,9.640000,9.360000,9.600000,9.600000,5033800
2014-12-22,9.670000,9.890000,9.470000,9.790000,9.790000,5059300
2014-12-23,9.910000,9.960000,9.360000,9.420000,9.420000,4391300
2014-12-24,9.530000,9.730000,9.490000,9.630000,9.630000,2144100
2014-12-26,9.650000,9.750000,9.570000,9.650000,9.650000,1751200
2014-12-29,9.720000,9.830000,9.650000,9.780000,9.780000,2248000
2014-12-30,9.770000,9.910000,9.710000,9.850000,9.850000,1995900
2014-12-31,9.980000,10.160000,9.920000,9.990000,9.990000,4554700
2015-01-02,10.030000,10.100000,9.820000,9.930000,9.930000,2007000
2015-01-05,9.900000,10.250000,9.880000,10.060000,10.060000,2567600
2015-01-06,10.090000,10.220000,9.810000,9.910000,9.910000,2741300
2015-01-07,9.990000,10.150000,9.950000,10.090000,10.090000,2006300
2015-01-08,10.150000,10.150000,9.960000,10.060000,10.060000,2493200
2015-01-09,10.090000,10.140000,10.000000,10.100000,10.100000,2074600
2015-01-12,10.140000,10.390000,10.120000,10.270000,10.270000,3331000
2015-01-13,10.270000,10.440000,10.020000,10.190000,10.190000,2806500
2015-01-14,10.200000,10.400000,10.140000,10.300000,10.300000,2606500
2015-01-15,10.330000,10.350000,9.890000,9.970000,9.970000,2585400
2015-01-16,9.930000,10.130000,9.910000,10.020000,10.020000,2748200
2015-01-20,10.100000,10.290000,9.960000,10.240000,10.240000,2319700
2015-01-21,10.250000,10.400000,10.150000,10.290000,10.290000,2343400
2015-01-22,10.360000,10.620000,10.220000,10.610000,10.610000,2987900
2015-01-23,10.610000,10.990000,10.590000,10.840000,10.840000,3346400
2015-01-26,10.920000,11.380000,10.860000,11.370000,11.370000,2946400
2015-01-27,11.240000,11.600000,11.220000,11.380000,11.380000,3398400
2015-01-28,11.480000,11.550000,11.100000,11.340000,11.340000,3999700
2015-01-29,11.710000,11.950000,11.480000,11.860000,11.860000,4831900
2015-01-30,11.890000,12.320000,11.800000,12.130000,12.130000,3889400
2015-02-02,12.270000,12.650000,12.040000,12.630000,12.630000,4300900
2015-02-03,12.700000,12.740000,11.700000,12.350000,12.350000,8723400
2015-02-04,12.350000,12.890000,12.170000,12.770000,12.770000,5432600
2015-02-05,12.960000,13.540000,12.840000,13.470000,13.470000,9197700
2015-02-06,13.470000,13.990000,13.200000,13.500000,13.500000,7663200
2015-02-09,13.550000,14.590000,13.510000,14.210000,14.210000,9319400
2015-02-10,14.380000,14.400000,13.900000,14.360000,14.360000,6397000
2015-02-11,14.360000,14.710000,13.940000,14.180000,14.180000,5552600
2015-02-12,14.320000,14.380000,13.790000,14.080000,14.080000,4562200
2015-02-13,14.040000,14.050000,13.100000,13.800000,13.800000,6689300
2015-02-17,13.910000,14.140000,13.850000,14.000000,14.000000,2700800
2015-02-18,13.990000,14.100000,13.750000,14.050000,14.050000,2305500
2015-02-19,14.070000,14.400000,14.010000,14.360000,14.360000,2927900
2015-02-20,14.360000,14.440000,14.180000,14.200000,14.200000,2210500
2015-02-23,14.230000,14.860000,14.210000,14.710000,14.710000,4301000
2015-02-24,14.690000,14.790000,14.440000,14.610000,14.610000,2659100
2015-02-25,14.660000,15.230000,14.540000,15.030000,15.030000,4195000
2015-02-26,15.140000,15.210000,14.630000,14.840000,14.840000,4375000
2015-02-27,14.800000,14.850000,14.430000,14.560000,14.560000,3575400
2015-03-02,14.080000,14.490000,13.420000,14.440000,14.440000,5841400
2015-03-03,14.050000,14.410000,13.920000,14.400000,14.400000,5366400
2015-03-04,14.240000,14.520000,14.130000,14.370000,14.370000,3120500
2015-03-05,14.490000,14.670000,14.250000,14.320000,14.320000,2767700
2015-03-06,14.330000,14.490000,14.070000,14.110000,14.110000,3099700
2015-03-09,14.330000,14.330000,13.870000,13.980000,13.980000,3278600
2015-03-10,13.900000,14.050000,13.740000,13.980000,13.980000,2682900
2015-03-11,14.090000,14.190000,13.940000,14.090000,14.090000,2094100
2015-03-12,14.110000,14.620000,14.010000,14.600000,14.600000,3062300
2015-03-13,14.590000,14.900000,14.450000,14.630000,14.630000,2438300
2015-03-16,14.670000,14.780000,14.540000,14.670000,14.670000,1570300
2015-03-17,14.600000,14.730000,14.500000,14.660000,14.660000,1379000
2015-03-18,14.480000,14.580000,14.320000,14.420000,14.420000,2004500
2015-03-19,14.590000,14.760000,14.490000,14.670000,14.670000,1851100
2015-03-20,14.740000,14.780000,14.390000,14.520000,14.520000,4484500
2015-03-23,14.630000,15.150000,14.550000,14.930000,14.930000,8414600
2015-03-24,15.010000,15.200000,14.680000,14.760000,14.760000,5144300
2015-03-25,14.750000,14.850000,13.840000,13.880000,13.880000,4524200
2015-03-26,13.940000,14.570000,13.840000,14.270000,14.270000,3252400
2015-03-27,14.370000,14.700000,14.280000,14.490000,14.490000,2297100
2015-03-30,14.770000,14.780000,14.560000,14.710000,14.710000,3633100
2015-03-31,14.560000,14.720000,14.150000,14.170000,14.170000,2054800
2015-04-01,14.240000,14.430000,14.000000,14.270000,14.270000,2152100
2015-04-02,14.370000,14.500000,14.270000,14.330000,14.330000,1838200
2015-04-06,14.260000,14.460000,14.170000,14.300000,14.300000,1615800
2015-04-07,14.310000,14.430000,14.240000,14.280000,14.280000,1374300
2015-04-08,14.310000,14.520000,14.210000,14.330000,14.330000,1781000
2015-04-09,14.300000,14.390000,14.160000,14.260000,14.260000,2286200
2015-04-10,14.290000,14.400000,14.160000,14.250000,14.250000,1927700
2015-04-13,14.260000,14.620000,14.260000,14.500000,14.500000,2092800
2015-04-14,14.580000,14.790000,14.500000,14.750000,14.750000,1564800
2015-04-15,14.720000,14.900000,14.700000,14.760000,14.760000,1725800
2015-04-16,14.780000,14.850000,14.580000,14.640000,14.640000,1259700
2015-04-17,14.570000,14.690000,14.190000,14.280000,14.280000,3355200
2015-04-20,14.320000,14.360000,14.200000,14.330000,14.330000,1366300
2015-04-21,14.340000,14.550000,14.230000,14.430000,14.430000,1767100
2015-04-22,14.480000,14.700000,14.480000,14.600000,14.600000,1257400
2015-04-23,14.670000,14.760000,14.650000,14.660000,14.660000,1437000
2015-04-24,14.750000,14.990000,14.650000,14.830000,14.830000,1420800
2015-04-27,15.020000,15.130000,14.320000,14.390000,14.390000,3253100
2015-04-28,14.570000,14.700000,14.200000,14.530000,14.530000,2298500
2015-04-29,14.390000,14.540000,14.250000,14.370000,14.370000,1474000
2015-04-30,14.380000,14.400000,13.710000,13.760000,13.760000,2992600
2015-05-01,13.840000,14.060000,13.810000,14.030000,14.030000,2049000
2015-05-04,14.050000,14.460000,14.030000,14.270000,14.270000,2155700
2015-05-05,14.190000,14.220000,13.830000,13.880000,13.880000,2390300
2015-05-06,13.900000,14.130000,13.850000,14.000000,14.000000,2677200
2015-05-07,14.100000,14.240000,13.940000,14.140000,14.140000,2674700
2015-05-08,14.250000,14.350000,14.040000,14.130000,14.130000,2310800
2015-05-11,14.110000,14.400000,14.110000,14.300000,14.300000,2839700
2015-05-12,14.070000,14.890000,14.040000,14.810000,14.810000,3492200
2015-05-13,14.690000,15.810000,14.690000,15.670000,15.670000,7501500
2015-05-14,15.830000,16.719999,15.600000,16.680000,16.680000,5826800
2015-05-15,16.840000,17.240000,16.530001,16.920000,16.920000,5230800
2015-05-18,16.889999,17.340000,16.799999,17.299999,17.299999,3129000
2015-05-19,17.420000,17.719999,17.200001,17.350000,17.350000,4500000
2015-05-20,17.400000,18.150000,17.250000,18.020000,18.020000,5129000
2015-05-21,17.990000,18.290001,17.350000,17.580000,17.580000,4809100
2015-05-22,17.549999,17.889999,17.500000,17.780001,17.780001,1916700
2015-05-26,17.700001,17.920000,17.549999,17.730000,17.730000,2229000
2015-05-27,17.580000,17.910000,17.320000,17.889999,17.889999,2383000
2015-05-28,17.570000,17.799999,17.370001,17.740000,17.740000,2202000
2015-05-29,17.719999,17.959999,17.459999,17.680000,17.680000,2586200
2015-06-01,17.920000,18.420000,17.870001,18.309999,18.309999,3322900
2015-06-02,18.209999,18.879999,18.200001,18.620001,18.620001,3954600
2015-06-03,18.600000,19.200001,18.570000,19.120001,19.120001,4195200
2015-06-04,18.170000,18.610001,15.940000,16.250000,16.250000,30698500
2015-06-05,16.809999,16.840000,15.830000,16.190001,16.190001,12363400
2015-06-08,16.620001,17.200001,16.520000,16.719999,16.719999,9952100
2015-06-09,16.709999,16.719999,15.800000,15.920000,15.920000,5838900
2015-06-10,16.160000,16.170000,15.800000,16.100000,16.100000,3938300
2015-06-11,16.180000,16.200001,15.590000,15.860000,15.860000,4269500
2015-06-12,15.680000,15.830000,15.460000,15.580000,15.580000,3361700
2015-06-15,15.270000,15.520000,15.130000,15.410000,15.410000,5629600
2015-06-16,15.540000,15.730000,15.340000,15.400000,15.400000,3106100
2015-06-17,15.370000,15.450000,15.200000,15.330000,15.330000,2788700
2015-06-18,15.440000,15.560000,15.340000,15.430000,15.430000,3425000
2015-06-19,15.530000,15.550000,15.280000,15.500000,15.500000,3977100
2015-06-22,15.630000,15.710000,15.380000,15.540000,15.540000,3726100
2015-06-23,15.530000,15.770000,15.510000,15.610000,15.610000,3326600
2015-06-24,15.490000,15.540000,15.200000,15.250000,15.250000,3524800
2015-06-25,15.240000,15.650000,15.240000,15.410000,15.410000,3737800
2015-06-26,15.540000,16.270000,15.460000,15.970000,15.970000,19017000
2015-06-29,15.740000,15.970000,15.470000,15.490000,15.490000,4265700
2015-06-30,15.710000,16.260000,15.660000,16.080000,16.080000,5278100
2015-07-01,16.250000,16.590000,16.120001,16.270000,16.270000,4874100
2015-07-02,16.330000,16.350000,16.010000,16.250000,16.250000,4892900
2015-07-06,16.080000,16.950001,16.080000,16.820000,16.820000,12185600
2015-07-07,16.900000,16.910000,16.450001,16.809999,16.809999,4787200
2015-07-08,16.660000,16.840000,16.340000,16.350000,16.350000,2807300
2015-07-09,16.580000,16.750000,16.459999,16.559999,16.559999,2603300
2015-07-10,16.830000,16.860001,16.400000,16.549999,16.549999,3140500
2015-07-13,16.790001,16.799999,16.480000,16.570000,16.570000,3036100
2015-07-14,16.590000,16.850000,16.530001,16.740000,16.740000,3538600
2015-07-15,16.780001,17.000000,16.580000,16.629999,16.629999,4245000
2015-07-16,16.790001,16.790001,16.370001,16.540001,16.540001,3674000
2015-07-17,16.540001,16.620001,16.299999,16.590000,16.590000,2830400
2015-07-20,16.629999,16.629999,16.270000,16.340000,16.340000,1936600
2015-07-21,16.340000,16.400000,15.930000,16.139999,16.139999,2456000
2015-07-22,16.389999,16.840000,16.230000,16.760000,16.760000,4238300
2015-07-23,17.020000,17.469999,16.860001,17.209999,17.209999,6501500
2015-07-24,17.309999,17.510000,16.790001,16.879999,16.879999,4192900
2015-07-27,16.910000,16.910000,16.410000,16.600000,16.600000,2840200
2015-07-28,16.719999,17.090000,16.420000,16.840000,16.840000,2935000
2015-07-29,16.780001,16.900000,16.530001,16.559999,16.559999,2394400
2015-07-30,16.570000,16.580000,16.309999,16.379999,16.379999,2584200
2015-07-31,16.500000,16.520000,16.280001,16.370001,16.370001,2674200
2015-08-03,16.389999,16.540001,16.170000,16.280001,16.280001,2500000
2015-08-04,16.190001,16.430000,16.049999,16.100000,16.100000,1979000
2015-08-05,16.170000,16.299999,16.059999,16.110001,16.110001,2663700
2015-08-06,16.000000,16.030001,13.640000,13.900000,13.900000,10625600
2015-08-07,14.010000,14.020000,13.260000,13.760000,13.760000,6003600
2015-08-10,14.240000,14.330000,13.630000,13.860000,13.860000,4281300
2015-08-11,13.750000,13.760000,13.270000,13.450000,13.450000,3907200
2015-08-12,13.400000,13.500000,12.760000,13.450000,13.450000,5406200
2015-08-13,13.420000,13.620000,13.040000,13.080000,13.080000,2868600
2015-08-14,13.000000,13.140000,12.590000,13.000000,13.000000,4859600
2015-08-17,12.770000,13.140000,12.720000,13.140000,13.140000,3429400
2015-08-18,13.070000,13.120000,12.730000,12.750000,12.750000,2983800
2015-08-19,12.700000,12.750000,12.380000,12.630000,12.630000,4192100
2015-08-20,12.650000,12.660000,12.040000,12.380000,12.380000,8866100
2015-08-21,12.320000,12.540000,11.990000,12.000000,12.000000,14125600
2015-08-24,11.640000,11.650000,10.140000,10.330000,10.330000,14410800
2015-08-25,11.140000,11.190000,10.690000,10.700000,10.700000,8549100
2015-08-26,10.970000,11.450000,10.790000,11.390000,11.390000,9535100
2015-08-27,11.290000,11.370000,10.930000,11.120000,11.120000,7833300
2015-08-28,11.180000,11.540000,11.080000,11.420000,11.420000,4121200
2015-08-31,11.160000,11.200000,10.620000,10.820000,10.820000,8683000
2015-09-01,10.530000,11.030000,10.480000,10.810000,10.810000,6115000
2015-09-02,11.240000,11.300000,10.870000,11.300000,11.300000,7332100
2015-09-03,11.250000,11.320000,10.850000,10.940000,10.940000,5904200
2015-09-04,10.840000,10.990000,10.560000,10.730000,10.730000,3950200
2015-09-08,10.940000,10.990000,10.470000,10.840000,10.840000,6150000
2015-09-09,10.880000,10.920000,10.260000,10.310000,10.310000,6734000
2015-09-10,10.210000,10.630000,10.200000,10.550000,10.550000,4148300
2015-09-11,10.280000,10.390000,9.830000,10.090000,10.090000,6505100
2015-09-14,10.190000,10.230000,9.850000,10.030000,10.030000,3930000
2015-09-15,10.070000,10.350000,10.010000,10.330000,10.330000,4067900
2015-09-16,10.220000,10.290000,10.070000,10.200000,10.200000,3588100
2015-09-17,10.160000,10.550000,10.140000,10.450000,10.450000,3428600
2015-09-18,10.480000,10.700000,10.350000,10.480000,10.480000,7356700
2015-09-21,10.420000,10.450000,9.760000,9.940000,9.940000,6287300
2015-09-22,9.810000,10.040000,9.570000,9.750000,9.750000,4459600
2015-09-23,9.760000,9.800000,9.480000,9.550000,9.550000,4416600
2015-09-24,9.570000,9.980000,9.500000,9.840000,9.840000,6692600
2015-09-25,10.200000,10.230000,8.840000,9.080000,9.080000,11396200
2015-09-28,9.010000,9.090000,8.390000,8.580000,8.580000,9745200
2015-09-29,8.620000,8.990000,8.260000,8.420000,8.420000,8865400
2015-09-30,8.600000,8.930000,8.230000,8.410000,8.410000,8540100
2015-10-01,8.420000,8.530000,8.200000,8.480000,8.480000,7515100
2015-10-02,8.410000,9.110000,8.230000,9.100000,9.100000,7630000
2015-10-05,9.140000,9.240000,8.760000,8.880000,8.880000,11751900
2015-10-06,8.950000,9.080000,8.400000,8.700000,8.700000,7183300
2015-10-07,8.800000,8.980000,8.530000,8.790000,8.790000,5392500
2015-10-08,8.780000,8.790000,8.460000,8.640000,8.640000,4320700
2015-10-09,8.630000,8.920000,8.520000,8.900000,8.900000,3455600
2015-10-12,8.940000,9.080000,8.680000,8.740000,8.740000,3963200
2015-10-13,8.600000,8.890000,8.510000,8.510000,8.510000,4771100
2015-10-14,8.620000,9.100000,8.620000,9.050000,9.050000,7280000
2015-10-15,9.160000,9.620000,9.090000,9.280000,9.280000,7946300
2015-10-16,9.590000,9.830000,9.350000,9.390000,9.390000,8519100
2015-10-19,9.620000,10.200000,9.520000,10.150000,10.150000,9950500
2015-10-20,10.150000,10.150000,9.460000,9.520000,9.520000,7794400
2015-10-21,9.680000,9.740000,9.020000,9.150000,9.150000,7265900
2015-10-22,9.230000,9.250000,8.670000,9.030000,9.030000,7032400
2015-10-23,9.140000,9.480000,9.070000,9.450000,9.450000,4131400
2015-10-26,9.610000,9.650000,9.210000,9.290000,9.290000,4099200
2015-10-27,9.260000,9.290000,8.980000,9.260000,9.260000,4464300
2015-10-28,9.250000,9.690000,9.050000,9.690000,9.690000,4066300
2015-10-29,9.620000,9.880000,9.340000,9.390000,9.390000,4228800
2015-10-30,9.390000,9.480000,9.260000,9.450000,9.450000,3645800
2015-11-02,9.500000,9.790000,9.450000,9.760000,9.760000,3947500
2015-11-03,9.700000,9.990000,9.640000,9.720000,9.720000,3865600
2015-11-04,9.740000,9.870000,9.540000,9.660000,9.660000,3595300
2015-11-05,9.760000,9.940000,9.550000,9.660000,9.660000,4728700
2015-11-06,9.610000,9.990000,9.470000,9.960000,9.960000,4575200
2015-11-09,10.120000,10.340000,9.740000,9.950000,9.950000,8184500
2015-11-10,10.520000,10.750000,10.380000,10.720000,10.720000,11019700
2015-11-11,10.870000,11.050000,10.650000,10.900000,10.900000,8428500
2015-11-12,10.970000,11.430000,10.940000,10.980000,10.980000,8186900
2015-11-13,10.930000,10.930000,10.550000,10.720000,10.720000,5097200
2015-11-16,10.520000,10.680000,10.280000,10.630000,10.630000,4300700
2015-11-17,10.790000,10.980000,10.640000,10.810000,10.810000,4142000
2015-11-18,10.870000,11.120000,10.730000,11.120000,11.120000,4021700
2015-11-19,11.070000,11.080000,10.580000,10.760000,10.760000,4024500
2015-11-20,10.810000,11.050000,10.720000,10.880000,10.880000,3358900
2015-11-23,10.850000,11.200000,10.770000,11.070000,11.070000,3651700
2015-11-24,11.000000,11.060000,10.700000,10.840000,10.840000,3184900
2015-11-25,10.940000,11.090000,10.890000,11.090000,11.090000,2614200
2015-11-27,10.950000,11.090000,10.920000,10.980000,10.980000,1285500
2015-11-30,11.010000,11.200000,10.830000,10.940000,10.940000,3171800
2015-12-01,10.960000,11.150000,10.740000,11.090000,11.090000,3520600
2015-12-02,11.030000,11.370000,11.010000,11.210000,11.210000,3308300
2015-12-03,11.410000,11.490000,10.820000,11.050000,11.050000,4832600
2015-12-04,11.040000,11.290000,10.970000,11.280000,11.280000,2644400
2015-12-07,11.350000,11.360000,10.920000,11.000000,11.000000,2965100
2015-12-08,10.890000,11.270000,10.860000,11.180000,11.180000,2698200
2015-12-09,11.100000,11.100000,10.750000,10.800000,10.800000,3389900
2015-12-10,10.800000,10.950000,10.660000,10.860000,10.860000,2659600
2015-12-11,10.750000,10.820000,10.400000,10.420000,10.420000,4373000
2015-12-14,10.170000,10.260000,9.470000,9.600000,9.600000,7877600
2015-12-15,9.740000,9.920000,9.610000,9.740000,9.740000,3643600
2015-12-16,9.750000,10.220000,9.740000,10.140000,10.140000,3573100
2015-12-17,10.200000,10.240000,9.840000,10.040000,10.040000,2755300
2015-12-18,9.940000,10.250000,9.900000,9.980000,9.980000,4963900
2015-12-21,10.030000,10.300000,9.880000,10.200000,10.200000,3404500
2015-12-22,10.130000,10.150000,9.900000,9.940000,9.940000,2723500
2015-12-23,9.850000,10.190000,9.770000,10.120000,10.120000,3068100
2015-12-24,10.150000,10.240000,10.120000,10.180000,10.180000,1055600
2015-12-28,10.240000,10.240000,10.000000,10.130000,10.130000,2136200
2015-12-29,10.200000,10.370000,10.130000,10.340000,10.340000,2225500
2015-12-30,10.290000,10.310000,9.980000,10.140000,10.140000,2937300
2015-12-31,10.150000,10.240000,10.040000,10.050000,10.050000,2329000
2016-01-04,9.920000,10.190000,9.810000,10.000000,10.000000,3978900
2016-01-05,9.970000,10.090000,9.740000,9.820000,9.820000,4127400
2016-01-06,9.700000,9.840000,8.950000,9.140000,9.140000,9265000
2016-01-07,8.970000,9.190000,8.630000,8.830000,8.830000,6985300
2016-01-08,8.900000,9.200000,8.770000,8.820000,8.820000,4359000
2016-01-11,9.100000,9.160000,8.410000,8.600000,8.600000,6176600
2016-01-12,8.630000,8.870000,8.310000,8.730000,8.730000,5026400
2016-01-13,8.870000,8.950000,8.220000,8.290000,8.290000,4980700
2016-01-14,8.320000,8.400000,7.560000,8.230000,8.230000,6739500
2016-01-15,7.870000,8.270000,7.580000,8.230000,8.230000,8204700
2016-01-19,8.290000,8.330000,7.650000,7.830000,7.830000,4655600
2016-01-20,7.660000,8.020000,7.120000,7.880000,7.880000,6864100
2016-01-21,7.770000,8.060000,7.580000,7.830000,7.830000,5058500
2016-01-22,8.000000,8.340000,7.860000,8.240000,8.240000,3174400
2016-01-25,8.110000,8.300000,7.860000,7.960000,7.960000,5473300
2016-01-26,7.970000,8.100000,7.700000,8.010000,8.010000,2390400
2016-01-27,7.900000,8.080000,7.710000,7.860000,7.860000,2656900
2016-01-28,8.040000,8.050000,7.630000,7.690000,7.690000,3601900
2016-01-29,7.770000,8.070000,7.640000,8.040000,8.040000,3588300
2016-02-01,7.940000,8.000000,7.730000,7.920000,7.920000,2804700
2016-02-02,7.800000,7.880000,7.610000,7.660000,7.660000,2820300
2016-02-03,7.740000,7.820000,7.420000,7.790000,7.790000,2673600
2016-02-04,7.710000,8.470000,7.640000,8.440000,8.440000,4165500
2016-02-05,8.440000,8.540000,8.150000,8.260000,8.260000,3868300
2016-02-08,8.230000,8.240000,7.570000,7.700000,7.700000,3665900
2016-02-09,7.740000,8.180000,7.650000,7.760000,7.760000,3962800
2016-02-10,7.860000,8.150000,7.780000,7.850000,7.850000,2880300
2016-02-11,7.750000,8.040000,7.640000,8.000000,8.000000,2860400
2016-02-12,8.140000,8.180000,7.830000,7.890000,7.890000,2721600
2016-02-16,7.930000,7.990000,7.730000,7.990000,7.990000,3568700
2016-02-17,7.960000,9.110000,7.940000,8.780000,8.780000,6772300
2016-02-18,8.750000,8.980000,8.560000,8.730000,8.730000,3385800
2016-02-19,8.700000,8.930000,8.590000,8.820000,8.820000,2358800
2016-02-22,9.020000,9.370000,9.020000,9.160000,9.160000,3383400
2016-02-23,9.060000,9.120000,8.810000,8.830000,8.830000,2867200
2016-02-24,8.730000,8.960000,8.560000,8.840000,8.840000,2920900
2016-02-25,8.890000,9.160000,8.850000,9.140000,9.140000,3140400
2016-02-26,9.170000,9.380000,9.010000,9.310000,9.310000,2696300
2016-02-29,9.370000,9.520000,9.240000,9.300000,9.300000,6132200
2016-03-01,9.250000,9.350000,8.580000,9.350000,9.350000,5630800
2016-03-02,9.260000,9.700000,9.250000,9.680000,9.680000,4766800
2016-03-03,9.750000,9.810000,9.520000,9.600000,9.600000,2565300
2016-03-04,9.630000,9.890000,9.560000,9.700000,9.700000,3026300
2016-03-07,9.690000,10.770000,9.670000,10.210000,10.210000,6465500
2016-03-08,10.100000,10.240000,9.960000,9.960000,9.960000,2792900
2016-03-09,10.040000,10.190000,9.910000,10.040000,10.040000,2539700
2016-03-10,10.070000,10.140000,9.700000,9.950000,9.950000,3081900
2016-03-11,10.100000,10.240000,9.960000,10.210000,10.210000,2524000
2016-03-14,10.170000,10.300000,10.090000,10.270000,10.270000,2617600
2016-03-15,10.120000,10.150000,9.790000,9.940000,9.940000,3494900
2016-03-16,9.960000,10.330000,9.860000,10.230000,10.230000,3394100
2016-03-17,10.280000,11.060000,10.200000,10.990000,10.990000,7544900
2016-03-18,11.150000,11.470000,11.020000,11.040000,11.040000,7505900
2016-03-21,11.000000,11.330000,10.980000,11.210000,11.210000,4035500
2016-03-22,11.100000,11.850000,11.080000,11.600000,11.600000,6605200
2016-03-23,11.630000,11.840000,11.300000,11.330000,11.330000,5306800
2016-03-24,11.330000,11.390000,10.960000,11.280000,11.280000,4749800
2016-03-28,11.570000,11.720000,11.140000,11.160000,11.160000,5489100
2016-03-29,11.160000,11.160000,10.280000,11.070000,11.070000,5945500
2016-03-30,9.990000,10.490000,9.830000,9.900000,9.900000,12035100
2016-03-31,9.960000,10.560000,9.860000,10.390000,10.390000,6923200
2016-04-01,10.250000,10.480000,10.130000,10.410000,10.410000,4186200
2016-04-04,10.280000,10.620000,10.260000,10.400000,10.400000,3614300
2016-04-05,10.220000,10.440000,10.200000,10.280000,10.280000,4621300
2016-04-06,10.300000,10.680000,10.250000,10.680000,10.680000,4572400
2016-04-07,10.530000,10.770000,10.470000,10.630000,10.630000,3582100
2016-04-08,10.730000,10.880000,10.600000,10.730000,10.730000,3471600
2016-04-11,10.790000,11.070000,10.700000,10.750000,10.750000,3195100
2016-04-12,10.820000,10.860000,10.570000,10.790000,10.790000,2862800
2016-04-13,10.820000,10.980000,10.690000,10.960000,10.960000,2856400
2016-04-14,10.960000,10.990000,10.750000,10.820000,10.820000,2100700
2016-04-15,10.800000,10.890000,10.630000,10.800000,10.800000,1976000
2016-04-18,10.870000,11.080000,10.830000,11.050000,11.050000,2866500
2016-04-19,11.090000,11.100000,10.860000,10.930000,10.930000,2675600
2016-04-20,11.030000,11.100000,10.910000,11.040000,11.040000,2441400
2016-04-21,11.010000,11.390000,10.920000,11.290000,11.290000,3399800
2016-04-22,11.290000,11.360000,11.160000,11.250000,11.250000,1905600
2016-04-25,11.250000,11.280000,11.030000,11.120000,11.120000,1856900
2016-04-26,11.220000,11.360000,11.050000,11.220000,11.220000,3114300
2016-04-27,11.110000,11.220000,10.870000,10.890000,10.890000,4290400
2016-04-28,10.920000,11.110000,10.720000,10.840000,10.840000,2921800
2016-04-29,10.820000,10.980000,10.580000,10.750000,10.750000,3121900
2016-05-02,10.800000,10.800000,10.150000,10.460000,10.460000,4791900
2016-05-03,10.280000,10.620000,10.180000,10.340000,10.340000,2561500
2016-05-04,10.230000,10.290000,9.680000,9.800000,9.800000,5297300
2016-05-05,9.820000,9.850000,9.650000,9.750000,9.750000,3619500
2016-05-06,9.730000,9.850000,9.570000,9.730000,9.730000,2839700
2016-05-09,10.110000,10.370000,10.010000,10.260000,10.260000,4676900
2016-05-10,10.480000,10.570000,10.040000,10.380000,10.380000,4600200
2016-05-11,10.290000,10.350000,9.910000,9.930000,9.930000,3838500
2016-05-12,9.930000,10.030000,9.330000,9.550000,9.550000,4798900
2016-05-13,9.560000,9.900000,9.550000,9.750000,9.750000,3333900
2016-05-16,9.830000,10.000000,9.820000,9.970000,9.970000,2305200
2016-05-17,9.890000,10.150000,9.860000,9.960000,9.960000,2482300
2016-05-18,9.860000,10.100000,9.850000,10.000000,10.000000,2323500
2016-05-19,9.880000,10.030000,9.760000,9.810000,9.810000,2646100
2016-05-20,9.850000,10.250000,9.850000,10.150000,10.150000,3252500
2016-05-23,10.150000,10.330000,10.020000,10.050000,10.050000,2102000
2016-05-24,10.150000,10.490000,10.110000,10.440000,10.440000,2834100
2016-05-25,10.530000,10.790000,10.480000,10.540000,10.540000,2585700
2016-05-26,10.590000,10.660000,10.420000,10.430000,10.430000,1755400
2016-05-27,10.550000,10.550000,10.110000,10.420000,10.420000,2318900
2016-05-31,10.460000,10.650000,10.410000,10.630000,10.630000,2268700
2016-06-01,10.530000,10.590000,10.370000,10.530000,10.530000,1682800
2016-06-02,10.500000,10.670000,10.410000,10.650000,10.650000,2155800
2016-06-03,10.640000,10.640000,9.990000,10.010000,10.010000,5727900
2016-06-06,10.010000,10.030000,9.720000,10.030000,10.030000,5697100
2016-06-07,10.020000,10.040000,9.890000,9.890000,9.890000,2438000
2016-06-08,9.950000,10.000000,9.750000,9.780000,9.780000,3622200
2016-06-09,9.700000,9.800000,9.600000,9.610000,9.610000,3540900
2016-06-10,9.500000,9.550000,9.280000,9.300000,9.300000,4136500
2016-06-13,9.300000,9.600000,9.260000,9.260000,9.260000,3420600
2016-06-14,9.220000,9.310000,8.830000,9.050000,9.050000,5440200
2016-06-15,9.060000,9.410000,9.040000,9.230000,9.230000,4242000
2016-06-16,9.070000,9.330000,8.970000,9.280000,9.280000,4205600
2016-06-17,9.320000,9.360000,9.000000,9.050000,9.050000,4560500
2016-06-20,9.230000,9.320000,9.100000,9.190000,9.190000,5182400
2016-06-21,9.970000,9.990000,9.540000,9.700000,9.700000,11370700
2016-06-22,9.670000,9.670000,9.300000,9.360000,9.360000,4973900
2016-06-23,9.520000,9.750000,9.460000,9.750000,9.750000,3149900
2016-06-24,9.750000,9.750000,9.750000,9.750000,9.750000,0
2016-06-27,9.280000,9.380000,8.710000,8.820000,8.820000,5570400
2016-06-28,9.050000,9.260000,9.010000,9.260000,9.260000,3725500
2016-06-29,9.340000,9.360000,9.150000,9.300000,9.300000,2871200
2016-06-30,9.120000,9.460000,9.070000,9.340000,9.340000,3613400
2016-07-01,9.360000,9.740000,9.350000,9.720000,9.720000,4508900
2016-07-05,9.640000,9.640000,9.430000,9.560000,9.560000,2472400
2016-07-06,9.470000,9.870000,9.410000,9.850000,9.850000,4692100
2016-07-07,9.860000,9.950000,9.740000,9.860000,9.860000,1753000
2016-07-08,9.930000,10.000000,9.860000,9.870000,9.870000,2043800
2016-07-11,9.910000,10.030000,9.800000,9.820000,9.820000,1928900
2016-07-12,9.930000,10.000000,9.840000,9.910000,9.910000,2544700
2016-07-13,9.830000,9.930000,9.600000,9.610000,9.610000,2431300
2016-07-14,9.750000,9.860000,9.670000,9.850000,9.850000,1495000
2016-07-15,9.820000,9.980000,9.760000,9.950000,9.950000,1647300
2016-07-18,10.000000,10.080000,9.960000,10.040000,10.040000,2326800
2016-07-19,10.020000,10.060000,9.890000,9.890000,9.890000,3164600
2016-07-20,10.000000,10.000000,9.800000,9.930000,9.930000,2552800
2016-07-21,9.990000,10.100000,9.800000,9.890000,9.890000,2317500
2016-07-22,9.950000,10.000000,9.820000,9.970000,9.970000,1491900
2016-07-25,10.010000,10.050000,9.900000,9.950000,9.950000,1701100
2016-07-26,10.040000,10.080000,9.920000,9.970000,9.970000,2132900
2016-07-27,10.100000,10.100000,9.850000,9.950000,9.950000,2476100
2016-07-28,9.970000,9.990000,9.830000,9.890000,9.890000,1666100
2016-07-29,9.890000,9.960000,9.760000,9.950000,9.950000,2153100
2016-08-01,9.930000,10.090000,9.870000,10.070000,10.070000,3156600
2016-08-02,10.010000,10.050000,9.790000,9.880000,9.880000,3367800
2016-08-03,9.820000,9.980000,9.770000,9.980000,9.980000,2600500
2016-08-04,9.910000,10.040000,9.880000,9.970000,9.970000,2983400
2016-08-05,10.000000,10.120000,9.950000,10.110000,10.110000,3415500
2016-08-08,10.190000,10.220000,10.050000,10.110000,10.110000,4715600
2016-08-09,10.510000,10.540000,10.120000,10.140000,10.140000,5258700
2016-08-10,10.190000,10.190000,9.900000,9.920000,9.920000,3882500
2016-08-11,9.970000,10.060000,9.920000,10.050000,10.050000,2157200
2016-08-12,10.050000,10.060000,9.970000,10.060000,10.060000,1451500
2016-08-15,10.100000,10.100000,10.010000,10.080000,10.080000,1973400
2016-08-16,10.000000,10.070000,9.980000,10.000000,10.000000,2036700
2016-08-17,10.000000,10.050000,9.820000,9.860000,9.860000,1906200
2016-08-18,9.850000,9.960000,9.810000,9.860000,9.860000,1367700
2016-08-19,9.850000,9.880000,9.760000,9.830000,9.830000,1426100
2016-08-22,9.800000,9.840000,9.700000,9.800000,9.800000,1978600
2016-08-23,9.880000,9.910000,9.370000,9.520000,9.520000,5376500
2016-08-24,9.530000,9.650000,9.150000,9.240000,9.240000,4786200
2016-08-25,9.240000,9.300000,8.910000,9.030000,9.030000,4821500
2016-08-26,9.090000,9.280000,9.000000,9.120000,9.120000,3116700
2016-08-29,9.100000,9.310000,9.080000,9.280000,9.280000,2236800
2016-08-30,9.330000,9.460000,9.250000,9.330000,9.330000,2283600
2016-08-31,9.260000,9.260000,9.070000,9.100000,9.100000,2793300
2016-09-01,9.310000,9.540000,9.190000,9.290000,9.290000,3515300
2016-09-02,9.340000,9.390000,9.160000,9.330000,9.330000,2061200
2016-09-06,9.320000,9.480000,9.190000,9.360000,9.360000,3026900
2016-09-07,9.390000,9.600000,9.380000,9.590000,9.590000,2632400
2016-09-08,9.610000,9.950000,9.560000,9.910000,9.910000,3114000
2016-09-09,9.790000,9.890000,9.730000,9.750000,9.750000,3584100
2016-09-12,9.660000,9.900000,9.550000,9.890000,9.890000,3835900
2016-09-13,9.800000,10.090000,9.760000,10.040000,10.040000,4469100
2016-09-14,10.020000,10.230000,9.960000,10.190000,10.190000,8145200
2016-09-15,10.200000,10.310000,10.110000,10.220000,10.220000,3787400
2016-09-16,10.160000,10.320000,10.150000,10.210000,10.210000,3875100
2016-09-19,10.140000,10.390000,10.140000,10.310000,10.310000,2755500
2016-09-20,10.340000,10.500000,10.310000,10.500000,10.500000,3733100
2016-09-21,10.430000,10.690000,10.390000,10.680000,10.680000,3227900
2016-09-22,10.650000,10.950000,10.620000,10.860000,10.860000,3963900
2016-09-23,10.790000,11.200000,10.790000,11.090000,11.090000,4326500
2016-09-26,11.000000,11.100000,10.920000,11.060000,11.060000,2234800
2016-09-27,11.100000,11.310000,11.080000,11.190000,11.190000,3101200
2016-09-28,11.180000,11.180000,10.830000,10.870000,10.870000,3834800
2016-09-29,10.800000,10.840000,10.450000,10.600000,10.600000,4120700
2016-09-30,10.590000,10.650000,10.470000,10.590000,10.590000,2461000
2016-10-03,10.590000,10.750000,10.570000,10.690000,10.690000,3319700
2016-10-04,10.700000,10.750000,10.510000,10.590000,10.590000,2437800
2016-10-05,10.690000,10.910000,10.670000,10.740000,10.740000,3947500
2016-10-06,10.590000,10.660000,10.410000,10.430000,10.430000,2665700
2016-10-07,9.840000,9.930000,9.530000,9.910000,9.910000,8360400
2016-10-10,9.870000,10.020000,9.850000,9.950000,9.950000,2552100
2016-10-11,9.940000,9.990000,9.570000,9.660000,9.660000,2784700
2016-10-12,9.700000,9.740000,9.470000,9.560000,9.560000,2490100
2016-10-13,9.520000,9.650000,9.410000,9.560000,9.560000,2640800
2016-10-14,9.600000,9.690000,9.420000,9.450000,9.450000,2443500
2016-10-17,9.480000,9.560000,9.250000,9.310000,9.310000,3376100
2016-10-18,9.420000,9.450000,9.250000,9.400000,9.400000,2648800
2016-10-19,9.370000,9.390000,9.130000,9.290000,9.290000,2594900
2016-10-20,9.460000,9.480000,9.190000,9.450000,9.450000,2861000
2016-10-21,9.390000,9.440000,9.320000,9.390000,9.390000,2180200
2016-10-24,9.400000,9.560000,9.400000,9.410000,9.410000,1629300
2016-10-25,9.370000,9.520000,9.280000,9.400000,9.400000,1940600
2016-10-26,9.330000,9.420000,9.220000,9.260000,9.260000,2519000
2016-10-27,9.330000,9.450000,9.150000,9.410000,9.410000,2662000
2016-10-28,9.400000,9.550000,9.300000,9.460000,9.460000,2286800
2016-10-31,9.470000,9.490000,9.350000,9.420000,9.420000,1935600
2016-11-01,9.350000,9.570000,9.340000,9.560000,9.560000,2495100
2016-11-02,9.560000,9.620000,9.430000,9.440000,9.440000,2665800
2016-11-03,9.490000,9.600000,9.390000,9.550000,9.550000,4687800
2016-11-04,9.540000,9.780000,9.490000,9.780000,9.780000,3410900
2016-11-07,9.940000,9.940000,9.690000,9.730000,9.730000,4733800
2016-11-08,9.720000,9.730000,8.920000,9.130000,9.130000,6535600
2016-11-09,9.280000,9.750000,9.260000,9.580000,9.580000,5991900
2016-11-10,9.610000,9.740000,9.350000,9.380000,9.380000,4178300
2016-11-11,9.350000,9.480000,9.170000,9.450000,9.450000,5788400
2016-11-14,9.410000,10.460000,9.370000,10.380000,10.380000,7239600
2016-11-15,10.220000,10.480000,10.110000,10.230000,10.230000,4781000
2016-11-16,10.090000,10.610000,10.070000,10.250000,10.250000,3950000
2016-11-17,10.340000,10.540000,10.280000,10.460000,10.460000,2920600
2016-11-18,10.500000,10.690000,10.230000,10.480000,10.480000,2909600
2016-11-21,10.460000,10.530000,10.360000,10.440000,10.440000,1893000
2016-11-22,10.340000,10.370000,10.140000,10.200000,10.200000,2561800
2016-11-23,10.080000,10.750000,10.010000,10.700000,10.700000,4056300
2016-11-25,10.700000,10.970000,10.650000,10.830000,10.830000,3256400
2016-11-28,10.870000,10.900000,10.540000,10.620000,10.620000,2893300
2016-11-29,10.620000,10.710000,10.470000,10.510000,10.510000,2291300
2016-11-30,10.550000,10.590000,10.370000,10.390000,10.390000,2363200
2016-12-01,10.440000,10.540000,10.180000,10.310000,10.310000,3469100
2016-12-02,10.340000,10.490000,10.230000,10.400000,10.400000,2916600
2016-12-05,10.520000,10.850000,10.460000,10.790000,10.790000,3190200
2016-12-06,10.890000,11.500000,10.890000,11.330000,11.330000,6627400
2016-12-07,11.230000,11.330000,10.880000,10.930000,10.930000,4609000
2016-12-08,10.880000,10.910000,10.610000,10.810000,10.810000,3374000
2016-12-09,10.900000,11.110000,10.840000,10.970000,10.970000,2656600
2016-12-12,11.060000,11.700000,11.060000,11.650000,11.650000,6570200
2016-12-13,11.800000,12.000000,11.700000,11.910000,11.910000,6424000
2016-12-14,11.880000,12.050000,11.500000,11.570000,11.570000,7096100
2016-12-15,11.860000,12.150000,11.780000,11.900000,11.900000,6675300
2016-12-16,11.870000,11.980000,11.620000,11.730000,11.730000,27617100
2016-12-19,11.840000,11.880000,11.570000,11.670000,11.670000,4090600
2016-12-20,11.670000,11.830000,11.610000,11.820000,11.820000,2876700
2016-12-21,11.850000,12.070000,11.730000,11.750000,11.750000,5249000
2016-12-22,11.580000,11.830000,11.530000,11.580000,11.580000,2483000
2016-12-23,11.520000,11.930000,11.510000,11.910000,11.910000,2704500
2016-12-27,12.030000,12.030000,11.810000,11.820000,11.820000,1972600
2016-12-28,11.890000,11.940000,11.330000,11.340000,11.340000,3429600
2016-12-29,11.400000,11.550000,11.350000,11.460000,11.460000,1908100
2016-12-30,9.710000,10.090000,9.030000,9.300000,9.300000,22823200
2017-01-03,9.160000,9.290000,8.970000,9.090000,9.090000,9564400
2017-01-04,9.110000,9.440000,9.090000,9.270000,9.270000,6166700
2017-01-05,9.220000,9.250000,9.020000,9.040000,9.040000,5196900
2017-01-06,9.130000,9.460000,9.130000,9.380000,9.380000,6941400
2017-01-09,9.500000,9.550000,9.300000,9.310000,9.310000,4412000
2017-01-10,9.400000,9.470000,9.310000,9.370000,9.370000,3520400
2017-01-11,9.340000,9.460000,9.060000,9.230000,9.230000,4819700
2017-01-12,9.270000,9.290000,9.100000,9.190000,9.190000,2299300
2017-01-13,9.200000,9.300000,9.110000,9.150000,9.150000,2670600
2017-01-17,9.200000,9.200000,8.870000,8.930000,8.930000,6337000
2017-01-18,8.980000,9.010000,8.820000,8.980000,8.980000,2922400
2017-01-19,8.900000,8.920000,8.620000,8.750000,8.750000,6133200
2017-01-20,8.760000,8.810000,8.620000,8.640000,8.640000,2914600
2017-01-23,8.560000,8.660000,8.340000,8.520000,8.520000,4179300
2017-01-24,8.540000,8.620000,8.420000,8.460000,8.460000,6247100
2017-01-25,8.600000,8.720000,8.330000,8.580000,8.580000,6806400
2017-01-26,8.550000,8.730000,8.500000,8.720000,8.720000,3440900
2017-01-27,8.750000,8.760000,8.610000,8.690000,8.690000,2396300
2017-01-30,8.620000,8.630000,8.430000,8.480000,8.480000,3306500
2017-01-31,8.410000,8.700000,8.300000,8.690000,8.690000,3986300
2017-02-01,8.720000,8.780000,8.560000,8.630000,8.630000,3119000
2017-02-02,8.620000,8.650000,8.470000,8.510000,8.510000,2421400
2017-02-03,8.540000,8.630000,8.480000,8.610000,8.610000,2124200
2017-02-06,8.540000,8.560000,8.160000,8.270000,8.270000,7513800
2017-02-07,8.320000,8.350000,8.210000,8.300000,8.300000,3432900
2017-02-08,8.220000,8.230000,7.990000,8.220000,8.220000,6679800
2017-02-09,8.220000,8.220000,8.010000,8.100000,8.100000,5819600
2017-02-10,8.170000,8.260000,8.060000,8.220000,8.220000,3616400
2017-02-13,8.260000,8.400000,8.240000,8.270000,8.270000,2161200
2017-02-14,8.300000,8.470000,8.280000,8.450000,8.450000,2285400
2017-02-15,8.400000,8.660000,8.400000,8.660000,8.660000,3269500
2017-02-16,8.660000,8.840000,8.620000,8.750000,8.750000,3418700
2017-02-17,8.720000,8.820000,8.620000,8.810000,8.810000,2680700
2017-02-21,8.870000,8.920000,8.630000,8.640000,8.640000,3846800
2017-02-22,8.570000,8.610000,8.450000,8.450000,8.450000,3079900
2017-02-23,8.430000,8.540000,8.320000,8.520000,8.520000,2523800
2017-02-24,8.450000,8.530000,8.360000,8.440000,8.440000,2744500
2017-02-27,8.380000,8.640000,8.380000,8.640000,8.640000,3855100
2017-02-28,8.670000,8.690000,8.380000,8.390000,8.390000,3784200
2017-03-01,8.610000,8.640000,8.290000,8.370000,8.370000,6190300
2017-03-02,8.010000,8.020000,7.130000,7.430000,7.430000,16588600
2017-03-03,7.530000,7.750000,7.350000,7.450000,7.450000,8581700
2017-03-06,7.570000,7.650000,7.400000,7.610000,7.610000,6069500
2017-03-07,7.600000,7.970000,7.590000,7.770000,7.770000,6020700
2017-03-08,7.990000,8.050000,7.850000,7.920000,7.920000,4575200
2017-03-09,7.970000,8.080000,7.770000,7.850000,7.850000,4697400
2017-03-10,7.890000,7.980000,7.870000,7.950000,7.950000,3243100
2017-03-13,7.950000,8.040000,7.850000,7.920000,7.920000,2979400
2017-03-14,8.140000,8.540000,7.960000,8.070000,8.070000,13598800
2017-03-15,8.080000,8.140000,8.010000,8.090000,8.090000,4077000
2017-03-16,8.140000,8.390000,8.130000,8.360000,8.360000,5903700
2017-03-17,8.480000,8.510000,8.030000,8.120000,8.120000,10586800
2017-03-20,8.160000,8.200000,7.940000,8.000000,8.000000,2796000
2017-03-21,8.000000,8.020000,7.690000,7.860000,7.860000,5739700
2017-03-22,7.970000,7.980000,7.770000,7.860000,7.860000,3081400
2017-03-23,7.800000,7.830000,7.650000,7.650000,7.650000,3441000
2017-03-24,7.700000,7.930000,7.680000,7.850000,7.850000,2826500
2017-03-27,7.810000,8.150000,7.770000,8.140000,8.140000,3258400
2017-03-28,8.080000,8.400000,8.060000,8.310000,8.310000,4239200
2017-03-29,8.260000,8.260000,8.080000,8.110000,8.110000,3189400
2017-03-30,8.060000,8.130000,7.960000,7.970000,7.970000,2928200
2017-03-31,7.990000,8.050000,7.940000,8.000000,8.000000,1989800
2017-04-03,8.000000,8.040000,7.730000,7.750000,7.750000,4587500
2017-04-04,7.690000,7.830000,7.680000,7.730000,7.730000,2535600
2017-04-05,7.730000,7.850000,7.600000,7.610000,7.610000,4204700
2017-04-06,7.630000,7.660000,7.520000,7.610000,7.610000,3810900
2017-04-07,7.600000,7.760000,7.510000,7.590000,7.590000,4399300
2017-04-10,7.620000,7.690000,7.570000,7.590000,7.590000,2686200
2017-04-11,7.590000,7.670000,7.450000,7.550000,7.550000,4562300
2017-04-12,7.550000,7.770000,7.530000,7.660000,7.660000,2927400
2017-04-13,7.640000,7.660000,7.510000,7.620000,7.620000,3044700
2017-04-17,7.620000,7.620000,7.410000,7.460000,7.460000,2603800
2017-04-18,7.380000,7.400000,7.110000,7.110000,7.110000,5941800
2017-04-19,7.160000,7.590000,7.110000,7.520000,7.520000,5421300
2017-04-20,7.600000,7.650000,7.460000,7.630000,7.630000,3385200
2017-04-21,7.650000,7.650000,7.400000,7.470000,7.470000,2281700
2017-04-24,7.610000,7.630000,7.410000,7.580000,7.580000,3007900
2017-04-25,7.560000,7.900000,7.520000,7.830000,7.830000,3486500
2017-04-26,7.780000,7.880000,7.760000,7.830000,7.830000,2625900
2017-04-27,7.790000,7.870000,7.730000,7.830000,7.830000,1890100
2017-04-28,7.810000,7.850000,7.750000,7.770000,7.770000,1682100
2017-05-01,7.820000,7.820000,7.530000,7.560000,7.560000,2572800
2017-05-02,7.590000,7.660000,7.430000,7.650000,7.650000,3159400
2017-05-03,7.600000,7.630000,7.490000,7.520000,7.520000,1545600
2017-05-04,7.540000,7.560000,7.410000,7.550000,7.550000,1711100
2017-05-05,7.550000,7.590000,7.460000,7.510000,7.510000,2437300
2017-05-08,7.570000,7.570000,7.170000,7.250000,7.250000,5422400
2017-05-09,7.250000,7.530000,7.170000,7.530000,7.530000,4862900
2017-05-10,6.770000,7.100000,6.650000,7.000000,7.000000,17472600
2017-05-11,6.850000,7.270000,6.850000,7.070000,7.070000,6855600
2017-05-12,7.050000,7.210000,6.970000,7.190000,7.190000,4274200
2017-05-15,7.140000,7.250000,6.740000,6.800000,6.800000,7642800
2017-05-16,6.790000,6.810000,6.550000,6.600000,6.600000,6558200
2017-05-17,6.500000,6.750000,6.460000,6.640000,6.640000,6851900
2017-05-18,6.720000,6.750000,6.560000,6.600000,6.600000,4192800
2017-05-19,6.650000,6.650000,6.540000,6.610000,6.610000,2895500
2017-05-22,6.590000,6.600000,6.370000,6.520000,6.520000,4235800
2017-05-23,6.580000,6.660000,6.520000,6.540000,6.540000,1979700
2017-05-24,6.480000,6.500000,6.370000,6.440000,6.440000,3449200
2017-05-25,6.430000,6.530000,6.340000,6.350000,6.350000,3141500
2017-05-26,6.410000,6.410000,6.260000,6.330000,6.330000,2868000
2017-05-30,6.310000,6.340000,6.250000,6.280000,6.280000,2473800
2017-05-31,6.290000,6.330000,6.070000,6.140000,6.140000,5671700
2017-06-01,6.120000,6.420000,5.990000,6.420000,6.420000,7934000
2017-06-02,6.440000,6.760000,6.390000,6.710000,6.710000,6366400
2017-06-05,6.610000,6.650000,6.250000,6.290000,6.290000,7095700
2017-06-06,6.270000,6.440000,6.180000,6.390000,6.390000,3294200
2017-06-07,6.340000,6.400000,6.200000,6.240000,6.240000,3238300
2017-06-08,6.250000,6.350000,6.240000,6.260000,6.260000,1794400
2017-06-09,6.290000,6.490000,6.250000,6.380000,6.380000,3393800
2017-06-12,6.390000,6.600000,6.360000,6.540000,6.540000,3387200
2017-06-13,6.510000,6.610000,6.480000,6.520000,6.520000,2264700
2017-06-14,6.500000,6.580000,6.490000,6.520000,6.520000,1777900
2017-06-15,6.400000,6.560000,6.310000,6.450000,6.450000,3887100
2017-06-16,6.490000,6.530000,6.380000,6.530000,6.530000,3928800
2017-06-19,6.580000,6.680000,6.510000,6.590000,6.590000,4440600
2017-06-20,6.590000,6.870000,6.530000,6.700000,6.700000,3875000
2017-06-21,6.770000,7.100000,6.770000,7.080000,7.080000,5615100
2017-06-22,7.070000,7.090000,6.640000,6.690000,6.690000,8389900
2017-06-23,6.720000,6.990000,6.710000,6.990000,6.990000,8520400
2017-06-26,6.990000,7.250000,6.980000,7.100000,7.100000,4348700
2017-06-27,7.110000,7.170000,6.700000,6.700000,6.700000,5453800
2017-06-28,6.790000,6.880000,6.730000,6.860000,6.860000,2922500
2017-06-29,6.900000,6.910000,6.580000,6.640000,6.640000,3308100
2017-06-30,6.640000,6.710000,6.540000,6.580000,6.580000,2904000
2017-07-03,6.530000,6.670000,6.400000,6.430000,6.430000,3466600
2017-07-05,6.380000,6.470000,6.290000,6.350000,6.350000,6789500
2017-07-06,6.300000,6.390000,6.220000,6.310000,6.310000,4019200
2017-07-07,6.330000,6.390000,6.290000,6.380000,6.380000,2346700
2017-07-10,6.390000,6.400000,6.160000,6.180000,6.180000,4486700
2017-07-11,6.140000,6.200000,6.050000,6.170000,6.170000,4697500
2017-07-12,6.150000,6.190000,6.040000,6.100000,6.100000,4224000
2017-07-13,6.100000,6.290000,6.010000,6.250000,6.250000,4164800
2017-07-14,6.250000,6.280000,6.100000,6.130000,6.130000,2933500
2017-07-17,6.100000,6.120000,6.000000,6.050000,6.050000,4148000
2017-07-18,6.030000,6.260000,6.030000,6.250000,6.250000,4726800
2017-07-19,6.240000,6.620000,6.240000,6.560000,6.560000,5262300
2017-07-20,6.570000,6.570000,6.350000,6.420000,6.420000,3936800
2017-07-21,6.480000,6.660000,6.430000,6.590000,6.590000,3722700
2017-07-24,6.560000,6.560000,6.380000,6.440000,6.440000,2776700
2017-07-25,6.450000,6.500000,6.380000,6.400000,6.400000,3035500
2017-07-26,6.400000,6.430000,6.310000,6.410000,6.410000,2322800
2017-07-27,6.450000,6.490000,6.280000,6.320000,6.320000,5114000
2017-07-28,6.290000,6.390000,6.230000,6.310000,6.310000,2956700
2017-07-31,6.360000,6.480000,6.290000,6.450000,6.450000,3727200
2017-08-01,6.500000,6.510000,6.190000,6.190000,6.190000,4474600
2017-08-02,6.240000,6.250000,6.100000,6.120000,6.120000,3775200
2017-08-03,6.180000,6.270000,6.110000,6.150000,6.150000,2719600
2017-08-04,6.140000,6.250000,6.040000,6.200000,6.200000,4107600
2017-08-07,6.230000,6.390000,6.220000,6.320000,6.320000,3369400
2017-08-08,6.310000,6.340000,6.100000,6.140000,6.140000,4837300
2017-08-09,6.150000,6.540000,6.040000,6.430000,6.430000,7141600
2017-08-10,6.320000,6.380000,6.110000,6.110000,6.110000,6817500
2017-08-11,6.160000,6.250000,6.040000,6.240000,6.240000,4707800
2017-08-14,6.340000,6.380000,6.130000,6.160000,6.160000,3852500
2017-08-15,6.160000,6.180000,6.050000,6.090000,6.090000,3552600
2017-08-16,6.110000,6.150000,6.010000,6.060000,6.060000,4223200
2017-08-17,6.030000,6.140000,5.850000,5.880000,5.880000,5130900
2017-08-18,6.070000,6.190000,5.910000,6.120000,6.120000,6288600
2017-08-21,6.130000,6.140000,6.000000,6.140000,6.140000,3102400
2017-08-22,6.160000,6.200000,6.090000,6.190000,6.190000,2590500
2017-08-23,6.100000,6.180000,6.060000,6.130000,6.130000,2577900
2017-08-24,6.120000,6.300000,6.070000,6.300000,6.300000,4021100
2017-08-25,6.300000,6.310000,6.130000,6.130000,6.130000,2826000
2017-08-28,6.190000,6.280000,6.140000,6.280000,6.280000,3131100
2017-08-29,6.200000,6.290000,6.160000,6.230000,6.230000,3644900
2017-08-30,6.220000,6.260000,6.160000,6.180000,6.180000,3887900
2017-08-31,6.200000,6.420000,6.160000,6.400000,6.400000,5006900
2017-09-01,6.410000,6.450000,6.250000,6.430000,6.430000,3492600
2017-09-05,6.400000,6.410000,6.250000,6.320000,6.320000,3485300
2017-09-06,6.350000,6.360000,6.270000,6.310000,6.310000,2608800
2017-09-07,6.270000,6.280000,6.180000,6.220000,6.220000,3263600
2017-09-08,6.220000,6.270000,6.110000,6.130000,6.130000,2971200
2017-09-11,6.190000,6.320000,6.140000,6.210000,6.210000,3453000
2017-09-12,6.140000,6.360000,6.140000,6.260000,6.260000,4060100
2017-09-13,6.220000,6.520000,6.200000,6.470000,6.470000,4274900
2017-09-14,6.240000,6.290000,5.850000,6.020000,6.020000,20917500
2017-09-15,6.050000,6.110000,5.970000,5.970000,5.970000,8169600
2017-09-18,6.050000,6.090000,5.990000,6.020000,6.020000,5274500
2017-09-19,6.050000,6.080000,5.960000,6.010000,6.010000,6638100
2017-09-20,6.010000,6.330000,6.010000,6.330000,6.330000,5386400
2017-09-21,6.340000,6.540000,6.340000,6.480000,6.480000,5434700
2017-09-22,6.570000,6.750000,6.440000,6.710000,6.710000,7434900
2017-09-25,6.680000,6.900000,6.650000,6.870000,6.870000,7470500
2017-09-26,6.900000,7.220000,6.890000,7.110000,7.110000,8352300
2017-09-27,7.210000,7.240000,6.780000,6.860000,6.860000,7544200
2017-09-28,6.800000,7.090000,6.760000,6.940000,6.940000,6130500
2017-09-29,6.840000,7.020000,6.810000,6.860000,6.860000,5456900
2017-10-02,6.870000,7.050000,6.840000,7.030000,7.030000,5799700
2017-10-03,6.990000,7.080000,6.920000,7.040000,7.040000,3012200
2017-10-04,7.050000,7.050000,6.860000,6.900000,6.900000,2507400
2017-10-05,6.890000,7.080000,6.890000,6.970000,6.970000,3896900
2017-10-06,6.940000,7.040000,6.900000,7.000000,7.000000,3263300
2017-10-09,6.980000,7.030000,6.810000,6.830000,6.830000,5144800
2017-10-10,6.810000,6.940000,6.760000,6.880000,6.880000,2642500
2017-10-11,6.870000,6.900000,6.760000,6.810000,6.810000,3830900
2017-10-12,6.910000,6.980000,6.790000,6.880000,6.880000,4536300
2017-10-13,6.880000,7.030000,6.820000,6.950000,6.950000,2698800
2017-10-16,7.010000,7.040000,6.830000,6.900000,6.900000,3095900
2017-10-17,6.860000,6.930000,6.720000,6.800000,6.800000,3355800
2017-10-18,6.790000,6.820000,6.590000,6.700000,6.700000,4247600
2017-10-19,6.670000,6.760000,6.600000,6.750000,6.750000,3519400
2017-10-20,6.740000,6.990000,6.720000,6.960000,6.960000,3530800
2017-10-23,6.950000,6.990000,6.870000,6.870000,6.870000,3002000
2017-10-24,6.850000,6.860000,6.740000,6.780000,6.780000,3455300
2017-10-25,6.730000,6.790000,6.610000,6.670000,6.670000,2734600
2017-10-26,6.720000,6.770000,6.560000,6.630000,6.630000,4569600
2017-10-27,6.630000,6.810000,6.580000,6.810000,6.810000,3134500
2017-10-30,6.750000,6.910000,6.680000,6.840000,6.840000,3306800
2017-10-31,6.830000,6.900000,6.640000,6.730000,6.730000,3575400
2017-11-01,6.770000,6.800000,6.520000,6.520000,6.520000,4052200
2017-11-02,6.610000,6.670000,6.480000,6.540000,6.540000,2962000
2017-11-03,6.500000,6.580000,6.360000,6.570000,6.570000,3687300
2017-11-06,6.570000,6.680000,6.550000,6.660000,6.660000,2341400
2017-11-07,6.700000,6.710000,6.550000,6.580000,6.580000,2557800
2017-11-08,6.550000,6.610000,6.450000,6.450000,6.450000,3298400
2017-11-09,5.520000,5.750000,5.350000,5.420000,5.420000,16968000
2017-11-10,5.440000,5.700000,5.440000,5.500000,5.500000,5745700
2017-11-13,5.440000,5.520000,5.250000,5.260000,5.260000,5903700
2017-11-14,5.200000,5.210000,4.550000,4.610000,4.610000,18781400
2017-11-15,4.500000,4.760000,4.500000,4.740000,4.740000,6407900
2017-11-16,4.690000,4.890000,4.600000,4.870000,4.870000,6782900
2017-11-17,4.870000,5.010000,4.800000,4.940000,4.940000,6046900
2017-11-20,4.860000,4.930000,4.760000,4.800000,4.800000,4729600
2017-11-21,4.780000,4.800000,4.710000,4.780000,4.780000,4282900
2017-11-22,4.750000,4.820000,4.740000,4.800000,4.800000,2820100
2017-11-24,4.790000,5.050000,4.770000,5.010000,5.010000,2716500
2017-11-27,5.040000,5.200000,5.020000,5.080000,5.080000,6339900
2017-11-28,5.110000,5.110000,4.900000,5.020000,5.020000,5479600
2017-11-29,5.000000,5.070000,4.910000,4.990000,4.990000,4268000
2017-11-30,5.050000,5.250000,5.050000,5.250000,5.250000,4653300
2017-12-01,5.230000,5.350000,5.090000,5.210000,5.210000,3104400
2017-12-04,5.230000,5.330000,5.120000,5.140000,5.140000,3369000
2017-12-05,5.140000,5.220000,5.030000,5.040000,5.040000,2517200
2017-12-06,5.040000,5.050000,4.900000,4.990000,4.990000,3446400
2017-12-07,4.940000,5.090000,4.940000,5.080000,5.080000,2969300
2017-12-08,5.120000,5.260000,5.080000,5.250000,5.250000,3912200
2017-12-11,5.190000,5.230000,5.130000,5.150000,5.150000,3953400
2017-12-12,5.150000,5.150000,4.970000,5.100000,5.100000,3461000
2017-12-13,5.080000,5.190000,5.070000,5.130000,5.130000,2183100
2017-12-14,5.060000,5.070000,4.820000,4.850000,4.850000,4736100
2017-12-15,4.900000,5.000000,4.830000,4.980000,4.980000,6791800
2017-12-18,4.970000,5.130000,4.910000,5.070000,5.070000,3418500
2017-12-19,4.980000,4.990000,4.790000,4.810000,4.810000,5258000
2017-12-20,4.820000,4.940000,4.800000,4.940000,4.940000,3385000
2017-12-21,4.920000,5.050000,4.910000,5.030000,5.030000,2901600
2017-12-22,5.000000,5.000000,4.850000,4.920000,4.920000,2922800
2017-12-26,4.940000,4.980000,4.870000,4.920000,4.920000,2806800
2017-12-27,4.900000,4.960000,4.840000,4.920000,4.920000,3736300
2017-12-28,4.930000,5.080000,4.910000,4.950000,4.950000,4287100
2017-12-29,4.920000,5.030000,4.890000,4.900000,4.900000,4538900
2018-01-02,4.950000,4.990000,4.900000,4.970000,4.970000,2954400
2018-01-03,4.970000,5.120000,4.920000,5.120000,5.120000,3486800
2018-01-04,5.140000,5.140000,4.950000,5.070000,5.070000,2804100
2018-01-05,5.070000,5.100000,4.930000,4.960000,4.960000,2617500
2018-01-08,4.960000,5.000000,4.850000,4.920000,4.920000,3104700
2018-01-09,4.940000,5.000000,4.870000,4.990000,4.990000,2541300
2018-01-10,5.000000,5.080000,4.920000,5.060000,5.060000,2679600
2018-01-11,5.050000,5.120000,5.000000,5.060000,5.060000,2613500
2018-01-12,5.070000,5.070000,4.900000,4.980000,4.980000,3286100
2018-01-16,4.910000,4.930000,4.550000,4.600000,4.600000,8114100
2018-01-17,4.640000,4.650000,4.280000,4.470000,4.470000,9283700
2018-01-18,4.450000,4.500000,4.310000,4.400000,4.400000,4663400
2018-01-19,4.380000,4.480000,4.330000,4.470000,4.470000,3476800
2018-01-22,4.500000,4.500000,4.320000,4.440000,4.440000,5518100
2018-01-23,4.460000,4.890000,4.460000,4.830000,4.830000,8778200
2018-01-24,4.820000,5.000000,4.800000,4.850000,4.850000,6558600
2018-01-25,4.940000,5.050000,4.860000,5.000000,5.000000,6119400
2018-01-26,5.050000,5.140000,4.840000,4.880000,4.880000,3830200
2018-01-29,4.850000,4.900000,4.730000,4.790000,4.790000,4128100
2018-01-30,4.750000,4.790000,4.560000,4.590000,4.590000,4643300
2018-01-31,4.580000,4.650000,4.410000,4.460000,4.460000,5351900
2018-02-01,4.430000,4.510000,4.330000,4.450000,4.450000,4094200
2018-02-02,4.420000,4.440000,4.250000,4.250000,4.250000,6191800
2018-02-05,4.290000,4.400000,4.010000,4.130000,4.130000,6295200
2018-02-06,4.110000,4.350000,4.030000,4.340000,4.340000,6588900
2018-02-07,4.320000,4.490000,4.130000,4.140000,4.140000,4891600
2018-02-08,4.130000,4.210000,4.010000,4.030000,4.030000,5912400
2018-02-09,4.060000,4.090000,3.610000,3.880000,3.880000,9870700
2018-02-12,3.910000,4.030000,3.810000,3.950000,3.950000,3757700
2018-02-13,3.880000,3.930000,3.800000,3.900000,3.900000,3481100
2018-02-14,3.890000,3.940000,3.800000,3.930000,3.930000,3976400
2018-02-15,3.910000,3.980000,3.900000,3.960000,3.960000,2620700
2018-02-16,3.950000,3.980000,3.830000,3.850000,3.850000,2463500
2018-02-20,3.800000,3.840000,3.680000,3.690000,3.690000,3760800
2018-02-21,3.670000,3.700000,3.570000,3.570000,3.570000,5504800
2018-02-22,3.560000,3.770000,3.550000,3.620000,3.620000,3789500
2018-02-23,3.660000,3.830000,3.650000,3.800000,3.800000,3886900
2018-02-26,3.770000,3.820000,3.670000,3.730000,3.730000,4380200
2018-02-27,3.720000,3.790000,3.690000,3.710000,3.710000,5228200
2018-02-28,3.690000,3.710000,3.390000,3.390000,3.390000,7385800
2018-03-01,3.410000,3.470000,3.160000,3.180000,3.180000,7712000
2018-03-02,2.670000,3.400000,2.660000,3.370000,3.370000,15437300
2018-03-05,3.390000,3.580000,3.320000,3.540000,3.540000,5163100
2018-03-06,3.490000,3.540000,3.350000,3.420000,3.420000,3710300
2018-03-07,3.370000,3.410000,3.200000,3.330000,3.330000,5489600
2018-03-08,3.360000,3.380000,3.240000,3.320000,3.320000,3944900
2018-03-09,3.360000,3.650000,3.340000,3.590000,3.590000,5870200
2018-03-12,3.550000,3.590000,3.410000,3.550000,3.550000,3241600
2018-03-13,3.530000,3.570000,3.300000,3.310000,3.310000,3849000
2018-03-14,3.350000,3.400000,3.260000,3.350000,3.350000,3708700
2018-03-15,3.360000,3.440000,3.250000,3.270000,3.270000,4277600
2018-03-16,3.400000,3.700000,3.340000,3.600000,3.600000,10004800
2018-03-19,3.620000,3.710000,3.400000,3.530000,3.530000,5153200
2018-03-20,3.510000,3.520000,3.260000,3.300000,3.300000,4905100
2018-03-21,3.260000,3.440000,3.240000,3.360000,3.360000,4172000
2018-03-22,3.310000,3.410000,3.270000,3.310000,3.310000,4396100
2018-03-23,3.370000,3.440000,3.240000,3.270000,3.270000,3829200
2018-03-26,3.280000,3.340000,3.140000,3.320000,3.320000,4991000
2018-03-27,3.270000,3.340000,3.160000,3.190000,3.190000,4326900
2018-03-28,3.220000,3.280000,3.010000,3.110000,3.110000,5528800
2018-03-29,3.100000,3.260000,3.100000,3.170000,3.170000,4511700
2018-04-02,3.150000,3.180000,3.020000,3.040000,3.040000,3928100
2018-04-03,3.050000,3.070000,2.910000,3.040000,3.040000,4757200
2018-04-04,2.950000,3.170000,2.950000,3.170000,3.170000,4460300
2018-04-05,3.200000,3.320000,3.120000,3.210000,3.210000,3386200
2018-04-06,3.190000,3.220000,3.050000,3.070000,3.070000,3195900
2018-04-09,3.110000,3.140000,2.970000,3.040000,3.040000,5037900
2018-04-10,3.040000,3.130000,2.980000,3.080000,3.080000,4622500
2018-04-11,3.010000,3.150000,3.010000,3.090000,3.090000,5192500
2018-04-12,3.090000,3.140000,2.990000,3.010000,3.010000,3990200
2018-04-13,3.030000,3.050000,2.980000,2.990000,2.990000,2294100
2018-04-16,3.020000,3.050000,2.910000,3.020000,3.020000,2752600
2018-04-17,3.030000,3.150000,3.010000,3.110000,3.110000,3282000
2018-04-18,3.110000,3.290000,3.100000,3.220000,3.220000,3800100
2018-04-19,3.200000,3.270000,3.150000,3.170000,3.170000,2943100
2018-04-20,3.180000,3.190000,3.080000,3.080000,3.080000,2608600
2018-04-23,3.080000,3.150000,2.980000,3.010000,3.010000,3926500
2018-04-24,3.010000,3.090000,2.920000,3.000000,3.000000,4048800
2018-04-25,2.980000,3.090000,2.930000,3.040000,3.040000,3298700
2018-04-26,3.040000,3.130000,3.010000,3.100000,3.100000,3463300
2018-04-27,3.120000,3.180000,3.100000,3.160000,3.160000,2077600
2018-04-30,3.100000,3.120000,3.040000,3.040000,3.040000,3746500
2018-05-01,3.040000,3.110000,3.020000,3.110000,3.110000,2501100
2018-05-02,3.090000,3.210000,3.080000,3.130000,3.130000,3051600
2018-05-03,3.100000,3.150000,3.060000,3.060000,3.060000,2456000
2018-05-04,3.070000,3.190000,3.060000,3.150000,3.150000,2565600
2018-05-07,3.160000,3.280000,3.140000,3.280000,3.280000,3221700
2018-05-08,3.260000,3.300000,3.210000,3.220000,3.220000,2379500
2018-05-09,3.460000,4.260000,3.380000,4.160000,4.160000,16502600
2018-05-10,4.180000,4.430000,4.010000,4.350000,4.350000,11052200
2018-05-11,4.370000,4.570000,4.260000,4.520000,4.520000,7706100
2018-05-14,4.570000,4.830000,4.550000,4.780000,4.780000,8635000
2018-05-15,4.700000,4.860000,4.640000,4.720000,4.720000,6363000
2018-05-16,4.750000,5.020000,4.740000,4.990000,4.990000,7663800
2018-05-17,4.980000,5.000000,4.820000,4.880000,4.880000,4947900
2018-05-18,4.710000,4.770000,3.760000,3.990000,3.990000,20067200
2018-05-21,4.070000,4.110000,3.630000,3.720000,3.720000,8338100
2018-05-22,3.760000,3.930000,3.690000,3.750000,3.750000,7999200
2018-05-23,3.700000,3.860000,3.630000,3.650000,3.650000,5388500
2018-05-24,3.720000,3.760000,3.630000,3.700000,3.700000,4889800
2018-05-25,3.940000,3.940000,3.680000,3.700000,3.700000,4105500
2018-05-29,3.670000,3.750000,3.630000,3.720000,3.720000,3437400
2018-05-30,3.790000,3.940000,3.780000,3.860000,3.860000,3779800
2018-05-31,3.830000,3.910000,3.760000,3.880000,3.880000,2939700
2018-06-01,3.920000,4.050000,3.900000,3.970000,3.970000,3525200
2018-06-04,4.030000,4.170000,3.980000,4.110000,4.110000,4550800
2018-06-05,4.150000,4.260000,4.110000,4.130000,4.130000,3961200
2018-06-06,4.170000,4.210000,4.000000,4.070000,4.070000,3232300
2018-06-07,4.070000,4.200000,4.030000,4.050000,4.050000,3269300
2018-06-08,4.080000,4.310000,4.050000,4.260000,4.260000,3910800
2018-06-11,4.260000,4.270000,4.120000,4.210000,4.210000,3238900
2018-06-12,4.210000,4.360000,4.180000,4.330000,4.330000,3058900
2018-06-13,4.340000,4.620000,4.280000,4.450000,4.450000,5202800
2018-06-14,4.480000,4.620000,4.410000,4.480000,4.480000,4302000
2018-06-15,4.570000,4.570000,4.310000,4.400000,4.400000,14325500
2018-06-18,4.350000,4.510000,4.290000,4.440000,4.440000,3484900
2018-06-19,4.400000,4.460000,4.210000,4.350000,4.350000,4126700
2018-06-20,4.370000,4.880000,4.370000,4.790000,4.790000,5555700
2018-06-21,4.800000,4.850000,4.440000,4.460000,4.460000,4976500
2018-06-22,4.510000,4.630000,4.370000,4.570000,4.570000,36829800
2018-06-25,4.490000,4.740000,4.430000,4.700000,4.700000,5110100
2018-06-26,4.750000,4.870000,4.620000,4.810000,4.810000,4826700
2018-06-27,4.790000,4.940000,4.700000,4.700000,4.700000,4054400
2018-06-28,4.670000,4.800000,4.400000,4.770000,4.770000,5644600
2018-06-29,4.840000,4.880000,4.650000,4.700000,4.700000,4034800
2018-07-02,4.680000,4.750000,4.620000,4.720000,4.720000,2123800
2018-07-03,4.710000,4.790000,4.690000,4.760000,4.760000,1418600
2018-07-05,4.790000,4.840000,4.720000,4.830000,4.830000,2189800
2018-07-06,4.810000,5.390000,4.800000,5.210000,5.210000,10642300
2018-07-09,5.270000,5.550000,5.240000,5.520000,5.520000,8370300
2018-07-10,5.560000,5.870000,5.550000,5.790000,5.790000,9400000
2018-07-11,5.680000,6.150000,5.660000,6.010000,6.010000,11140500
2018-07-12,6.170000,6.300000,6.050000,6.210000,6.210000,9072900
2018-07-13,6.230000,6.240000,5.630000,5.860000,5.860000,7467800
2018-07-16,5.950000,6.100000,5.620000,6.050000,6.050000,7492700
2018-07-17,6.050000,6.400000,6.030000,6.290000,6.290000,8898500
2018-07-18,6.250000,6.300000,5.980000,6.130000,6.130000,8604000
2018-07-19,6.060000,6.120000,5.870000,5.960000,5.960000,7224900
2018-07-20,5.950000,6.070000,5.870000,5.890000,5.890000,5168500
2018-07-23,5.970000,6.030000,5.840000,5.960000,5.960000,3441700
2018-07-24,6.020000,6.040000,5.290000,5.580000,5.580000,8943500
2018-07-25,5.560000,5.680000,5.360000,5.390000,5.390000,5845400
2018-07-26,5.400000,5.450000,4.920000,4.970000,4.970000,15739000
2018-07-27,5.080000,5.100000,4.700000,4.950000,4.950000,7540700
2018-07-30,5.030000,5.230000,4.930000,5.180000,5.180000,6703300
2018-07-31,5.180000,5.690000,5.180000,5.620000,5.620000,8668300
2018-08-01,5.510000,5.750000,5.390000,5.720000,5.720000,8593600
2018-08-02,5.720000,5.820000,5.650000,5.800000,5.800000,4625900
2018-08-03,5.770000,5.930000,5.730000,5.890000,5.890000,6927800
2018-08-06,5.950000,6.000000,5.460000,5.510000,5.510000,5959800
2018-08-07,5.590000,5.750000,5.590000,5.620000,5.620000,3790900
2018-08-08,5.780000,5.940000,5.370000,5.490000,5.490000,7428900
2018-08-09,5.570000,5.660000,5.380000,5.500000,5.500000,5929800
2018-08-10,5.410000,5.730000,5.380000,5.420000,5.420000,6292600
2018-08-13,5.410000,5.490000,5.270000,5.390000,5.390000,4551500
2018-08-14,5.430000,5.430000,5.230000,5.380000,5.380000,3623600
2018-08-15,5.270000,5.340000,5.160000,5.260000,5.260000,3263300
2018-08-16,5.280000,5.550000,5.260000,5.490000,5.490000,3695300
2018-08-17,5.460000,5.630000,5.430000,5.610000,5.610000,2525100
2018-08-20,5.580000,5.630000,5.480000,5.590000,5.590000,2583900
2018-08-21,5.580000,5.750000,5.550000,5.720000,5.720000,3089900
2018-08-22,5.730000,5.900000,5.730000,5.890000,5.890000,3242500
2018-08-23,5.890000,5.990000,5.760000,5.850000,5.850000,3954800
2018-08-24,5.850000,5.850000,5.630000,5.630000,5.630000,2621700
2018-08-27,5.720000,6.010000,5.690000,6.000000,6.000000,5418900
2018-08-28,6.160000,6.160000,5.740000,5.790000,5.790000,4038700
2018-08-29,5.850000,5.920000,5.790000,5.890000,5.890000,2396900
2018-08-30,5.960000,5.960000,5.770000,5.890000,5.890000,2542200
2018-08-31,5.870000,5.920000,5.810000,5.920000,5.920000,2313000
2018-09-04,5.970000,5.990000,5.620000,5.860000,5.860000,4754200
2018-09-05,5.860000,5.870000,5.680000,5.800000,5.800000,2949000
2018-09-06,5.780000,5.810000,5.580000,5.590000,5.590000,3233600
2018-09-07,5.550000,5.720000,4.020000,4.580000,4.580000,17657400
2018-09-10,4.580000,4.580000,4.580000,4.580000,4.580000,0
2018-09-11,4.580000,4.580000,4.580000,4.580000,4.580000,0
2018-09-12,4.580000,4.580000,4.580000,4.580000,4.580000,0
2018-09-13,4.580000,4.580000,4.580000,4.580000,4.580000,0
2018-09-14,4.000000,4.550000,3.770000,3.900000,3.900000,28354400
2018-09-17,3.900000,4.620000,3.670000,4.490000,4.490000,16341200
2018-09-18,4.330000,4.480000,4.150000,4.220000,4.220000,7671500
2018-09-19,4.140000,4.510000,4.100000,4.440000,4.440000,5591700
2018-09-20,4.520000,4.540000,4.290000,4.320000,4.320000,5208800
2018-09-21,4.300000,4.410000,4.250000,4.320000,4.320000,13412200
2018-09-24,4.300000,4.300000,3.850000,4.130000,4.130000,5786700
2018-09-25,4.160000,4.270000,3.950000,3.990000,3.990000,4937700
2018-09-26,4.000000,4.000000,3.650000,3.720000,3.720000,7242500
2018-09-27,3.660000,3.700000,3.290000,3.290000,3.290000,6214200
2018-09-28,3.260000,3.540000,3.210000,3.460000,3.460000,4724600
2018-10-01,3.420000,3.590000,3.340000,3.430000,3.430000,4971000
2018-10-02,3.400000,3.470000,3.270000,3.400000,3.400000,4986500
2018-10-03,3.430000,3.680000,3.410000,3.640000,3.640000,4187500
2018-10-04,3.570000,3.600000,3.440000,3.480000,3.480000,4172600
2018-10-05,3.490000,3.580000,3.350000,3.450000,3.450000,3723000
2018-10-08,3.440000,3.800000,3.420000,3.670000,3.670000,6944000
2018-10-09,3.670000,3.730000,3.410000,3.470000,3.470000,4112700
2018-10-10,3.450000,3.630000,3.440000,3.480000,3.480000,5037200
2018-10-11,3.480000,3.710000,3.470000,3.540000,3.540000,5146400
2018-10-12,3.610000,3.710000,3.480000,3.650000,3.650000,4117700
2018-10-15,3.590000,3.760000,3.570000,3.680000,3.680000,3108600
2018-10-16,3.690000,3.900000,3.670000,3.870000,3.870000,4130700
2018-10-17,3.840000,3.840000,3.710000,3.800000,3.800000,2393000
2018-10-18,3.770000,3.780000,3.620000,3.670000,3.670000,2122300
2018-10-19,3.630000,3.830000,3.540000,3.590000,3.590000,3255700
2018-10-22,3.640000,3.650000,3.480000,3.580000,3.580000,3041000
2018-10-23,3.500000,3.570000,3.420000,3.440000,3.440000,4040400
2018-10-24,3.460000,3.470000,3.080000,3.100000,3.100000,5428100
2018-10-25,3.170000,3.430000,3.140000,3.420000,3.420000,4233300
2018-10-26,3.290000,3.450000,3.230000,3.340000,3.340000,4445500
2018-10-29,3.410000,3.570000,3.320000,3.390000,3.390000,3766400
2018-10-30,3.370000,3.560000,3.290000,3.410000,3.410000,3960500
2018-10-31,3.440000,3.480000,3.310000,3.380000,3.380000,4022700
2018-11-01,3.400000,3.770000,3.390000,3.660000,3.660000,5005400
2018-11-02,3.680000,3.790000,3.640000,3.770000,3.770000,2827400
2018-11-05,3.750000,3.750000,3.490000,3.550000,3.550000,3016300
2018-11-06,3.510000,3.790000,3.500000,3.720000,3.720000,4259700
2018-11-07,3.720000,3.920000,3.710000,3.860000,3.860000,4302700
2018-11-08,3.860000,3.920000,3.470000,3.490000,3.490000,3914500
2018-11-09,3.460000,3.470000,3.000000,3.090000,3.090000,7347400
2018-11-12,3.370000,3.860000,3.330000,3.730000,3.730000,8409200
2018-11-13,3.710000,3.740000,3.420000,3.490000,3.490000,6094700
2018-11-14,3.500000,3.540000,3.210000,3.230000,3.230000,5809200
2018-11-15,3.250000,3.530000,3.250000,3.530000,3.530000,5312500
2018-11-16,3.500000,3.630000,3.410000,3.560000,3.560000,3793600
2018-11-19,3.520000,3.560000,3.370000,3.450000,3.450000,3494100
2018-11-20,3.380000,3.630000,3.360000,3.540000,3.540000,3519400
2018-11-21,3.610000,3.620000,3.470000,3.550000,3.550000,2443700
2018-11-23,3.490000,3.610000,3.390000,3.440000,3.440000,1965400
2018-11-26,3.470000,3.550000,3.360000,3.480000,3.480000,2863300
2018-11-27,3.440000,3.460000,3.250000,3.260000,3.260000,3497900
2018-11-28,3.330000,3.460000,3.280000,3.460000,3.460000,3967900
2018-11-29,3.410000,3.690000,3.370000,3.630000,3.630000,3863900
2018-11-30,3.630000,3.750000,3.580000,3.740000,3.740000,2553600
2018-12-03,3.770000,3.830000,3.690000,3.770000,3.770000,4381800
2018-12-04,3.730000,3.810000,3.480000,3.490000,3.490000,5455500
2018-12-06,3.480000,3.490000,3.180000,3.250000,3.250000,6283800
2018-12-07,3.220000,3.420000,3.220000,3.280000,3.280000,4572500
2018-12-10,3.330000,3.360000,3.180000,3.320000,3.320000,3465100
2018-12-11,3.380000,3.440000,3.250000,3.330000,3.330000,2523700
2018-12-12,3.350000,3.440000,3.290000,3.340000,3.340000,3597000
2018-12-13,3.310000,3.450000,3.310000,3.410000,3.410000,4748300
2018-12-14,3.370000,3.420000,3.270000,3.290000,3.290000,2982800
2018-12-17,3.220000,3.350000,3.170000,3.170000,3.170000,4542200
2018-12-18,3.240000,3.240000,2.970000,3.010000,3.010000,5356000
2018-12-19,3.030000,3.220000,2.820000,2.850000,2.850000,7149200
2018-12-20,2.840000,2.900000,2.600000,2.710000,2.710000,7583000
2018-12-21,2.700000,2.700000,2.550000,2.560000,2.560000,15867800
2018-12-24,2.460000,2.550000,2.420000,2.460000,2.460000,4270500
2018-12-26,2.500000,2.560000,2.340000,2.540000,2.540000,6908200
2018-12-27,2.460000,2.540000,2.340000,2.530000,2.530000,4844400
2018-12-28,2.930000,3.530000,2.850000,3.160000,3.160000,17723300
2018-12-31,3.190000,3.210000,2.840000,3.010000,3.010000,8831100
2019-01-02,2.930000,3.430000,2.930000,3.290000,3.290000,7022500
2019-01-03,3.290000,3.350000,3.170000,3.280000,3.280000,6192600
2019-01-04,3.350000,3.540000,3.280000,3.540000,3.540000,5461400
2019-01-07,3.530000,3.740000,3.380000,3.670000,3.670000,7031100
2019-01-08,3.670000,3.720000,3.530000,3.620000,3.620000,5132800
2019-01-09,3.640000,3.730000,3.590000,3.650000,3.650000,3139800
2019-01-10,3.640000,3.770000,3.560000,3.750000,3.750000,2841200
2019-01-11,3.760000,3.940000,3.690000,3.830000,3.830000,3849700
2019-01-14,3.780000,3.850000,3.690000,3.700000,3.700000,4261100
2019-01-15,3.710000,3.800000,3.680000,3.780000,3.780000,2618000
2019-01-16,3.790000,3.890000,3.700000,3.730000,3.730000,2921200
2019-01-17,3.710000,3.770000,3.630000,3.720000,3.720000,3978200
2019-01-18,3.720000,3.830000,3.720000,3.800000,3.800000,2678700
2019-01-22,3.760000,3.800000,3.650000,3.680000,3.680000,3298400
2019-01-23,3.690000,3.720000,3.530000,3.630000,3.630000,3107900
2019-01-24,3.630000,3.760000,3.620000,3.690000,3.690000,2818400
2019-01-25,3.740000,3.870000,3.640000,3.810000,3.810000,3637800
2019-01-28,3.760000,3.780000,3.470000,3.470000,3.470000,4456300
2019-01-29,3.490000,3.560000,3.350000,3.550000,3.550000,3159100
2019-01-30,3.580000,3.720000,3.560000,3.720000,3.720000,3636000
2019-01-31,3.720000,3.820000,3.630000,3.680000,3.680000,3877800
2019-02-01,3.580000,3.750000,3.310000,3.590000,3.590000,5258800
2019-02-04,3.590000,3.630000,3.510000,3.520000,3.520000,2712300
2019-02-05,2.900000,2.990000,2.800000,2.970000,2.970000,33460600
2019-02-06,2.960000,2.960000,2.820000,2.830000,2.830000,7461000
2019-02-07,2.810000,2.870000,2.680000,2.760000,2.760000,8705200
2019-02-08,2.730000,2.770000,2.630000,2.690000,2.690000,5237300
2019-02-11,2.750000,2.770000,2.670000,2.740000,2.740000,4961100
2019-02-12,2.750000,2.850000,2.740000,2.830000,2.830000,5736300
2019-02-13,2.830000,2.840000,2.760000,2.770000,2.770000,2727600
2019-02-14,2.750000,2.820000,2.710000,2.790000,2.790000,3787600
2019-02-15,2.800000,2.860000,2.760000,2.860000,2.860000,7670200
2019-02-19,2.840000,2.880000,2.790000,2.820000,2.820000,3735200
2019-02-20,2.840000,2.870000,2.720000,2.750000,2.750000,6586200
2019-02-21,2.750000,2.810000,2.730000,2.740000,2.740000,3819800
2019-02-22,2.740000,2.810000,2.720000,2.810000,2.810000,3192100
2019-02-25,2.840000,2.860000,2.750000,2.840000,2.840000,8210200
2019-02-26,2.840000,2.880000,2.810000,2.830000,2.830000,5438800
2019-02-27,2.840000,2.860000,2.720000,2.780000,2.780000,5840800
2019-02-28,2.660000,2.670000,2.470000,2.550000,2.550000,12098200
2019-03-01,2.560000,2.780000,2.540000,2.740000,2.740000,6378400
2019-03-04,2.790000,2.800000,2.600000,2.670000,2.670000,5756100
2019-03-05,2.690000,2.720000,2.630000,2.650000,2.650000,4902300
2019-03-06,2.650000,2.680000,2.540000,2.560000,2.560000,5215200
2019-03-07,2.560000,2.600000,2.500000,2.540000,2.540000,6273100
2019-03-08,2.530000,2.530000,2.430000,2.470000,2.470000,5550300
2019-03-11,2.480000,2.570000,2.440000,2.570000,2.570000,5219900
2019-03-12,2.550000,2.570000,2.500000,2.540000,2.540000,3042800
2019-03-13,2.540000,2.590000,2.500000,2.550000,2.550000,3965900
2019-03-14,2.530000,2.570000,2.400000,2.420000,2.420000,5609500
2019-03-15,2.480000,2.550000,2.470000,2.510000,2.510000,10128400
2019-03-18,2.520000,2.550000,2.450000,2.520000,2.520000,3986700
2019-03-19,2.550000,2.580000,2.490000,2.510000,2.510000,4551100
2019-03-20,2.480000,2.530000,2.410000,2.460000,2.460000,4245100
2019-03-21,2.630000,2.720000,2.560000,2.720000,2.720000,10789300
2019-03-22,2.640000,2.730000,2.520000,2.530000,2.530000,5428700
2019-03-25,2.520000,2.570000,2.480000,2.520000,2.520000,3368200
2019-03-26,2.540000,2.570000,2.500000,2.570000,2.570000,2900400
2019-03-27,2.570000,2.590000,2.460000,2.460000,2.460000,3821400
2019-03-28,2.460000,2.530000,2.430000,2.530000,2.530000,3388600
2019-03-29,2.550000,2.640000,2.520000,2.610000,2.610000,4708200
2019-04-01,2.640000,2.640000,2.570000,2.580000,2.580000,2532800
2019-04-02,2.590000,2.590000,2.490000,2.520000,2.520000,2681800
2019-04-03,2.560000,2.580000,2.510000,2.570000,2.570000,2355300
2019-04-04,2.570000,2.580000,2.500000,2.540000,2.540000,2290700
2019-04-05,2.540000,2.610000,2.540000,2.610000,2.610000,2722700
2019-04-08,2.580000,2.640000,2.530000,2.530000,2.530000,2520600
2019-04-09,2.530000,2.560000,2.500000,2.500000,2.500000,4022800
2019-04-10,2.510000,2.560000,2.500000,2.540000,2.540000,3268300
2019-04-11,2.530000,2.540000,2.440000,2.440000,2.440000,3527000
2019-04-12,2.480000,2.520000,2.440000,2.480000,2.480000,4766500
2019-04-15,2.490000,2.520000,2.460000,2.460000,2.460000,2620100
2019-04-16,2.480000,2.520000,2.410000,2.470000,2.470000,3973100
2019-04-17,2.500000,2.510000,2.390000,2.410000,2.410000,6184900
2019-04-18,2.410000,2.440000,2.350000,2.400000,2.400000,6731000
2019-04-22,2.390000,2.410000,2.290000,2.340000,2.340000,5913700
2019-04-23,2.360000,2.410000,2.310000,2.410000,2.410000,5854400
2019-04-24,2.420000,2.420000,2.320000,2.330000,2.330000,4034700
2019-04-25,2.330000,2.360000,2.290000,2.360000,2.360000,2583200
2019-04-26,2.350000,2.470000,2.330000,2.460000,2.460000,3149400
2019-04-29,2.450000,2.460000,2.400000,2.420000,2.420000,2192000
2019-04-30,2.400000,2.410000,2.320000,2.390000,2.390000,3583500
2019-05-01,2.380000,2.400000,2.300000,2.300000,2.300000,3329600
2019-05-02,2.290000,2.370000,2.230000,2.370000,2.370000,4781000
2019-05-03,2.370000,2.480000,2.360000,2.410000,2.410000,4443500
2019-05-06,2.350000,2.500000,2.330000,2.490000,2.490000,4540300
2019-05-07,2.440000,2.470000,2.360000,2.360000,2.360000,4929300
2019-05-08,2.210000,2.290000,2.070000,2.090000,2.090000,10492400
2019-05-09,2.130000,2.140000,2.010000,2.090000,2.090000,4431300
2019-05-10,2.140000,2.140000,2.010000,2.120000,2.120000,5393000
2019-05-13,2.050000,2.070000,1.960000,1.960000,1.960000,9314000
2019-05-14,1.990000,2.040000,1.920000,2.010000,2.010000,13435700
2019-05-15,1.980000,2.090000,1.920000,2.080000,2.080000,9790200
2019-05-16,2.060000,2.080000,2.000000,2.030000,2.030000,4829600
2019-05-17,2.020000,2.120000,2.010000,2.050000,2.050000,4482600
2019-05-20,2.020000,2.080000,1.990000,1.990000,1.990000,3542700
2019-05-21,2.010000,2.100000,2.000000,2.100000,2.100000,3379600
2019-05-22,2.090000,2.110000,1.960000,1.980000,1.980000,4043600
2019-05-23,1.970000,1.980000,1.900000,1.920000,1.920000,4442500
2019-05-24,1.950000,1.970000,1.920000,1.960000,1.960000,2834600
2019-05-28,1.960000,1.960000,1.880000,1.880000,1.880000,3562400
2019-05-29,1.860000,1.880000,1.820000,1.850000,1.850000,5467700
2019-05-30,1.870000,1.890000,1.850000,1.850000,1.850000,2571300
2019-05-31,1.850000,1.850000,1.730000,1.790000,1.790000,5863200
2019-06-03,1.770000,1.870000,1.760000,1.870000,1.870000,4669400
2019-06-04,1.890000,2.000000,1.850000,1.980000,1.980000,8105600
2019-06-05,1.970000,1.980000,1.900000,1.950000,1.950000,3202400
2019-06-06,1.890000,1.970000,1.890000,1.940000,1.940000,2499000
2019-06-07,1.940000,1.940000,1.860000,1.930000,1.930000,3110700
2019-06-10,1.940000,1.980000,1.910000,1.920000,1.920000,2609700
2019-06-11,1.950000,1.960000,1.860000,1.860000,1.860000,2198000
2019-06-12,1.800000,1.940000,1.800000,1.920000,1.920000,2722400
2019-06-13,1.930000,1.960000,1.890000,1.950000,1.950000,2299000
2019-06-14,1.930000,1.960000,1.890000,1.900000,1.900000,2497600
2019-06-17,1.900000,2.000000,1.890000,2.000000,2.000000,4024600
2019-06-18,2.000000,2.080000,1.980000,2.040000,2.040000,4204500
2019-06-19,2.050000,2.070000,1.990000,2.010000,2.010000,3354500
2019-06-20,2.060000,2.070000,2.010000,2.030000,2.030000,3285000
2019-06-21,2.030000,2.060000,2.000000,2.010000,2.010000,8367800
2019-06-24,2.020000,2.070000,2.010000,2.030000,2.030000,3412300
2019-06-25,2.030000,2.070000,1.980000,2.000000,2.000000,8258300
2019-06-26,2.000000,2.040000,1.990000,2.010000,2.010000,2787800
2019-06-27,2.040000,2.260000,2.020000,2.220000,2.220000,8195600
2019-06-28,2.250000,2.480000,2.210000,2.440000,2.440000,16086000
2019-07-01,2.500000,2.530000,2.440000,2.470000,2.470000,6688800
2019-07-02,2.470000,2.520000,2.390000,2.410000,2.410000,4165000
2019-07-03,2.410000,2.410000,2.330000,2.370000,2.370000,2370500
2019-07-05,2.360000,2.410000,2.320000,2.360000,2.360000,3130200
2019-07-08,2.320000,2.330000,2.170000,2.200000,2.200000,5306700
2019-07-09,2.200000,2.270000,2.180000,2.270000,2.270000,4648000
2019-07-10,2.310000,2.320000,2.200000,2.250000,2.250000,3760600
2019-07-11,2.240000,2.270000,2.140000,2.140000,2.140000,3117800
2019-07-12,2.150000,2.190000,2.100000,2.160000,2.160000,2389300
2019-07-15,2.190000,2.200000,2.130000,2.140000,2.140000,2168100
2019-07-16,2.160000,2.180000,2.100000,2.100000,2.100000,2806300
2019-07-17,2.100000,2.120000,2.050000,2.110000,2.110000,2487400
2019-07-18,2.090000,2.120000,2.030000,2.080000,2.080000,3140200
2019-07-19,2.090000,2.140000,2.070000,2.070000,2.070000,2043600
2019-07-22,2.070000,2.100000,2.050000,2.070000,2.070000,1876400
2019-07-23,2.090000,2.150000,2.070000,2.080000,2.080000,2321800
2019-07-24,2.080000,2.160000,2.060000,2.140000,2.140000,2529200
2019-07-25,2.140000,2.150000,2.060000,2.080000,2.080000,2777100
2019-07-26,2.090000,2.130000,2.070000,2.130000,2.130000,2148300
2019-07-29,2.080000,2.110000,2.020000,2.100000,2.100000,4368600
2019-07-30,2.080000,2.160000,2.070000,2.150000,2.150000,2042600
2019-07-31,2.150000,2.180000,2.080000,2.110000,2.110000,3405400
2019-08-01,2.130000,2.170000,2.050000,2.070000,2.070000,7311600
2019-08-02,2.040000,2.090000,1.890000,1.940000,1.940000,5591700
2019-08-05,1.920000,1.980000,1.890000,1.940000,1.940000,4369100
2019-08-06,2.010000,2.030000,1.890000,1.950000,1.950000,5288500
2019-08-07,1.970000,1.980000,1.890000,1.950000,1.950000,4834400
2019-08-08,1.990000,2.030000,1.860000,1.910000,1.910000,3841600
2019-08-09,1.910000,1.930000,1.770000,1.790000,1.790000,4107500
2019-08-12,1.810000,1.870000,1.780000,1.830000,1.830000,5556200
2019-08-13,1.840000,1.870000,1.810000,1.860000,1.860000,2639400
2019-08-14,1.820000,1.920000,1.820000,1.870000,1.870000,3951200
2019-08-15,1.890000,1.920000,1.840000,1.900000,1.900000,3563600
2019-08-16,1.920000,1.980000,1.900000,1.960000,1.960000,2553100
2019-08-19,1.970000,2.030000,1.950000,2.020000,2.020000,2773800
2019-08-20,2.010000,2.010000,1.960000,2.000000,2.000000,2443200
2019-08-21,2.020000,2.040000,1.980000,2.020000,2.020000,1567700
2019-08-22,2.020000,2.030000,1.920000,1.950000,1.950000,3500300
2019-08-23,1.940000,1.960000,1.830000,1.830000,1.830000,3195300
2019-08-26,1.850000,1.860000,1.800000,1.840000,1.840000,3298000
2019-08-27,1.850000,1.850000,1.750000,1.750000,1.750000,2434500
2019-08-28,1.760000,1.820000,1.750000,1.780000,1.780000,3760200
2019-08-29,1.830000,1.830000,1.770000,1.810000,1.810000,2716200
2019-08-30,1.800000,1.850000,1.790000,1.840000,1.840000,1722000
2019-09-03,1.810000,1.840000,1.790000,1.810000,1.810000,3340300
2019-09-04,1.840000,1.870000,1.820000,1.830000,1.830000,2367500
2019-09-05,1.840000,1.870000,1.840000,1.860000,1.860000,1945000
2019-09-06,1.880000,1.920000,1.840000,1.860000,1.860000,1957500
2019-09-09,1.850000,1.940000,1.810000,1.910000,1.910000,2884400
2019-09-10,1.900000,2.020000,1.870000,2.010000,2.010000,3514000
2019-09-11,2.010000,2.150000,2.000000,2.140000,2.140000,4371400
2019-09-12,2.130000,2.200000,2.080000,2.180000,2.180000,4416300
2019-09-13,2.190000,2.270000,2.120000,2.170000,2.170000,4275200
2019-09-16,2.170000,2.300000,2.150000,2.270000,2.270000,3896700
2019-09-17,2.270000,2.270000,2.160000,2.170000,2.170000,3200800
2019-09-18,2.180000,2.210000,2.090000,2.100000,2.100000,2839500
2019-09-19,2.110000,2.120000,2.010000,2.050000,2.050000,3038300
2019-09-20,2.040000,2.080000,2.000000,2.020000,2.020000,10457300
2019-09-23,2.010000,2.150000,2.010000,2.130000,2.130000,2974200
2019-09-24,2.150000,2.150000,2.070000,2.110000,2.110000,2535800
2019-09-25,2.120000,2.150000,2.090000,2.120000,2.120000,2351300
2019-09-26,2.150000,2.150000,2.060000,2.070000,2.070000,2186100
2019-09-27,2.050000,2.150000,2.040000,2.080000,2.080000,2366100
2019-09-30,2.100000,2.120000,2.030000,2.090000,2.090000,2510700
2019-10-01,2.090000,2.160000,2.000000,2.000000,2.000000,3479400
2019-10-02,1.990000,2.140000,1.980000,2.130000,2.130000,4161300
2019-10-03,2.120000,2.160000,2.030000,2.100000,2.100000,4522200
2019-10-04,2.110000,2.160000,2.050000,2.150000,2.150000,3445200
2019-10-07,2.130000,2.230000,2.070000,2.110000,2.110000,5140200
2019-10-08,2.090000,2.140000,1.990000,1.990000,1.990000,3298300
2019-10-09,2.000000,2.050000,1.980000,2.000000,2.000000,3053100
2019-10-10,2.000000,2.060000,1.980000,2.050000,2.050000,3650600
2019-10-11,2.080000,2.130000,2.040000,2.050000,2.050000,2790500
2019-10-14,2.050000,2.090000,2.000000,2.040000,2.040000,2385100
2019-10-15,2.040000,2.100000,2.040000,2.070000,2.070000,1920600
2019-10-16,2.070000,2.130000,2.050000,2.070000,2.070000,2441300
2019-10-17,2.140000,2.170000,2.080000,2.170000,2.170000,2905900
2019-10-18,2.150000,2.180000,2.050000,2.100000,2.100000,2521900
2019-10-21,2.360000,2.430000,2.060000,2.130000,2.130000,17853800
2019-10-22,2.160000,2.200000,2.070000,2.150000,2.150000,4102100
2019-10-23,1.990000,2.010000,1.810000,1.900000,1.900000,11138300
2019-10-24,1.900000,1.900000,1.600000,1.630000,1.630000,13245800
2019-10-25,1.390000,1.460000,1.330000,1.440000,1.440000,33124400
2019-10-28,1.490000,1.550000,1.460000,1.520000,1.520000,12892600
2019-10-29,1.550000,1.560000,1.450000,1.460000,1.460000,7435300
2019-10-30,1.500000,1.520000,1.420000,1.450000,1.450000,6484800
2019-10-31,1.450000,1.480000,1.410000,1.420000,1.420000,4305100
2019-11-01,1.440000,1.500000,1.420000,1.500000,1.500000,4252400
2019-11-04,1.520000,1.550000,1.470000,1.510000,1.510000,5399900
2019-11-05,1.530000,1.560000,1.520000,1.560000,1.560000,9579200
2019-11-06,1.530000,1.640000,1.450000,1.480000,1.480000,9307500
2019-11-07,1.500000,1.510000,1.460000,1.510000,1.510000,4415600
2019-11-08,1.480000,1.530000,1.460000,1.470000,1.470000,7800800
2019-11-11,1.470000,1.480000,1.450000,1.460000,1.460000,1773500
2019-11-12,1.480000,1.480000,1.430000,1.430000,1.430000,3741800
2019-11-13,1.440000,1.450000,1.420000,1.430000,1.430000,2708100
2019-11-14,1.440000,1.450000,1.420000,1.430000,1.430000,2189700
2019-11-15,1.450000,1.510000,1.420000,1.490000,1.490000,10886000
2019-11-18,1.480000,1.500000,1.460000,1.480000,1.480000,4027300
2019-11-19,1.490000,1.530000,1.450000,1.530000,1.530000,5813600
2019-11-20,1.520000,1.630000,1.510000,1.570000,1.570000,9077600
2019-11-21,1.580000,1.610000,1.540000,1.600000,1.600000,3183800
2019-11-22,1.610000,1.640000,1.600000,1.610000,1.610000,2386800
2019-11-25,1.650000,1.680000,1.600000,1.630000,1.630000,5782500
2019-11-26,1.630000,1.640000,1.540000,1.590000,1.590000,5510200
2019-11-27,1.600000,1.630000,1.590000,1.610000,1.610000,3038300
2019-11-29,1.590000,1.650000,1.580000,1.590000,1.590000,2542000
2019-12-02,1.610000,1.620000,1.550000,1.560000,1.560000,3357300
2019-12-03,1.550000,1.620000,1.540000,1.600000,1.600000,2462500
2019-12-04,1.620000,1.650000,1.590000,1.640000,1.640000,4202600
2019-12-05,1.670000,1.680000,1.590000,1.590000,1.590000,4692600
2019-12-06,1.620000,1.650000,1.590000,1.610000,1.610000,3080500
2019-12-09,1.590000,1.630000,1.580000,1.590000,1.590000,2692800
2019-12-10,1.600000,1.610000,1.540000,1.560000,1.560000,3194300
2019-12-11,1.580000,1.580000,1.480000,1.510000,1.510000,5034000
2019-12-12,1.510000,1.570000,1.500000,1.530000,1.530000,4163300
2019-12-13,1.540000,1.580000,1.510000,1.560000,1.560000,3972800
2019-12-16,1.570000,1.580000,1.530000,1.580000,1.580000,4730000
2019-12-17,1.580000,1.580000,1.500000,1.530000,1.530000,4133500
2019-12-18,1.510000,1.550000,1.480000,1.500000,1.500000,4437400
2019-12-19,1.500000,1.510000,1.460000,1.500000,1.500000,3388400
2019-12-20,1.500000,1.550000,1.480000,1.530000,1.530000,12945500
2019-12-23,1.500000,1.550000,1.490000,1.530000,1.530000,4299500
2019-12-24,1.510000,1.620000,1.500000,1.610000,1.610000,3939700
2019-12-26,1.580000,1.590000,1.550000,1.570000,1.570000,3843700
2019-12-27,1.560000,1.570000,1.500000,1.500000,1.500000,3778700
2019-12-30,1.500000,1.510000,1.460000,1.460000,1.460000,4711900
2019-12-31,1.460000,1.500000,1.440000,1.470000,1.470000,7317200
2020-01-02,1.490000,1.510000,1.460000,1.490000,1.490000,2980000
2020-01-03,1.480000,1.510000,1.460000,1.470000,1.470000,2590800
2020-01-06,1.460000,1.500000,1.430000,1.490000,1.490000,3092400
2020-01-07,1.500000,1.500000,1.460000,1.490000,1.490000,2898000
2020-01-08,1.470000,1.490000,1.450000,1.480000,1.480000,3278100
2020-01-09,1.460000,1.490000,1.450000,1.470000,1.470000,2555100
2020-01-10,1.460000,1.490000,1.440000,1.450000,1.450000,3973800
2020-01-13,1.450000,1.460000,1.440000,1.440000,1.440000,2266000
2020-01-14,1.450000,1.520000,1.420000,1.500000,1.500000,5439900
2020-01-15,1.500000,1.580000,1.500000,1.550000,1.550000,6588400
2020-01-16,1.550000,1.590000,1.520000,1.590000,1.590000,3897600
2020-01-17,1.610000,1.630000,1.560000,1.560000,1.560000,3646900
2020-01-21,1.540000,1.620000,1.530000,1.580000,1.580000,4130200
2020-01-22,1.600000,1.770000,1.580000,1.730000,1.730000,7327800
2020-01-23,1.710000,1.730000,1.610000,1.620000,1.620000,5323600
2020-01-24,1.660000,1.680000,1.570000,1.580000,1.580000,5063100
2020-01-27,1.570000,1.620000,1.550000,1.570000,1.570000,3686600
2020-01-28,1.600000,1.660000,1.590000,1.610000,1.610000,2697600
2020-01-29,1.600000,1.610000,1.520000,1.520000,1.520000,2943700
2020-01-30,1.500000,1.510000,1.450000,1.480000,1.480000,3971600
2020-01-31,1.480000,1.500000,1.420000,1.450000,1.450000,3586100
2020-02-03,1.470000,1.510000,1.450000,1.500000,1.500000,3941500
2020-02-04,1.500000,1.560000,1.500000,1.550000,1.550000,4078700
2020-02-05,1.560000,1.630000,1.560000,1.620000,1.620000,4800800
2020-02-06,1.610000,1.670000,1.510000,1.520000,1.520000,7709900
2020-02-07,1.540000,1.620000,1.520000,1.600000,1.600000,3499600
2020-02-10,1.590000,1.620000,1.560000,1.620000,1.620000,2468200
2020-02-11,1.630000,1.650000,1.590000,1.610000,1.610000,2792500
2020-02-12,1.610000,1.640000,1.600000,1.620000,1.620000,1623500
2020-02-13,1.610000,1.620000,1.570000,1.570000,1.570000,2006600
2020-02-14,1.580000,1.590000,1.540000,1.570000,1.570000,1999600
2020-02-18,1.590000,1.590000,1.550000,1.590000,1.590000,1525200
2020-02-19,1.600000,1.610000,1.580000,1.600000,1.600000,1746700
2020-02-20,1.580000,1.600000,1.530000,1.580000,1.580000,2210300
2020-02-21,1.600000,1.640000,1.560000,1.630000,1.630000,2930800
2020-02-24,1.550000,1.560000,1.480000,1.500000,1.500000,5082300
2020-02-25,1.520000,1.530000,1.360000,1.390000,1.390000,5938600
2020-02-26,1.430000,1.430000,1.370000,1.380000,1.380000,4203000
2020-02-27,1.410000,1.580000,1.380000,1.440000,1.440000,6710100
2020-02-28,1.540000,1.540000,1.440000,1.500000,1.500000,6571600
2020-03-02,1.500000,1.560000,1.460000,1.560000,1.560000,4823000
2020-03-03,1.550000,1.580000,1.450000,1.480000,1.480000,4506900
2020-03-04,1.510000,1.720000,1.490000,1.660000,1.660000,14753100
2020-03-05,1.570000,2.190000,1.550000,2.060000,2.060000,52198200
2020-03-06,2.790000,2.910000,2.220000,2.320000,2.320000,103868200
2020-03-09,2.840000,2.900000,2.060000,2.220000,2.220000,64340400
2020-03-10,1.930000,2.000000,1.520000,1.710000,1.710000,27681300
2020-03-11,1.630000,1.940000,1.600000,1.690000,1.690000,23658200
2020-03-12,1.640000,1.660000,1.400000,1.420000,1.420000,15712600
2020-03-13,2.120000,2.180000,1.610000,1.900000,1.900000,111178100
2020-03-16,1.790000,2.100000,1.610000,1.700000,1.700000,31926600
2020-03-17,1.730000,1.840000,1.540000,1.810000,1.810000,33857400
2020-03-18,1.720000,1.770000,1.430000,1.570000,1.570000,20991700
2020-03-19,1.470000,1.600000,1.430000,1.470000,1.470000,15565200
2020-03-20,1.540000,1.690000,1.370000,1.400000,1.400000,34093300
2020-03-23,1.440000,1.450000,1.350000,1.400000,1.400000,21104700
2020-03-24,1.440000,1.480000,1.370000,1.420000,1.420000,14629900
2020-03-25,1.400000,1.450000,1.350000,1.360000,1.360000,14508300
2020-03-26,1.380000,1.410000,1.350000,1.380000,1.380000,8649000
2020-03-27,1.380000,1.450000,1.370000,1.400000,1.400000,11915300
2020-03-30,1.370000,1.390000,1.320000,1.360000,1.360000,11709100
2020-03-31,1.350000,1.350000,1.300000,1.340000,1.340000,11440000
2020-04-01,1.280000,1.280000,1.200000,1.210000,1.210000,13581600
2020-04-02,1.200000,1.200000,1.140000,1.150000,1.150000,12167700
2020-04-03,1.200000,1.290000,1.120000,1.160000,1.160000,16872100
2020-04-06,1.260000,1.350000,1.200000,1.350000,1.350000,14106600
2020-04-07,1.360000,1.360000,1.250000,1.270000,1.270000,11074400
2020-04-08,1.290000,1.400000,1.270000,1.390000,1.390000,10687000
2020-04-09,1.400000,1.450000,1.360000,1.430000,1.430000,9663500
2020-04-13,1.440000,1.490000,1.390000,1.480000,1.480000,6740000
2020-04-14,1.500000,1.740000,1.490000,1.710000,1.710000,24526000
2020-04-15,1.590000,1.680000,1.410000,1.630000,1.630000,12027300
2020-04-16,1.620000,1.720000,1.600000,1.680000,1.680000,7557400
2020-04-17,1.680000,1.710000,1.580000,1.700000,1.700000,9491600
2020-04-20,1.700000,2.060000,1.680000,1.980000,1.980000,34124000
2020-04-21,2.080000,2.110000,1.910000,1.980000,1.980000,17581000
2020-04-22,2.030000,2.100000,1.970000,2.080000,2.080000,9995000
2020-04-23,2.110000,2.200000,2.020000,2.060000,2.060000,12568700
2020-04-24,2.080000,2.090000,1.940000,2.060000,2.060000,8587000
2020-04-27,2.100000,2.270000,2.040000,2.200000,2.200000,11011300
2020-04-28,2.250000,2.340000,2.120000,2.170000,2.170000,9691900
2020-04-29,2.230000,2.380000,2.060000,2.250000,2.250000,22327300
2020-04-30,2.230000,2.260000,2.160000,2.220000,2.220000,8729000
2020-05-01,2.160000,2.200000,2.030000,2.130000,2.130000,8820200
2020-05-04,2.150000,2.360000,2.090000,2.360000,2.360000,10864800
2020-05-05,2.410000,2.490000,2.280000,2.300000,2.300000,10879500
2020-05-06,2.400000,2.420000,2.310000,2.340000,2.340000,8930400
2020-05-07,2.190000,2.310000,1.910000,1.950000,1.950000,18357200
2020-05-08,2.130000,2.130000,2.000000,2.100000,2.100000,11274400
2020-05-11,2.100000,2.430000,2.090000,2.390000,2.390000,15087000
2020-05-12,2.370000,2.650000,2.360000,2.430000,2.430000,21321200
2020-05-13,2.520000,2.590000,2.220000,2.320000,2.320000,16220600
2020-05-14,2.380000,2.740000,2.320000,2.560000,2.560000,34349400
2020-05-15,2.580000,2.680000,2.450000,2.620000,2.620000,13686800
2020-05-18,2.720000,2.850000,2.610000,2.770000,2.770000,19337900
2020-05-19,2.740000,2.800000,2.590000,2.600000,2.600000,12193100
2020-05-20,2.670000,2.790000,2.640000,2.720000,2.720000,11337500
2020-05-21,2.730000,2.780000,2.620000,2.660000,2.660000,7763600
2020-05-22,2.660000,2.660000,2.460000,2.560000,2.560000,9832900
2020-05-26,2.470000,2.490000,2.300000,2.320000,2.320000,12679800
2020-05-27,2.340000,2.370000,2.080000,2.290000,2.290000,10901400
2020-05-28,2.260000,2.270000,2.150000,2.150000,2.150000,8207700
2020-05-29,2.210000,2.300000,2.160000,2.280000,2.280000,10164000
2020-06-01,2.440000,2.470000,2.330000,2.420000,2.420000,12871100
2020-06-02,2.400000,2.490000,2.360000,2.420000,2.420000,10959700
2020-06-03,2.400000,2.440000,2.260000,2.260000,2.260000,13727600
2020-06-04,2.270000,2.320000,2.180000,2.270000,2.270000,14211500
2020-06-05,2.300000,2.420000,2.270000,2.350000,2.350000,13555600
2020-06-08,2.410000,2.710000,2.410000,2.700000,2.700000,25218400
2020-06-09,2.860000,2.900000,2.570000,2.640000,2.640000,18086400
2020-06-10,2.630000,2.900000,2.610000,2.770000,2.770000,15433300
2020-06-11,2.660000,2.690000,2.460000,2.490000,2.490000,12165200
2020-06-12,2.600000,2.620000,2.330000,2.480000,2.480000,9090400
2020-06-15,2.410000,2.600000,2.380000,2.600000,2.600000,8412900
2020-06-16,2.650000,2.660000,2.490000,2.550000,2.550000,6052900
2020-06-17,2.500000,2.620000,2.500000,2.560000,2.560000,6083600
2020-06-18,2.540000,2.630000,2.530000,2.560000,2.560000,7897900
2020-06-19,2.550000,2.570000,2.380000,2.380000,2.380000,25751900
2020-06-22,2.460000,2.640000,2.380000,2.630000,2.630000,14007200
2020-06-23,2.640000,2.730000,2.590000,2.630000,2.630000,9477500
2020-06-24,2.600000,2.690000,2.530000,2.560000,2.560000,8556300
2020-06-25,2.560000,2.690000,2.510000,2.680000,2.680000,8904700
2020-06-26,2.650000,2.850000,2.630000,2.780000,2.780000,15371100
2020-06-29,2.790000,3.070000,2.750000,2.950000,2.950000,15326200
2020-06-30,3.000000,3.520000,2.990000,3.410000,3.410000,29639600
2020-07-01,3.720000,4.040000,3.320000,3.430000,3.430000,35106900
2020-07-02,3.500000,3.710000,3.320000,3.540000,3.540000,16505500
2020-07-06,3.690000,3.880000,3.640000,3.760000,3.760000,14400900
2020-07-07,3.790000,3.850000,3.680000,3.830000,3.830000,10769200
2020-07-08,3.820000,4.210000,3.750000,4.080000,4.080000,20658900
2020-07-09,4.230000,4.270000,3.910000,4.020000,4.020000,17201800
2020-07-10,3.960000,4.140000,3.910000,4.020000,4.020000,9606900
2020-07-13,4.140000,4.220000,3.870000,3.870000,3.870000,13534700
2020-07-14,3.910000,4.040000,3.770000,4.040000,4.040000,15163600
2020-07-15,4.150000,4.160000,3.960000,4.080000,4.080000,9400100
2020-07-16,4.020000,4.130000,3.990000,4.030000,4.030000,6870100
2020-07-17,4.030000,4.830000,4.020000,4.600000,4.600000,29117500
2020-07-20,4.920000,5.090000,4.700000,4.940000,4.940000,40156500
2020-07-21,5.710000,6.470000,5.300000,5.960000,5.960000,115308700
2020-07-22,5.700000,5.700000,5.350000,5.560000,5.560000,29153500
2020-07-23,5.520000,5.900000,5.440000,5.600000,5.600000,24434000
2020-07-24,5.460000,5.530000,5.170000,5.300000,5.300000,19863500
2020-07-27,5.360000,5.970000,5.330000,5.850000,5.850000,30376100
2020-07-28,5.810000,5.960000,5.560000,5.580000,5.580000,18961600
2020-07-29,5.580000,5.900000,5.450000,5.790000,5.790000,22479600
2020-07-30,5.720000,6.020000,5.660000,5.910000,5.910000,21680900
2020-07-31,5.620000,5.860000,4.850000,5.150000,5.150000,35720700
2020-08-03,5.280000,5.500000,5.200000,5.350000,5.350000,15119800
2020-08-04,5.360000,5.440000,5.220000,5.360000,5.360000,12250200
2020-08-05,5.390000,5.500000,5.310000,5.450000,5.450000,12395300
2020-08-06,5.470000,5.880000,5.450000,5.660000,5.660000,17100600
2020-08-07,5.650000,5.760000,5.510000,5.630000,5.630000,9680700
2020-08-10,5.670000,5.700000,5.390000,5.460000,5.460000,9526600
2020-08-11,5.380000,5.380000,4.950000,4.970000,4.970000,18573500
2020-08-12,5.000000,5.050000,4.470000,4.720000,4.720000,21072800
2020-08-13,4.680000,5.000000,4.640000,4.860000,4.860000,8605700
2020-08-14,4.950000,4.970000,4.780000,4.800000,4.800000,8995800
2020-08-17,5.120000,5.280000,4.940000,5.240000,5.240000,19817500
2020-08-18,5.190000,5.210000,4.750000,5.010000,5.010000,10714000
2020-08-19,5.020000,5.140000,4.980000,5.070000,5.070000,11282600
2020-08-20,5.020000,5.070000,4.910000,4.930000,4.930000,6212700
2020-08-21,4.910000,4.990000,4.790000,4.860000,4.860000,6677900
2020-08-24,4.670000,4.850000,4.550000,4.740000,4.740000,15784500
2020-08-25,4.590000,4.670000,4.320000,4.390000,4.390000,17497300
2020-08-26,4.240000,4.370000,3.940000,4.020000,4.020000,20887800
2020-08-27,3.830000,3.840000,3.050000,3.310000,3.310000,48171800
2020-08-28,3.350000,3.390000,3.150000,3.340000,3.340000,17709100
2020-08-31,3.230000,3.370000,3.190000,3.240000,3.240000,14524900
2020-09-01,3.180000,3.260000,3.060000,3.140000,3.140000,15990500
2020-09-02,3.140000,3.350000,3.110000,3.270000,3.270000,14407600
2020-09-03,3.190000,3.210000,3.020000,3.090000,3.090000,12188600
2020-09-04,3.060000,3.110000,2.840000,3.040000,3.040000,13508400
2020-09-08,2.940000,3.330000,2.940000,3.190000,3.190000,17666900
2020-09-09,3.240000,3.310000,3.040000,3.120000,3.120000,12285400
2020-09-10,3.110000,3.230000,3.050000,3.060000,3.060000,7948900
2020-09-11,3.090000,3.130000,2.930000,2.990000,2.990000,9809500
2020-09-14,3.060000,3.170000,2.980000,3.170000,3.170000,9265100
2020-09-15,3.370000,3.420000,3.120000,3.150000,3.150000,12696700
2020-09-16,3.150000,3.340000,3.120000,3.180000,3.180000,9906000
2020-09-17,3.100000,3.200000,3.080000,3.130000,3.130000,5480900
2020-09-18,3.160000,3.200000,3.020000,3.170000,3.170000,16753800
2020-09-21,3.150000,3.320000,3.090000,3.250000,3.250000,11710500
2020-09-22,3.300000,3.310000,3.120000,3.220000,3.220000,6172000
2020-09-23,3.180000,3.220000,3.050000,3.050000,3.050000,7265200
2020-09-24,3.100000,3.170000,3.020000,3.070000,3.070000,6923000
2020-09-25,3.100000,3.240000,3.050000,3.220000,3.220000,6956800
2020-09-28,3.200000,3.240000,3.130000,3.180000,3.180000,6154000
2020-09-29,3.240000,3.510000,3.210000,3.430000,3.430000,11465800
2020-09-30,3.560000,3.740000,3.540000,3.690000,3.690000,14575900
2020-10-01,3.750000,3.890000,3.700000,3.890000,3.890000,12894800
2020-10-02,3.860000,4.030000,3.820000,3.900000,3.900000,12211100
2020-10-05,3.960000,4.170000,3.960000,4.160000,4.160000,8067100
2020-10-06,4.280000,4.510000,4.200000,4.350000,4.350000,13588400
2020-10-07,4.420000,4.580000,4.330000,4.400000,4.400000,11450600
2020-10-08,4.610000,4.650000,4.490000,4.570000,4.570000,8168800
2020-10-09,4.620000,4.720000,4.570000,4.620000,4.620000,6979200
2020-10-12,4.580000,4.600000,4.030000,4.080000,4.080000,15973300
2020-10-13,3.930000,4.270000,3.890000,4.220000,4.220000,10438100
2020-10-14,4.210000,4.240000,4.050000,4.070000,4.070000,6267700
2020-10-15,4.070000,4.240000,4.030000,4.220000,4.220000,6224500
2020-10-16,4.200000,4.320000,4.170000,4.300000,4.300000,7046100
2020-10-19,4.380000,4.760000,4.340000,4.590000,4.590000,17914400
2020-10-20,4.670000,4.700000,4.320000,4.450000,4.450000,10128900
2020-10-21,4.390000,4.470000,4.160000,4.180000,4.180000,8126800
2020-10-22,4.200000,4.340000,4.200000,4.270000,4.270000,5604900
2020-10-23,4.280000,4.330000,4.160000,4.300000,4.300000,8298100
2020-10-26,4.280000,4.450000,4.240000,4.310000,4.310000,9169800
2020-10-27,4.330000,4.340000,4.070000,4.140000,4.140000,8104600
2020-10-28,4.100000,4.130000,3.920000,4.000000,4.000000,8658000
2020-10-29,4.030000,4.250000,3.930000,4.200000,4.200000,12259800
2020-10-30,3.830000,3.850000,3.300000,3.520000,3.520000,24310200
2020-11-02,3.550000,3.620000,3.440000,3.460000,3.460000,9070000
2020-11-03,3.450000,3.600000,3.390000,3.560000,3.560000,7516100
2020-11-04,3.530000,3.810000,3.520000,3.770000,3.770000,8935800
2020-11-05,3.800000,3.830000,3.650000,3.770000,3.770000,6264600
2020-11-06,3.730000,3.790000,3.640000,3.640000,3.640000,5127800
2020-11-09,3.140000,3.360000,3.020000,3.270000,3.270000,19254200
2020-11-10,3.280000,3.970000,3.250000,3.790000,3.790000,20918200
2020-11-11,3.760000,3.810000,3.540000,3.700000,3.700000,6953100
2020-11-12,3.660000,3.800000,3.650000,3.730000,3.730000,5454100
2020-11-13,3.780000,4.050000,3.770000,3.990000,3.990000,10157500
2020-11-16,3.920000,3.990000,3.790000,3.960000,3.960000,6266600
2020-11-17,3.950000,4.050000,3.880000,3.960000,3.960000,4168000
2020-11-18,3.960000,4.030000,3.830000,3.830000,3.830000,4460900
2020-11-19,3.830000,3.920000,3.680000,3.790000,3.790000,8231000
2020-11-20,3.720000,3.960000,3.720000,3.940000,3.940000,4844300
2020-11-23,3.900000,4.160000,3.890000,3.990000,3.990000,6929000
2020-11-24,4.000000,4.070000,3.880000,3.910000,3.910000,5331800
2020-11-25,3.960000,3.980000,3.900000,3.950000,3.950000,2851900
2020-11-27,3.960000,4.150000,3.950000,4.130000,4.130000,4693300
2020-11-30,4.220000,4.680000,4.130000,4.640000,4.640000,16312100
2020-12-01,4.640000,4.690000,4.240000,4.270000,4.270000,9228500
2020-12-02,4.310000,4.870000,4.170000,4.870000,4.870000,23224100
2020-12-03,4.800000,4.810000,4.520000,4.620000,4.620000,10358200
2020-12-04,4.650000,4.920000,4.620000,4.760000,4.760000,8380700
2020-12-07,4.830000,4.840000,4.540000,4.590000,4.590000,6299300
2020-12-08,4.610000,4.760000,4.590000,4.750000,4.750000,6163500
2020-12-09,4.790000,4.870000,4.480000,4.600000,4.600000,6926000
2020-12-10,4.660000,4.740000,4.600000,4.690000,4.690000,5262800
2020-12-11,4.640000,4.690000,4.430000,4.450000,4.450000,4538800
2020-12-14,4.510000,4.640000,4.500000,4.560000,4.560000,4921000
2020-12-15,4.610000,4.610000,4.410000,4.550000,4.550000,4363800
2020-12-16,4.510000,4.540000,4.390000,4.480000,4.480000,5076800
2020-12-17,4.510000,4.530000,4.340000,4.500000,4.500000,5792600
2020-12-18,4.460000,4.710000,4.380000,4.590000,4.590000,18134900
2020-12-21,4.510000,4.590000,4.380000,4.550000,4.550000,7170900
2020-12-22,4.510000,4.770000,4.460000,4.560000,4.560000,8483500
2020-12-23,4.580000,4.580000,4.100000,4.260000,4.260000,8592500
2020-12-24,4.280000,4.390000,4.220000,4.230000,4.230000,2397000
2020-12-28,4.290000,4.330000,3.920000,3.920000,3.920000,10167200
2020-12-29,4.030000,4.270000,3.880000,3.950000,3.950000,13583200
2020-12-30,3.960000,4.120000,3.960000,4.040000,4.040000,6497800
2020-12-31,4.080000,4.110000,3.910000,3.950000,3.950000,8561400
2021-01-04,4.030000,4.320000,4.030000,4.200000,4.200000,9087400
2021-01-05,4.140000,4.320000,4.100000,4.250000,4.250000,5361500
2021-01-06,4.230000,4.500000,4.220000,4.400000,4.400000,8555900
2021-01-07,4.470000,4.540000,4.400000,4.480000,4.480000,6487200
2021-01-08,4.510000,4.600000,4.310000,4.400000,4.400000,5880900
2021-01-11,4.410000,4.430000,4.290000,4.360000,4.360000,3877100
2021-01-12,4.330000,4.470000,4.290000,4.470000,4.470000,3903400
2021-01-13,4.420000,4.640000,4.400000,4.440000,4.440000,6172300
2021-01-14,4.430000,4.590000,4.390000,4.520000,4.520000,4502300
2021-01-15,4.620000,4.780000,4.540000,4.550000,4.550000,6313400
2021-01-19,4.560000,4.580000,4.420000,4.540000,4.540000,5073700
2021-01-20,4.510000,4.580000,4.400000,4.460000,4.460000,7005300
2021-01-21,4.480000,4.500000,4.300000,4.380000,4.380000,4495800
2021-01-22,4.350000,4.430000,4.300000,4.410000,4.410000,4713500
2021-01-25,4.410000,5.050000,4.410000,5.020000,5.020000,17011600
2021-01-26,5.090000,5.520000,4.850000,5.260000,5.260000,16902100
2021-01-27,5.100000,6.270000,5.060000,5.560000,5.560000,26873900
2021-01-28,5.620000,5.990000,5.150000,5.380000,5.380000,18328000
2021-01-29,5.460000,5.660000,5.240000,5.410000,5.410000,8736800
2021-02-01,5.640000,6.130000,5.530000,5.990000,5.990000,15675400
2021-02-02,6.020000,6.070000,5.210000,5.270000,5.270000,16516900
2021-02-03,5.350000,5.570000,5.240000,5.320000,5.320000,7549900
2021-02-04,5.340000,5.420000,5.080000,5.160000,5.160000,7104500
2021-02-05,5.190000,5.350000,5.140000,5.300000,5.300000,4499400
2021-02-08,5.400000,5.620000,5.270000,5.590000,5.590000,6557700
2021-02-09,5.500000,5.770000,5.410000,5.700000,5.700000,5562600
2021-02-10,5.790000,5.880000,5.510000,5.680000,5.680000,5702700
2021-02-11,5.670000,5.770000,5.480000,5.520000,5.520000,5156000
2021-02-12,5.520000,5.740000,5.450000,5.610000,5.610000,3860400
2021-02-16,5.660000,5.790000,5.490000,5.660000,5.660000,6263600
2021-02-17,5.610000,5.660000,5.450000,5.570000,5.570000,6244500
2021-02-18,5.490000,5.620000,5.350000,5.360000,5.360000,7181300
2021-02-19,5.090000,5.330000,4.660000,4.810000,4.810000,16875000
2021-02-22,4.990000,5.140000,4.630000,4.730000,4.730000,12538700
2021-02-23,4.600000,4.760000,4.380000,4.570000,4.570000,11548400
2021-02-24,4.620000,4.720000,4.510000,4.580000,4.580000,7103000
2021-02-25,4.520000,4.750000,4.380000,4.420000,4.420000,8274100
2021-02-26,4.630000,4.660000,4.430000,4.500000,4.500000,6665700
2021-03-01,4.570000,4.750000,4.550000,4.700000,4.700000,6354300
2021-03-02,4.690000,4.830000,4.610000,4.620000,4.620000,6191900
2021-03-03,4.570000,4.600000,4.320000,4.320000,4.320000,7703500
2021-03-04,4.280000,4.530000,4.070000,4.190000,4.190000,12690600
2021-03-05,4.180000,4.230000,3.830000,4.220000,4.220000,10492700
2021-03-08,4.230000,4.450000,4.160000,4.350000,4.350000,6182300
2021-03-09,4.460000,4.620000,4.410000,4.520000,4.520000,4698400
2021-03-10,4.530000,4.620000,4.270000,4.310000,4.310000,6218400
2021-03-11,4.400000,4.450000,4.330000,4.440000,4.440000,5807100
2021-03-12,4.400000,4.460000,4.270000,4.440000,4.440000,3729500
2021-03-15,4.510000,4.860000,4.460000,4.720000,4.720000,9297900
2021-03-16,4.700000,4.750000,4.520000,4.640000,4.640000,4982700
2021-03-17,4.620000,4.900000,4.570000,4.900000,4.900000,5665000
2021-03-18,4.840000,4.890000,4.580000,4.630000,4.630000,5128100
2021-03-19,4.640000,4.920000,4.610000,4.850000,4.850000,15048800
2021-03-22,4.900000,5.090000,4.880000,4.940000,4.940000,3865400
2021-03-23,4.910000,4.930000,4.620000,4.650000,4.650000,4184200
2021-03-24,4.740000,4.740000,4.380000,4.380000,4.380000,4913100
2021-03-25,4.280000,4.550000,4.250000,4.530000,4.530000,4519100
2021-03-26,4.660000,4.680000,4.370000,4.460000,4.460000,3417100
2021-03-29,4.460000,4.460000,4.150000,4.250000,4.250000,5150600
2021-03-30,4.260000,4.260000,4.130000,4.220000,4.220000,3851500
2021-03-31,4.220000,4.410000,4.220000,4.290000,4.290000,7842200
2021-04-01,4.360000,4.450000,4.330000,4.380000,4.380000,3995100
2021-04-05,4.460000,4.630000,4.420000,4.550000,4.550000,5573100
2021-04-06,4.500000,4.540000,4.350000,4.370000,4.370000,3652400
2021-04-07,4.380000,4.380000,4.230000,4.270000,4.270000,3938700
2021-04-08,4.300000,4.320000,4.200000,4.270000,4.270000,3535900
2021-04-09,4.240000,4.270000,4.120000,4.180000,4.180000,3568600
2021-04-12,4.160000,4.160000,3.940000,4.060000,4.060000,5807500
2021-04-13,4.070000,4.140000,3.990000,4.130000,4.130000,3315400
2021-04-14,4.140000,4.290000,4.130000,4.210000,4.210000,2755100
2021-04-15,4.270000,4.420000,4.210000,4.320000,4.320000,4119600
2021-04-16,4.240000,4.380000,4.200000,4.340000,4.340000,3576500
2021-04-19,4.250000,4.350000,4.120000,4.200000,4.200000,3850000
2021-04-20,4.170000,4.200000,4.050000,4.130000,4.130000,4605400
2021-04-21,4.100000,4.350000,4.070000,4.340000,4.340000,3471100
2021-04-22,4.330000,4.520000,4.250000,4.370000,4.370000,4519100
2021-04-23,4.360000,4.410000,4.230000,4.270000,4.270000,3670400
2021-04-26,4.260000,4.330000,4.240000,4.320000,4.320000,3349700
2021-04-27,4.340000,4.380000,4.240000,4.270000,4.270000,2803100
2021-04-28,4.300000,4.300000,4.160000,4.160000,4.160000,3350400
2021-04-29,4.150000,4.210000,3.970000,4.110000,4.110000,5832500
2021-04-30,4.110000,4.170000,4.050000,4.100000,4.100000,4552700
2021-05-03,4.160000,4.210000,4.040000,4.090000,4.090000,4604900
2021-05-04,4.060000,4.080000,3.890000,3.960000,3.960000,6533400
2021-05-05,4.030000,4.170000,3.950000,4.080000,4.080000,3918400
2021-05-06,4.060000,4.090000,3.890000,4.000000,4.000000,4507000
2021-05-07,3.920000,3.930000,3.770000,3.800000,3.800000,9207100
2021-05-10,3.810000,3.810000,3.520000,3.540000,3.540000,9011800
2021-05-11,3.490000,3.540000,3.400000,3.420000,3.420000,7136400
2021-05-12,3.380000,3.520000,3.320000,3.330000,3.330000,9067000
2021-05-13,3.350000,3.470000,3.320000,3.410000,3.410000,5064400
2021-05-14,3.410000,3.710000,3.410000,3.700000,3.700000,4948300
2021-05-17,3.640000,3.710000,3.550000,3.610000,3.610000,2888600
2021-05-18,3.610000,3.720000,3.590000,3.610000,3.610000,3100000
2021-05-19,3.560000,3.650000,3.530000,3.600000,3.600000,2628500
2021-05-20,3.630000,3.700000,3.610000,3.690000,3.690000,2271500
2021-05-21,3.720000,3.780000,3.650000,3.650000,3.650000,2088900
2021-05-24,3.710000,3.810000,3.700000,3.760000,3.760000,3475700
2021-05-25,3.800000,3.820000,3.610000,3.640000,3.640000,4551000
2021-05-26,3.700000,3.880000,3.690000,3.860000,3.860000,3131200
2021-05-27,3.880000,3.890000,3.810000,3.880000,3.880000,3187000
2021-05-28,3.870000,3.970000,3.810000,3.820000,3.820000,2595600
2021-06-01,3.850000,3.860000,3.580000,3.610000,3.610000,8229800
2021-06-02,3.640000,3.780000,3.570000,3.770000,3.770000,5979500
2021-06-03,3.720000,3.770000,3.650000,3.670000,3.670000,3437000
2021-06-04,3.680000,3.710000,3.600000,3.610000,3.610000,2848600
2021-06-07,3.610000,3.870000,3.570000,3.830000,3.830000,5787800
2021-06-08,3.840000,3.870000,3.680000,3.800000,3.800000,3448300
2021-06-09,3.780000,3.880000,3.770000,3.790000,3.790000,3580700
2021-06-10,3.790000,3.790000,3.660000,3.780000,3.780000,3428000
2021-06-11,3.770000,3.790000,3.690000,3.720000,3.720000,2374400
2021-06-14,3.720000,3.730000,3.570000,3.630000,3.630000,4749100
2021-06-15,3.700000,3.730000,3.590000,3.690000,3.690000,4804500
2021-06-16,3.680000,3.780000,3.640000,3.770000,3.770000,4245500
2021-06-17,3.740000,3.840000,3.710000,3.840000,3.840000,3326900
2021-06-18,3.760000,3.800000,3.590000,3.700000,3.700000,10433300
2021-06-21,3.760000,3.790000,3.690000,3.780000,3.780000,3955100
2021-06-22,3.830000,3.900000,3.780000,3.840000,3.840000,3711800
2021-06-23,3.850000,3.880000,3.690000,3.700000,3.700000,3963200
2021-06-24,3.740000,3.780000,3.650000,3.770000,3.770000,3895300
2021-06-25,3.760000,3.870000,3.740000,3.860000,3.860000,7925400
2021-06-28,3.800000,3.970000,3.780000,3.970000,3.970000,4044300
2021-06-29,3.960000,4.180000,3.940000,4.080000,4.080000,7685700
2021-06-30,4.060000,4.080000,3.930000,4.050000,4.050000,4334500
2021-07-01,4.030000,4.240000,3.990000,4.240000,4.240000,5167400
2021-07-02,4.180000,4.200000,3.970000,4.010000,4.010000,6038400
2021-07-06,3.960000,3.990000,3.880000,3.930000,3.930000,3215200
2021-07-07,3.910000,3.930000,3.720000,3.850000,3.850000,5877700
2021-07-08,3.800000,3.970000,3.780000,3.890000,3.890000,4778400
2021-07-09,3.920000,4.040000,3.880000,4.010000,4.010000,3136500
2021-07-12,3.990000,4.020000,3.750000,3.800000,3.800000,6333300
2021-07-13,3.770000,3.790000,3.650000,3.660000,3.660000,4897600
2021-07-14,3.700000,3.710000,3.510000,3.520000,3.520000,4512000
2021-07-15,3.530000,3.590000,3.480000,3.540000,3.540000,3525800
2021-07-16,3.590000,3.590000,3.460000,3.500000,3.500000,4324000
2021-07-19,3.460000,3.600000,3.420000,3.530000,3.530000,3864400
2021-07-20,3.490000,3.620000,3.490000,3.610000,3.610000,4533100
2021-07-21,3.570000,3.720000,3.570000,3.720000,3.720000,3253600
2021-07-22,3.700000,3.760000,3.630000,3.680000,3.680000,3087700
2021-07-23,3.730000,3.730000,3.610000,3.640000,3.640000,2315200
2021-07-26,3.660000,3.730000,3.560000,3.570000,3.570000,2653600
2021-07-27,3.620000,3.650000,3.530000,3.620000,3.620000,5017000
2021-07-28,3.670000,3.900000,3.660000,3.890000,3.890000,5141800
2021-07-29,3.990000,3.990000,3.700000,3.730000,3.730000,4682800
2021-07-30,3.360000,3.520000,3.260000,3.440000,3.440000,11390900
2021-08-02,3.550000,3.560000,3.450000,3.550000,3.550000,5454500
2021-08-03,3.540000,3.620000,3.490000,3.610000,3.610000,3784400
2021-08-04,3.600000,3.660000,3.540000,3.620000,3.620000,2842000
2021-08-05,3.610000,3.790000,3.610000,3.760000,3.760000,3580500
2021-08-06,3.750000,3.850000,3.690000,3.810000,3.810000,3645400
2021-08-09,3.780000,3.810000,3.680000,3.740000,3.740000,2687900
2021-08-10,3.700000,3.730000,3.670000,3.700000,3.700000,1683700
2021-08-11,3.740000,3.750000,3.660000,3.730000,3.730000,2231800
2021-08-12,3.690000,3.780000,3.680000,3.750000,3.750000,1652700
2021-08-13,3.760000,3.780000,3.670000,3.680000,3.680000,2188800
2021-08-16,3.680000,3.730000,3.580000,3.640000,3.640000,3356900
2021-08-17,3.620000,3.720000,3.610000,3.720000,3.720000,2781900
2021-08-18,3.690000,3.700000,3.550000,3.550000,3.550000,3078200
2021-08-19,3.510000,3.560000,3.450000,3.450000,3.450000,3475900
2021-08-20,3.440000,3.700000,3.440000,3.670000,3.670000,4212700
2021-08-23,3.690000,3.920000,3.690000,3.860000,3.860000,4965700
2021-08-24,3.860000,3.880000,3.750000,3.780000,3.780000,2397800
2021-08-25,3.800000,3.860000,3.780000,3.820000,3.820000,2386000
2021-08-26,3.810000,3.850000,3.750000,3.780000,3.780000,2442400
2021-08-27,3.760000,3.880000,3.760000,3.860000,3.860000,3613500
2021-08-30,3.830000,3.910000,3.820000,3.840000,3.840000,2376600
2021-08-31,3.830000,3.880000,3.820000,3.860000,3.860000,2650700
2021-09-01,3.890000,3.890000,3.810000,3.850000,3.850000,2334100
2021-09-02,3.860000,3.900000,3.830000,3.900000,3.900000,1719100
2021-09-03,3.850000,3.890000,3.670000,3.670000,3.670000,3714100
2021-09-07,3.710000,3.720000,3.560000,3.580000,3.580000,3238000
2021-09-08,3.580000,3.620000,3.540000,3.560000,3.560000,2741400
2021-09-09,3.570000,3.810000,3.550000,3.660000,3.660000,6714300
2021-09-10,3.690000,3.700000,3.550000,3.560000,3.560000,3171300
2021-09-13,3.610000,3.640000,3.530000,3.580000,3.580000,3440600
2021-09-14,3.570000,3.610000,3.440000,3.480000,3.480000,3073700
2021-09-15,3.550000,3.820000,3.480000,3.740000,3.740000,5445700
2021-09-16,3.740000,3.830000,3.700000,3.820000,3.820000,2591800
2021-09-17,3.820000,3.970000,3.730000,3.940000,3.940000,9740800
2021-09-20,3.850000,3.890000,3.720000,3.790000,3.790000,3746900
2021-09-21,3.800000,3.870000,3.780000,3.820000,3.820000,2067300
2021-09-22,3.820000,3.890000,3.740000,3.800000,3.800000,2184300
2021-09-23,3.800000,3.900000,3.780000,3.880000,3.880000,2008100
2021-09-24,3.830000,3.840000,3.750000,3.750000,3.750000,2381100
2021-09-27,3.720000,3.800000,3.650000,3.720000,3.720000,2433200
2021-09-28,3.710000,3.710000,3.620000,3.670000,3.670000,2929600
2021-09-29,3.690000,3.750000,3.630000,3.640000,3.640000,1436700
2021-09-30,3.640000,3.720000,3.600000,3.650000,3.650000,1542200
2021-10-01,3.650000,3.660000,3.490000,3.580000,3.580000,2605600
2021-10-04,3.600000,3.610000,3.500000,3.520000,3.520000,2192800
2021-10-05,3.530000,3.640000,3.520000,3.620000,3.620000,1811000
2021-10-06,3.630000,3.730000,3.610000,3.690000,3.690000,2339700
2021-10-07,3.710000,3.800000,3.690000,3.740000,3.740000,2475900
2021-10-08,3.730000,3.770000,3.680000,3.690000,3.690000,1429000
2021-10-11,3.660000,3.800000,3.640000,3.750000,3.750000,1711200
2021-10-12,3.680000,3.760000,3.680000,3.710000,3.710000,1705800
2021-10-13,3.720000,3.780000,3.690000,3.730000,3.730000,1336800
2021-10-14,3.750000,3.830000,3.730000,3.760000,3.760000,1884300
2021-10-15,3.790000,3.790000,3.710000,3.720000,3.720000,2026900
2021-10-18,3.740000,3.770000,3.670000,3.700000,3.700000,2049400
2021-10-19,3.710000,3.780000,3.700000,3.750000,3.750000,2635800
2021-10-20,3.750000,3.750000,3.680000,3.720000,3.720000,1442400
2021-10-21,3.690000,3.740000,3.660000,3.700000,3.700000,1507800
2021-10-22,3.660000,3.700000,3.630000,3.690000,3.690000,1809500
2021-10-25,3.680000,3.690000,3.540000,3.600000,3.600000,3826600
2021-10-26,3.630000,3.650000,3.580000,3.600000,3.600000,2348600
2021-10-27,3.640000,3.670000,3.570000,3.580000,3.580000,2161000
2021-10-28,3.630000,3.670000,3.560000,3.670000,3.670000,2987000
2021-10-29,3.800000,3.910000,3.710000,3.790000,3.790000,5266100
2021-11-01,3.780000,3.850000,3.650000,3.840000,3.840000,4294800
2021-11-02,3.800000,4.180000,3.760000,4.160000,4.160000,6922300
2021-11-03,4.170000,4.450000,4.140000,4.430000,4.430000,6388600
2021-11-04,4.440000,4.450000,4.120000,4.140000,4.140000,4404500
2021-11-05,4.100000,4.240000,4.000000,4.070000,4.070000,5050800
2021-11-08,4.040000,4.210000,4.010000,4.170000,4.170000,2828700
2021-11-09,4.120000,4.190000,4.050000,4.130000,4.130000,3143400
2021-11-10,4.130000,4.220000,4.060000,4.070000,4.070000,2976300
2021-11-11,4.070000,4.160000,4.050000,4.090000,4.090000,2278400
2021-11-12,4.110000,4.150000,4.050000,4.120000,4.120000,1701800
2021-11-15,4.120000,4.140000,4.030000,4.040000,4.040000,2281500
2021-11-16,4.060000,4.160000,4.030000,4.140000,4.140000,2865000
2021-11-17,4.110000,4.500000,4.100000,4.440000,4.440000,6176000
2021-11-18,4.460000,4.560000,4.290000,4.310000,4.310000,4391500
2021-11-19,4.300000,4.420000,4.220000,4.350000,4.350000,2595500
2021-11-22,4.350000,4.380000,4.220000,4.270000,4.270000,3202500
2021-11-23,4.280000,4.320000,4.120000,4.250000,4.250000,4532800
2021-11-24,4.220000,4.340000,4.180000,4.310000,4.310000,2916300
2021-11-26,4.270000,4.310000,4.120000,4.130000,4.130000,3457700
2021-11-29,4.140000,4.260000,4.040000,4.090000,4.090000,4684700
2021-11-30,4.070000,4.100000,3.900000,3.930000,3.930000,8296300
2021-12-01,3.970000,4.070000,3.860000,3.860000,3.860000,4912500
2021-12-02,3.870000,3.990000,3.830000,3.970000,3.970000,4481700
2021-12-03,3.980000,3.990000,3.840000,3.860000,3.860000,5190700
2021-12-06,3.890000,3.930000,3.790000,3.810000,3.810000,2622600
2021-12-07,3.830000,3.980000,3.810000,3.900000,3.900000,4314200
2021-12-08,3.980000,4.060000,3.850000,4.020000,4.020000,4318800
2021-12-09,3.970000,4.020000,3.840000,3.870000,3.870000,3487600
2021-12-10,3.860000,3.890000,3.770000,3.870000,3.870000,3424000
2021-12-13,3.870000,3.910000,3.760000,3.890000,3.890000,3844000
2021-12-14,3.830000,3.880000,3.740000,3.800000,3.800000,3587900
2021-12-15,3.780000,4.080000,3.750000,4.080000,4.080000,5112200
2021-12-16,4.030000,4.050000,3.950000,3.990000,3.990000,3777600
2021-12-17,3.970000,4.730000,3.950000,4.410000,4.410000,33442600
2021-12-20,4.380000,4.610000,4.280000,4.430000,4.430000,8040200
2021-12-21,4.450000,4.510000,4.310000,4.460000,4.460000,4014800
2021-12-22,4.460000,4.620000,4.430000,4.610000,4.610000,4251400
2021-12-23,4.650000,4.840000,4.470000,4.770000,4.770000,8596000
2021-12-27,4.870000,5.160000,4.800000,5.150000,5.150000,11403000
2021-12-28,5.220000,5.250000,4.830000,4.850000,4.850000,8077500
2021-12-29,4.850000,5.030000,4.840000,4.980000,4.980000,4133200
2021-12-30,4.970000,5.010000,4.820000,4.840000,4.840000,2929800
2021-12-31,4.820000,4.960000,4.790000,4.810000,4.810000,2119500
2022-01-03,4.850000,4.960000,4.740000,4.930000,4.930000,3269500
2022-01-04,4.940000,4.940000,4.660000,4.670000,4.670000,3508800
2022-01-05,4.670000,4.780000,4.480000,4.500000,4.500000,3672200
2022-01-06,4.510000,4.650000,4.390000,4.630000,4.630000,3732400
2022-01-07,4.620000,4.640000,4.440000,4.450000,4.450000,3414700
2022-01-10,4.390000,4.630000,4.360000,4.620000,4.620000,5597300
2022-01-11,4.550000,4.660000,4.510000,4.590000,4.590000,3482300
2022-01-12,4.630000,4.640000,4.430000,4.440000,4.440000,4470700
2022-01-13,4.490000,4.530000,4.260000,4.280000,4.280000,4277800
2022-01-14,4.250000,4.530000,4.200000,4.530000,4.530000,5039300
2022-01-18,4.660000,4.920000,4.530000,4.720000,4.720000,11242300
2022-01-19,4.720000,4.740000,4.410000,4.430000,4.430000,5259700
2022-01-20,4.550000,4.630000,4.340000,4.360000,4.360000,6206800
2022-01-21,4.350000,4.460000,4.220000,4.240000,4.240000,7297000
2022-01-24,3.530000,3.540000,3.180000,3.230000,3.230000,18645700
2022-01-25,3.210000,3.210000,3.000000,3.010000,3.010000,8333400
2022-01-26,3.100000,3.180000,2.890000,2.910000,2.910000,11473000
2022-01-27,3.010000,3.010000,2.870000,2.870000,2.870000,6106300
2022-01-28,2.900000,2.950000,2.800000,2.950000,2.950000,6344300
2022-01-31,3.000000,3.160000,2.980000,3.130000,3.130000,5563700
2022-02-01,3.130000,3.140000,2.990000,3.060000,3.060000,5666900
2022-02-02,3.110000,3.120000,3.020000,3.040000,3.040000,4565400
2022-02-03,3.000000,3.250000,2.990000,3.200000,3.200000,5780500
2022-02-04,3.200000,3.280000,3.180000,3.230000,3.230000,3988800
2022-02-07,3.220000,3.330000,3.210000,3.260000,3.260000,3151000
2022-02-08,3.260000,3.270000,3.150000,3.190000,3.190000,2348900
2022-02-09,3.210000,3.330000,3.190000,3.280000,3.280000,4043000
2022-02-10,3.250000,3.380000,3.170000,3.190000,3.190000,3989500
2022-02-11,3.190000,3.250000,3.080000,3.100000,3.100000,2607400
2022-02-14,3.090000,3.120000,3.010000,3.020000,3.020000,2928000
2022-02-15,3.120000,3.310000,3.080000,3.290000,3.290000,5077300
2022-02-16,3.290000,3.340000,3.230000,3.290000,3.290000,2717700
2022-02-17,3.280000,3.280000,3.110000,3.140000,3.140000,3036100
2022-02-18,3.160000,3.230000,3.130000,3.150000,3.150000,2493900
2022-02-22,3.130000,3.190000,3.010000,3.020000,3.020000,4089900
2022-02-23,3.090000,3.140000,2.980000,2.980000,2.980000,3694000
2022-02-24,2.930000,3.230000,2.910000,3.230000,3.230000,5830900
2022-02-25,2.800000,3.230000,2.790000,3.200000,3.200000,6370600
2022-02-28,3.130000,3.270000,3.070000,3.130000,3.130000,7019900
2022-03-01,3.110000,3.170000,3.030000,3.090000,3.090000,7921900
2022-03-02,3.080000,3.230000,3.060000,3.190000,3.190000,3375500
2022-03-03,3.140000,3.210000,3.110000,3.150000,3.150000,3396700
2022-03-04,3.100000,3.220000,3.040000,3.060000,3.060000,2768600
2022-03-07,3.080000,3.170000,3.060000,3.120000,3.120000,2934100
2022-03-08,3.070000,3.170000,2.980000,3.090000,3.090000,3793300
2022-03-09,3.130000,3.250000,3.110000,3.210000,3.210000,3357600
2022-03-10,3.160000,3.320000,3.140000,3.280000,3.280000,3742600
2022-03-11,3.310000,3.420000,3.110000,3.120000,3.120000,3619800
2022-03-14,3.170000,3.240000,3.020000,3.050000,3.050000,5348100
2022-03-15,3.130000,3.330000,3.110000,3.320000,3.320000,4670600
2022-03-16,3.370000,3.490000,3.330000,3.480000,3.480000,5733400
2022-03-17,3.430000,3.650000,3.410000,3.650000,3.650000,3674000
2022-03-18,3.650000,3.780000,3.620000,3.740000,3.740000,15183000
2022-03-21,3.670000,3.750000,3.530000,3.570000,3.570000,5758200
2022-03-22,3.590000,3.650000,3.510000,3.600000,3.600000,5601000
2022-03-23,3.530000,3.600000,3.440000,3.450000,3.450000,4306800
2022-03-24,3.500000,3.530000,3.460000,3.480000,3.480000,4185000
2022-03-25,3.510000,3.580000,3.460000,3.510000,3.510000,2999000
2022-03-28,3.530000,3.620000,3.510000,3.580000,3.580000,2089900
2022-03-29,3.620000,3.750000,3.610000,3.750000,3.750000,3367200
2022-03-30,3.670000,3.720000,3.540000,3.540000,3.540000,3398700
2022-03-31,3.560000,3.570000,3.390000,3.440000,3.440000,4117800
2022-04-01,3.440000,3.530000,3.410000,3.510000,3.510000,2875400
2022-04-04,3.510000,3.630000,3.470000,3.610000,3.610000,2970100
2022-04-05,3.570000,3.630000,3.480000,3.490000,3.490000,3135500
2022-04-06,3.450000,3.540000,3.420000,3.480000,3.480000,3092800
2022-04-07,3.440000,3.490000,3.420000,3.450000,3.450000,3244900
2022-04-08,3.440000,3.490000,3.380000,3.400000,3.400000,2843100
2022-04-11,3.350000,3.380000,3.260000,3.280000,3.280000,2752300
2022-04-12,3.300000,3.520000,3.290000,3.440000,3.440000,4351400
2022-04-13,3.430000,3.550000,3.420000,3.510000,3.510000,2401700
2022-04-14,3.500000,3.500000,3.340000,3.340000,3.340000,2303100
2022-04-18,3.350000,3.350000,3.150000,3.170000,3.170000,4378800
2022-04-19,3.200000,3.270000,3.150000,3.210000,3.210000,2412300
2022-04-20,3.270000,3.270000,3.180000,3.200000,3.200000,2212200
2022-04-21,3.230000,3.260000,3.030000,3.030000,3.030000,4973200
2022-04-22,3.040000,3.100000,2.910000,2.930000,2.930000,3895700
2022-04-25,2.950000,2.980000,2.870000,2.980000,2.980000,3198800
2022-04-26,2.960000,3.030000,2.790000,2.790000,2.790000,4374100
2022-04-27,2.810000,2.860000,2.760000,2.770000,2.770000,3144900
2022-04-28,2.840000,2.860000,2.700000,2.820000,2.820000,2858400
2022-04-29,2.750000,2.920000,2.690000,2.700000,2.700000,5052600
2022-05-02,2.700000,2.800000,2.670000,2.800000,2.800000,5772000
2022-05-03,2.800000,2.930000,2.800000,2.890000,2.890000,3277500
2022-05-04,2.860000,3.020000,2.780000,3.000000,3.000000,3178500
2022-05-05,2.910000,2.910000,2.700000,2.740000,2.740000,5350300
2022-05-06,2.720000,2.730000,2.530000,2.620000,2.620000,5851900
2022-05-09,2.550000,2.730000,2.430000,2.440000,2.440000,7753100
2022-05-10,2.550000,2.980000,2.540000,2.930000,2.930000,8962500
2022-05-11,2.890000,2.990000,2.660000,2.690000,2.690000,6855600
2022-05-12,2.650000,2.890000,2.650000,2.800000,2.800000,4512800
2022-05-13,2.850000,3.040000,2.850000,3.030000,3.030000,4737400
2022-05-16,3.010000,3.090000,2.940000,2.970000,2.970000,3994100
2022-05-17,3.060000,3.160000,3.040000,3.100000,3.100000,4265100
2022-05-18,3.020000,3.020000,2.820000,2.860000,2.860000,5831100
2022-05-19,2.860000,3.070000,2.860000,2.990000,2.990000,5810500
2022-05-20,3.080000,3.100000,2.960000,3.090000,3.090000,2860300
2022-05-23,3.130000,3.210000,3.080000,3.100000,3.100000,2556700
2022-05-24,3.040000,3.110000,3.010000,3.030000,3.030000,3302000
2022-05-25,3.010000,3.090000,2.930000,3.020000,3.020000,2945700
2022-05-26,2.970000,3.100000,2.970000,3.060000,3.060000,2618300
2022-05-27,3.080000,3.220000,3.000000,3.200000,3.200000,3241600
2022-05-31,3.150000,3.240000,2.990000,3.000000,3.000000,4679100
2022-06-01,3.050000,3.080000,2.920000,2.990000,2.990000,4437800
2022-06-02,2.990000,3.110000,2.960000,3.090000,3.090000,3466400
2022-06-03,3.010000,3.070000,2.910000,2.950000,2.950000,4593700
2022-06-06,2.990000,3.060000,2.750000,2.760000,2.760000,7026500
2022-06-07,2.750000,2.850000,2.740000,2.850000,2.850000,4712700
2022-06-08,2.820000,2.950000,2.810000,2.840000,2.840000,2785700
2022-06-09,2.840000,2.910000,2.730000,2.740000,2.740000,3806100
2022-06-10,2.700000,2.780000,2.550000,2.560000,2.560000,7542000
2022-06-13,2.490000,2.500000,2.340000,2.340000,2.340000,8443700
2022-06-14,2.410000,2.410000,2.270000,2.390000,2.390000,6015100
2022-06-15,2.430000,2.540000,2.410000,2.520000,2.520000,7200200
2022-06-16,2.430000,2.440000,2.270000,2.330000,2.330000,7035300
2022-06-17,2.370000,2.470000,2.370000,2.420000,2.420000,34696100
2022-06-21,2.470000,2.530000,2.170000,2.390000,2.390000,9076600
2022-06-22,2.360000,2.530000,2.330000,2.490000,2.490000,6622100
2022-06-23,2.490000,2.640000,2.480000,2.630000,2.630000,3176500
2022-06-24,2.640000,2.700000,2.560000,2.640000,2.640000,4034000
2022-06-27,2.640000,2.770000,2.590000,2.700000,2.700000,2896400
2022-06-28,2.690000,2.700000,2.540000,2.570000,2.570000,2395600
2022-06-29,2.550000,2.600000,2.500000,2.590000,2.590000,2068800
2022-06-30,2.510000,2.580000,2.470000,2.530000,2.530000,1995900
2022-07-01,2.520000,2.650000,2.470000,2.630000,2.630000,3204900