Date,Open,High,Low,Close,Adj Close,Volume
1973-02-21,0.000000,5.281250,5.281250,5.281250,1.031587,5600
1973-02-22,0.000000,5.218750,5.218750,5.218750,1.019379,6800
1973-02-23,0.000000,5.062500,5.062500,5.062500,0.988858,4800
1973-02-26,0.000000,5.000000,5.000000,5.000000,0.976649,5200
1973-02-27,0.000000,5.093750,5.093750,5.093750,0.994962,9600
1973-02-28,0.000000,5.125000,5.125000,5.125000,1.001066,4000
1973-03-01,0.000000,5.125000,5.125000,5.125000,1.001066,5600
1973-03-02,0.000000,5.125000,5.125000,5.125000,1.001066,1600
1973-03-05,0.000000,5.125000,5.125000,5.125000,1.001066,1600
1973-03-06,0.000000,5.125000,5.125000,5.125000,1.001066,1200
1973-03-07,0.000000,5.125000,5.125000,5.125000,1.001066,6800
1973-03-08,0.000000,5.093750,5.093750,5.093750,0.994962,3600
1973-03-09,0.000000,5.062500,5.062500,5.062500,0.988858,5200
1973-03-12,0.000000,5.125000,5.125000,5.125000,1.001066,800
1973-03-13,0.000000,5.156250,5.156250,5.156250,1.007170,6000
1973-03-14,0.000000,5.312500,5.312500,5.312500,1.037690,13600
1973-03-15,0.000000,5.343750,5.343750,5.343750,1.043795,5200
1973-03-16,0.000000,5.312500,5.312500,5.312500,1.037690,6400
1973-03-19,0.000000,5.250000,5.250000,5.250000,1.025483,9200
1973-03-20,0.000000,5.218750,5.218750,5.218750,1.019379,400
1973-03-21,0.000000,5.218750,5.218750,5.218750,1.019379,5600
1973-03-22,0.000000,5.187500,5.187500,5.187500,1.013274,2000
1973-03-23,0.000000,5.187500,5.187500,5.187500,1.013274,1200
1973-03-26,0.000000,5.187500,5.187500,5.187500,1.013274,2000
1973-03-27,0.000000,5.218750,5.218750,5.218750,1.019379,2400
1973-03-28,0.000000,5.218750,5.218750,5.218750,1.019379,4400
1973-03-29,0.000000,5.406250,5.406250,5.406250,1.056002,14000
1973-03-30,0.000000,5.437500,5.437500,5.437500,1.062107,16800
1973-04-02,0.000000,5.437500,5.437500,5.437500,1.062107,2000
1973-04-03,0.000000,5.437500,5.437500,5.437500,1.062107,8800
1973-04-04,0.000000,5.437500,5.437500,5.437500,1.062107,1600
1973-04-05,0.000000,5.375000,5.375000,5.375000,1.049899,3200
1973-04-06,0.000000,5.375000,5.375000,5.375000,1.049899,1600
1973-04-09,0.000000,5.406250,5.406250,5.406250,1.056002,5200
1973-04-10,0.000000,5.468750,5.468750,5.468750,1.068211,12400
1973-04-11,0.000000,5.375000,5.375000,5.375000,1.049899,6000
1973-04-12,0.000000,5.375000,5.375000,5.375000,1.049899,2000
1973-04-13,0.000000,5.406250,5.406250,5.406250,1.056002,2800
1973-04-16,0.000000,5.375000,5.375000,5.375000,1.049899,4000
1973-04-17,0.000000,5.375000,5.375000,5.375000,1.049899,1200
1973-04-18,0.000000,5.375000,5.375000,5.375000,1.049899,9200
1973-04-19,0.000000,5.375000,5.375000,5.375000,1.049899,400
1973-04-23,0.000000,5.375000,5.375000,5.375000,1.049899,1200
1973-04-24,0.000000,5.343750,5.343750,5.343750,1.043795,18000
1973-04-25,0.000000,5.250000,5.250000,5.250000,1.025483,7600
1973-04-26,0.000000,5.218750,5.218750,5.218750,1.019379,2000
1973-04-27,0.000000,5.187500,5.187500,5.187500,1.013274,2000
1973-04-30,0.000000,5.156250,5.156250,5.156250,1.007170,2000
1973-05-01,0.000000,5.156250,5.156250,5.156250,1.007170,2800
1973-05-02,0.000000,4.906250,4.906250,4.906250,0.958337,13200
1973-05-03,0.000000,5.125000,5.000000,5.000000,0.976649,5200
1973-05-04,0.000000,5.125000,5.000000,5.000000,0.976649,800
1973-05-07,0.000000,5.156250,5.031250,5.031250,0.982754,2000
1973-05-08,0.000000,5.281250,5.156250,5.156250,1.007170,8000
1973-05-09,0.000000,5.250000,5.125000,5.125000,1.001066,1600
1973-05-10,0.000000,5.187500,5.062500,5.062500,0.988858,6400
1973-05-11,0.000000,5.125000,5.000000,5.000000,0.976649,6800
1973-05-14,0.000000,5.031250,4.906250,4.906250,0.958337,5600
1973-05-15,0.000000,4.968750,4.843750,4.843750,0.946129,5600
1973-05-16,0.000000,4.843750,4.718750,4.718750,0.921713,13200
1973-05-17,0.000000,5.000000,4.875000,4.875000,0.952234,9200
1973-05-18,0.000000,4.875000,4.750000,4.750000,0.927817,4000
1973-05-21,0.000000,4.812500,4.687500,4.687500,0.915609,26400
1973-05-22,0.000000,4.968750,4.843750,4.843750,0.946129,16800
1973-05-23,0.000000,5.000000,4.875000,4.875000,0.952234,6000
1973-05-24,0.000000,5.093750,4.968750,4.968750,0.970546,9600
1973-05-25,0.000000,5.125000,5.000000,5.000000,0.976649,7200
1973-05-29,0.000000,5.031250,4.906250,4.906250,0.958337,11600
1973-05-30,0.000000,5.062500,4.937500,4.937500,0.964442,3200
1973-05-31,0.000000,5.062500,4.937500,4.937500,0.964442,4800
1973-06-01,0.000000,5.093750,4.968750,4.968750,0.970546,26400
1973-06-04,0.000000,5.062500,4.937500,4.937500,0.964442,14000
1973-06-05,0.000000,5.093750,4.968750,4.968750,0.970546,18000
1973-06-06,0.000000,5.062500,4.937500,4.937500,0.964442,19200
1973-06-07,0.000000,5.062500,4.937500,4.937500,0.964442,13200
1973-06-08,0.000000,5.093750,4.968750,4.968750,0.970546,9600
1973-06-11,0.000000,5.125000,5.000000,5.000000,0.976649,41200
1973-06-12,0.000000,5.156250,5.031250,5.031250,0.982754,6400
1973-06-13,0.000000,5.125000,5.000000,5.000000,0.976649,14400
1973-06-14,0.000000,5.093750,4.968750,4.968750,0.970546,9200
1973-06-15,0.000000,5.062500,4.937500,4.937500,0.964442,9600
1973-06-18,0.000000,5.062500,4.937500,4.937500,0.964442,4800
1973-06-19,0.000000,5.093750,4.968750,4.968750,0.970546,4000
1973-06-20,0.000000,5.125000,5.000000,5.000000,0.976649,7600
1973-06-21,0.000000,5.062500,4.937500,4.937500,0.964442,5200
1973-06-22,0.000000,5.062500,4.937500,4.937500,0.964442,1600
1973-06-25,0.000000,5.062500,4.937500,4.937500,0.964442,12400
1973-06-26,0.000000,5.062500,4.937500,4.937500,0.964442,1200
1973-06-27,0.000000,5.062500,4.937500,4.937500,0.964442,1200
1973-06-28,0.000000,5.062500,4.937500,4.937500,0.964442,1600
1973-06-29,0.000000,5.062500,4.937500,4.937500,0.964442,5200
1973-07-02,0.000000,5.062500,4.937500,4.937500,0.964442,5600
1973-07-03,0.000000,5.062500,4.937500,4.937500,0.964442,8000
1973-07-05,0.000000,5.093750,4.968750,4.968750,0.970546,6400
1973-07-06,0.000000,5.093750,4.968750,4.968750,0.970546,3600
1973-07-09,0.000000,5.093750,4.968750,4.968750,0.970546,2400
1973-07-10,0.000000,5.156250,5.031250,5.031250,0.982754,4000
1973-07-11,0.000000,5.156250,5.031250,5.031250,0.982754,6400
1973-07-12,0.000000,5.125000,5.000000,5.000000,0.976649,6000
1973-07-13,0.000000,5.156250,5.031250,5.031250,0.982754,12000
1973-07-16,0.000000,5.125000,5.000000,5.000000,0.976649,5600
1973-07-17,0.000000,5.156250,5.031250,5.031250,0.982754,4800
1973-07-18,0.000000,5.187500,5.062500,5.062500,0.988858,5200
1973-07-19,0.000000,5.218750,5.093750,5.093750,0.994962,6800
1973-07-20,0.000000,5.156250,5.031250,5.031250,0.982754,4800
1973-07-23,0.000000,5.156250,5.031250,5.031250,0.982754,1200
1973-07-24,0.000000,5.125000,5.000000,5.000000,0.976649,6000
1973-07-25,0.000000,5.125000,5.000000,5.000000,0.976649,1200
1973-07-26,0.000000,5.156250,5.031250,5.031250,0.982754,4000
1973-07-27,0.000000,5.156250,5.031250,5.031250,0.982754,2400
1973-07-30,0.000000,5.125000,5.000000,5.000000,0.976649,11200
1973-07-31,0.000000,5.125000,5.000000,5.000000,0.976649,1200
1973-08-01,0.000000,5.093750,4.968750,4.968750,0.970546,8800
1973-08-02,0.000000,5.062500,4.937500,4.937500,0.964442,800
1973-08-03,0.000000,5.062500,4.937500,4.937500,0.964442,5600
1973-08-06,0.000000,5.000000,4.875000,4.875000,0.952234,15600
1973-08-07,0.000000,5.000000,4.875000,4.875000,0.952234,8800
1973-08-08,0.000000,5.000000,4.875000,4.875000,0.952234,3200
1973-08-09,0.000000,4.937500,4.812500,4.812500,0.940025,4800
1973-08-10,0.000000,4.875000,4.750000,4.750000,0.927817,6800
1973-08-13,0.000000,4.875000,4.750000,4.750000,0.927817,6000
1973-08-14,0.000000,4.843750,4.718750,4.718750,0.921713,8000
1973-08-15,0.000000,4.812500,4.687500,4.687500,0.915609,4400
1973-08-16,0.000000,4.812500,4.687500,4.687500,0.915609,4800
1973-08-17,0.000000,4.812500,4.687500,4.687500,0.915609,800
1973-08-20,0.000000,4.812500,4.687500,4.687500,0.915609,4800
1973-08-21,0.000000,4.781250,4.656250,4.656250,0.909505,4400
1973-08-22,0.000000,4.781250,4.656250,4.656250,0.909505,2000
1973-08-23,0.000000,4.781250,4.656250,4.656250,0.909505,8800
1973-08-24,0.000000,4.781250,4.656250,4.656250,0.909505,10000
1973-08-27,0.000000,4.718750,4.593750,4.593750,0.897297,8400
1973-08-28,0.000000,4.718750,4.593750,4.593750,0.897297,4400
1973-08-29,0.000000,4.812500,4.687500,4.687500,0.915609,11200
1973-08-30,0.000000,4.906250,4.781250,4.781250,0.933921,7200
1973-08-31,0.000000,4.906250,4.781250,4.781250,0.933921,4400
1973-09-04,0.000000,4.937500,4.812500,4.812500,0.940025,4800
1973-09-05,0.000000,4.968750,4.843750,4.843750,0.946129,3200
1973-09-06,0.000000,5.031250,4.906250,4.906250,0.958337,8800
1973-09-07,0.000000,5.062500,4.937500,4.937500,0.964442,2800
1973-09-10,0.000000,5.093750,4.968750,4.968750,0.970546,7200
1973-09-11,0.000000,5.093750,4.968750,4.968750,0.970546,2000
1973-09-12,0.000000,5.125000,5.000000,5.000000,0.976649,2800
1973-09-13,0.000000,5.125000,5.000000,5.000000,0.976649,2800
1973-09-14,0.000000,5.156250,5.031250,5.031250,0.982754,3600
1973-09-17,0.000000,5.156250,5.031250,5.031250,0.982754,800
1973-09-18,0.000000,5.156250,5.031250,5.031250,0.982754,2800
1973-09-19,0.000000,5.187500,5.062500,5.062500,0.988858,1600
1973-09-20,0.000000,5.218750,5.093750,5.093750,0.994962,8400
1973-09-21,0.000000,5.218750,5.093750,5.093750,0.994962,8000
1973-09-24,0.000000,5.187500,5.062500,5.062500,0.988858,4800
1973-09-25,0.000000,5.187500,5.062500,5.062500,0.988858,8800
1973-09-26,0.000000,5.187500,5.062500,5.062500,0.988858,1600
1973-09-27,0.000000,5.125000,5.000000,5.000000,0.976649,13600
1973-09-28,0.000000,5.125000,5.000000,5.000000,0.976649,11600
1973-10-01,0.000000,5.125000,5.000000,5.000000,0.976649,3600
1973-10-02,0.000000,5.125000,5.000000,5.000000,0.976649,2800
1973-10-03,0.000000,5.125000,5.000000,5.000000,0.976649,5600
1973-10-04,0.000000,5.062500,4.937500,4.937500,0.964442,7200
1973-10-05,0.000000,5.062500,4.937500,4.937500,0.964442,9200
1973-10-08,0.000000,5.062500,4.937500,4.937500,0.964442,400
1973-10-09,0.000000,5.062500,4.937500,4.937500,0.964442,1200
1973-10-10,0.000000,5.062500,4.937500,4.937500,0.964442,1600
1973-10-11,0.000000,5.093750,4.968750,4.968750,0.970546,4000
1973-10-12,0.000000,5.125000,5.000000,5.000000,0.976649,6000
1973-10-15,0.000000,5.125000,5.000000,5.000000,0.976649,2800
1973-10-16,0.000000,5.125000,5.000000,5.000000,0.976649,3600
1973-10-17,0.000000,5.125000,5.000000,5.000000,0.976649,5600
1973-10-18,0.000000,5.062500,4.937500,4.937500,0.964442,4800
1973-10-19,0.000000,5.093750,4.968750,4.968750,0.970546,2000
1973-10-22,0.000000,5.062500,4.937500,4.937500,0.964442,2000
1973-10-23,0.000000,5.062500,4.937500,4.937500,0.964442,3600
1973-10-24,0.000000,5.062500,4.937500,4.937500,0.964442,3200
1973-10-25,0.000000,5.093750,4.968750,4.968750,0.970546,2400
1973-10-26,0.000000,5.062500,4.937500,4.937500,0.964442,3600
1973-10-29,0.000000,5.062500,4.937500,4.937500,0.964442,7200
1973-10-30,0.000000,5.000000,4.875000,4.875000,0.952234,4000
1973-10-31,0.000000,5.000000,4.875000,4.875000,0.952234,2400
1973-11-01,0.000000,4.968750,4.843750,4.843750,0.946129,4400
1973-11-02,0.000000,4.968750,4.843750,4.843750,0.946129,2000
1973-11-05,0.000000,4.968750,4.843750,4.843750,0.946129,1200
1973-11-06,0.000000,4.937500,4.812500,4.812500,0.940025,2400
1973-11-07,0.000000,4.875000,4.750000,4.750000,0.927817,10000
1973-11-08,0.000000,4.843750,4.718750,4.718750,0.921713,2000
1973-11-09,0.000000,4.812500,4.687500,4.687500,0.915609,3200
1973-11-12,0.000000,4.781250,4.656250,4.656250,0.909505,9200
1973-11-13,0.000000,4.750000,4.625000,4.625000,0.903401,3200
1973-11-14,0.000000,4.593750,4.468750,4.468750,0.872881,12800
1973-11-15,0.000000,4.593750,4.468750,4.468750,0.872881,4800
1973-11-16,0.000000,4.625000,4.500000,4.500000,0.878985,4000
1973-11-19,0.000000,4.562500,4.437500,4.437500,0.866776,8000
1973-11-20,0.000000,4.562500,4.437500,4.437500,0.866776,11200
1973-11-21,0.000000,4.625000,4.500000,4.500000,0.878985,9600
1973-11-23,0.000000,4.625000,4.500000,4.500000,0.878985,1200
1973-11-26,0.000000,4.562500,4.437500,4.437500,0.866776,3200
1973-11-27,0.000000,4.562500,4.437500,4.437500,0.866776,3200
1973-11-28,0.000000,4.625000,4.500000,4.500000,0.878985,11600
1973-11-29,0.000000,4.593750,4.468750,4.468750,0.872881,2000
1973-11-30,0.000000,4.625000,4.500000,4.500000,0.878985,7600
1973-12-03,0.000000,4.593750,4.468750,4.468750,0.872881,5600
1973-12-04,0.000000,4.593750,4.468750,4.468750,0.872881,7200
1973-12-05,0.000000,4.531250,4.406250,4.406250,0.860673,4400
1973-12-06,0.000000,4.531250,4.406250,4.406250,0.860673,5200
1973-12-07,0.000000,4.656250,4.531250,4.531250,0.885089,9600
1973-12-10,0.000000,4.718750,4.593750,4.593750,0.897297,14400
1973-12-11,0.000000,4.781250,4.656250,4.656250,0.909505,5200
1973-12-12,0.000000,4.781250,4.656250,4.656250,0.909505,6400
1973-12-13,0.000000,4.750000,4.625000,4.625000,0.903401,4400
1973-12-14,0.000000,4.750000,4.625000,4.625000,0.903401,3600
1973-12-17,0.000000,4.750000,4.625000,4.625000,0.903401,6000
1973-12-18,0.000000,4.812500,4.687500,4.687500,0.915609,5200
1973-12-19,0.000000,4.843750,4.718750,4.718750,0.921713,1600
1973-12-20,0.000000,4.906250,4.781250,4.781250,0.933921,7600
1973-12-21,0.000000,4.937500,4.812500,4.812500,0.940025,7600
1973-12-24,0.000000,4.968750,4.843750,4.843750,0.946129,800
1973-12-26,0.000000,5.000000,4.875000,4.875000,0.952234,4000
1973-12-27,0.000000,5.031250,4.906250,4.906250,0.958337,2400
1973-12-28,0.000000,5.062500,4.937500,4.937500,0.964442,5600
1973-12-31,0.000000,5.031250,4.906250,4.906250,0.958337,12800
1974-01-02,0.000000,5.062500,4.937500,4.937500,0.964442,4400
1974-01-03,0.000000,5.250000,5.125000,5.125000,1.001066,10800
1974-01-04,0.000000,5.312500,5.187500,5.187500,1.013274,5600
1974-01-07,0.000000,5.312500,5.187500,5.187500,1.013274,6400
1974-01-08,0.000000,5.312500,5.187500,5.187500,1.013274,7600
1974-01-09,0.000000,5.281250,5.156250,5.156250,1.007170,4800
1974-01-10,0.000000,5.281250,5.156250,5.156250,1.007170,3200
1974-01-11,0.000000,5.250000,5.125000,5.125000,1.001066,4000
1974-01-14,0.000000,5.218750,5.093750,5.093750,0.994962,2800
1974-01-15,0.000000,5.125000,5.000000,5.000000,0.976649,6400
1974-01-16,0.000000,5.125000,5.000000,5.000000,0.976649,1200
1974-01-17,0.000000,5.125000,5.000000,5.000000,0.976649,2800
1974-01-18,0.000000,5.031250,4.906250,4.906250,0.958337,3600
1974-01-21,0.000000,5.062500,4.937500,4.937500,0.964442,2800
1974-01-22,0.000000,5.062500,4.937500,4.937500,0.964442,7600
1974-01-23,0.000000,5.031250,4.906250,4.906250,0.958337,400
1974-01-24,0.000000,5.000000,4.875000,4.875000,0.952234,3600
1974-01-25,0.000000,5.093750,4.968750,4.968750,0.970546,9200
1974-01-28,0.000000,5.093750,4.968750,4.968750,0.970546,4000
1974-01-29,0.000000,5.093750,4.968750,4.968750,0.970546,9200
1974-01-30,0.000000,5.062500,4.937500,4.937500,0.964442,8400
1974-01-31,0.000000,5.031250,4.906250,4.906250,0.958337,1200
1974-02-01,0.000000,4.968750,4.843750,4.843750,0.946129,13600
1974-02-04,0.000000,4.937500,4.812500,4.812500,0.940025,2800
1974-02-05,0.000000,4.968750,4.843750,4.843750,0.946129,3200
1974-02-06,0.000000,5.000000,4.875000,4.875000,0.952234,1600
1974-02-07,0.000000,5.062500,4.937500,4.937500,0.964442,6400
1974-02-08,0.000000,5.062500,4.937500,4.937500,0.964442,6000
1974-02-11,0.000000,5.093750,4.968750,4.968750,0.970546,5600
1974-02-12,0.000000,5.093750,4.968750,4.968750,0.970546,2000
1974-02-13,0.000000,5.062500,4.937500,4.937500,0.964442,4000
1974-02-14,0.000000,5.062500,4.937500,4.937500,0.964442,2000
1974-02-15,0.000000,5.062500,4.937500,4.937500,0.964442,800
1974-02-19,0.000000,5.062500,4.937500,4.937500,0.964442,5600
1974-02-20,0.000000,5.000000,4.875000,4.875000,0.952234,4800
1974-02-21,0.000000,5.000000,4.875000,4.875000,0.952234,2800
1974-02-22,0.000000,5.000000,4.875000,4.875000,0.952234,3200
1974-02-25,0.000000,5.000000,4.875000,4.875000,0.952234,1200
1974-02-26,0.000000,5.000000,4.875000,4.875000,0.952234,2000
1974-02-27,0.000000,5.000000,4.875000,4.875000,0.952234,6800
1974-02-28,0.000000,5.000000,4.875000,4.875000,0.952234,3600
1974-03-01,0.000000,5.031250,4.906250,4.906250,0.958337,1200
1974-03-04,0.000000,5.031250,4.906250,4.906250,0.958337,1600
1974-03-05,0.000000,5.031250,4.906250,4.906250,0.958337,5200
1974-03-06,0.000000,5.031250,4.906250,4.906250,0.958337,800
1974-03-07,0.000000,5.000000,4.875000,4.875000,0.952234,13600
1974-03-08,0.000000,4.875000,4.750000,4.750000,0.927817,13600
1974-03-11,0.000000,5.000000,4.875000,4.875000,0.952234,18000
1974-03-12,0.000000,5.031250,4.906250,4.906250,0.958337,1200
1974-03-13,0.000000,5.062500,4.937500,4.937500,0.964442,2400
1974-03-14,0.000000,5.062500,4.937500,4.937500,0.964442,6000
1974-03-15,0.000000,5.031250,4.906250,4.906250,0.958337,4000
1974-03-18,0.000000,4.968750,4.843750,4.843750,0.946129,3600
1974-03-19,0.000000,4.906250,4.781250,4.781250,0.933921,4400
1974-03-20,0.000000,4.937500,4.812500,4.812500,0.940025,2000
1974-03-21,0.000000,4.937500,4.812500,4.812500,0.940025,2000
1974-03-22,4.812500,4.812500,4.812500,4.812500,0.940025,0
1974-03-25,0.000000,4.968750,4.843750,4.843750,0.946129,5200
1974-03-26,0.000000,4.968750,4.843750,4.843750,0.946129,1200
1974-03-27,0.000000,4.937500,4.812500,4.812500,0.940025,1600
1974-03-28,0.000000,4.875000,4.750000,4.750000,0.927817,2800
1974-03-29,0.000000,4.875000,4.750000,4.750000,0.927817,2400
1974-04-01,0.000000,4.593750,4.468750,4.468750,0.872881,12800
1974-04-02,0.000000,4.656250,4.531250,4.531250,0.885089,10800
1974-04-03,0.000000,4.656250,4.531250,4.531250,0.885089,3200
1974-04-04,0.000000,4.656250,4.531250,4.531250,0.885089,2400
1974-04-05,0.000000,4.593750,4.468750,4.468750,0.872881,7200
1974-04-08,0.000000,4.437500,4.312500,4.312500,0.842360,15200
1974-04-09,0.000000,4.406250,4.281250,4.281250,0.836256,6000
1974-04-10,0.000000,4.500000,4.375000,4.375000,0.854568,22000
1974-04-11,0.000000,4.468750,4.375000,4.375000,0.854568,9200
1974-04-15,0.000000,4.593750,4.468750,4.468750,0.872881,5200
1974-04-16,0.000000,4.750000,4.625000,4.625000,0.903401,19600
1974-04-17,0.000000,4.718750,4.593750,4.593750,0.897297,11200
1974-04-18,0.000000,4.718750,4.593750,4.593750,0.897297,14000
1974-04-19,0.000000,4.718750,4.593750,4.593750,0.897297,15600
1974-04-22,0.000000,4.718750,4.593750,4.593750,0.897297,22000
1974-04-23,0.000000,4.500000,4.375000,4.375000,0.854568,34400
1974-04-24,0.000000,4.437500,4.312500,4.312500,0.842360,41600
1974-04-25,0.000000,4.437500,4.312500,4.312500,0.842360,6400
1974-04-26,0.000000,4.531250,4.406250,4.406250,0.860673,10000
1974-04-29,0.000000,4.562500,4.437500,4.437500,0.866776,14400
1974-04-30,0.000000,4.656250,4.531250,4.531250,0.885089,13600
1974-05-01,0.000000,4.656250,4.531250,4.531250,0.885089,30800
1974-05-02,0.000000,4.625000,4.500000,4.500000,0.878985,5600
1974-05-03,0.000000,4.593750,4.468750,4.468750,0.872881,4400
1974-05-06,0.000000,4.593750,4.468750,4.468750,0.872881,2400
1974-05-07,0.000000,4.593750,4.468750,4.468750,0.872881,6000
1974-05-08,0.000000,4.625000,4.500000,4.500000,0.878985,12000
1974-05-09,0.000000,4.562500,4.437500,4.437500,0.866776,8400
1974-05-10,0.000000,4.593750,4.468750,4.468750,0.872881,9200
1974-05-13,0.000000,4.593750,4.468750,4.468750,0.872881,7200
1974-05-14,0.000000,4.562500,4.437500,4.437500,0.866776,8800
1974-05-15,0.000000,4.562500,4.437500,4.437500,0.866776,2000
1974-05-16,0.000000,4.562500,4.437500,4.437500,0.866776,4800
1974-05-17,0.000000,4.500000,4.375000,4.375000,0.854568,8800
1974-05-20,0.000000,4.437500,4.312500,4.312500,0.842360,8400
1974-05-21,0.000000,4.406250,4.281250,4.281250,0.836256,7600
1974-05-22,0.000000,4.406250,4.281250,4.281250,0.836256,1600
1974-05-23,0.000000,4.406250,4.281250,4.281250,0.836256,15600
1974-05-24,0.000000,4.406250,4.281250,4.281250,0.836256,5200
1974-05-28,0.000000,4.375000,4.250000,4.250000,0.830152,9600
1974-05-29,0.000000,4.375000,4.250000,4.250000,0.830152,4400
1974-05-30,0.000000,4.468750,4.343750,4.343750,0.848464,21200
1974-05-31,0.000000,4.437500,4.312500,4.312500,0.842360,8400
1974-06-03,0.000000,4.593750,4.468750,4.468750,0.872881,25600
1974-06-04,0.000000,4.625000,4.500000,4.500000,0.878985,4000
1974-06-05,0.000000,4.718750,4.593750,4.593750,0.897297,11200
1974-06-06,0.000000,4.656250,4.531250,4.531250,0.885089,12800
1974-06-07,0.000000,4.656250,4.531250,4.531250,0.885089,5200
1974-06-10,0.000000,4.656250,4.531250,4.531250,0.885089,6000
1974-06-11,0.000000,4.687500,4.562500,4.562500,0.891193,5600
1974-06-12,0.000000,4.656250,4.531250,4.531250,0.885089,6000
1974-06-13,0.000000,4.656250,4.531250,4.531250,0.885089,800
1974-06-14,0.000000,4.656250,4.531250,4.531250,0.885089,11600
1974-06-17,0.000000,4.468750,4.343750,4.343750,0.848464,14800
1974-06-18,0.000000,4.437500,4.312500,4.312500,0.842360,9600
1974-06-19,0.000000,4.406250,4.281250,4.281250,0.836256,5600
1974-06-20,0.000000,4.406250,4.281250,4.281250,0.836256,3200
1974-06-21,0.000000,4.375000,4.250000,4.250000,0.830152,2400
1974-06-24,0.000000,4.312500,4.187500,4.187500,0.817944,7200
1974-06-25,0.000000,4.375000,4.250000,4.250000,0.830152,9200
1974-06-26,0.000000,4.312500,4.187500,4.187500,0.817944,10000
1974-06-27,0.000000,4.218750,4.093750,4.093750,0.799632,11600
1974-06-28,0.000000,4.250000,4.125000,4.125000,0.805736,4800
1974-07-01,0.000000,4.281250,4.156250,4.156250,0.811840,5600
1974-07-02,0.000000,4.250000,4.125000,4.125000,0.805736,10400
1974-07-03,0.000000,4.281250,4.156250,4.156250,0.811840,4000
1974-07-05,4.156250,4.156250,4.156250,4.156250,0.811840,0
1974-07-08,0.000000,4.250000,4.125000,4.125000,0.805736,4400
1974-07-09,0.000000,4.250000,4.125000,4.125000,0.805736,10000
1974-07-10,0.000000,4.093750,3.968750,3.968750,0.775216,14800
1974-07-11,0.000000,4.125000,4.000000,4.000000,0.781320,5200
1974-07-12,0.000000,4.156250,4.031250,4.031250,0.787423,6400
1974-07-15,0.000000,4.156250,4.031250,4.031250,0.787423,12000
1974-07-16,0.000000,4.156250,4.031250,4.031250,0.787423,2000
1974-07-17,0.000000,4.250000,4.125000,4.125000,0.805736,9600
1974-07-18,0.000000,4.343750,4.218750,4.218750,0.824048,10000
1974-07-19,0.000000,4.343750,4.218750,4.218750,0.824048,4000
1974-07-22,0.000000,4.312500,4.187500,4.187500,0.817944,5200
1974-07-23,0.000000,4.312500,4.187500,4.187500,0.817944,2000
1974-07-24,0.000000,4.343750,4.218750,4.218750,0.824048,6000
1974-07-25,0.000000,4.281250,4.156250,4.156250,0.811840,17200
1974-07-26,0.000000,4.281250,4.156250,4.156250,0.811840,21200
1974-07-29,0.000000,4.281250,4.156250,4.156250,0.811840,800
1974-07-30,0.000000,4.281250,4.156250,4.156250,0.811840,2800
1974-07-31,0.000000,4.281250,4.156250,4.156250,0.811840,2800
1974-08-01,0.000000,4.312500,4.187500,4.187500,0.817944,1600
1974-08-02,0.000000,4.312500,4.187500,4.187500,0.817944,2000
1974-08-05,0.000000,4.312500,4.187500,4.187500,0.817944,10400
1974-08-06,0.000000,4.312500,4.187500,4.187500,0.817944,4800
1974-08-07,0.000000,4.375000,4.250000,4.250000,0.830152,6400
1974-08-08,0.000000,4.406250,4.281250,4.281250,0.836256,4800
1974-08-09,0.000000,4.281250,4.156250,4.156250,0.811840,12000
1974-08-12,0.000000,4.250000,4.125000,4.125000,0.805736,7200
1974-08-13,0.000000,4.187500,4.062500,4.062500,0.793528,8400
1974-08-14,0.000000,4.187500,4.062500,4.062500,0.793528,1200
1974-08-15,0.000000,4.218750,4.093750,4.093750,0.799632,6000
1974-08-16,0.000000,4.218750,4.093750,4.093750,0.799632,8800
1974-08-19,0.000000,4.187500,4.062500,4.062500,0.793528,5200
1974-08-20,0.000000,4.156250,4.031250,4.031250,0.787423,6000
1974-08-21,0.000000,4.156250,4.031250,4.031250,0.787423,9200
1974-08-22,0.000000,4.156250,4.031250,4.031250,0.787423,6000
1974-08-23,0.000000,4.156250,4.031250,4.031250,0.787423,8800
1974-08-26,0.000000,4.125000,4.000000,4.000000,0.781320,13200
1974-08-27,0.000000,4.031250,3.906250,3.906250,0.763008,16000
1974-08-28,0.000000,3.906250,3.781250,3.781250,0.738591,16800
1974-08-29,0.000000,3.843750,3.718750,3.718750,0.726384,3600
1974-08-30,0.000000,3.875000,3.750000,3.750000,0.732488,9200
1974-09-03,0.000000,3.843750,3.718750,3.718750,0.726384,7200
1974-09-04,0.000000,3.812500,3.687500,3.687500,0.720279,6400
1974-09-05,0.000000,3.843750,3.718750,3.718750,0.726384,1200
1974-09-06,0.000000,3.875000,3.750000,3.750000,0.732488,6400
1974-09-09,0.000000,3.968750,3.843750,3.843750,0.750799,6000
1974-09-10,0.000000,4.031250,3.906250,3.906250,0.763008,22400
1974-09-11,0.000000,4.031250,3.906250,3.906250,0.763008,2800
1974-09-12,0.000000,3.968750,3.843750,3.843750,0.750799,14800
1974-09-13,0.000000,3.906250,3.781250,3.781250,0.738591,13600
1974-09-16,0.000000,3.875000,3.750000,3.750000,0.732488,11600
1974-09-17,0.000000,3.843750,3.718750,3.718750,0.726384,14000
1974-09-18,0.000000,3.843750,3.718750,3.718750,0.726384,2800
1974-09-19,0.000000,3.875000,3.750000,3.750000,0.732488,4800
1974-09-20,0.000000,3.906250,3.781250,3.781250,0.738591,15600
1974-09-23,0.000000,3.906250,3.781250,3.781250,0.738591,12000
1974-09-24,0.000000,3.906250,3.781250,3.781250,0.738591,23200
1974-09-25,0.000000,3.937500,3.812500,3.812500,0.744695,24000
1974-09-26,0.000000,3.875000,3.750000,3.750000,0.732488,12400
1974-09-27,0.000000,3.812500,3.687500,3.687500,0.720279,19600
1974-09-30,0.000000,3.812500,3.687500,3.687500,0.720279,10000
1974-10-01,0.000000,3.843750,3.718750,3.718750,0.726384,5200
1974-10-02,0.000000,3.781250,3.656250,3.656250,0.714175,27600
1974-10-03,0.000000,3.656250,3.531250,3.531250,0.689759,24400
1974-10-04,0.000000,3.750000,3.625000,3.625000,0.708071,23200
1974-10-07,0.000000,3.781250,3.656250,3.656250,0.714175,12000
1974-10-08,0.000000,3.781250,3.656250,3.656250,0.714175,9200
1974-10-09,0.000000,3.875000,3.750000,3.750000,0.732488,15600
1974-10-10,0.000000,4.062500,3.937500,3.937500,0.769112,15600
1974-10-11,0.000000,4.093750,3.968750,3.968750,0.775216,6400
1974-10-14,0.000000,4.406250,4.281250,4.281250,0.836256,30000
1974-10-15,0.000000,4.250000,4.125000,4.125000,0.805736,14800
1974-10-16,0.000000,4.250000,4.125000,4.125000,0.805736,10000
1974-10-17,0.000000,4.281250,4.156250,4.156250,0.811840,5600
1974-10-18,0.000000,4.281250,4.156250,4.156250,0.811840,4400
1974-10-21,0.000000,4.250000,4.125000,4.125000,0.805736,9600
1974-10-22,0.000000,4.250000,4.125000,4.125000,0.805736,2800
1974-10-23,0.000000,4.187500,4.062500,4.062500,0.793528,6400
1974-10-24,0.000000,4.093750,3.968750,3.968750,0.775216,10000
1974-10-25,0.000000,4.156250,4.031250,4.031250,0.787423,6400
1974-10-28,0.000000,4.187500,4.062500,4.062500,0.793528,12800
1974-10-29,0.000000,4.250000,4.125000,4.125000,0.805736,3600
1974-10-30,0.000000,4.250000,4.125000,4.125000,0.805736,6400
1974-10-31,0.000000,4.250000,4.125000,4.125000,0.805736,3600
1974-11-01,0.000000,4.375000,4.250000,4.250000,0.830152,12800
1974-11-04,0.000000,4.375000,4.250000,4.250000,0.830152,10800
1974-11-05,0.000000,4.468750,4.343750,4.343750,0.848464,9200
1974-11-06,0.000000,4.500000,4.375000,4.375000,0.854568,11200
1974-11-07,0.000000,4.562500,4.437500,4.437500,0.866776,14800
1974-11-08,0.000000,4.562500,4.437500,4.437500,0.866776,9600
1974-11-11,0.000000,4.500000,4.375000,4.375000,0.854568,12400
1974-11-12,0.000000,4.437500,4.312500,4.312500,0.842360,18800
1974-11-13,0.000000,4.437500,4.312500,4.312500,0.842360,12800
1974-11-14,0.000000,4.437500,4.312500,4.312500,0.842360,4800
1974-11-15,0.000000,4.437500,4.312500,4.312500,0.842360,800
1974-11-18,0.000000,4.343750,4.218750,4.218750,0.824048,13200
1974-11-19,0.000000,4.312500,4.187500,4.187500,0.817944,4000
1974-11-20,0.000000,4.250000,4.125000,4.125000,0.805736,7200
1974-11-21,0.000000,4.187500,4.062500,4.062500,0.793528,18800
1974-11-22,0.000000,4.093750,3.968750,3.968750,0.775216,13600
1974-11-25,0.000000,4.093750,3.968750,3.968750,0.775216,800
1974-11-26,0.000000,4.062500,3.937500,3.937500,0.769112,2000
1974-11-27,0.000000,4.062500,3.937500,3.937500,0.769112,4800
1974-11-29,0.000000,4.093750,3.968750,3.968750,0.775216,3200
1974-12-02,0.000000,4.031250,3.906250,3.906250,0.763008,9200
1974-12-03,0.000000,4.000000,3.875000,3.875000,0.756903,8800
1974-12-04,0.000000,3.968750,3.843750,3.843750,0.750799,7600
1974-12-05,0.000000,4.000000,3.875000,3.875000,0.756903,19600
1974-12-06,0.000000,4.000000,3.875000,3.875000,0.756903,1600
1974-12-09,0.000000,4.000000,3.875000,3.875000,0.756903,2400
1974-12-10,0.000000,4.031250,3.906250,3.906250,0.763008,7200
1974-12-11,0.000000,4.062500,3.937500,3.937500,0.769112,14000
1974-12-12,0.000000,4.031250,3.906250,3.906250,0.763008,1600
1974-12-13,0.000000,4.031250,3.906250,3.906250,0.763008,5600
1974-12-16,0.000000,4.062500,3.937500,3.937500,0.769112,11600
1974-12-17,0.000000,4.062500,3.937500,3.937500,0.769112,2000
1974-12-18,0.000000,4.062500,3.937500,3.937500,0.769112,6000
1974-12-19,0.000000,4.031250,3.906250,3.906250,0.763008,400
1974-12-20,0.000000,4.000000,3.875000,3.875000,0.756903,6400
1974-12-23,0.000000,4.000000,3.875000,3.875000,0.756903,800
1974-12-24,0.000000,4.031250,3.906250,3.906250,0.763008,6400
1974-12-26,0.000000,4.093750,3.968750,3.968750,0.775216,2000
1974-12-27,0.000000,4.156250,4.031250,4.031250,0.787423,5200
1974-12-30,0.000000,4.187500,4.062500,4.062500,0.793528,5200
1974-12-31,0.000000,4.218750,4.093750,4.093750,0.799632,5600
1975-01-02,0.000000,4.250000,4.125000,4.125000,0.805736,2800
1975-01-03,0.000000,4.375000,4.250000,4.250000,0.830152,8400
1975-01-06,0.000000,4.406250,4.281250,4.281250,0.836256,12800
1975-01-07,0.000000,4.437500,4.312500,4.312500,0.842360,10400
1975-01-08,0.000000,4.437500,4.312500,4.312500,0.842360,2400
1975-01-09,0.000000,4.500000,4.375000,4.375000,0.854568,6000
1975-01-10,0.000000,4.656250,4.531250,4.531250,0.885089,36000
1975-01-13,0.000000,4.437500,4.312500,4.312500,0.842360,23600
1975-01-14,0.000000,4.406250,4.281250,4.281250,0.836256,10400
1975-01-15,0.000000,4.437500,4.312500,4.312500,0.842360,4800
1975-01-16,0.000000,4.468750,4.343750,4.343750,0.848464,4400
1975-01-17,0.000000,4.468750,4.343750,4.343750,0.848464,4800
1975-01-20,0.000000,4.468750,4.343750,4.343750,0.848464,3600
1975-01-21,0.000000,4.437500,4.312500,4.312500,0.842360,10800
1975-01-22,0.000000,4.406250,4.281250,4.281250,0.836256,800
1975-01-23,0.000000,4.375000,4.250000,4.250000,0.830152,4000
1975-01-24,0.000000,4.468750,4.343750,4.343750,0.848464,19200
1975-01-27,0.000000,4.562500,4.437500,4.437500,0.866776,16000
1975-01-28,0.000000,4.562500,4.437500,4.437500,0.866776,8000
1975-01-29,0.000000,4.687500,4.562500,4.562500,0.891193,13600
1975-01-30,0.000000,4.687500,4.562500,4.562500,0.891193,12400
1975-01-31,0.000000,4.750000,4.625000,4.625000,0.903401,8000
1975-02-03,0.000000,4.812500,4.687500,4.687500,0.915609,8000
1975-02-04,0.000000,4.781250,4.656250,4.656250,0.909505,2000
1975-02-05,0.000000,4.718750,4.593750,4.593750,0.897297,27600
1975-02-06,0.000000,4.718750,4.593750,4.593750,0.897297,10400
1975-02-07,0.000000,4.625000,4.500000,4.500000,0.878985,800
1975-02-10,0.000000,4.593750,4.468750,4.468750,0.872881,6000
1975-02-11,0.000000,4.500000,4.375000,4.375000,0.854568,10000
1975-02-12,0.000000,4.531250,4.406250,4.406250,0.860673,5200
1975-02-13,0.000000,4.562500,4.437500,4.437500,0.866776,4800
1975-02-14,0.000000,4.562500,4.437500,4.437500,0.866776,800
1975-02-18,0.000000,4.562500,4.437500,4.437500,0.866776,2800
1975-02-19,0.000000,4.562500,4.437500,4.437500,0.866776,4800
1975-02-20,0.000000,4.468750,4.343750,4.343750,0.848464,9600
1975-02-21,0.000000,4.500000,4.375000,4.375000,0.854568,400
1975-02-24,0.000000,4.437500,4.312500,4.312500,0.842360,8400
1975-02-25,0.000000,4.406250,4.281250,4.281250,0.836256,9200
1975-02-26,0.000000,4.406250,4.281250,4.281250,0.836256,8400
1975-02-27,0.000000,4.531250,4.406250,4.406250,0.860673,15600
1975-02-28,0.000000,4.500000,4.375000,4.375000,0.854568,3200
1975-03-03,0.000000,4.562500,4.437500,4.437500,0.866776,3200
1975-03-04,0.000000,4.593750,4.468750,4.468750,0.872881,9600
1975-03-05,0.000000,4.593750,4.468750,4.468750,0.872881,1600
1975-03-06,0.000000,4.687500,4.562500,4.562500,0.891193,14400
1975-03-07,0.000000,4.656250,4.531250,4.531250,0.885089,16800
1975-03-10,0.000000,4.656250,4.531250,4.531250,0.885089,17200
1975-03-11,0.000000,4.750000,4.625000,4.625000,0.903401,19600
1975-03-12,0.000000,4.750000,4.625000,4.625000,0.903401,2400
1975-03-13,0.000000,4.656250,4.531250,4.531250,0.885089,14400
1975-03-14,0.000000,4.687500,4.562500,4.562500,0.891193,3600
1975-03-17,0.000000,4.656250,4.531250,4.531250,0.885089,2800
1975-03-18,0.000000,4.625000,4.500000,4.500000,0.878985,13200
1975-03-19,0.000000,4.531250,4.406250,4.406250,0.860673,6400
1975-03-20,0.000000,4.562500,4.437500,4.437500,0.866776,3600
1975-03-21,0.000000,4.531250,4.406250,4.406250,0.860673,5600
1975-03-24,0.000000,4.500000,4.375000,4.375000,0.854568,800
1975-03-25,0.000000,4.468750,4.343750,4.343750,0.848464,3200
1975-03-26,0.000000,4.468750,4.343750,4.343750,0.848464,2800
1975-03-27,0.000000,4.468750,4.343750,4.343750,0.848464,2000
1975-03-31,0.000000,4.468750,4.343750,4.343750,0.848464,4000
1975-04-01,0.000000,4.375000,4.250000,4.250000,0.830152,8800
1975-04-02,0.000000,4.406250,4.281250,4.281250,0.836256,5200
1975-04-03,0.000000,4.406250,4.281250,4.281250,0.836256,6400
1975-04-04,0.000000,4.406250,4.281250,4.281250,0.836256,1200
1975-04-07,0.000000,4.343750,4.218750,4.218750,0.824048,8400
1975-04-08,0.000000,4.343750,4.218750,4.218750,0.824048,800
1975-04-09,0.000000,4.343750,4.218750,4.218750,0.824048,5200
1975-04-10,0.000000,4.343750,4.218750,4.218750,0.824048,2400
1975-04-11,4.218750,4.218750,4.218750,4.218750,0.824048,0
1975-04-14,0.000000,4.312500,4.187500,4.187500,0.817944,9600
1975-04-15,0.000000,4.343750,4.218750,4.218750,0.824048,3600
1975-04-16,0.000000,4.343750,4.218750,4.218750,0.824048,800
1975-04-17,0.000000,4.312500,4.187500,4.187500,0.817944,2400
1975-04-18,0.000000,4.343750,4.218750,4.218750,0.824048,3200
1975-04-21,0.000000,4.437500,4.312500,4.312500,0.842360,10400
1975-04-22,0.000000,4.437500,4.312500,4.312500,0.842360,4400
1975-04-23,0.000000,4.375000,4.250000,4.250000,0.830152,6400
1975-04-24,0.000000,4.406250,4.281250,4.281250,0.836256,5600
1975-04-25,0.000000,4.406250,4.281250,4.281250,0.836256,4000
1975-04-28,0.000000,4.437500,4.312500,4.312500,0.842360,10400
1975-04-29,0.000000,4.500000,4.375000,4.375000,0.854568,7600
1975-04-30,0.000000,4.531250,4.406250,4.406250,0.860673,5600
1975-05-01,0.000000,4.562500,4.437500,4.437500,0.866776,2400
1975-05-02,0.000000,4.562500,4.437500,4.437500,0.866776,4000
1975-05-05,0.000000,4.656250,4.531250,4.531250,0.885089,9600
1975-05-06,0.000000,4.687500,4.562500,4.562500,0.891193,2800
1975-05-07,0.000000,4.781250,4.656250,4.656250,0.909505,17600
1975-05-08,0.000000,4.812500,4.687500,4.687500,0.915609,4400
1975-05-09,0.000000,4.750000,4.625000,4.625000,0.903401,4000
1975-05-12,0.000000,4.750000,4.625000,4.625000,0.903401,3600
1975-05-13,0.000000,4.625000,4.500000,4.500000,0.878985,18000
1975-05-14,0.000000,4.562500,4.437500,4.437500,0.866776,6400
1975-05-15,0.000000,4.562500,4.437500,4.437500,0.866776,8800
1975-05-16,0.000000,4.562500,4.437500,4.437500,0.866776,6400
1975-05-19,0.000000,4.531250,4.406250,4.406250,0.860673,400
1975-05-20,0.000000,4.531250,4.406250,4.406250,0.860673,3600
1975-05-21,0.000000,4.531250,4.406250,4.406250,0.860673,5600
1975-05-22,0.000000,4.500000,4.375000,4.375000,0.854568,6000
1975-05-23,0.000000,4.500000,4.375000,4.375000,0.854568,2000
1975-05-27,0.000000,4.500000,4.375000,4.375000,0.854568,2800
1975-05-28,0.000000,4.500000,4.375000,4.375000,0.854568,2400
1975-05-29,0.000000,4.500000,4.375000,4.375000,0.854568,4000
1975-05-30,0.000000,4.500000,4.375000,4.375000,0.854568,13600
1975-06-02,0.000000,4.500000,4.375000,4.375000,0.854568,3600
1975-06-03,0.000000,4.531250,4.406250,4.406250,0.860673,5200
1975-06-04,0.000000,4.531250,4.406250,4.406250,0.860673,800
1975-06-05,0.000000,4.531250,4.406250,4.406250,0.860673,3200
1975-06-06,0.000000,4.593750,4.468750,4.468750,0.872881,11600
1975-06-09,0.000000,4.656250,4.531250,4.531250,0.885089,4800
1975-06-10,0.000000,4.718750,4.593750,4.593750,0.897297,22000
1975-06-11,0.000000,4.656250,4.531250,4.531250,0.885089,19600
1975-06-12,0.000000,4.656250,4.531250,4.531250,0.885089,3200
1975-06-13,0.000000,4.625000,4.500000,4.500000,0.878985,6000
1975-06-16,0.000000,4.625000,4.500000,4.500000,0.878985,1200
1975-06-17,0.000000,4.562500,4.437500,4.437500,0.866776,21600
1975-06-18,0.000000,4.750000,4.625000,4.625000,0.903401,24800
1975-06-19,0.000000,4.750000,4.625000,4.625000,0.903401,9600
1975-06-20,0.000000,4.750000,4.625000,4.625000,0.903401,2800
1975-06-23,0.000000,4.843750,4.718750,4.718750,0.921713,16800
1975-06-24,0.000000,4.843750,4.718750,4.718750,0.921713,9200
1975-06-25,0.000000,4.843750,4.718750,4.718750,0.921713,6000
1975-06-26,0.000000,4.812500,4.687500,4.687500,0.915609,4400
1975-06-27,0.000000,4.812500,4.687500,4.687500,0.915609,4800
1975-06-30,0.000000,4.812500,4.687500,4.687500,0.915609,1600
1975-07-01,0.000000,4.812500,4.687500,4.687500,0.915609,2800
1975-07-02,4.687500,4.687500,4.687500,4.687500,0.915609,0
1975-07-03,0.000000,4.750000,4.625000,4.625000,0.903401,7600
1975-07-07,0.000000,4.718750,4.593750,4.593750,0.897297,8000
1975-07-08,0.000000,4.718750,4.593750,4.593750,0.897297,9600
1975-07-09,0.000000,4.718750,4.593750,4.593750,0.897297,800
1975-07-10,0.000000,4.718750,4.593750,4.593750,0.897297,3200
1975-07-11,0.000000,4.718750,4.593750,4.593750,0.897297,2800
1975-07-14,0.000000,4.687500,4.562500,4.562500,0.891193,4800
1975-07-15,0.000000,4.687500,4.562500,4.562500,0.891193,11200
1975-07-16,0.000000,4.656250,4.531250,4.531250,0.885089,4800
1975-07-17,0.000000,4.625000,4.500000,4.500000,0.878985,400
1975-07-18,0.000000,4.687500,4.562500,4.562500,0.891193,14000
1975-07-21,0.000000,4.687500,4.562500,4.562500,0.891193,1600
1975-07-22,0.000000,4.687500,4.562500,4.562500,0.891193,1600
1975-07-23,0.000000,4.625000,4.500000,4.500000,0.878985,6400
1975-07-24,0.000000,4.593750,4.468750,4.468750,0.872881,5600
1975-07-25,0.000000,4.593750,4.468750,4.468750,0.872881,2800
1975-07-28,0.000000,4.593750,4.468750,4.468750,0.872881,1600
1975-07-29,0.000000,4.593750,4.468750,4.468750,0.872881,400
1975-07-30,0.000000,4.593750,4.468750,4.468750,0.872881,7200
1975-07-31,0.000000,4.625000,4.500000,4.500000,0.878985,6000
1975-08-01,0.000000,4.625000,4.500000,4.500000,0.878985,1200
1975-08-04,4.500000,4.500000,4.500000,4.500000,0.878985,0
1975-08-05,0.000000,4.593750,4.468750,4.468750,0.872881,4400
1975-08-06,0.000000,4.593750,4.468750,4.468750,0.872881,3200
1975-08-07,0.000000,4.593750,4.468750,4.468750,0.872881,5600
1975-08-08,0.000000,4.500000,4.375000,4.375000,0.854568,11200
1975-08-11,0.000000,4.437500,4.312500,4.312500,0.842360,8800
1975-08-12,0.000000,4.437500,4.312500,4.312500,0.842360,2000
1975-08-13,0.000000,4.343750,4.218750,4.218750,0.824048,9200
1975-08-14,0.000000,4.312500,4.187500,4.187500,0.817944,2000
1975-08-15,0.000000,4.312500,4.187500,4.187500,0.817944,3200
1975-08-18,0.000000,4.343750,4.218750,4.218750,0.824048,13600
1975-08-19,0.000000,4.343750,4.218750,4.218750,0.824048,2000
1975-08-20,0.000000,4.343750,4.218750,4.218750,0.824048,2000
1975-08-21,0.000000,4.343750,4.218750,4.218750,0.824048,800
1975-08-22,0.000000,4.343750,4.218750,4.218750,0.824048,2800
1975-08-25,0.000000,4.343750,4.218750,4.218750,0.824048,400
1975-08-26,0.000000,4.343750,4.218750,4.218750,0.824048,1200
1975-08-27,0.000000,4.343750,4.218750,4.218750,0.824048,9600
1975-08-28,0.000000,4.375000,4.250000,4.250000,0.830152,5600
1975-08-29,0.000000,4.468750,4.343750,4.343750,0.848464,7600
1975-09-02,0.000000,4.593750,4.468750,4.468750,0.872881,10800
1975-09-03,0.000000,4.843750,4.718750,4.718750,0.921713,18000
1975-09-04,0.000000,4.843750,4.718750,4.718750,0.921713,28400
1975-09-05,0.000000,4.625000,4.500000,4.500000,0.878985,16800
1975-09-08,0.000000,4.625000,4.500000,4.500000,0.878985,2000
1975-09-09,0.000000,4.656250,4.531250,4.531250,0.885089,17200
1975-09-10,0.000000,4.625000,4.500000,4.500000,0.878985,4800
1975-09-11,0.000000,4.687500,4.562500,4.562500,0.891193,22800
1975-09-12,0.000000,4.656250,4.531250,4.531250,0.885089,13200
1975-09-15,0.000000,4.656250,4.531250,4.531250,0.885089,400
1975-09-16,0.000000,4.656250,4.531250,4.531250,0.885089,2400
1975-09-17,0.000000,4.656250,4.531250,4.531250,0.885089,2000
1975-09-18,0.000000,4.625000,4.500000,4.500000,0.878985,1200
1975-09-19,0.000000,4.656250,4.531250,4.531250,0.885089,2400
1975-09-22,0.000000,4.593750,4.468750,4.468750,0.872881,8000
1975-09-23,0.000000,4.562500,4.437500,4.437500,0.866776,3200
1975-09-24,0.000000,4.593750,4.468750,4.468750,0.872881,800
1975-09-25,4.468750,4.468750,4.468750,4.468750,0.872881,0
1975-09-26,0.000000,4.562500,4.437500,4.437500,0.866776,3200
1975-09-29,0.000000,4.562500,4.437500,4.437500,0.866776,2400
1975-09-30,0.000000,4.562500,4.437500,4.437500,0.866776,2400
1975-10-01,0.000000,4.562500,4.437500,4.437500,0.866776,2400
1975-10-02,0.000000,4.625000,4.500000,4.500000,0.878985,8000
1975-10-03,0.000000,4.656250,4.531250,4.531250,0.885089,1200
1975-10-06,0.000000,4.656250,4.531250,4.531250,0.885089,1200
1975-10-07,0.000000,4.625000,4.500000,4.500000,0.878985,400
1975-10-08,0.000000,4.625000,4.500000,4.500000,0.878985,6000
1975-10-09,4.500000,4.500000,4.500000,4.500000,0.878985,0
1975-10-10,0.000000,4.625000,4.500000,4.500000,0.878985,2800
1975-10-13,0.000000,4.625000,4.500000,4.500000,0.878985,1600
1975-10-14,0.000000,4.625000,4.500000,4.500000,0.878985,1600
1975-10-15,0.000000,4.593750,4.468750,4.468750,0.872881,4800
1975-10-16,0.000000,4.562500,4.437500,4.437500,0.866776,5200
1975-10-17,0.000000,4.531250,4.406250,4.406250,0.860673,1200
1975-10-20,0.000000,4.531250,4.406250,4.406250,0.860673,3600
1975-10-21,0.000000,4.531250,4.406250,4.406250,0.860673,800
1975-10-22,0.000000,4.531250,4.406250,4.406250,0.860673,6000
1975-10-23,0.000000,4.531250,4.406250,4.406250,0.860673,5200
1975-10-24,0.000000,4.531250,4.406250,4.406250,0.860673,3200
1975-10-27,0.000000,4.500000,4.375000,4.375000,0.854568,2800
1975-10-28,0.000000,4.375000,4.250000,4.250000,0.830152,24000
1975-10-29,0.000000,4.406250,4.281250,4.281250,0.836256,12800
1975-10-30,0.000000,4.437500,4.312500,4.312500,0.842360,8400
1975-10-31,0.000000,4.468750,4.343750,4.343750,0.848464,6000
1975-11-03,0.000000,4.468750,4.343750,4.343750,0.848464,6400
1975-11-04,0.000000,4.468750,4.343750,4.343750,0.848464,9200
1975-11-05,0.000000,4.500000,4.375000,4.375000,0.854568,2000
1975-11-06,0.000000,4.500000,4.375000,4.375000,0.854568,6000
1975-11-07,0.000000,4.468750,4.343750,4.343750,0.848464,1600
1975-11-10,0.000000,4.468750,4.343750,4.343750,0.848464,3200
1975-11-11,0.000000,4.500000,4.375000,4.375000,0.854568,6800
1975-11-12,0.000000,4.500000,4.375000,4.375000,0.854568,2400
1975-11-13,0.000000,4.500000,4.375000,4.375000,0.854568,2000
1975-11-14,0.000000,4.500000,4.375000,4.375000,0.854568,2800
1975-11-17,0.000000,4.468750,4.343750,4.343750,0.848464,2400
1975-11-18,0.000000,4.468750,4.343750,4.343750,0.848464,2000
1975-11-19,0.000000,4.468750,4.343750,4.343750,0.848464,3600
1975-11-20,0.000000,4.468750,4.343750,4.343750,0.848464,1200
1975-11-21,0.000000,4.437500,4.312500,4.312500,0.842360,14800
1975-11-24,0.000000,4.406250,4.281250,4.281250,0.836256,5200
1975-11-25,0.000000,4.406250,4.281250,4.281250,0.836256,14400
1975-11-26,0.000000,4.375000,4.250000,4.250000,0.830152,2800
1975-11-28,0.000000,4.406250,4.281250,4.281250,0.836256,2800
1975-12-01,0.000000,4.406250,4.281250,4.281250,0.836256,4400
1975-12-02,0.000000,4.437500,4.312500,4.312500,0.842360,5200
1975-12-03,0.000000,4.406250,4.281250,4.281250,0.836256,1600
1975-12-04,0.000000,4.406250,4.281250,4.281250,0.836256,2000
1975-12-05,0.000000,4.406250,4.281250,4.281250,0.836256,400
1975-12-08,0.000000,4.406250,4.281250,4.281250,0.836256,1200
1975-12-09,0.000000,4.406250,4.281250,4.281250,0.836256,2800
1975-12-10,0.000000,4.375000,4.250000,4.250000,0.830152,33200
1975-12-11,0.000000,4.375000,4.250000,4.250000,0.830152,3200
1975-12-12,0.000000,4.375000,4.250000,4.250000,0.830152,4000
1975-12-15,0.000000,4.375000,4.250000,4.250000,0.830152,4000
1975-12-16,0.000000,4.375000,4.250000,4.250000,0.830152,1200
1975-12-17,0.000000,4.375000,4.250000,4.250000,0.830152,9200
1975-12-18,0.000000,4.375000,4.250000,4.250000,0.830152,2400
1975-12-19,0.000000,4.375000,4.250000,4.250000,0.830152,13600
1975-12-22,0.000000,4.375000,4.250000,4.250000,0.830152,4400
1975-12-23,0.000000,4.406250,4.281250,4.281250,0.836256,7200
1975-12-24,0.000000,4.406250,4.281250,4.281250,0.836256,1200
1975-12-26,0.000000,4.406250,4.281250,4.281250,0.836256,2000
1975-12-29,0.000000,4.437500,4.312500,4.312500,0.842360,3200
1975-12-30,0.000000,4.437500,4.312500,4.312500,0.842360,4400
1975-12-31,0.000000,4.468750,4.343750,4.343750,0.848464,4800
1976-01-02,0.000000,4.468750,4.343750,4.343750,0.848464,2000
1976-01-05,0.000000,4.531250,4.406250,4.406250,0.860673,14800
1976-01-06,0.000000,4.625000,4.500000,4.500000,0.878985,21600
1976-01-07,0.000000,4.625000,4.500000,4.500000,0.878985,4000
1976-01-08,0.000000,4.625000,4.500000,4.500000,0.878985,2800
1976-01-09,0.000000,4.687500,4.562500,4.562500,0.891193,13200
1976-01-12,0.000000,4.625000,4.500000,4.500000,0.878985,20000
1976-01-13,0.000000,4.593750,4.468750,4.468750,0.872881,11200
1976-01-14,0.000000,4.562500,4.437500,4.437500,0.866776,11600
1976-01-15,0.000000,4.531250,4.406250,4.406250,0.860673,12800
1976-01-16,0.000000,4.531250,4.406250,4.406250,0.860673,2400
1976-01-19,0.000000,4.625000,4.500000,4.500000,0.878985,17600
1976-01-20,0.000000,4.812500,4.687500,4.687500,0.915609,15600
1976-01-21,0.000000,4.812500,4.687500,4.687500,0.915609,4800
1976-01-22,0.000000,4.781250,4.656250,4.656250,0.909505,7600
1976-01-23,0.000000,4.781250,4.656250,4.656250,0.909505,3200
1976-01-26,0.000000,4.718750,4.593750,4.593750,0.897297,6400
1976-01-27,0.000000,4.687500,4.562500,4.562500,0.891193,6000
1976-01-28,0.000000,4.718750,4.593750,4.593750,0.897297,5600
1976-01-29,0.000000,4.750000,4.625000,4.625000,0.903401,7600
1976-01-30,0.000000,4.781250,4.656250,4.656250,0.909505,5200
1976-02-02,0.000000,4.781250,4.656250,4.656250,0.909505,4400
1976-02-03,0.000000,4.843750,4.718750,4.718750,0.921713,5600
1976-02-04,0.000000,4.875000,4.750000,4.750000,0.927817,6800
1976-02-05,0.000000,4.812500,4.687500,4.687500,0.915609,4000
1976-02-06,0.000000,4.781250,4.656250,4.656250,0.909505,1200
1976-02-09,0.000000,4.781250,4.656250,4.656250,0.909505,2400
1976-02-10,0.000000,4.750000,4.625000,4.625000,0.903401,12400
1976-02-11,0.000000,4.718750,4.593750,4.593750,0.897297,4400
1976-02-12,0.000000,4.562500,4.437500,4.437500,0.866776,15200
1976-02-13,0.000000,4.531250,4.406250,4.406250,0.860673,1200
1976-02-17,0.000000,4.531250,4.406250,4.406250,0.860673,8000
1976-02-18,0.000000,4.531250,4.406250,4.406250,0.860673,1200
1976-02-19,0.000000,4.500000,4.375000,4.375000,0.854568,3200
1976-02-20,0.000000,4.468750,4.343750,4.343750,0.848464,9200
1976-02-23,0.000000,4.468750,4.343750,4.343750,0.848464,4000
1976-02-24,0.000000,4.468750,4.343750,4.343750,0.848464,6400
1976-02-25,0.000000,4.500000,4.375000,4.375000,0.854568,9200
1976-02-26,0.000000,4.531250,4.406250,4.406250,0.860673,4800
1976-02-27,0.000000,4.531250,4.406250,4.406250,0.860673,3200
1976-03-01,0.000000,4.531250,4.406250,4.406250,0.860673,3600
1976-03-02,0.000000,4.531250,4.406250,4.406250,0.860673,32400
1976-03-03,0.000000,4.531250,4.406250,4.406250,0.860673,2400
1976-03-04,0.000000,4.468750,4.343750,4.343750,0.848464,6400
1976-03-05,0.000000,4.531250,4.406250,4.406250,0.860673,6400
1976-03-08,0.000000,4.531250,4.406250,4.406250,0.860673,3600
1976-03-09,0.000000,4.531250,4.406250,4.406250,0.860673,10400
1976-03-10,0.000000,4.500000,4.375000,4.375000,0.854568,22000
1976-03-11,0.000000,4.531250,4.406250,4.406250,0.860673,4800
1976-03-12,0.000000,4.500000,4.375000,4.375000,0.854568,3600
1976-03-15,0.000000,4.468750,4.343750,4.343750,0.848464,3200
1976-03-16,0.000000,4.468750,4.343750,4.343750,0.848464,1600
1976-03-17,0.000000,4.468750,4.343750,4.343750,0.848464,3200
1976-03-18,0.000000,4.437500,4.312500,4.312500,0.842360,4800
1976-03-19,0.000000,4.437500,4.312500,4.312500,0.842360,3200
1976-03-22,0.000000,4.437500,4.312500,4.312500,0.842360,3600
1976-03-23,0.000000,4.437500,4.312500,4.312500,0.842360,4800
1976-03-24,0.000000,4.437500,4.312500,4.312500,0.842360,12800
1976-03-25,0.000000,4.406250,4.281250,4.281250,0.836256,3600
1976-03-26,0.000000,4.437500,4.312500,4.312500,0.842360,3200
1976-03-29,0.000000,4.406250,4.281250,4.281250,0.836256,2800
1976-03-30,0.000000,4.406250,4.281250,4.281250,0.836256,10000
1976-03-31,0.000000,4.406250,4.281250,4.281250,0.836256,4400
1976-04-01,0.000000,4.406250,4.281250,4.281250,0.836256,8000
1976-04-02,0.000000,4.406250,4.281250,4.281250,0.836256,1200
1976-04-05,0.000000,4.468750,4.343750,4.343750,0.848464,7200
1976-04-06,0.000000,4.562500,4.437500,4.437500,0.866776,12800
1976-04-07,0.000000,4.531250,4.406250,4.406250,0.860673,6800
1976-04-08,0.000000,4.500000,4.375000,4.375000,0.854568,1200
1976-04-09,0.000000,4.500000,4.375000,4.375000,0.854568,9200
1976-04-12,0.000000,4.531250,4.406250,4.406250,0.860673,4000
1976-04-13,0.000000,4.500000,4.375000,4.375000,0.854568,2800
1976-04-14,0.000000,4.500000,4.375000,4.375000,0.854568,3600
1976-04-15,0.000000,4.500000,4.375000,4.375000,0.854568,3200
1976-04-19,0.000000,4.500000,4.375000,4.375000,0.854568,4400
1976-04-20,0.000000,4.468750,4.343750,4.343750,0.848464,2800
1976-04-21,0.000000,4.375000,4.250000,4.250000,0.830152,8000
1976-04-22,0.000000,4.375000,4.250000,4.250000,0.830152,7600
1976-04-23,0.000000,4.406250,4.281250,4.281250,0.836256,7600
1976-04-26,0.000000,4.468750,4.343750,4.343750,0.848464,6400
1976-04-27,0.000000,4.468750,4.343750,4.343750,0.848464,2800
1976-04-28,0.000000,4.562500,4.437500,4.437500,0.866776,5200
1976-04-29,0.000000,4.593750,4.468750,4.468750,0.872881,3200
1976-04-30,0.000000,4.562500,4.437500,4.437500,0.866776,1200
1976-05-03,0.000000,4.437500,4.312500,4.312500,0.842360,12000
1976-05-04,4.312500,4.312500,4.312500,4.312500,0.842360,0
1976-05-05,0.000000,4.500000,4.375000,4.375000,0.854568,2400
1976-05-06,0.000000,4.593750,4.468750,4.468750,0.872881,10400
1976-05-07,0.000000,4.562500,4.437500,4.437500,0.866776,23200
1976-05-10,0.000000,4.625000,4.500000,4.500000,0.878985,20400
1976-05-11,0.000000,4.625000,4.500000,4.500000,0.878985,13200
1976-05-12,0.000000,4.562500,4.437500,4.437500,0.866776,12000
1976-05-13,0.000000,4.562500,4.437500,4.437500,0.866776,6400
1976-05-14,0.000000,4.562500,4.437500,4.437500,0.866776,5200
1976-05-17,0.000000,4.562500,4.437500,4.437500,0.866776,5600
1976-05-18,0.000000,4.625000,4.500000,4.500000,0.878985,3200
1976-05-19,0.000000,4.625000,4.500000,4.500000,0.878985,11200
1976-05-20,0.000000,4.562500,4.437500,4.437500,0.866776,15600
1976-05-21,0.000000,4.562500,4.437500,4.437500,0.866776,6400
1976-05-24,0.000000,4.562500,4.437500,4.437500,0.866776,3200
1976-05-25,0.000000,4.500000,4.375000,4.375000,0.854568,11600
1976-05-26,0.000000,4.500000,4.375000,4.375000,0.854568,5600
1976-05-27,0.000000,4.500000,4.375000,4.375000,0.854568,6400
1976-05-28,0.000000,4.500000,4.375000,4.375000,0.854568,4400
1976-06-01,0.000000,4.500000,4.375000,4.375000,0.854568,4000
1976-06-02,0.000000,4.500000,4.375000,4.375000,0.854568,5200
1976-06-03,0.000000,4.500000,4.375000,4.375000,0.854568,14000
1976-06-04,0.000000,4.468750,4.343750,4.343750,0.848464,10400
1976-06-07,0.000000,4.437500,4.312500,4.312500,0.842360,6800
1976-06-08,0.000000,4.437500,4.312500,4.312500,0.842360,3200
1976-06-09,0.000000,4.406250,4.281250,4.281250,0.836256,13200
1976-06-10,0.000000,4.468750,4.343750,4.343750,0.848464,18400
1976-06-11,0.000000,4.468750,4.343750,4.343750,0.848464,7600
1976-06-14,0.000000,4.468750,4.343750,4.343750,0.848464,6000
1976-06-15,0.000000,4.531250,4.406250,4.406250,0.860673,11600
1976-06-16,0.000000,4.500000,4.375000,4.375000,0.854568,8400
1976-06-17,0.000000,4.500000,4.375000,4.375000,0.854568,3200
1976-06-18,0.000000,4.500000,4.375000,4.375000,0.854568,9200
1976-06-21,0.000000,4.468750,4.343750,4.343750,0.848464,8000
1976-06-22,0.000000,4.468750,4.343750,4.343750,0.848464,7200
1976-06-23,0.000000,4.500000,4.375000,4.375000,0.854568,7600
1976-06-24,0.000000,4.562500,4.437500,4.437500,0.866776,12000
1976-06-25,0.000000,4.562500,4.437500,4.437500,0.866776,7200
1976-06-28,0.000000,4.593750,4.468750,4.468750,0.872881,2000
1976-06-29,0.000000,4.562500,4.437500,4.437500,0.866776,2000
1976-06-30,0.000000,4.562500,4.437500,4.437500,0.866776,3200
1976-07-01,0.000000,4.562500,4.437500,4.437500,0.866776,4000
1976-07-02,0.000000,4.593750,4.468750,4.468750,0.872881,2800
1976-07-06,0.000000,4.562500,4.437500,4.437500,0.866776,3600
1976-07-07,0.000000,4.593750,4.468750,4.468750,0.872881,9200
1976-07-08,0.000000,4.625000,4.500000,4.500000,0.878985,8800
1976-07-09,0.000000,4.625000,4.500000,4.500000,0.878985,3600
1976-07-12,0.000000,4.656250,4.531250,4.531250,0.885089,2000
1976-07-13,0.000000,4.656250,4.531250,4.531250,0.885089,6000
1976-07-14,0.000000,4.656250,4.531250,4.531250,0.885089,1200
1976-07-15,0.000000,4.656250,4.531250,4.531250,0.885089,2400
1976-07-16,0.000000,4.687500,4.562500,4.562500,0.891193,9600
1976-07-19,0.000000,4.687500,4.562500,4.562500,0.891193,10000
1976-07-20,0.000000,4.625000,4.500000,4.500000,0.878985,11200
1976-07-21,0.000000,4.625000,4.500000,4.500000,0.878985,2800
1976-07-22,0.000000,4.625000,4.500000,4.500000,0.878985,4000
1976-07-23,0.000000,4.625000,4.500000,4.500000,0.878985,1600
1976-07-26,0.000000,4.656250,4.531250,4.531250,0.885089,4400
1976-07-27,0.000000,4.656250,4.531250,4.531250,0.885089,8800
1976-07-28,0.000000,4.656250,4.531250,4.531250,0.885089,4400
1976-07-29,0.000000,4.687500,4.562500,4.562500,0.891193,7600
1976-07-30,0.000000,4.687500,4.562500,4.562500,0.891193,1600
1976-08-02,0.000000,4.781250,4.656250,4.656250,0.909505,20800
1976-08-03,0.000000,4.750000,4.625000,4.625000,0.903401,16000
1976-08-04,0.000000,4.718750,4.593750,4.593750,0.897297,13600
1976-08-05,0.000000,4.718750,4.593750,4.593750,0.897297,13600
1976-08-06,0.000000,4.718750,4.593750,4.593750,0.897297,18800
1976-08-09,0.000000,4.656250,4.531250,4.531250,0.885089,2000
1976-08-10,0.000000,4.687500,4.562500,4.562500,0.891193,8800
1976-08-11,0.000000,4.718750,4.593750,4.593750,0.897297,4800
1976-08-12,0.000000,4.718750,4.593750,4.593750,0.897297,13200
1976-08-13,0.000000,4.750000,4.625000,4.625000,0.903401,5200
1976-08-16,0.000000,4.781250,4.656250,4.656250,0.909505,9200
1976-08-17,0.000000,4.875000,4.750000,4.750000,0.927817,19600
1976-08-18,0.000000,4.843750,4.718750,4.718750,0.921713,36000
1976-08-19,0.000000,4.750000,4.625000,4.625000,0.903401,21200
1976-08-20,0.000000,4.875000,4.750000,4.750000,0.927817,29600
1976-08-23,0.000000,5.156250,5.031250,5.031250,0.982754,24000
1976-08-24,0.000000,4.968750,4.843750,4.843750,0.946129,38000
1976-08-25,0.000000,4.906250,4.781250,4.781250,0.933921,14800
1976-08-26,0.000000,4.875000,4.750000,4.750000,0.927817,6800
1976-08-27,0.000000,4.937500,4.812500,4.812500,0.940025,15200
1976-08-30,0.000000,4.968750,4.843750,4.843750,0.946129,14000
1976-08-31,0.000000,4.968750,4.843750,4.843750,0.946129,19600
1976-09-01,0.000000,4.968750,4.843750,4.843750,0.946129,4000
1976-09-02,0.000000,4.968750,4.843750,4.843750,0.946129,11200
1976-09-03,0.000000,5.000000,4.875000,4.875000,0.952234,8800
1976-09-07,0.000000,5.031250,4.906250,4.906250,0.958337,23600
1976-09-08,0.000000,5.000000,4.875000,4.875000,0.952234,13200
1976-09-09,0.000000,5.093750,4.968750,4.968750,0.970546,43200
1976-09-10,0.000000,5.156250,5.031250,5.031250,0.982754,36400
1976-09-13,0.000000,5.187500,5.062500,5.062500,0.988858,21600
1976-09-14,0.000000,5.218750,5.093750,5.093750,0.994962,8400
1976-09-15,0.000000,5.250000,5.125000,5.125000,1.001066,16000
1976-09-16,0.000000,5.250000,5.125000,5.125000,1.001066,9200
1976-09-17,0.000000,5.406250,5.281250,5.281250,1.031587,28000
1976-09-20,0.000000,5.406250,5.281250,5.281250,1.031587,6000
1976-09-21,0.000000,5.406250,5.281250,5.281250,1.031587,10400
1976-09-22,0.000000,5.406250,5.281250,5.281250,1.031587,24000
1976-09-23,0.000000,5.312500,5.187500,5.187500,1.013274,11200
1976-09-24,0.000000,5.343750,5.218750,5.218750,1.019379,7600
1976-09-27,0.000000,5.375000,5.250000,5.250000,1.025483,8000
1976-09-28,0.000000,5.343750,5.218750,5.218750,1.019379,16800
1976-09-29,0.000000,5.312500,5.187500,5.187500,1.013274,22400
1976-09-30,0.000000,5.312500,5.187500,5.187500,1.013274,4000
1976-10-01,0.000000,5.312500,5.187500,5.187500,1.013274,3600
1976-10-04,0.000000,5.281250,5.156250,5.156250,1.007170,3200
1976-10-05,0.000000,5.281250,5.156250,5.156250,1.007170,5600
1976-10-06,0.000000,5.281250,5.156250,5.156250,1.007170,4000
1976-10-07,0.000000,5.312500,5.187500,5.187500,1.013274,12000
1976-10-08,0.000000,5.312500,5.187500,5.187500,1.013274,3600
1976-10-11,0.000000,5.250000,5.125000,5.125000,1.001066,10800
1976-10-12,0.000000,5.218750,5.093750,5.093750,0.994962,8000
1976-10-13,0.000000,5.187500,5.062500,5.062500,0.988858,4400
1976-10-14,0.000000,5.156250,5.031250,5.031250,0.982754,18400
1976-10-15,0.000000,5.156250,5.031250,5.031250,0.982754,2400
1976-10-18,0.000000,5.125000,5.000000,5.000000,0.976649,8800
1976-10-19,0.000000,5.062500,4.937500,4.937500,0.964442,5200
1976-10-20,0.000000,5.062500,4.937500,4.937500,0.964442,3600
1976-10-21,0.000000,5.062500,4.937500,4.937500,0.964442,800
1976-10-22,0.000000,5.062500,4.937500,4.937500,0.964442,2800
1976-10-25,0.000000,5.062500,4.937500,4.937500,0.964442,5200
1976-10-26,0.000000,5.062500,4.937500,4.937500,0.964442,1600
1976-10-27,0.000000,5.031250,4.906250,4.906250,0.958337,1200
1976-10-28,4.906250,4.906250,4.906250,4.906250,0.958337,0
1976-10-29,0.000000,5.031250,4.906250,4.906250,0.958337,7600
1976-11-01,0.000000,5.031250,4.906250,4.906250,0.958337,11600
1976-11-03,0.000000,5.031250,4.906250,4.906250,0.958337,7200
1976-11-04,0.000000,5.031250,4.906250,4.906250,0.958337,4800
1976-11-05,0.000000,5.062500,4.937500,4.937500,0.964442,7600
1976-11-08,0.000000,5.031250,4.906250,4.906250,0.958337,7200
1976-11-09,0.000000,5.000000,4.875000,4.875000,0.952234,3200
1976-11-10,0.000000,5.000000,4.875000,4.875000,0.952234,4000
1976-11-11,0.000000,4.968750,4.843750,4.843750,0.946129,2000
1976-11-12,0.000000,5.000000,4.875000,4.875000,0.952234,8400
1976-11-15,0.000000,5.000000,4.875000,4.875000,0.952234,3600
1976-11-16,0.000000,5.031250,4.906250,4.906250,0.958337,6800
1976-11-17,0.000000,5.031250,4.906250,4.906250,0.958337,12000
1976-11-18,0.000000,5.125000,5.000000,5.000000,0.976649,13600
1976-11-19,0.000000,5.093750,4.968750,4.968750,0.970546,2800
1976-11-22,0.000000,5.125000,5.000000,5.000000,0.976649,12400
1976-11-23,0.000000,5.125000,5.000000,5.000000,0.976649,24000
1976-11-24,0.000000,5.125000,5.000000,5.000000,0.976649,4000
1976-11-26,0.000000,5.125000,5.000000,5.000000,0.976649,5600
1976-11-29,0.000000,5.156250,5.031250,5.031250,0.982754,4800
1976-11-30,0.000000,5.187500,5.062500,5.062500,0.988858,12400
1976-12-01,0.000000,5.187500,5.062500,5.062500,0.988858,8400
1976-12-02,0.000000,5.250000,5.125000,5.125000,1.001066,10800
1976-12-03,0.000000,5.250000,5.125000,5.125000,1.001066,4000
1976-12-06,0.000000,5.250000,5.125000,5.125000,1.001066,3600
1976-12-07,0.000000,5.250000,5.125000,5.125000,1.001066,9200
1976-12-08,0.000000,5.250000,5.125000,5.125000,1.001066,9600
1976-12-09,0.000000,5.250000,5.125000,5.125000,1.001066,8400
1976-12-10,0.000000,5.281250,5.156250,5.156250,1.007170,11200
1976-12-13,0.000000,5.375000,5.250000,5.250000,1.025483,18400
1976-12-14,0.000000,5.437500,5.312500,5.312500,1.037690,18400
1976-12-15,0.000000,5.375000,5.250000,5.250000,1.025483,39600
1976-12-16,0.000000,5.312500,5.187500,5.187500,1.013274,15200
1976-12-17,0.000000,5.312500,5.187500,5.187500,1.013274,7600
1976-12-20,0.000000,5.312500,5.187500,5.187500,1.013274,6000
1976-12-21,0.000000,5.312500,5.187500,5.187500,1.013274,13600
1976-12-22,0.000000,5.281250,5.156250,5.156250,1.007170,7600
1976-12-23,0.000000,5.281250,5.156250,5.156250,1.007170,6000
1976-12-27,0.000000,5.312500,5.187500,5.187500,1.013274,6000
1976-12-28,0.000000,5.343750,5.218750,5.218750,1.019379,16800
1976-12-29,0.000000,5.312500,5.187500,5.187500,1.013274,8000
1976-12-30,0.000000,5.312500,5.187500,5.187500,1.013274,8800
1976-12-31,0.000000,5.312500,5.187500,5.187500,1.013274,2000
1977-01-03,0.000000,5.312500,5.187500,5.187500,1.013274,3600
1977-01-04,0.000000,5.312500,5.187500,5.187500,1.013274,4400
1977-01-05,0.000000,5.312500,5.187500,5.187500,1.013274,7600
1977-01-06,0.000000,5.343750,5.218750,5.218750,1.019379,2400
1977-01-07,0.000000,5.343750,5.218750,5.218750,1.019379,6400
1977-01-10,0.000000,5.343750,5.218750,5.218750,1.019379,12800
1977-01-11,0.000000,5.406250,5.281250,5.281250,1.031587,8000
1977-01-12,0.000000,5.406250,5.281250,5.281250,1.031587,14000
1977-01-13,0.000000,5.500000,5.375000,5.375000,1.049899,12800
1977-01-14,0.000000,5.500000,5.375000,5.375000,1.049899,7200
1977-01-17,0.000000,5.500000,5.375000,5.375000,1.049899,8400
1977-01-18,0.000000,5.437500,5.312500,5.312500,1.037690,13200
1977-01-19,0.000000,5.437500,5.312500,5.312500,1.037690,6400
1977-01-20,0.000000,5.468750,5.343750,5.343750,1.043795,3200
1977-01-21,0.000000,5.468750,5.343750,5.343750,1.043795,3600
1977-01-24,0.000000,5.468750,5.343750,5.343750,1.043795,6000
1977-01-25,0.000000,5.500000,5.375000,5.375000,1.049899,9600
1977-01-26,0.000000,5.500000,5.375000,5.375000,1.049899,5200
1977-01-27,0.000000,5.468750,5.343750,5.343750,1.043795,4000
1977-01-28,0.000000,5.468750,5.343750,5.343750,1.043795,5200
1977-01-31,0.000000,5.437500,5.312500,5.312500,1.037690,4800
1977-02-01,0.000000,5.437500,5.312500,5.312500,1.037690,3600
1977-02-02,0.000000,5.437500,5.312500,5.312500,1.037690,5200
1977-02-03,0.000000,5.500000,5.375000,5.375000,1.049899,4000
1977-02-04,0.000000,5.500000,5.375000,5.375000,1.049899,13200
1977-02-07,0.000000,5.500000,5.375000,5.375000,1.049899,15600
1977-02-08,0.000000,5.468750,5.343750,5.343750,1.043795,11200
1977-02-09,0.000000,5.406250,5.281250,5.281250,1.031587,13200
1977-02-10,0.000000,5.406250,5.281250,5.281250,1.031587,19200
1977-02-11,0.000000,5.406250,5.281250,5.281250,1.031587,1200
1977-02-14,0.000000,5.375000,5.250000,5.250000,1.025483,11600
1977-02-15,0.000000,5.312500,5.187500,5.187500,1.013274,9600
1977-02-16,0.000000,5.312500,5.187500,5.187500,1.013274,3200
1977-02-17,0.000000,5.312500,5.187500,5.187500,1.013274,4000
1977-02-18,0.000000,5.312500,5.187500,5.187500,1.013274,4400
1977-02-22,0.000000,5.187500,5.062500,5.062500,0.988858,20400
1977-02-23,0.000000,5.156250,5.031250,5.031250,0.982754,4000
1977-02-24,0.000000,5.156250,5.031250,5.031250,0.982754,3200
1977-02-25,0.000000,5.156250,5.031250,5.031250,0.982754,400
1977-02-28,0.000000,5.156250,5.031250,5.031250,0.982754,2400
1977-03-01,0.000000,5.156250,5.031250,5.031250,0.982754,2000
1977-03-02,0.000000,5.156250,5.031250,5.031250,0.982754,800
1977-03-03,0.000000,5.156250,5.031250,5.031250,0.982754,6800
1977-03-04,0.000000,5.093750,4.968750,4.968750,0.970546,8000
1977-03-07,0.000000,5.093750,4.968750,4.968750,0.970546,4400
1977-03-08,0.000000,5.093750,4.968750,4.968750,0.970546,5600
1977-03-09,0.000000,5.093750,4.968750,4.968750,0.970546,8800
1977-03-10,0.000000,5.125000,5.000000,5.000000,0.976649,8800
1977-03-11,0.000000,5.125000,5.000000,5.000000,0.976649,6400
1977-03-14,0.000000,5.156250,5.031250,5.031250,0.982754,10800
1977-03-15,0.000000,5.187500,5.062500,5.062500,0.988858,3200
1977-03-16,0.000000,5.187500,5.062500,5.062500,0.988858,1200
1977-03-17,0.000000,5.187500,5.062500,5.062500,0.988858,2000
1977-03-18,0.000000,5.187500,5.062500,5.062500,0.988858,1600
1977-03-21,0.000000,5.187500,5.062500,5.062500,0.988858,7200
1977-03-22,0.000000,5.187500,5.062500,5.062500,0.988858,1600
1977-03-23,0.000000,5.187500,5.062500,5.062500,0.988858,4000
1977-03-24,0.000000,5.218750,5.093750,5.093750,0.994962,7600
1977-03-25,0.000000,5.218750,5.093750,5.093750,0.994962,10800
1977-03-28,0.000000,5.218750,5.093750,5.093750,0.994962,4000
1977-03-29,0.000000,5.218750,5.093750,5.093750,0.994962,3600
1977-03-30,0.000000,5.218750,5.093750,5.093750,0.994962,2400
1977-03-31,0.000000,5.218750,5.093750,5.093750,0.994962,3200
1977-04-01,0.000000,5.250000,5.125000,5.125000,1.001066,6800
1977-04-04,0.000000,5.250000,5.125000,5.125000,1.001066,6000
1977-04-05,0.000000,5.250000,5.125000,5.125000,1.001066,3600
1977-04-06,0.000000,5.250000,5.125000,5.125000,1.001066,3600
1977-04-07,0.000000,5.312500,5.187500,5.187500,1.013274,17600
1977-04-11,0.000000,5.281250,5.156250,5.156250,1.007170,15200
1977-04-12,0.000000,5.281250,5.156250,5.156250,1.007170,15600
1977-04-13,0.000000,5.250000,5.125000,5.125000,1.001066,16000
1977-04-14,0.000000,5.250000,5.125000,5.125000,1.001066,4000
1977-04-15,0.000000,5.250000,5.125000,5.125000,1.001066,4400
1977-04-18,0.000000,5.250000,5.125000,5.125000,1.001066,14800
1977-04-19,0.000000,5.218750,5.093750,5.093750,0.994962,2800
1977-04-20,0.000000,5.218750,5.093750,5.093750,0.994962,5200
1977-04-21,0.000000,5.218750,5.093750,5.093750,0.994962,4000
1977-04-22,0.000000,5.218750,5.093750,5.093750,0.994962,6400
1977-04-25,0.000000,5.187500,5.062500,5.062500,0.988858,2400
1977-04-26,0.000000,5.187500,5.062500,5.062500,0.988858,1600
1977-04-27,0.000000,5.187500,5.062500,5.062500,0.988858,2400
1977-04-28,0.000000,5.187500,5.062500,5.062500,0.988858,2800
1977-04-29,0.000000,5.187500,5.062500,5.062500,0.988858,11200
1977-05-02,0.000000,5.250000,5.125000,5.125000,1.001066,400
1977-05-03,0.000000,5.250000,5.125000,5.125000,1.001066,4800
1977-05-04,0.000000,5.250000,5.125000,5.125000,1.001066,3600
1977-05-05,0.000000,5.250000,5.125000,5.125000,1.001066,3600
1977-05-06,0.000000,5.281250,5.156250,5.156250,1.007170,4000
1977-05-09,0.000000,5.218750,5.093750,5.093750,0.994962,6400
1977-05-10,0.000000,5.218750,5.093750,5.093750,0.994962,4400
1977-05-11,0.000000,5.218750,5.093750,5.093750,0.994962,800
1977-05-12,0.000000,5.218750,5.093750,5.093750,0.994962,4800
1977-05-13,0.000000,5.187500,5.062500,5.062500,0.988858,6400
1977-05-16,0.000000,5.187500,5.062500,5.062500,0.988858,5200
1977-05-17,0.000000,5.187500,5.062500,5.062500,0.988858,2000
1977-05-18,0.000000,5.250000,5.125000,5.125000,1.001066,4400
1977-05-19,0.000000,5.250000,5.125000,5.125000,1.001066,11200
1977-05-20,0.000000,5.187500,5.062500,5.062500,0.988858,3600
1977-05-23,0.000000,5.187500,5.062500,5.062500,0.988858,7200
1977-05-24,0.000000,5.187500,5.062500,5.062500,0.988858,4000
1977-05-25,0.000000,5.187500,5.062500,5.062500,0.988858,4000
1977-05-26,0.000000,5.187500,5.062500,5.062500,0.988858,800
1977-05-27,0.000000,5.187500,5.062500,5.062500,0.988858,2800
1977-05-31,0.000000,5.187500,5.062500,5.062500,0.988858,2400
1977-06-01,0.000000,5.187500,5.062500,5.062500,0.988858,3600
1977-06-02,0.000000,5.187500,5.062500,5.062500,0.988858,6800
1977-06-03,0.000000,5.218750,5.093750,5.093750,0.994962,2800
1977-06-06,0.000000,5.218750,5.093750,5.093750,0.994962,4000
1977-06-07,0.000000,5.187500,5.062500,5.062500,0.988858,6800
1977-06-08,0.000000,5.187500,5.062500,5.062500,0.988858,6000
1977-06-09,0.000000,5.187500,5.062500,5.062500,0.988858,2000
1977-06-10,0.000000,5.187500,5.062500,5.062500,0.988858,10800
1977-06-13,0.000000,5.187500,5.062500,5.062500,0.988858,1600
1977-06-14,0.000000,5.187500,5.062500,5.062500,0.988858,2800
1977-06-15,0.000000,5.250000,5.125000,5.125000,1.001066,6000
1977-06-16,0.000000,5.250000,5.125000,5.125000,1.001066,8000
1977-06-17,0.000000,5.281250,5.156250,5.156250,1.007170,4400
1977-06-20,0.000000,5.312500,5.187500,5.187500,1.013274,8400
1977-06-21,0.000000,5.343750,5.218750,5.218750,1.019379,7200
1977-06-22,0.000000,5.437500,5.312500,5.312500,1.037690,8800
1977-06-23,0.000000,5.500000,5.375000,5.375000,1.049899,16400
1977-06-24,0.000000,5.500000,5.375000,5.375000,1.049899,3600
1977-06-27,0.000000,5.500000,5.375000,5.375000,1.049899,400
1977-06-28,0.000000,5.531250,5.406250,5.406250,1.056002,6000
1977-06-29,0.000000,5.531250,5.406250,5.406250,1.056002,2400
1977-06-30,0.000000,5.531250,5.406250,5.406250,1.056002,2000
1977-07-01,0.000000,5.531250,5.406250,5.406250,1.056002,6000
1977-07-05,0.000000,5.531250,5.406250,5.406250,1.056002,4000
1977-07-06,0.000000,5.562500,5.437500,5.437500,1.062107,8000
1977-07-07,0.000000,5.562500,5.437500,5.437500,1.062107,7600
1977-07-08,0.000000,5.562500,5.437500,5.437500,1.062107,1600
1977-07-11,0.000000,5.593750,5.468750,5.468750,1.068211,6400
1977-07-12,0.000000,5.625000,5.500000,5.500000,1.074314,2800
1977-07-13,0.000000,5.625000,5.500000,5.500000,1.074314,11600
1977-07-15,0.000000,5.656250,5.531250,5.531250,1.080419,2000
1977-07-18,0.000000,5.687500,5.562500,5.562500,1.086523,8000
1977-07-19,0.000000,5.718750,5.593750,5.593750,1.092626,12400
1977-07-20,0.000000,5.750000,5.625000,5.625000,1.098731,5600
1977-07-21,0.000000,5.781250,5.656250,5.656250,1.104836,20800
1977-07-22,0.000000,5.781250,5.656250,5.656250,1.104836,400
1977-07-25,0.000000,5.781250,5.656250,5.656250,1.104836,3200
1977-07-26,0.000000,5.781250,5.656250,5.656250,1.104836,2400
1977-07-27,0.000000,5.750000,5.625000,5.625000,1.098731,6800
1977-07-28,0.000000,5.750000,5.625000,5.625000,1.098731,8000
1977-07-29,0.000000,5.718750,5.593750,5.593750,1.092626,12800
1977-08-01,0.000000,5.718750,5.593750,5.593750,1.092626,8400
1977-08-02,0.000000,5.718750,5.593750,5.593750,1.092626,3200
1977-08-03,0.000000,5.718750,5.593750,5.593750,1.092626,1600
1977-08-04,0.000000,5.750000,5.625000,5.625000,1.098731,2800
1977-08-05,0.000000,5.750000,5.625000,5.625000,1.098731,6000
1977-08-08,0.000000,5.750000,5.625000,5.625000,1.098731,6400
1977-08-09,0.000000,5.687500,5.562500,5.562500,1.086523,4800
1977-08-10,0.000000,5.687500,5.562500,5.562500,1.086523,5600
1977-08-11,0.000000,5.656250,5.531250,5.531250,1.080419,11200
1977-08-12,0.000000,5.656250,5.531250,5.531250,1.080419,800
1977-08-15,0.000000,5.625000,5.500000,5.500000,1.074314,3600
1977-08-16,0.000000,5.625000,5.500000,5.500000,1.074314,11600
1977-08-17,0.000000,5.593750,5.468750,5.468750,1.068211,9600
1977-08-18,0.000000,5.562500,5.437500,5.437500,1.062107,1600
1977-08-19,0.000000,5.562500,5.437500,5.437500,1.062107,4000
1977-08-22,0.000000,5.562500,5.437500,5.437500,1.062107,2400
1977-08-23,0.000000,5.562500,5.437500,5.437500,1.062107,3200
1977-08-24,0.000000,5.562500,5.437500,5.437500,1.062107,1200
1977-08-25,0.000000,5.562500,5.437500,5.437500,1.062107,6000
1977-08-26,0.000000,5.562500,5.437500,5.437500,1.062107,10400
1977-08-29,0.000000,5.562500,5.437500,5.437500,1.062107,6400
1977-08-30,0.000000,5.531250,5.406250,5.406250,1.056002,2400
1977-08-31,0.000000,5.437500,5.312500,5.312500,1.037690,13200
1977-09-01,0.000000,5.437500,5.312500,5.312500,1.037690,2400
1977-09-02,0.000000,5.437500,5.312500,5.312500,1.037690,2400
1977-09-06,0.000000,5.437500,5.312500,5.312500,1.037690,1200
1977-09-07,0.000000,5.437500,5.312500,5.312500,1.037690,3600
1977-09-08,0.000000,5.500000,5.375000,5.375000,1.049899,13600
1977-09-09,0.000000,5.500000,5.375000,5.375000,1.049899,15600
1977-09-12,0.000000,5.500000,5.375000,5.375000,1.049899,8400
1977-09-13,0.000000,5.500000,5.375000,5.375000,1.049899,9600
1977-09-14,0.000000,5.531250,5.406250,5.406250,1.056002,19600
1977-09-15,0.000000,5.531250,5.406250,5.406250,1.056002,6000
1977-09-16,0.000000,5.500000,5.375000,5.375000,1.049899,12800
1977-09-19,0.000000,5.500000,5.375000,5.375000,1.049899,4000
1977-09-20,0.000000,5.531250,5.406250,5.406250,1.056002,6800
1977-09-21,0.000000,5.531250,5.406250,5.406250,1.056002,9200
1977-09-22,0.000000,5.531250,5.406250,5.406250,1.056002,4800
1977-09-23,0.000000,5.687500,5.562500,5.562500,1.086523,28000
1977-09-26,0.000000,5.687500,5.562500,5.562500,1.086523,4000
1977-09-27,0.000000,5.718750,5.593750,5.593750,1.092626,2000
1977-09-28,0.000000,5.718750,5.593750,5.593750,1.092626,4800
1977-09-29,0.000000,5.718750,5.593750,5.593750,1.092626,3200
1977-09-30,0.000000,5.718750,5.593750,5.593750,1.092626,1600
1977-10-03,0.000000,5.718750,5.593750,5.593750,1.092626,6000
1977-10-04,0.000000,5.812500,5.687500,5.687500,1.110939,14800
1977-10-05,0.000000,5.812500,5.687500,5.687500,1.110939,8800
1977-10-06,0.000000,5.812500,5.687500,5.687500,1.110939,1200
1977-10-07,0.000000,5.812500,5.687500,5.687500,1.110939,1600
1977-10-10,0.000000,5.812500,5.687500,5.687500,1.110939,2400
1977-10-11,0.000000,5.812500,5.687500,5.687500,1.110939,12400
1977-10-12,0.000000,5.687500,5.562500,5.562500,1.086523,35200
1977-10-13,0.000000,5.687500,5.562500,5.562500,1.086523,7600
1977-10-14,0.000000,5.687500,5.562500,5.562500,1.086523,3600
1977-10-17,0.000000,5.687500,5.562500,5.562500,1.086523,3600
1977-10-18,0.000000,5.687500,5.562500,5.562500,1.086523,6800
1977-10-19,0.000000,5.625000,5.500000,5.500000,1.074314,6800
1977-10-20,0.000000,5.625000,5.500000,5.500000,1.074314,4800
1977-10-21,0.000000,5.593750,5.468750,5.468750,1.068211,9600
1977-10-24,0.000000,5.593750,5.468750,5.468750,1.068211,2400
1977-10-25,0.000000,5.562500,5.437500,5.437500,1.062107,4000
1977-10-26,0.000000,5.500000,5.375000,5.375000,1.049899,11200
1977-10-27,0.000000,5.468750,5.343750,5.343750,1.043795,1200
1977-10-28,0.000000,5.468750,5.343750,5.343750,1.043795,6000
1977-10-31,0.000000,5.437500,5.312500,5.312500,1.037690,2400
1977-11-01,0.000000,5.375000,5.250000,5.250000,1.025483,11200
1977-11-02,0.000000,5.312500,5.187500,5.187500,1.013274,11600
1977-11-03,0.000000,5.281250,5.156250,5.156250,1.007170,5600
1977-11-04,0.000000,5.218750,5.093750,5.093750,0.994962,12400
1977-11-07,0.000000,5.156250,5.031250,5.031250,0.982754,14800
1977-11-08,0.000000,5.312500,5.187500,5.187500,1.013274,32000
1977-11-09,0.000000,5.312500,5.187500,5.187500,1.013274,2400
1977-11-10,0.000000,5.375000,5.250000,5.250000,1.025483,8400
1977-11-11,0.000000,5.437500,5.312500,5.312500,1.037690,9600
1977-11-14,0.000000,5.437500,5.312500,5.312500,1.037690,9200
1977-11-15,0.000000,5.437500,5.312500,5.312500,1.037690,1600
1977-11-16,0.000000,5.437500,5.312500,5.312500,1.037690,3200
1977-11-17,0.000000,5.437500,5.312500,5.312500,1.037690,2000
1977-11-18,0.000000,5.375000,5.250000,5.250000,1.025483,18400
1977-11-21,0.000000,5.375000,5.250000,5.250000,1.025483,3600
1977-11-22,0.000000,5.375000,5.250000,5.250000,1.025483,2800
1977-11-23,0.000000,5.375000,5.250000,5.250000,1.025483,2000
1977-11-25,0.000000,5.375000,5.250000,5.250000,1.025483,1600
1977-11-28,0.000000,5.375000,5.250000,5.250000,1.025483,7600
1977-11-29,0.000000,5.375000,5.250000,5.250000,1.025483,800
1977-11-30,0.000000,5.343750,5.218750,5.218750,1.019379,4000
1977-12-01,0.000000,5.343750,5.218750,5.218750,1.019379,2800
1977-12-02,0.000000,5.375000,5.250000,5.250000,1.025483,5200
1977-12-05,0.000000,5.343750,5.218750,5.218750,1.019379,7200
1977-12-06,0.000000,5.343750,5.218750,5.218750,1.019379,400
1977-12-07,0.000000,5.343750,5.218750,5.218750,1.019379,4400
1977-12-08,0.000000,5.343750,5.218750,5.218750,1.019379,3600
1977-12-09,0.000000,5.343750,5.218750,5.218750,1.019379,10000
1977-12-12,0.000000,5.375000,5.250000,5.250000,1.025483,15600
1977-12-13,0.000000,5.375000,5.250000,5.250000,1.025483,22800
1977-12-14,0.000000,5.375000,5.250000,5.250000,1.025483,2400
1977-12-15,0.000000,5.375000,5.250000,5.250000,1.025483,4000
1977-12-16,0.000000,5.375000,5.250000,5.250000,1.025483,5600
1977-12-19,0.000000,5.343750,5.218750,5.218750,1.019379,2400
1977-12-20,0.000000,5.343750,5.218750,5.218750,1.019379,5600
1977-12-21,0.000000,5.312500,5.187500,5.187500,1.013274,3200
1977-12-22,0.000000,5.312500,5.187500,5.187500,1.013274,10800
1977-12-23,0.000000,5.281250,5.156250,5.156250,1.007170,1200
1977-12-27,0.000000,5.281250,5.156250,5.156250,1.007170,400
1977-12-28,0.000000,5.281250,5.156250,5.156250,1.007170,2400
1977-12-29,0.000000,5.281250,5.156250,5.156250,1.007170,1600
1977-12-30,0.000000,5.281250,5.156250,5.156250,1.007170,4400
1978-01-03,0.000000,5.281250,5.156250,5.156250,1.007170,5200
1978-01-04,0.000000,5.312500,5.187500,5.187500,1.013274,2800
1978-01-05,0.000000,5.312500,5.187500,5.187500,1.013274,2800
1978-01-06,0.000000,5.312500,5.187500,5.187500,1.013274,4000
1978-01-09,0.000000,5.312500,5.187500,5.187500,1.013274,5600
1978-01-10,0.000000,5.281250,5.156250,5.156250,1.007170,8800
1978-01-11,0.000000,5.250000,5.125000,5.125000,1.001066,1600
1978-01-12,0.000000,5.218750,5.093750,5.093750,0.994962,1200
1978-01-13,0.000000,5.218750,5.093750,5.093750,0.994962,400
1978-01-16,0.000000,5.218750,5.093750,5.093750,0.994962,2000
1978-01-17,0.000000,5.218750,5.093750,5.093750,0.994962,800
1978-01-18,0.000000,5.250000,5.125000,5.125000,1.001066,6000
1978-01-19,0.000000,5.218750,5.093750,5.093750,0.994962,4800
1978-01-20,0.000000,5.218750,5.093750,5.093750,0.994962,2800
1978-01-23,0.000000,5.218750,5.093750,5.093750,0.994962,2800
1978-01-24,0.000000,5.250000,5.125000,5.125000,1.001066,7600
1978-01-25,0.000000,5.250000,5.125000,5.125000,1.001066,1600
1978-01-26,0.000000,5.218750,5.093750,5.093750,0.994962,1600
1978-01-27,0.000000,5.250000,5.125000,5.125000,1.001066,1600
1978-01-30,0.000000,5.250000,5.125000,5.125000,1.001066,3200
1978-01-31,0.000000,5.312500,5.187500,5.187500,1.013274,9200
1978-02-01,0.000000,5.437500,5.312500,5.312500,1.037690,15200
1978-02-02,0.000000,5.468750,5.343750,5.343750,1.043795,5600
1978-02-03,0.000000,5.468750,5.343750,5.343750,1.043795,2400
1978-02-06,0.000000,5.468750,5.343750,5.343750,1.043795,2000
1978-02-07,0.000000,5.625000,5.500000,5.500000,1.074314,12000
1978-02-08,0.000000,5.593750,5.468750,5.468750,1.068211,7600
1978-02-09,0.000000,5.562500,5.437500,5.437500,1.062107,2000
1978-02-10,0.000000,5.562500,5.437500,5.437500,1.062107,800
1978-02-13,0.000000,5.562500,5.437500,5.437500,1.062107,3600
1978-02-14,0.000000,5.562500,5.437500,5.437500,1.062107,3200
1978-02-15,0.000000,5.562500,5.437500,5.437500,1.062107,4000
1978-02-16,0.000000,5.562500,5.437500,5.437500,1.062107,4000
1978-02-17,0.000000,5.562500,5.437500,5.437500,1.062107,6400
1978-02-21,0.000000,5.437500,5.312500,5.312500,1.037690,23600
1978-02-22,0.000000,5.437500,5.312500,5.312500,1.037690,2000
1978-02-23,0.000000,5.406250,5.281250,5.281250,1.031587,4400
1978-02-24,0.000000,5.406250,5.281250,5.281250,1.031587,16400
1978-02-27,0.000000,5.343750,5.218750,5.218750,1.019379,4800
1978-02-28,0.000000,5.343750,5.218750,5.218750,1.019379,2800
1978-03-01,0.000000,5.281250,5.156250,5.156250,1.007170,6800
1978-03-02,0.000000,5.250000,5.125000,5.125000,1.001066,2000
1978-03-03,0.000000,5.250000,5.125000,5.125000,1.001066,2800
1978-03-06,0.000000,5.250000,5.125000,5.125000,1.001066,3200
1978-03-07,0.000000,5.250000,5.125000,5.125000,1.001066,1200
1978-03-08,0.000000,5.218750,5.093750,5.093750,0.994962,4000
1978-03-09,0.000000,5.218750,5.093750,5.093750,0.994962,20400
1978-03-10,0.000000,5.218750,5.093750,5.093750,0.994962,27200
1978-03-13,5.093750,5.093750,5.093750,5.093750,0.994962,0
1978-03-14,0.000000,5.187500,5.062500,5.062500,0.988858,10400
1978-03-15,0.000000,5.156250,5.031250,5.031250,0.982754,7200
1978-03-16,0.000000,5.125000,5.000000,5.000000,0.976649,10400
1978-03-17,0.000000,5.156250,5.031250,5.031250,0.982754,8800
1978-03-20,0.000000,5.156250,5.031250,5.031250,0.982754,2000
1978-03-21,0.000000,5.187500,5.062500,5.062500,0.988858,6000
1978-03-22,0.000000,5.250000,5.125000,5.125000,1.001066,11600
1978-03-23,0.000000,5.281250,5.156250,5.156250,1.007170,10000
1978-03-27,0.000000,5.281250,5.156250,5.156250,1.007170,2000
1978-03-28,0.000000,5.250000,5.125000,5.125000,1.001066,3600
1978-03-29,0.000000,5.218750,5.093750,5.093750,0.994962,4400
1978-03-30,0.000000,5.218750,5.093750,5.093750,0.994962,8400
1978-03-31,0.000000,5.218750,5.093750,5.093750,0.994962,5600
1978-04-03,0.000000,5.218750,5.093750,5.093750,0.994962,5600
1978-04-04,0.000000,5.218750,5.093750,5.093750,0.994962,3200
1978-04-05,0.000000,5.218750,5.093750,5.093750,0.994962,1200
1978-04-06,0.000000,5.218750,5.093750,5.093750,0.994962,3200
1978-04-07,0.000000,5.218750,5.093750,5.093750,0.994962,4400
1978-04-10,0.000000,5.312500,5.187500,5.187500,1.013274,14800
1978-04-11,0.000000,5.343750,5.218750,5.218750,1.019379,1600
1978-04-12,0.000000,5.343750,5.218750,5.218750,1.019379,1600
1978-04-13,0.000000,5.343750,5.218750,5.218750,1.019379,800
1978-04-14,0.000000,5.343750,5.218750,5.218750,1.019379,1600
1978-04-17,0.000000,5.375000,5.250000,5.250000,1.025483,2800
1978-04-18,0.000000,5.406250,5.281250,5.281250,1.031587,6400
1978-04-19,0.000000,5.437500,5.312500,5.312500,1.037690,10000
1978-04-20,0.000000,5.437500,5.312500,5.312500,1.037690,2400
1978-04-21,0.000000,5.437500,5.312500,5.312500,1.037690,2000
1978-04-24,0.000000,5.437500,5.312500,5.312500,1.037690,1200
1978-04-25,0.000000,5.437500,5.312500,5.312500,1.037690,800
1978-04-26,0.000000,5.406250,5.281250,5.281250,1.031587,4000
1978-04-27,0.000000,5.343750,5.218750,5.218750,1.019379,5600
1978-04-28,0.000000,5.375000,5.250000,5.250000,1.025483,5600
1978-05-01,0.000000,5.406250,5.281250,5.281250,1.031587,2000
1978-05-02,0.000000,5.406250,5.281250,5.281250,1.031587,1200
1978-05-03,0.000000,5.406250,5.281250,5.281250,1.031587,1200
1978-05-04,0.000000,5.406250,5.281250,5.281250,1.031587,6800
1978-05-05,0.000000,5.437500,5.312500,5.312500,1.037690,12400
1978-05-08,0.000000,5.468750,5.343750,5.343750,1.043795,4000
1978-05-09,0.000000,5.375000,5.250000,5.250000,1.025483,12000
1978-05-10,0.000000,5.218750,5.093750,5.093750,0.994962,32000
1978-05-11,0.000000,5.125000,5.000000,5.000000,0.976649,46400
1978-05-12,0.000000,5.031250,4.906250,4.906250,0.958337,44400
1978-05-15,0.000000,4.968750,4.843750,4.843750,0.946129,37600
1978-05-16,0.000000,5.031250,4.906250,4.906250,0.958337,48400
1978-05-17,0.000000,5.062500,4.937500,4.937500,0.964442,51200
1978-05-18,0.000000,5.000000,4.875000,4.875000,0.952234,29600
1978-05-19,0.000000,4.875000,4.750000,4.750000,0.927817,41600
1978-05-22,0.000000,4.843750,4.718750,4.718750,0.921713,37200
1978-05-23,0.000000,4.812500,4.687500,4.687500,0.915609,35200
1978-05-24,0.000000,4.812500,4.687500,4.687500,0.915609,51600
1978-05-25,0.000000,4.812500,4.687500,4.687500,0.915609,43600
1978-05-26,0.000000,4.843750,4.718750,4.718750,0.921713,20800
1978-05-30,0.000000,4.875000,4.750000,4.750000,0.927817,23600
1978-05-31,0.000000,4.968750,4.843750,4.843750,0.946129,34400
1978-06-01,0.000000,4.968750,4.843750,4.843750,0.946129,22400
1978-06-02,0.000000,5.000000,4.875000,4.875000,0.952234,26400
1978-06-05,0.000000,5.031250,4.906250,4.906250,0.958337,15600
1978-06-06,0.000000,5.031250,4.906250,4.906250,0.958337,18400
1978-06-07,0.000000,5.031250,4.906250,4.906250,0.958337,22800
1978-06-08,0.000000,5.062500,4.937500,4.937500,0.964442,26400
1978-06-09,0.000000,5.062500,4.937500,4.937500,0.964442,21200
1978-06-12,0.000000,5.093750,4.968750,4.968750,0.970546,30400
1978-06-13,0.000000,5.093750,4.968750,4.968750,0.970546,9200
1978-06-14,0.000000,5.062500,4.937500,4.937500,0.964442,12400
1978-06-15,0.000000,5.093750,4.968750,4.968750,0.970546,6800
1978-06-16,0.000000,5.093750,4.968750,4.968750,0.970546,14000
1978-06-19,0.000000,5.031250,4.906250,4.906250,0.958337,34800
1978-06-20,0.000000,4.968750,4.843750,4.843750,0.946129,5600
1978-06-21,0.000000,4.812500,4.687500,4.687500,0.915609,33600
1978-06-22,0.000000,4.781250,4.656250,4.656250,0.909505,14400
1978-06-23,0.000000,4.781250,4.656250,4.656250,0.909505,20000
1978-06-26,0.000000,4.812500,4.687500,4.687500,0.915609,13600
1978-06-27,0.000000,4.812500,4.687500,4.687500,0.915609,20400
1978-06-28,0.000000,4.906250,4.781250,4.781250,0.933921,10000
1978-06-29,0.000000,4.906250,4.781250,4.781250,0.933921,13200
1978-06-30,0.000000,4.906250,4.781250,4.781250,0.933921,5200
1978-07-03,0.000000,4.906250,4.781250,4.781250,0.933921,6400
1978-07-05,0.000000,4.937500,4.812500,4.812500,0.940025,10000
1978-07-06,0.000000,4.937500,4.812500,4.812500,0.940025,18000
1978-07-07,0.000000,5.000000,4.875000,4.875000,0.952234,26000
1978-07-10,0.000000,5.000000,4.875000,4.875000,0.952234,38000
1978-07-11,0.000000,5.031250,4.906250,4.906250,0.958337,18000
1978-07-12,0.000000,5.031250,4.906250,4.906250,0.958337,14800
1978-07-13,0.000000,5.000000,4.875000,4.875000,0.952234,22000
1978-07-14,0.000000,5.000000,4.875000,4.875000,0.952234,8800
1978-07-17,0.000000,5.062500,4.937500,4.937500,0.964442,15200
1978-07-18,0.000000,5.000000,4.875000,4.875000,0.952234,20000
1978-07-19,0.000000,5.031250,4.906250,4.906250,0.958337,13200
1978-07-20,0.000000,5.125000,5.000000,5.000000,0.976649,16800
1978-07-21,0.000000,5.156250,5.031250,5.031250,0.982754,11600
1978-07-24,0.000000,5.187500,5.062500,5.062500,0.988858,24000
1978-07-25,0.000000,5.218750,5.093750,5.093750,0.994962,6800
1978-07-26,0.000000,5.218750,5.093750,5.093750,0.994962,8800
1978-07-27,0.000000,5.218750,5.093750,5.093750,0.994962,14800
1978-07-28,0.000000,5.218750,5.093750,5.093750,0.994962,14400
1978-07-31,0.000000,5.281250,5.156250,5.156250,1.007170,8800
1978-08-01,0.000000,5.375000,5.250000,5.250000,1.025483,29200
1978-08-02,0.000000,5.468750,5.343750,5.343750,1.043795,23600
1978-08-03,0.000000,5.437500,5.312500,5.312500,1.037690,6400
1978-08-04,0.000000,5.500000,5.375000,5.375000,1.049899,16000
1978-08-07,0.000000,5.562500,5.437500,5.437500,1.062107,10400
1978-08-08,0.000000,5.593750,5.468750,5.468750,1.068211,8400
1978-08-09,0.000000,5.406250,5.281250,5.281250,1.031587,20800
1978-08-10,0.000000,5.406250,5.281250,5.281250,1.031587,18800
1978-08-11,0.000000,5.406250,5.281250,5.281250,1.031587,11600
1978-08-14,0.000000,5.406250,5.281250,5.281250,1.031587,6000
1978-08-15,0.000000,5.406250,5.281250,5.281250,1.031587,8400
1978-08-16,0.000000,5.312500,5.187500,5.187500,1.013274,23200
1978-08-17,0.000000,5.312500,5.187500,5.187500,1.013274,8400
1978-08-18,0.000000,5.312500,5.187500,5.187500,1.013274,7200
1978-08-21,0.000000,5.375000,5.250000,5.250000,1.025483,13600
1978-08-22,0.000000,5.375000,5.250000,5.250000,1.025483,8400
1978-08-23,0.000000,5.406250,5.281250,5.281250,1.031587,12400
1978-08-24,0.000000,5.437500,5.312500,5.312500,1.037690,7200
1978-08-25,0.000000,5.437500,5.312500,5.312500,1.037690,4000
1978-08-28,0.000000,5.468750,5.343750,5.343750,1.043795,10000
1978-08-29,0.000000,5.468750,5.343750,5.343750,1.043795,9600
1978-08-30,0.000000,5.468750,5.343750,5.343750,1.043795,6800
1978-08-31,0.000000,5.468750,5.343750,5.343750,1.043795,8800
1978-09-01,0.000000,5.500000,5.375000,5.375000,1.049899,7200
1978-09-05,0.000000,5.562500,5.437500,5.437500,1.062107,19200
1978-09-06,0.000000,5.562500,5.437500,5.437500,1.062107,13200
1978-09-07,0.000000,5.562500,5.437500,5.437500,1.062107,5600
1978-09-08,0.000000,5.625000,5.500000,5.500000,1.074314,10800
1978-09-11,0.000000,5.687500,5.562500,5.562500,1.086523,34800
1978-09-12,0.000000,5.718750,5.593750,5.593750,1.092626,18800
1978-09-13,0.000000,5.687500,5.562500,5.562500,1.086523,13600
1978-09-14,0.000000,5.656250,5.531250,5.531250,1.080419,12000
1978-09-15,0.000000,5.625000,5.500000,5.500000,1.074314,4400
1978-09-18,0.000000,5.625000,5.500000,5.500000,1.074314,4000
1978-09-19,0.000000,5.625000,5.500000,5.500000,1.074314,17600
1978-09-20,0.000000,5.562500,5.437500,5.437500,1.062107,14800
1978-09-21,0.000000,5.593750,5.468750,5.468750,1.068211,8400
1978-09-22,0.000000,5.625000,5.500000,5.500000,1.074314,4400
1978-09-25,0.000000,5.625000,5.500000,5.500000,1.074314,4800
1978-09-26,0.000000,5.593750,5.468750,5.468750,1.068211,3600
1978-09-27,0.000000,5.593750,5.468750,5.468750,1.068211,4800
1978-09-28,0.000000,5.562500,5.437500,5.437500,1.062107,7200
1978-09-29,0.000000,5.562500,5.437500,5.437500,1.062107,3200
1978-10-02,0.000000,5.562500,5.437500,5.437500,1.062107,6000
1978-10-03,0.000000,5.562500,5.437500,5.437500,1.062107,3600
1978-10-04,0.000000,5.562500,5.437500,5.437500,1.062107,2400
1978-10-05,0.000000,5.562500,5.437500,5.437500,1.062107,3200
1978-10-06,0.000000,5.562500,5.437500,5.437500,1.062107,4000
1978-10-09,0.000000,5.562500,5.437500,5.437500,1.062107,4400
1978-10-10,0.000000,5.500000,5.375000,5.375000,1.049899,10000
1978-10-11,0.000000,5.500000,5.375000,5.375000,1.049899,1200
1978-10-12,0.000000,5.437500,5.312500,5.312500,1.037690,5200
1978-10-13,0.000000,5.406250,5.281250,5.281250,1.031587,4400
1978-10-16,0.000000,5.406250,5.281250,5.281250,1.031587,2400
1978-10-17,0.000000,5.406250,5.281250,5.281250,1.031587,3600
1978-10-18,0.000000,5.375000,5.250000,5.250000,1.025483,4400
1978-10-19,0.000000,5.375000,5.250000,5.250000,1.025483,2800
1978-10-20,0.000000,5.343750,5.218750,5.218750,1.019379,11200
1978-10-23,0.000000,5.312500,5.187500,5.187500,1.013274,11600
1978-10-24,0.000000,5.156250,5.031250,5.031250,0.982754,19200
1978-10-25,0.000000,5.125000,5.000000,5.000000,0.976649,5200
1978-10-26,0.000000,5.125000,5.000000,5.000000,0.976649,2000
1978-10-27,0.000000,5.062500,4.937500,4.937500,0.964442,7200
1978-10-30,0.000000,4.968750,4.843750,4.843750,0.946129,19600
1978-10-31,0.000000,4.968750,4.843750,4.843750,0.946129,10000
1978-11-01,0.000000,5.062500,4.937500,4.937500,0.964442,14000
1978-11-02,0.000000,5.125000,5.000000,5.000000,0.976649,8000
1978-11-03,0.000000,5.125000,5.000000,5.000000,0.976649,6400
1978-11-06,0.000000,5.093750,4.968750,4.968750,0.970546,20800
1978-11-07,0.000000,5.062500,4.937500,4.937500,0.964442,2800
1978-11-08,0.000000,5.062500,4.937500,4.937500,0.964442,22000
1978-11-09,0.000000,5.125000,5.000000,5.000000,0.976649,18000
1978-11-10,0.000000,5.125000,5.000000,5.000000,0.976649,8800
1978-11-13,0.000000,5.125000,5.000000,5.000000,0.976649,5200
1978-11-14,0.000000,5.125000,5.000000,5.000000,0.976649,12400
1978-11-15,0.000000,5.125000,5.000000,5.000000,0.976649,4000
1978-11-16,0.000000,5.125000,5.000000,5.000000,0.976649,4400
1978-11-17,0.000000,5.125000,5.000000,5.000000,0.976649,1600
1978-11-20,0.000000,5.125000,5.000000,5.000000,0.976649,6800
1978-11-21,0.000000,5.125000,5.000000,5.000000,0.976649,4000
1978-11-22,0.000000,5.125000,5.000000,5.000000,0.976649,3200
1978-11-24,0.000000,5.156250,5.031250,5.031250,0.982754,8000
1978-11-27,0.000000,5.156250,5.031250,5.031250,0.982754,17200
1978-11-28,0.000000,5.031250,4.906250,4.906250,0.958337,8800
1978-11-29,0.000000,5.000000,4.875000,4.875000,0.952234,4400
1978-11-30,0.000000,5.031250,4.906250,4.906250,0.958337,7600
1978-12-01,0.000000,5.125000,5.000000,5.000000,0.976649,13600
1978-12-04,0.000000,5.218750,5.093750,5.093750,0.994962,14000
1978-12-05,0.000000,5.375000,5.250000,5.250000,1.025483,12400
1978-12-06,0.000000,5.437500,5.312500,5.312500,1.037690,15200
1978-12-07,0.000000,5.437500,5.312500,5.312500,1.037690,2000
1978-12-08,0.000000,5.437500,5.312500,5.312500,1.037690,8800
1978-12-11,0.000000,5.468750,5.343750,5.343750,1.043795,2800
1978-12-12,0.000000,5.562500,5.437500,5.437500,1.062107,11200
1978-12-13,0.000000,5.562500,5.437500,5.437500,1.062107,14000
1978-12-14,0.000000,5.593750,5.468750,5.468750,1.068211,12400
1978-12-15,0.000000,5.593750,5.468750,5.468750,1.068211,15600
1978-12-18,0.000000,5.562500,5.437500,5.437500,1.062107,18000
1978-12-19,0.000000,5.562500,5.437500,5.437500,1.062107,20400
1978-12-20,5.437500,5.437500,5.437500,5.437500,1.062107,0
1978-12-21,0.000000,5.531250,5.406250,5.406250,1.056002,2000
1978-12-22,0.000000,5.500000,5.375000,5.375000,1.049899,6800
1978-12-26,0.000000,5.500000,5.375000,5.375000,1.049899,4800
1978-12-27,0.000000,5.500000,5.375000,5.375000,1.049899,2400
1978-12-28,0.000000,5.437500,5.312500,5.312500,1.037690,13600
1978-12-29,0.000000,5.437500,5.312500,5.312500,1.037690,3200
1979-01-02,0.000000,5.437500,5.312500,5.312500,1.037690,8400
1979-01-03,0.000000,5.437500,5.312500,5.312500,1.037690,1200
1979-01-04,0.000000,5.437500,5.312500,5.312500,1.037690,6800
1979-01-05,0.000000,5.437500,5.312500,5.312500,1.037690,10400
1979-01-08,0.000000,5.406250,5.281250,5.281250,1.031587,8000
1979-01-09,0.000000,5.468750,5.343750,5.343750,1.043795,26000
1979-01-10,0.000000,5.343750,5.218750,5.218750,1.019379,19600
1979-01-11,0.000000,5.312500,5.187500,5.187500,1.013274,9600
1979-01-12,0.000000,5.343750,5.218750,5.218750,1.019379,4000
1979-01-15,0.000000,5.343750,5.218750,5.218750,1.019379,2800
1979-01-16,0.000000,5.343750,5.218750,5.218750,1.019379,4000
1979-01-17,0.000000,5.343750,5.218750,5.218750,1.019379,7600
1979-01-18,0.000000,5.375000,5.250000,5.250000,1.025483,7200
1979-01-19,0.000000,5.406250,5.281250,5.281250,1.031587,11200
1979-01-22,0.000000,5.406250,5.281250,5.281250,1.031587,6800
1979-01-23,0.000000,5.468750,5.343750,5.343750,1.043795,7200
1979-01-24,0.000000,5.468750,5.343750,5.343750,1.043795,7200
1979-01-25,0.000000,5.562500,5.437500,5.437500,1.062107,13200
1979-01-26,0.000000,5.562500,5.437500,5.437500,1.062107,2400
1979-01-29,0.000000,5.562500,5.437500,5.437500,1.062107,12800
1979-01-30,0.000000,5.562500,5.437500,5.437500,1.062107,4000
1979-01-31,0.000000,5.593750,5.468750,5.468750,1.068211,9600
1979-02-01,0.000000,5.656250,5.531250,5.531250,1.080419,14400
1979-02-02,0.000000,5.687500,5.562500,5.562500,1.086523,7200
1979-02-05,0.000000,5.718750,5.593750,5.593750,1.092626,11200
1979-02-06,0.000000,5.718750,5.593750,5.593750,1.092626,5200
1979-02-07,0.000000,5.750000,5.625000,5.625000,1.098731,13200
1979-02-08,0.000000,5.562500,5.437500,5.437500,1.062107,20800
1979-02-09,0.000000,5.562500,5.437500,5.437500,1.062107,3600
1979-02-12,0.000000,5.562500,5.437500,5.437500,1.062107,4400
1979-02-13,0.000000,5.500000,5.375000,5.375000,1.049899,8400
1979-02-14,0.000000,5.500000,5.375000,5.375000,1.049899,1600
1979-02-15,0.000000,5.500000,5.375000,5.375000,1.049899,3600
1979-02-16,0.000000,5.531250,5.406250,5.406250,1.056002,2800
1979-02-20,0.000000,5.531250,5.406250,5.406250,1.056002,1600
1979-02-21,0.000000,5.562500,5.437500,5.437500,1.062107,2400
1979-02-22,0.000000,5.562500,5.437500,5.437500,1.062107,2400
1979-02-23,0.000000,5.531250,5.406250,5.406250,1.056002,2800
1979-02-26,0.000000,5.531250,5.406250,5.406250,1.056002,7600
1979-02-27,0.000000,5.531250,5.406250,5.406250,1.056002,12400
1979-02-28,0.000000,5.500000,5.375000,5.375000,1.049899,2800
1979-03-01,0.000000,5.531250,5.406250,5.406250,1.056002,4000
1979-03-02,0.000000,5.531250,5.406250,5.406250,1.056002,1600
1979-03-05,0.000000,5.562500,5.437500,5.437500,1.062107,3600
1979-03-06,0.000000,5.562500,5.437500,5.437500,1.062107,3200
1979-03-07,0.000000,5.625000,5.500000,5.500000,1.074314,15600
1979-03-08,0.000000,5.625000,5.500000,5.500000,1.074314,3200
1979-03-09,0.000000,5.656250,5.531250,5.531250,1.080419,14000
1979-03-12,0.000000,5.656250,5.531250,5.531250,1.080419,7600
1979-03-13,0.000000,5.625000,5.500000,5.500000,1.074314,6800
1979-03-14,0.000000,5.625000,5.500000,5.500000,1.074314,10800
1979-03-15,0.000000,5.625000,5.500000,5.500000,1.074314,11200
1979-03-16,0.000000,5.562500,5.437500,5.437500,1.062107,23200
1979-03-19,0.000000,5.562500,5.437500,5.437500,1.062107,8800
1979-03-20,0.000000,5.562500,5.437500,5.437500,1.062107,2000
1979-03-21,0.000000,5.500000,5.375000,5.375000,1.049899,26400
1979-03-22,0.000000,5.500000,5.375000,5.375000,1.049899,12400
1979-03-23,0.000000,5.531250,5.406250,5.406250,1.056002,24800
1979-03-26,0.000000,5.500000,5.375000,5.375000,1.049899,14000
1979-03-27,0.000000,5.500000,5.375000,5.375000,1.049899,12400
1979-03-28,0.000000,5.468750,5.343750,5.343750,1.043795,4800
1979-03-29,0.000000,5.406250,5.281250,5.281250,1.031587,10800
1979-03-30,0.000000,5.343750,5.218750,5.218750,1.019379,4800
1979-04-02,0.000000,5.312500,5.187500,5.187500,1.013274,5200
1979-04-03,0.000000,5.281250,5.156250,5.156250,1.007170,6800
1979-04-04,0.000000,5.250000,5.125000,5.125000,1.001066,10000
1979-04-05,0.000000,5.218750,5.093750,5.093750,0.994962,6400
1979-04-06,0.000000,5.343750,5.218750,5.218750,1.019379,14400
1979-04-09,0.000000,5.375000,5.250000,5.250000,1.025483,3200
1979-04-10,0.000000,5.375000,5.250000,5.250000,1.025483,3600
1979-04-11,0.000000,5.375000,5.250000,5.250000,1.025483,15200
1979-04-12,0.000000,5.406250,5.281250,5.281250,1.031587,13200
1979-04-16,0.000000,5.375000,5.250000,5.250000,1.025483,13200
1979-04-17,0.000000,5.375000,5.250000,5.250000,1.025483,4000
1979-04-18,0.000000,5.343750,5.218750,5.218750,1.019379,10000
1979-04-19,0.000000,5.343750,5.218750,5.218750,1.019379,4000
1979-04-20,0.000000,5.343750,5.218750,5.218750,1.019379,10000
1979-04-23,0.000000,5.343750,5.218750,5.218750,1.019379,1200
1979-04-24,0.000000,5.343750,5.218750,5.218750,1.019379,3200
1979-04-25,0.000000,5.343750,5.218750,5.218750,1.019379,12800
1979-04-26,0.000000,5.125000,5.000000,5.000000,0.976649,158000
1979-04-27,0.000000,5.125000,5.000000,5.000000,0.976649,54800
1979-04-30,0.000000,5.156250,5.031250,5.031250,0.982754,58400
1979-05-01,0.000000,5.125000,5.000000,5.000000,0.976649,30400
1979-05-02,0.000000,5.187500,5.062500,5.062500,0.988858,23600
1979-05-03,0.000000,5.156250,5.031250,5.031250,0.982754,26400
1979-05-04,0.000000,5.125000,5.000000,5.000000,0.976649,26800
1979-05-07,0.000000,4.937500,4.812500,4.812500,0.940025,46800
1979-05-08,0.000000,5.093750,4.968750,4.968750,0.970546,54800
1979-05-09,0.000000,5.062500,4.937500,4.937500,0.964442,11200
1979-05-10,0.000000,5.031250,4.906250,4.906250,0.958337,16400
1979-05-11,0.000000,5.031250,4.906250,4.906250,0.958337,18000
1979-05-14,0.000000,5.000000,4.875000,4.875000,0.952234,19200
1979-05-15,0.000000,5.031250,4.906250,4.906250,0.958337,5600
1979-05-16,0.000000,5.000000,4.875000,4.875000,0.952234,21600
1979-05-17,0.000000,5.062500,4.937500,4.937500,0.964442,18800
1979-05-18,0.000000,5.125000,5.000000,5.000000,0.976649,11200
1979-05-21,0.000000,5.125000,5.000000,5.000000,0.976649,6800
1979-05-22,0.000000,5.187500,5.062500,5.062500,0.988858,33600
1979-05-23,0.000000,5.281250,5.156250,5.156250,1.007170,28400
1979-05-24,0.000000,5.281250,5.156250,5.156250,1.007170,12000
1979-05-25,0.000000,5.281250,5.156250,5.156250,1.007170,14800
1979-05-29,0.000000,5.375000,5.250000,5.250000,1.025483,28800
1979-05-30,0.000000,5.375000,5.250000,5.250000,1.025483,10800
1979-05-31,0.000000,5.343750,5.218750,5.218750,1.019379,5200
1979-06-01,0.000000,5.343750,5.218750,5.218750,1.019379,26800
1979-06-04,0.000000,5.343750,5.218750,5.218750,1.019379,4800
1979-06-05,0.000000,5.468750,5.343750,5.343750,1.043795,21200
1979-06-06,0.000000,5.437500,5.312500,5.312500,1.037690,20400
1979-06-07,0.000000,5.468750,5.343750,5.343750,1.043795,20000
1979-06-08,0.000000,5.531250,5.406250,5.406250,1.056002,12800
1979-06-11,0.000000,5.468750,5.343750,5.343750,1.043795,31200
1979-06-12,0.000000,5.437500,5.312500,5.312500,1.037690,17600
1979-06-13,0.000000,5.468750,5.343750,5.343750,1.043795,13600
1979-06-14,0.000000,5.468750,5.343750,5.343750,1.043795,2000
1979-06-15,0.000000,5.500000,5.375000,5.375000,1.049899,8800
1979-06-18,0.000000,5.437500,5.312500,5.312500,1.037690,27200
1979-06-19,0.000000,5.437500,5.312500,5.312500,1.037690,8400
1979-06-20,0.000000,5.437500,5.312500,5.312500,1.037690,8000
1979-06-21,0.000000,5.437500,5.312500,5.312500,1.037690,5200
1979-06-22,0.000000,5.437500,5.312500,5.312500,1.037690,6400
1979-06-25,0.000000,5.437500,5.312500,5.312500,1.037690,8400
1979-06-26,0.000000,5.406250,5.281250,5.281250,1.031587,21600
1979-06-27,0.000000,5.343750,5.218750,5.218750,1.019379,17600
1979-06-28,0.000000,5.343750,5.218750,5.218750,1.019379,8000
1979-06-29,0.000000,5.406250,5.281250,5.281250,1.031587,14000
1979-07-02,0.000000,5.437500,5.312500,5.312500,1.037690,13200
1979-07-03,0.000000,5.468750,5.343750,5.343750,1.043795,14400
1979-07-05,0.000000,5.500000,5.375000,5.375000,1.049899,7200
1979-07-06,0.000000,5.531250,5.406250,5.406250,1.056002,8400
1979-07-09,0.000000,5.562500,5.437500,5.437500,1.062107,5200
1979-07-10,0.000000,5.593750,5.468750,5.468750,1.068211,34400
1979-07-11,0.000000,5.593750,5.468750,5.468750,1.068211,6400
1979-07-12,0.000000,5.593750,5.468750,5.468750,1.068211,5200
1979-07-13,0.000000,5.625000,5.500000,5.500000,1.074314,5600
1979-07-16,0.000000,5.656250,5.531250,5.531250,1.080419,5600
1979-07-17,0.000000,5.593750,5.468750,5.468750,1.068211,21600
1979-07-18,0.000000,5.562500,5.437500,5.437500,1.062107,3200
1979-07-19,0.000000,5.593750,5.468750,5.468750,1.068211,2000
1979-07-20,0.000000,5.625000,5.500000,5.500000,1.074314,3200
1979-07-23,0.000000,5.625000,5.500000,5.500000,1.074314,13200
1979-07-24,0.000000,5.625000,5.500000,5.500000,1.074314,2800
1979-07-25,0.000000,5.625000,5.500000,5.500000,1.074314,4800
1979-07-26,0.000000,5.718750,5.593750,5.593750,1.092626,14400
1979-07-27,0.000000,5.718750,5.593750,5.593750,1.092626,10800
1979-07-30,0.000000,5.750000,5.625000,5.625000,1.098731,6000
1979-07-31,0.000000,5.781250,5.656250,5.656250,1.104836,10800
1979-08-01,0.000000,5.812500,5.687500,5.687500,1.110939,19200
1979-08-02,0.000000,5.812500,5.687500,5.687500,1.110939,2800
1979-08-03,0.000000,5.812500,5.687500,5.687500,1.110939,8400
1979-08-06,0.000000,5.750000,5.625000,5.625000,1.098731,13600
1979-08-07,0.000000,5.750000,5.625000,5.625000,1.098731,4000
1979-08-08,0.000000,5.781250,5.656250,5.656250,1.104836,12400
1979-08-09,0.000000,5.718750,5.593750,5.593750,1.092626,18800
1979-08-10,0.000000,5.718750,5.593750,5.593750,1.092626,8800
1979-08-13,0.000000,5.718750,5.593750,5.593750,1.092626,8000
1979-08-14,0.000000,5.687500,5.562500,5.562500,1.086523,12800
1979-08-15,0.000000,5.687500,5.562500,5.562500,1.086523,12800
1979-08-16,0.000000,5.718750,5.593750,5.593750,1.092626,26400
1979-08-17,0.000000,5.718750,5.593750,5.593750,1.092626,19200
1979-08-20,0.000000,5.781250,5.656250,5.656250,1.104836,4800
1979-08-21,0.000000,5.781250,5.656250,5.656250,1.104836,13200
1979-08-22,0.000000,5.781250,5.656250,5.656250,1.104836,5200
1979-08-23,0.000000,5.812500,5.687500,5.687500,1.110939,4400
1979-08-24,0.000000,5.812500,5.687500,5.687500,1.110939,4800
1979-08-27,0.000000,5.812500,5.687500,5.687500,1.110939,6800
1979-08-28,0.000000,5.750000,5.625000,5.625000,1.098731,16000
1979-08-29,0.000000,5.750000,5.625000,5.625000,1.098731,7600
1979-08-30,0.000000,5.750000,5.625000,5.625000,1.098731,3200
1979-08-31,0.000000,5.750000,5.625000,5.625000,1.098731,8000
1979-09-04,0.000000,5.750000,5.625000,5.625000,1.098731,13600
1979-09-05,0.000000,5.687500,5.562500,5.562500,1.086523,6800
1979-09-06,0.000000,5.687500,5.562500,5.562500,1.086523,3600
1979-09-07,0.000000,5.687500,5.562500,5.562500,1.086523,6400
1979-09-10,0.000000,5.687500,5.562500,5.562500,1.086523,12800
1979-09-11,0.000000,5.687500,5.562500,5.562500,1.086523,10000
1979-09-12,0.000000,5.718750,5.593750,5.593750,1.092626,8400
1979-09-13,0.000000,5.718750,5.593750,5.593750,1.092626,25600
1979-09-14,0.000000,5.781250,5.656250,5.656250,1.104836,27600
1979-09-17,0.000000,5.781250,5.656250,5.656250,1.104836,11600
1979-09-18,0.000000,5.750000,5.625000,5.625000,1.098731,9200
1979-09-19,0.000000,5.718750,5.593750,5.593750,1.092626,5200
1979-09-20,0.000000,5.718750,5.593750,5.593750,1.092626,6400
1979-09-21,0.000000,5.718750,5.593750,5.593750,1.092626,8800
1979-09-24,0.000000,5.687500,5.562500,5.562500,1.086523,8000
1979-09-25,0.000000,5.656250,5.531250,5.531250,1.080419,3600
1979-09-26,0.000000,5.656250,5.531250,5.531250,1.080419,2400
1979-09-27,0.000000,5.625000,5.500000,5.500000,1.074314,3600
1979-09-28,0.000000,5.625000,5.500000,5.500000,1.074314,8400
1979-10-01,0.000000,5.625000,5.500000,5.500000,1.074314,8400
1979-10-02,0.000000,5.625000,5.500000,5.500000,1.074314,10000
1979-10-03,0.000000,5.625000,5.500000,5.500000,1.074314,9200
1979-10-04,0.000000,5.625000,5.500000,5.500000,1.074314,4000
1979-10-05,0.000000,5.625000,5.500000,5.500000,1.074314,7200
1979-10-08,0.000000,5.531250,5.406250,5.406250,1.056002,16400
1979-10-09,0.000000,5.343750,5.218750,5.218750,1.019379,28800
1979-10-10,0.000000,5.093750,4.968750,4.968750,0.970546,26800
1979-10-11,0.000000,5.062500,4.937500,4.937500,0.964442,20000
1979-10-12,0.000000,5.000000,4.875000,4.875000,0.952234,20000
1979-10-15,0.000000,5.031250,4.906250,4.906250,0.958337,31200
1979-10-16,0.000000,5.093750,4.968750,4.968750,0.970546,8800
1979-10-17,0.000000,5.312500,5.187500,5.187500,1.013274,22000
1979-10-18,0.000000,5.250000,5.125000,5.125000,1.001066,11600
1979-10-19,0.000000,5.218750,5.093750,5.093750,0.994962,12400
1979-10-22,0.000000,5.062500,4.937500,4.937500,0.964442,20000
1979-10-23,0.000000,5.062500,4.937500,4.937500,0.964442,8000
1979-10-24,0.000000,5.062500,4.937500,4.937500,0.964442,4400
1979-10-25,0.000000,5.062500,4.937500,4.937500,0.964442,2800
1979-10-26,0.000000,5.093750,4.968750,4.968750,0.970546,6800
1979-10-29,0.000000,5.125000,5.000000,5.000000,0.976649,2000
1979-10-30,0.000000,5.156250,5.031250,5.031250,0.982754,13200
1979-10-31,0.000000,5.187500,5.062500,5.062500,0.988858,6400
1979-11-01,0.000000,5.187500,5.062500,5.062500,0.988858,3600
1979-11-02,0.000000,5.281250,5.156250,5.156250,1.007170,7200
1979-11-05,0.000000,5.281250,5.156250,5.156250,1.007170,9200
1979-11-06,0.000000,5.312500,5.187500,5.187500,1.013274,17600
1979-11-07,0.000000,5.343750,5.218750,5.218750,1.019379,17600
1979-11-08,0.000000,5.281250,5.156250,5.156250,1.007170,5200
1979-11-09,0.000000,5.343750,5.218750,5.218750,1.019379,14000
1979-11-12,0.000000,5.343750,5.218750,5.218750,1.019379,7600
1979-11-13,0.000000,5.343750,5.218750,5.218750,1.019379,4800
1979-11-14,0.000000,5.312500,5.187500,5.187500,1.013274,3200
1979-11-15,0.000000,5.312500,5.187500,5.187500,1.013274,4800
1979-11-16,0.000000,5.250000,5.125000,5.125000,1.001066,2800
1979-11-19,0.000000,5.250000,5.125000,5.125000,1.001066,6000
1979-11-20,0.000000,5.187500,5.062500,5.062500,0.988858,12800
1979-11-21,0.000000,5.093750,4.968750,4.968750,0.970546,8000
1979-11-23,0.000000,5.093750,4.968750,4.968750,0.970546,4000
1979-11-26,0.000000,5.093750,4.968750,4.968750,0.970546,3200
1979-11-27,0.000000,5.281250,5.156250,5.156250,1.007170,34400
1979-11-28,0.000000,5.250000,5.125000,5.125000,1.001066,8800
1979-11-29,0.000000,5.218750,5.093750,5.093750,0.994962,6800
1979-11-30,0.000000,5.250000,5.125000,5.125000,1.001066,4400
1979-12-03,0.000000,5.250000,5.125000,5.125000,1.001066,6400
1979-12-04,0.000000,5.250000,5.125000,5.125000,1.001066,4000
1979-12-05,0.000000,5.250000,5.125000,5.125000,1.001066,3200
1979-12-06,0.000000,5.218750,5.093750,5.093750,0.994962,3600
1979-12-07,0.000000,5.218750,5.093750,5.093750,0.994962,3600
1979-12-10,0.000000,5.218750,5.093750,5.093750,0.994962,7200
1979-12-11,0.000000,5.250000,5.125000,5.125000,1.001066,5200
1979-12-12,0.000000,5.375000,5.250000,5.250000,1.025483,26000
1979-12-13,0.000000,5.343750,5.218750,5.218750,1.019379,9600
1979-12-14,0.000000,5.343750,5.218750,5.218750,1.019379,6000
1979-12-17,0.000000,5.343750,5.218750,5.218750,1.019379,4400
1979-12-18,0.000000,5.343750,5.218750,5.218750,1.019379,5600
1979-12-19,0.000000,5.343750,5.218750,5.218750,1.019379,3600
1979-12-20,0.000000,5.312500,5.187500,5.187500,1.013274,2000
1979-12-21,0.000000,5.312500,5.187500,5.187500,1.013274,5200
1979-12-24,0.000000,5.312500,5.187500,5.187500,1.013274,4400
1979-12-26,0.000000,5.312500,5.187500,5.187500,1.013274,400
1979-12-27,0.000000,5.312500,5.187500,5.187500,1.013274,5200
1979-12-28,0.000000,5.312500,5.187500,5.187500,1.013274,9200
1979-12-31,0.000000,5.312500,5.187500,5.187500,1.013274,6000
1980-01-02,0.000000,5.218750,5.093750,5.093750,0.994962,18800
1980-01-03,0.000000,5.187500,5.062500,5.062500,0.988858,6800
1980-01-04,0.000000,5.187500,5.062500,5.062500,0.988858,6400
1980-01-07,0.000000,5.187500,5.062500,5.062500,0.988858,4800
1980-01-08,0.000000,5.187500,5.062500,5.062500,0.988858,5200
1980-01-09,0.000000,5.218750,5.093750,5.093750,0.994962,9600
1980-01-10,0.000000,5.218750,5.093750,5.093750,0.994962,5600
1980-01-11,0.000000,5.156250,5.031250,5.031250,0.982754,15600
1980-01-14,0.000000,5.156250,5.031250,5.031250,0.982754,9600
1980-01-15,0.000000,5.156250,5.031250,5.031250,0.982754,3200
1980-01-16,0.000000,5.156250,5.031250,5.031250,0.982754,4800
1980-01-17,0.000000,5.156250,5.031250,5.031250,0.982754,4400
1980-01-18,0.000000,5.156250,5.031250,5.031250,0.982754,6000
1980-01-21,0.000000,5.156250,5.031250,5.031250,0.982754,4400
1980-01-22,0.000000,5.125000,5.000000,5.000000,0.976649,12400
1980-01-23,0.000000,5.062500,4.937500,4.937500,0.964442,13600
1980-01-24,0.000000,5.062500,4.937500,4.937500,0.964442,10400
1980-01-25,0.000000,5.062500,4.937500,4.937500,0.964442,4400
1980-01-28,0.000000,5.125000,5.000000,5.000000,0.976649,15200
1980-01-29,0.000000,5.218750,5.093750,5.093750,0.994962,15600
1980-01-30,0.000000,5.250000,5.125000,5.125000,1.001066,4400
1980-01-31,0.000000,5.281250,5.156250,5.156250,1.007170,12000
1980-02-01,0.000000,5.281250,5.156250,5.156250,1.007170,4800
1980-02-04,0.000000,5.281250,5.156250,5.156250,1.007170,4800
1980-02-05,0.000000,5.250000,5.125000,5.125000,1.001066,7200
1980-02-06,0.000000,5.250000,5.125000,5.125000,1.001066,4400
1980-02-07,0.000000,5.250000,5.125000,5.125000,1.001066,10800
1980-02-08,0.000000,5.250000,5.125000,5.125000,1.001066,16000
1980-02-11,0.000000,5.062500,4.937500,4.937500,0.964442,37600
1980-02-12,0.000000,5.031250,4.906250,4.906250,0.958337,7200
1980-02-13,0.000000,4.968750,4.843750,4.843750,0.946129,20400
1980-02-14,0.000000,5.000000,4.875000,4.875000,0.952234,14400
1980-02-15,0.000000,4.968750,4.843750,4.843750,0.946129,13200
1980-02-19,0.000000,4.906250,4.781250,4.781250,0.933921,15200
1980-02-20,0.000000,4.875000,4.750000,4.750000,0.927817,4400
1980-02-21,0.000000,4.812500,4.687500,4.687500,0.915609,14400
1980-02-22,0.000000,4.687500,4.562500,4.562500,0.891193,17600
1980-02-25,0.000000,4.656250,4.531250,4.531250,0.885089,8400
1980-02-26,0.000000,4.531250,4.406250,4.406250,0.860673,8400
1980-02-27,0.000000,4.531250,4.406250,4.406250,0.860673,5600
1980-02-28,0.000000,4.437500,4.312500,4.312500,0.842360,21600
1980-02-29,0.000000,4.500000,4.375000,4.375000,0.854568,30800
1980-03-03,0.000000,4.562500,4.437500,4.437500,0.866776,18400
1980-03-04,0.000000,4.562500,4.437500,4.437500,0.866776,10800
1980-03-05,0.000000,4.625000,4.500000,4.500000,0.878985,14800
1980-03-06,0.000000,4.625000,4.500000,4.500000,0.878985,4400
1980-03-07,0.000000,4.593750,4.468750,4.468750,0.872881,10000
1980-03-10,0.000000,4.562500,4.437500,4.437500,0.866776,11200
1980-03-11,0.000000,4.656250,4.531250,4.531250,0.885089,22800
1980-03-12,0.000000,4.593750,4.468750,4.468750,0.872881,15600
1980-03-13,0.000000,4.562500,4.437500,4.437500,0.866776,15600
1980-03-14,0.000000,4.562500,4.437500,4.437500,0.866776,6800
1980-03-17,0.000000,4.562500,4.437500,4.437500,0.866776,5600
1980-03-18,0.000000,4.562500,4.437500,4.437500,0.866776,8400
1980-03-19,0.000000,4.687500,4.562500,4.562500,0.891193,12000
1980-03-20,0.000000,4.687500,4.562500,4.562500,0.891193,5600
1980-03-21,0.000000,4.718750,4.593750,4.593750,0.897297,5200
1980-03-24,0.000000,4.687500,4.562500,4.562500,0.891193,3600
1980-03-25,0.000000,4.687500,4.562500,4.562500,0.891193,4400
1980-03-26,0.000000,4.687500,4.562500,4.562500,0.891193,13200
1980-03-27,0.000000,4.687500,4.500000,4.500000,0.878985,4000
1980-03-28,0.000000,4.687500,4.500000,4.500000,0.878985,7200
1980-03-31,0.000000,4.687500,4.500000,4.500000,0.878985,5200
1980-04-01,0.000000,4.625000,4.437500,4.437500,0.866776,5600
1980-04-02,0.000000,4.625000,4.437500,4.437500,0.866776,2400
1980-04-03,0.000000,4.562500,4.437500,4.437500,0.866776,4800
1980-04-07,0.000000,4.562500,4.437500,4.437500,0.866776,6000
1980-04-08,0.000000,4.562500,4.437500,4.437500,0.866776,3200
1980-04-09,0.000000,4.562500,4.437500,4.437500,0.866776,24400
1980-04-10,0.000000,4.625000,4.500000,4.500000,0.878985,81200
1980-04-11,0.000000,4.625000,4.500000,4.500000,0.878985,31600
1980-04-14,0.000000,4.656250,4.531250,4.531250,0.885089,70000
1980-04-15,0.000000,4.718750,4.593750,4.593750,0.897297,27600
1980-04-16,0.000000,4.781250,4.656250,4.656250,0.909505,78000
1980-04-17,0.000000,4.843750,4.718750,4.718750,0.921713,34400
1980-04-18,0.000000,4.812500,4.687500,4.687500,0.915609,51200
1980-04-21,0.000000,4.812500,4.687500,4.687500,0.915609,16800
1980-04-22,0.000000,4.906250,4.781250,4.781250,0.933921,30800
1980-04-23,0.000000,4.937500,4.812500,4.812500,0.940025,34000
1980-04-24,0.000000,4.968750,4.843750,4.843750,0.946129,31200
1980-04-25,0.000000,4.937500,4.812500,4.812500,0.940025,27200
1980-04-28,0.000000,4.937500,4.812500,4.812500,0.940025,12400
1980-04-29,0.000000,4.937500,4.812500,4.812500,0.940025,16800
1980-04-30,0.000000,4.968750,4.843750,4.843750,0.946129,24400
1980-05-01,0.000000,4.968750,4.843750,4.843750,0.946129,12800
1980-05-02,0.000000,5.062500,4.937500,4.937500,0.964442,38000
1980-05-05,0.000000,5.093750,4.968750,4.968750,0.970546,74400
1980-05-06,0.000000,5.156250,5.031250,5.031250,0.982754,25600
1980-05-07,0.000000,5.218750,5.093750,5.093750,0.994962,47600
1980-05-08,0.000000,5.250000,5.125000,5.125000,1.001066,36000
1980-05-09,0.000000,5.125000,5.000000,5.000000,0.976649,35200
1980-05-12,0.000000,5.062500,4.937500,4.937500,0.964442,47200
1980-05-13,0.000000,5.031250,4.906250,4.906250,0.958337,33200
1980-05-14,0.000000,5.062500,4.937500,4.937500,0.964442,27200
1980-05-15,0.000000,5.031250,4.906250,4.906250,0.958337,30000
1980-05-16,0.000000,5.031250,4.906250,4.906250,0.958337,25600
1980-05-19,0.000000,5.031250,4.906250,4.906250,0.958337,32400
1980-05-20,0.000000,4.968750,4.843750,4.843750,0.946129,27200
1980-05-21,0.000000,5.000000,4.875000,4.875000,0.952234,59600
1980-05-22,0.000000,5.062500,4.937500,4.937500,0.964442,34400
1980-05-23,0.000000,5.187500,5.062500,5.062500,0.988858,51200
1980-05-27,0.000000,5.218750,5.093750,5.093750,0.994962,32400
1980-05-28,0.000000,5.187500,5.062500,5.062500,0.988858,32400
1980-05-29,0.000000,5.250000,5.125000,5.125000,1.001066,33200
1980-05-30,0.000000,5.406250,5.281250,5.281250,1.031587,39600
1980-06-02,0.000000,5.312500,5.187500,5.187500,1.013274,51200
1980-06-03,0.000000,5.343750,5.218750,5.218750,1.019379,20400
1980-06-04,0.000000,5.375000,5.250000,5.250000,1.025483,24000
1980-06-05,0.000000,5.437500,5.312500,5.312500,1.037690,42800
1980-06-06,0.000000,5.437500,5.312500,5.312500,1.037690,20000
1980-06-09,0.000000,5.437500,5.312500,5.312500,1.037690,24800
1980-06-10,0.000000,5.437500,5.312500,5.312500,1.037690,29600
1980-06-11,0.000000,5.406250,5.281250,5.281250,1.031587,15200
1980-06-12,0.000000,5.437500,5.312500,5.312500,1.037690,15200
1980-06-13,0.000000,5.500000,5.375000,5.375000,1.049899,44400
1980-06-16,0.000000,5.531250,5.406250,5.406250,1.056002,10800
1980-06-17,0.000000,5.531250,5.406250,5.406250,1.056002,12400
1980-06-18,0.000000,5.500000,5.375000,5.375000,1.049899,28800
1980-06-19,0.000000,5.500000,5.375000,5.375000,1.049899,13200
1980-06-20,0.000000,5.437500,5.312500,5.312500,1.037690,23600
1980-06-23,0.000000,5.437500,5.312500,5.312500,1.037690,13600
1980-06-24,0.000000,5.468750,5.343750,5.343750,1.043795,18000
1980-06-25,0.000000,5.468750,5.343750,5.343750,1.043795,18400
1980-06-26,0.000000,5.468750,5.343750,5.343750,1.043795,11600
1980-06-27,0.000000,5.468750,5.343750,5.343750,1.043795,24400
1980-06-30,0.000000,5.375000,5.250000,5.250000,1.025483,22400
1980-07-01,0.000000,5.468750,5.343750,5.343750,1.043795,24000
1980-07-02,0.000000,5.468750,5.343750,5.343750,1.043795,33200
1980-07-03,0.000000,5.468750,5.343750,5.343750,1.043795,12000
1980-07-07,0.000000,5.468750,5.406250,5.406250,1.056002,40800
1980-07-08,0.000000,5.437500,5.406250,5.406250,1.056002,7200
1980-07-09,0.000000,5.437500,5.406250,5.406250,1.056002,15200
1980-07-10,0.000000,5.437500,5.406250,5.406250,1.056002,12400
1980-07-11,0.000000,5.437500,5.375000,5.375000,1.049899,30000
1980-07-14,0.000000,5.406250,5.343750,5.343750,1.043795,12000
1980-07-15,0.000000,5.437500,5.375000,5.375000,1.049899,12000
1980-07-16,0.000000,5.437500,5.375000,5.375000,1.049899,8000
1980-07-17,0.000000,5.406250,5.375000,5.375000,1.049899,18000
1980-07-18,0.000000,5.406250,5.343750,5.343750,1.043795,12400
1980-07-21,0.000000,5.406250,5.343750,5.343750,1.043795,15600
1980-07-22,0.000000,5.375000,5.343750,5.343750,1.043795,9600
1980-07-23,0.000000,5.343750,5.281250,5.281250,1.031587,12000
1980-07-24,0.000000,5.343750,5.281250,5.281250,1.031587,12000
1980-07-25,0.000000,5.312500,5.218750,5.218750,1.019379,15600
1980-07-28,0.000000,5.281250,5.218750,5.218750,1.019379,13200
1980-07-29,0.000000,5.281250,5.218750,5.218750,1.019379,25600
1980-07-30,0.000000,5.281250,5.218750,5.218750,1.019379,14400
1980-07-31,0.000000,5.281250,5.218750,5.218750,1.019379,7600
1980-08-01,0.000000,5.281250,5.218750,5.218750,1.019379,16000
1980-08-04,0.000000,5.250000,5.187500,5.187500,1.013274,24400
1980-08-05,0.000000,5.250000,5.187500,5.187500,1.013274,12800
1980-08-06,0.000000,5.281250,5.218750,5.218750,1.019379,13600
1980-08-07,0.000000,5.281250,5.250000,5.250000,1.025483,5600
1980-08-08,0.000000,5.281250,5.250000,5.250000,1.025483,20400
1980-08-11,0.000000,5.218750,5.125000,5.125000,1.001066,24000
1980-08-12,0.000000,5.125000,5.093750,5.093750,0.994962,22800
1980-08-13,0.000000,5.125000,5.062500,5.062500,0.988858,14000
1980-08-14,0.000000,5.093750,5.062500,5.062500,0.988858,12400
1980-08-15,0.000000,5.125000,5.062500,5.062500,0.988858,22400
1980-08-18,0.000000,5.062500,5.000000,5.000000,0.976649,17600
1980-08-19,0.000000,4.968750,4.875000,4.875000,0.952234,33200
1980-08-20,0.000000,5.031250,5.000000,5.000000,0.976649,26000
1980-08-21,0.000000,5.062500,5.000000,5.000000,0.976649,8400
1980-08-22,0.000000,5.062500,5.000000,5.000000,0.976649,12400
1980-08-25,0.000000,5.031250,5.000000,5.000000,0.976649,17600
1980-08-26,0.000000,5.000000,4.937500,4.937500,0.964442,27200
1980-08-27,0.000000,4.937500,4.875000,4.875000,0.952234,7600
1980-08-28,0.000000,4.937500,4.875000,4.875000,0.952234,4000
1980-08-29,0.000000,4.906250,4.843750,4.843750,0.946129,12000
1980-09-02,0.000000,4.875000,4.812500,4.812500,0.940025,14400
1980-09-03,0.000000,4.937500,4.906250,4.906250,0.958337,13600
1980-09-04,0.000000,4.968750,4.906250,4.906250,0.958337,20400
1980-09-05,0.000000,4.968750,4.875000,4.875000,0.952234,36000
1980-09-08,0.000000,4.906250,4.875000,4.875000,0.952234,16000
1980-09-09,0.000000,4.968750,4.875000,4.875000,0.952234,30000
1980-09-10,0.000000,5.031250,4.937500,4.937500,0.964442,19600
1980-09-11,0.000000,5.000000,4.937500,4.937500,0.964442,15200
1980-09-12,0.000000,5.031250,4.968750,4.968750,0.970546,14800
1980-09-15,0.000000,5.031250,4.937500,4.937500,0.964442,7600
1980-09-16,0.000000,5.000000,4.937500,4.937500,0.964442,4400
1980-09-17,0.000000,5.000000,4.937500,4.937500,0.964442,7600
1980-09-18,0.000000,4.968750,4.937500,4.937500,0.964442,18000
1980-09-19,0.000000,4.968750,4.906250,4.906250,0.958337,9200
1980-09-22,0.000000,4.937500,4.875000,4.875000,0.952234,17200
1980-09-23,0.000000,4.875000,4.812500,4.812500,0.940025,18800
1980-09-24,0.000000,4.875000,4.812500,4.812500,0.940025,17600
1980-09-25,0.000000,4.875000,4.812500,4.812500,0.940025,8000
1980-09-26,0.000000,4.875000,4.812500,4.812500,0.940025,12000
1980-09-29,0.000000,4.812500,4.750000,4.750000,0.927817,12400
1980-09-30,0.000000,4.781250,4.718750,4.718750,0.921713,16000
1980-10-01,0.000000,4.781250,4.750000,4.750000,0.927817,16400
1980-10-02,0.000000,4.812500,4.750000,4.750000,0.927817,9200
1980-10-03,0.000000,4.812500,4.750000,4.750000,0.927817,6400
1980-10-06,0.000000,4.937500,4.875000,4.875000,0.952234,30800
1980-10-07,0.000000,5.062500,4.968750,4.968750,0.970546,19200
1980-10-08,0.000000,5.062500,5.000000,5.000000,0.976649,13600
1980-10-09,0.000000,5.093750,5.000000,5.000000,0.976649,8400
1980-10-10,0.000000,5.062500,5.000000,5.000000,0.976649,6000
1980-10-13,0.000000,5.062500,5.000000,5.000000,0.976649,9200
1980-10-14,0.000000,5.062500,5.000000,5.000000,0.976649,4000
1980-10-15,0.000000,5.031250,4.968750,4.968750,0.970546,8800
1980-10-16,0.000000,5.031250,4.968750,4.968750,0.970546,11600
1980-10-17,0.000000,4.968750,4.937500,4.937500,0.964442,4400
1980-10-20,0.000000,4.906250,4.843750,4.843750,0.946129,14000
1980-10-21,0.000000,4.937500,4.875000,4.875000,0.952234,22800
1980-10-22,0.000000,4.906250,4.843750,4.843750,0.946129,10000
1980-10-23,0.000000,4.937500,4.875000,4.875000,0.952234,4800
1980-10-24,0.000000,4.937500,4.875000,4.875000,0.952234,5600
1980-10-27,0.000000,4.906250,4.843750,4.843750,0.946129,6000
1980-10-28,0.000000,4.812500,4.781250,4.781250,0.933921,20000
1980-10-29,0.000000,4.656250,4.593750,4.593750,0.897297,23600
1980-10-30,0.000000,4.656250,4.593750,4.593750,0.897297,6800
1980-10-31,0.000000,4.656250,4.625000,4.625000,0.903401,16800
1980-11-03,0.000000,4.656250,4.593750,4.593750,0.897297,9600
1980-11-05,0.000000,4.718750,4.656250,4.656250,0.909505,24800
1980-11-06,0.000000,4.750000,4.687500,4.687500,0.915609,14400
1980-11-07,0.000000,4.593750,4.531250,4.531250,0.885089,33200
1980-11-10,0.000000,4.625000,4.562500,4.562500,0.891193,6000
1980-11-11,0.000000,4.625000,4.562500,4.562500,0.891193,6000
1980-11-12,0.000000,4.750000,4.687500,4.687500,0.915609,20000
1980-11-13,0.000000,4.781250,4.718750,4.718750,0.921713,15200
1980-11-14,0.000000,4.843750,4.781250,4.781250,0.933921,20400
1980-11-17,0.000000,4.781250,4.750000,4.750000,0.927817,20000
1980-11-18,0.000000,4.718750,4.656250,4.656250,0.909505,30000
1980-11-19,0.000000,4.687500,4.625000,4.625000,0.903401,8800
1980-11-20,0.000000,4.625000,4.562500,4.562500,0.891193,16800
1980-11-21,0.000000,4.500000,4.437500,4.437500,0.866776,24800
1980-11-24,0.000000,4.500000,4.406250,4.406250,0.860673,7200
1980-11-25,0.000000,4.468750,4.406250,4.406250,0.860673,27200
1980-11-26,0.000000,4.406250,4.312500,4.312500,0.842360,17600
1980-11-28,0.000000,4.312500,4.250000,4.250000,0.830152,21600
1980-12-01,0.000000,4.281250,4.218750,4.218750,0.824048,26000
1980-12-02,0.000000,4.312500,4.281250,4.281250,0.836256,30000
1980-12-03,0.000000,4.437500,4.375000,4.375000,0.854568,48400
1980-12-04,0.000000,4.625000,4.593750,4.593750,0.897297,35600
1980-12-05,0.000000,4.593750,4.531250,4.531250,0.885089,14000
1980-12-08,0.000000,4.562500,4.531250,4.531250,0.885089,22800
1980-12-09,0.000000,4.437500,4.375000,4.375000,0.854568,23600
1980-12-10,0.000000,4.437500,4.375000,4.375000,0.854568,15600
1980-12-11,0.000000,4.375000,4.312500,4.312500,0.842360,19600
1980-12-12,0.000000,4.375000,4.281250,4.281250,0.836256,13200
1980-12-15,0.000000,4.343750,4.281250,4.281250,0.836256,17200
1980-12-16,0.000000,4.375000,4.312500,4.312500,0.842360,12400
1980-12-17,0.000000,4.406250,4.343750,4.343750,0.848464,22800
1980-12-18,0.000000,4.562500,4.531250,4.531250,0.885089,26400
1980-12-19,0.000000,4.750000,4.687500,4.687500,0.915609,20400
1980-12-22,0.000000,4.812500,4.781250,4.781250,0.933921,30000
1980-12-23,0.000000,4.875000,4.812500,4.812500,0.940025,30800
1980-12-24,0.000000,4.843750,4.781250,4.781250,0.933921,9600
1980-12-26,0.000000,4.843750,4.812500,4.812500,0.940025,4800
1980-12-29,0.000000,4.843750,4.781250,4.781250,0.933921,12800
1980-12-30,0.000000,4.812500,4.750000,4.750000,0.927817,18800
1980-12-31,0.000000,4.781250,4.750000,4.750000,0.927817,8400
1981-01-02,0.000000,4.781250,4.750000,4.750000,0.927817,6000
1981-01-05,0.000000,4.875000,4.781250,4.781250,0.933921,19200
1981-01-06,0.000000,4.843750,4.781250,4.781250,0.933921,16000
1981-01-07,0.000000,4.812500,4.750000,4.750000,0.927817,20400
1981-01-08,0.000000,4.718750,4.656250,4.656250,0.909505,15600
1981-01-09,0.000000,4.718750,4.656250,4.656250,0.909505,8800
1981-01-12,0.000000,4.718750,4.625000,4.625000,0.903401,9600
1981-01-13,0.000000,4.687500,4.656250,4.656250,0.909505,3200
1981-01-14,0.000000,4.812500,4.750000,4.750000,0.927817,30000
1981-01-15,0.000000,4.812500,4.750000,4.750000,0.927817,10400
1981-01-16,0.000000,4.843750,4.781250,4.781250,0.933921,20400
1981-01-19,0.000000,4.875000,4.812500,4.812500,0.940025,7200
1981-01-20,0.000000,4.812500,4.750000,4.750000,0.927817,14800
1981-01-21,0.000000,4.812500,4.750000,4.750000,0.927817,11600
1981-01-22,0.000000,4.750000,4.687500,4.687500,0.915609,18800
1981-01-23,0.000000,4.750000,4.687500,4.687500,0.915609,7600
1981-01-26,0.000000,4.625000,4.562500,4.562500,0.891193,9200
1981-01-27,0.000000,4.656250,4.593750,4.593750,0.897297,8400
1981-01-28,0.000000,4.656250,4.562500,4.562500,0.891193,5200
1981-01-29,0.000000,4.656250,4.593750,4.593750,0.897297,5600
1981-01-30,0.000000,4.656250,4.562500,4.562500,0.891193,6800
1981-02-02,0.000000,4.625000,4.562500,4.562500,0.891193,3600
1981-02-03,0.000000,4.593750,4.531250,4.531250,0.885089,12800
1981-02-04,0.000000,4.687500,4.625000,4.625000,0.903401,12400
1981-02-05,0.000000,4.687500,4.625000,4.625000,0.903401,13600
1981-02-06,0.000000,4.593750,4.531250,4.531250,0.885089,13200
1981-02-09,0.000000,4.562500,4.500000,4.500000,0.878985,18000
1981-02-10,0.000000,4.562500,4.500000,4.500000,0.878985,12000
1981-02-11,0.000000,4.562500,4.500000,4.500000,0.878985,7200
1981-02-12,0.000000,4.562500,4.468750,4.468750,0.872881,14800
1981-02-13,0.000000,4.531250,4.468750,4.468750,0.872881,2800
1981-02-17,0.000000,4.500000,4.437500,4.437500,0.866776,10800
1981-02-18,0.000000,4.437500,4.343750,4.343750,0.848464,25600
1981-02-19,0.000000,4.281250,4.218750,4.218750,0.824048,32400
1981-02-20,0.000000,4.343750,4.281250,4.281250,0.836256,19600
1981-02-23,0.000000,4.343750,4.281250,4.281250,0.836256,6000
1981-02-24,0.000000,4.375000,4.312500,4.312500,0.842360,7600
1981-02-25,0.000000,4.437500,4.343750,4.343750,0.848464,17200
1981-02-26,0.000000,4.500000,4.437500,4.437500,0.866776,18000
1981-02-27,0.000000,4.531250,4.468750,4.468750,0.872881,24800
1981-03-02,0.000000,4.562500,4.468750,4.468750,0.872881,2800
1981-03-03,0.000000,4.531250,4.468750,4.468750,0.872881,9600
1981-03-04,0.000000,4.375000,4.312500,4.312500,0.842360,30800
1981-03-05,0.000000,4.375000,4.312500,4.312500,0.842360,5600
1981-03-06,0.000000,4.343750,4.281250,4.281250,0.836256,7600
1981-03-09,0.000000,4.343750,4.281250,4.281250,0.836256,10400
1981-03-10,0.000000,4.375000,4.343750,4.343750,0.848464,19200
1981-03-11,0.000000,4.437500,4.375000,4.375000,0.854568,9200
1981-03-12,0.000000,4.406250,4.312500,4.312500,0.842360,10800
1981-03-13,0.000000,4.406250,4.343750,4.343750,0.848464,4400
1981-03-16,0.000000,4.406250,4.343750,4.343750,0.848464,8000
1981-03-17,0.000000,4.468750,4.406250,4.406250,0.860673,12800
1981-03-18,0.000000,4.468750,4.406250,4.406250,0.860673,6800
1981-03-19,0.000000,4.437500,4.406250,4.406250,0.860673,6000
1981-03-20,0.000000,4.500000,4.437500,4.437500,0.866776,18400
1981-03-23,0.000000,4.531250,4.468750,4.468750,0.872881,8400
1981-03-24,0.000000,4.531250,4.468750,4.468750,0.872881,800
1981-03-25,0.000000,4.500000,4.468750,4.468750,0.872881,12400
1981-03-26,0.000000,4.500000,4.468750,4.468750,0.872881,6800
1981-03-27,0.000000,4.500000,4.437500,4.437500,0.866776,27600
1981-03-30,0.000000,4.500000,4.437500,4.437500,0.866776,8800
1981-03-31,0.000000,4.500000,4.468750,4.468750,0.872881,12000
1981-04-01,0.000000,4.625000,4.531250,4.531250,0.885089,19600
1981-04-02,0.000000,4.593750,4.562500,4.562500,0.891193,9600
1981-04-03,0.000000,4.593750,4.531250,4.531250,0.885089,12800
1981-04-06,0.000000,4.562500,4.500000,4.500000,0.878985,16800
1981-04-07,0.000000,4.531250,4.468750,4.468750,0.872881,12800
1981-04-08,0.000000,4.468750,4.437500,4.437500,0.866776,8800
1981-04-09,0.000000,4.468750,4.437500,4.437500,0.866776,30000
1981-04-10,0.000000,4.468750,4.437500,4.437500,0.866776,6800
1981-04-13,0.000000,4.468750,4.375000,4.375000,0.854568,11200
1981-04-14,0.000000,4.406250,4.375000,4.375000,0.854568,13200
1981-04-15,0.000000,4.437500,4.375000,4.375000,0.854568,10800
1981-04-16,0.000000,4.437500,4.375000,4.375000,0.854568,14000
1981-04-20,0.000000,4.437500,4.375000,4.375000,0.854568,25200
1981-04-21,0.000000,4.375000,4.250000,4.250000,0.830152,7600
1981-04-22,0.000000,4.312500,4.187500,4.187500,0.817944,10000
1981-04-23,0.000000,4.312500,4.250000,4.250000,0.830152,7600
1981-04-24,0.000000,4.375000,4.250000,4.250000,0.830152,10400
1981-04-27,0.000000,4.375000,4.250000,4.250000,0.830152,7200
1981-04-28,0.000000,4.375000,4.250000,4.250000,0.830152,7200
1981-04-29,0.000000,4.312500,4.250000,4.250000,0.830152,4800
1981-04-30,0.000000,4.312500,4.250000,4.250000,0.830152,1200
1981-05-01,0.000000,4.312500,4.250000,4.250000,0.830152,2400
1981-05-04,0.000000,4.312500,4.187500,4.187500,0.817944,10400
1981-05-05,0.000000,4.312500,4.187500,4.187500,0.817944,10400
1981-05-06,0.000000,4.250000,4.187500,4.187500,0.817944,9600
1981-05-07,0.000000,4.312500,4.187500,4.187500,0.817944,8800
1981-05-08,0.000000,4.281250,4.187500,4.187500,0.817944,4800
1981-05-11,0.000000,4.031250,3.968750,3.968750,0.775216,77200
1981-05-12,0.000000,4.031250,3.937500,3.937500,0.769112,84000
1981-05-13,0.000000,4.031250,3.968750,3.968750,0.775216,61200
1981-05-14,0.000000,4.156250,4.093750,4.093750,0.799632,67200
1981-05-15,0.000000,4.125000,4.062500,4.062500,0.793528,13600
1981-05-18,0.000000,4.156250,4.093750,4.093750,0.799632,15200
1981-05-19,0.000000,4.218750,4.156250,4.156250,0.811840,38800
1981-05-20,0.000000,4.250000,4.187500,4.187500,0.817944,23200
1981-05-21,0.000000,4.156250,4.125000,4.125000,0.805736,36800
1981-05-22,0.000000,4.125000,4.062500,4.062500,0.793528,11600
1981-05-26,0.000000,4.125000,4.062500,4.062500,0.793528,2800
1981-05-27,0.000000,4.093750,4.062500,4.062500,0.793528,12000
1981-05-28,0.000000,4.125000,4.062500,4.062500,0.793528,18000
1981-05-29,0.000000,4.156250,4.093750,4.093750,0.799632,13200
1981-06-01,0.000000,4.218750,4.156250,4.156250,0.811840,34800
1981-06-02,0.000000,4.250000,4.187500,4.187500,0.817944,37200
1981-06-03,0.000000,4.250000,4.187500,4.187500,0.817944,37600
1981-06-04,0.000000,4.312500,4.250000,4.250000,0.830152,31200
1981-06-05,0.000000,4.281250,4.218750,4.218750,0.824048,8800
1981-06-08,0.000000,4.281250,4.218750,4.218750,0.824048,15200
1981-06-09,0.000000,4.281250,4.250000,4.250000,0.830152,22000
1981-06-10,0.000000,4.343750,4.281250,4.281250,0.836256,16800
1981-06-11,0.000000,4.343750,4.312500,4.312500,0.842360,30400
1981-06-12,0.000000,4.437500,4.375000,4.375000,0.854568,30000
1981-06-15,0.000000,4.656250,4.593750,4.593750,0.897297,66400
1981-06-16,0.000000,4.593750,4.531250,4.531250,0.885089,42800
1981-06-17,0.000000,4.593750,4.531250,4.531250,0.885089,32000
1981-06-18,0.000000,4.562500,4.500000,4.500000,0.878985,24400
1981-06-19,0.000000,4.500000,4.437500,4.437500,0.866776,28400
1981-06-22,0.000000,4.562500,4.468750,4.468750,0.872881,22800
1981-06-23,0.000000,4.562500,4.500000,4.500000,0.878985,20400
1981-06-24,0.000000,4.531250,4.468750,4.468750,0.872881,4400
1981-06-25,0.000000,4.500000,4.468750,4.468750,0.872881,22000
1981-06-26,0.000000,4.500000,4.406250,4.406250,0.860673,18400
1981-06-29,0.000000,4.468750,4.406250,4.406250,0.860673,12800
1981-06-30,0.000000,4.468750,4.406250,4.406250,0.860673,6000
1981-07-01,0.000000,4.437500,4.375000,4.375000,0.854568,12000
1981-07-02,0.000000,4.343750,4.281250,4.281250,0.836256,28800
1981-07-06,0.000000,4.250000,4.187500,4.187500,0.817944,21600
1981-07-07,0.000000,4.281250,4.187500,4.187500,0.817944,11200
1981-07-08,0.000000,4.281250,4.218750,4.218750,0.824048,8000
1981-07-09,0.000000,4.281250,4.218750,4.218750,0.824048,20400
1981-07-10,0.000000,4.500000,4.406250,4.406250,0.860673,44400
1981-07-13,0.000000,4.500000,4.406250,4.406250,0.860673,11600
1981-07-14,0.000000,4.437500,4.406250,4.406250,0.860673,16000
1981-07-15,0.000000,4.406250,4.375000,4.375000,0.854568,21600
1981-07-16,0.000000,4.406250,4.375000,4.375000,0.854568,12800
1981-07-17,0.000000,4.406250,4.375000,4.375000,0.854568,16000
1981-07-20,0.000000,4.406250,4.375000,4.375000,0.854568,17600
1981-07-21,0.000000,4.406250,4.375000,4.375000,0.854568,10000
1981-07-22,0.000000,4.406250,4.375000,4.375000,0.854568,12000
1981-07-23,0.000000,4.406250,4.375000,4.375000,0.854568,26400
1981-07-24,0.000000,4.500000,4.437500,4.437500,0.866776,18800
1981-07-27,0.000000,4.625000,4.531250,4.531250,0.885089,26000
1981-07-28,0.000000,4.562500,4.500000,4.500000,0.878985,38800
1981-07-29,0.000000,4.562500,4.500000,4.500000,0.878985,8000
1981-07-30,0.000000,4.562500,4.500000,4.500000,0.878985,19600
1981-07-31,0.000000,4.562500,4.500000,4.500000,0.878985,26800
1981-08-03,0.000000,4.500000,4.437500,4.437500,0.866776,20800
1981-08-04,0.000000,4.312500,4.218750,4.218750,0.824048,26400
1981-08-05,0.000000,4.406250,4.343750,4.343750,0.848464,42800
1981-08-06,0.000000,4.406250,4.343750,4.343750,0.848464,12000
1981-08-07,0.000000,4.406250,4.375000,4.375000,0.854568,24400
1981-08-10,4.375000,4.375000,4.375000,4.375000,0.854568,0
1981-08-11,0.000000,4.375000,4.312500,4.312500,0.842360,22800
1981-08-12,0.000000,4.531250,4.468750,4.468750,0.872881,63200
1981-08-13,0.000000,4.531250,4.468750,4.468750,0.872881,9600
1981-08-14,0.000000,4.531250,4.468750,4.468750,0.872881,8400
1981-08-17,0.000000,4.500000,4.437500,4.437500,0.866776,51200
1981-08-18,0.000000,4.281250,4.218750,4.218750,0.824048,34000
1981-08-19,0.000000,4.312500,4.281250,4.281250,0.836256,15200
1981-08-20,0.000000,4.312500,4.281250,4.281250,0.836256,8800
1981-08-21,0.000000,4.406250,4.343750,4.343750,0.848464,23200
1981-08-24,0.000000,4.375000,4.312500,4.312500,0.842360,10000
1981-08-25,0.000000,4.343750,4.281250,4.281250,0.836256,50000
1981-08-26,0.000000,4.343750,4.281250,4.281250,0.836256,23600
1981-08-27,0.000000,4.312500,4.281250,4.281250,0.836256,20400
1981-08-28,0.000000,4.312500,4.250000,4.250000,0.830152,5200
1981-08-31,0.000000,4.343750,4.281250,4.281250,0.836256,14400
1981-09-01,0.000000,4.312500,4.250000,4.250000,0.830152,11600
1981-09-02,0.000000,4.343750,4.281250,4.281250,0.836256,6400
1981-09-03,0.000000,4.312500,4.250000,4.250000,0.830152,21200
1981-09-04,0.000000,4.281250,4.218750,4.218750,0.824048,21200
1981-09-08,0.000000,4.187500,4.125000,4.125000,0.805736,30800
1981-09-09,0.000000,4.187500,4.125000,4.125000,0.805736,20800
1981-09-10,0.000000,4.312500,4.250000,4.250000,0.830152,37600
1981-09-11,0.000000,4.375000,4.281250,4.281250,0.836256,11200
1981-09-14,0.000000,4.375000,4.281250,4.281250,0.836256,8400
1981-09-15,0.000000,4.406250,4.343750,4.343750,0.848464,31200
1981-09-16,0.000000,4.375000,4.312500,4.312500,0.842360,20800
1981-09-17,0.000000,4.281250,4.218750,4.218750,0.824048,18800
1981-09-18,0.000000,4.187500,4.156250,4.156250,0.811840,20800
1981-09-21,0.000000,4.281250,4.187500,4.187500,0.817944,12000
1981-09-22,0.000000,4.281250,4.218750,4.218750,0.824048,18000
1981-09-23,0.000000,4.250000,4.187500,4.187500,0.817944,15600
1981-09-24,0.000000,4.250000,4.187500,4.187500,0.817944,7200
1981-09-25,0.000000,4.156250,4.125000,4.125000,0.805736,14800
1981-09-28,0.000000,4.125000,4.093750,4.093750,0.799632,15200
1981-09-29,0.000000,4.250000,4.187500,4.187500,0.817944,27200
1981-09-30,0.000000,4.281250,4.218750,4.218750,0.824048,22400
1981-10-01,0.000000,4.281250,4.218750,4.218750,0.824048,13600
1981-10-02,0.000000,4.312500,4.250000,4.250000,0.830152,17200
1981-10-05,0.000000,4.375000,4.312500,4.312500,0.842360,27600
1981-10-06,0.000000,4.375000,4.312500,4.312500,0.842360,16000
1981-10-07,0.000000,4.375000,4.312500,4.312500,0.842360,29600
1981-10-08,0.000000,4.375000,4.343750,4.343750,0.848464,17600
1981-10-09,0.000000,4.375000,4.312500,4.312500,0.842360,11600
1981-10-12,0.000000,4.375000,4.312500,4.312500,0.842360,11600
1981-10-13,0.000000,4.406250,4.375000,4.375000,0.854568,26400
1981-10-14,0.000000,4.437500,4.343750,4.343750,0.848464,25200
1981-10-15,0.000000,4.437500,4.375000,4.375000,0.854568,6400
1981-10-16,0.000000,4.437500,4.375000,4.375000,0.854568,6000
1981-10-19,0.000000,4.437500,4.406250,4.406250,0.860673,10000
1981-10-20,0.000000,4.437500,4.375000,4.375000,0.854568,41600
1981-10-21,0.000000,4.437500,4.375000,4.375000,0.854568,7200
1981-10-22,0.000000,4.343750,4.281250,4.281250,0.836256,46800
1981-10-23,0.000000,4.343750,4.250000,4.250000,0.830152,13600
1981-10-26,0.000000,4.281250,4.218750,4.218750,0.824048,58400
1981-10-27,0.000000,4.281250,4.250000,4.250000,0.830152,9600
1981-10-28,0.000000,4.281250,4.250000,4.250000,0.830152,15200
1981-10-29,0.000000,4.281250,4.250000,4.250000,0.830152,6000
1981-10-30,0.000000,4.281250,4.250000,4.250000,0.830152,19600
1981-11-02,0.000000,4.343750,4.281250,4.281250,0.836256,33600
1981-11-03,0.000000,4.406250,4.343750,4.343750,0.848464,18400
1981-11-04,0.000000,4.468750,4.406250,4.406250,0.860673,26400
1981-11-05,0.000000,4.531250,4.468750,4.468750,0.872881,14800
1981-11-06,0.000000,4.437500,4.375000,4.375000,0.854568,22800
1981-11-09,0.000000,4.437500,4.375000,4.375000,0.854568,18000
1981-11-10,0.000000,4.468750,4.406250,4.406250,0.860673,35600
1981-11-11,0.000000,4.468750,4.437500,4.437500,0.866776,8000
1981-11-12,0.000000,4.500000,4.437500,4.437500,0.866776,28800
1981-11-13,0.000000,4.468750,4.437500,4.437500,0.866776,8400
1981-11-16,0.000000,4.500000,4.437500,4.437500,0.866776,17200
1981-11-17,0.000000,4.531250,4.468750,4.468750,0.872881,30000
1981-11-18,0.000000,4.562500,4.500000,4.500000,0.878985,16800
1981-11-19,0.000000,4.687500,4.593750,4.593750,0.897297,50000
1981-11-20,0.000000,4.656250,4.593750,4.593750,0.897297,14400
1981-11-23,0.000000,4.687500,4.625000,4.625000,0.903401,25600
1981-11-24,0.000000,4.750000,4.687500,4.687500,0.915609,28800
1981-11-25,0.000000,4.718750,4.656250,4.656250,0.909505,34400
1981-11-27,0.000000,4.718750,4.687500,4.687500,0.915609,16400
1981-11-30,0.000000,4.718750,4.656250,4.656250,0.909505,13600
1981-12-01,0.000000,4.718750,4.656250,4.656250,0.909505,21200
1981-12-02,0.000000,4.562500,4.500000,4.500000,0.878985,50000
1981-12-03,0.000000,4.593750,4.531250,4.531250,0.885089,17600
1981-12-04,0.000000,4.593750,4.531250,4.531250,0.885089,7200
1981-12-07,0.000000,4.593750,4.500000,4.500000,0.878985,11600
1981-12-08,0.000000,4.500000,4.406250,4.406250,0.860673,24000
1981-12-09,0.000000,4.500000,4.406250,4.406250,0.860673,10400
1981-12-10,0.000000,4.500000,4.406250,4.406250,0.860673,22800
1981-12-11,0.000000,4.500000,4.406250,4.406250,0.860673,21600
1981-12-14,0.000000,4.343750,4.281250,4.281250,0.836256,46400
1981-12-15,0.000000,4.312500,4.281250,4.281250,0.836256,10800
1981-12-16,0.000000,4.375000,4.312500,4.312500,0.842360,16000
1981-12-17,0.000000,4.343750,4.312500,4.312500,0.842360,26400
1981-12-18,0.000000,4.343750,4.281250,4.281250,0.836256,20400
1981-12-21,0.000000,4.343750,4.281250,4.281250,0.836256,12400
1981-12-22,0.000000,4.375000,4.312500,4.312500,0.842360,16000
1981-12-23,0.000000,4.375000,4.312500,4.312500,0.842360,5200
1981-12-24,0.000000,4.375000,4.312500,4.312500,0.842360,1600
1981-12-28,0.000000,4.343750,4.312500,4.312500,0.842360,12800
1981-12-29,0.000000,4.375000,4.312500,4.312500,0.842360,17200
1981-12-30,0.000000,4.375000,4.312500,4.312500,0.842360,17600
1981-12-31,0.000000,4.375000,4.312500,4.312500,0.842360,8800
1982-01-04,0.000000,4.375000,4.281250,4.281250,0.836256,16000
1982-01-05,0.000000,4.343750,4.250000,4.250000,0.830152,21600
1982-01-06,0.000000,4.343750,4.250000,4.250000,0.830152,11200
1982-01-07,0.000000,4.375000,4.312500,4.312500,0.842360,20400
1982-01-08,0.000000,4.468750,4.375000,4.375000,0.854568,13600
1982-01-11,0.000000,4.406250,4.343750,4.343750,0.848464,16400
1982-01-12,0.000000,4.406250,4.312500,4.312500,0.842360,11600
1982-01-13,0.000000,4.343750,4.312500,4.312500,0.842360,8400
1982-01-14,0.000000,4.375000,4.312500,4.312500,0.842360,10400
1982-01-15,0.000000,4.406250,4.312500,4.312500,0.842360,14400
1982-01-18,0.000000,4.406250,4.343750,4.343750,0.848464,9200
1982-01-19,0.000000,4.406250,4.343750,4.343750,0.848464,9600
1982-01-20,0.000000,4.406250,4.375000,4.375000,0.854568,15600
1982-01-21,0.000000,4.406250,4.375000,4.375000,0.854568,10000
1982-01-22,0.000000,4.406250,4.375000,4.375000,0.854568,21200
1982-01-25,0.000000,4.406250,4.343750,4.343750,0.848464,14000
1982-01-26,0.000000,4.406250,4.343750,4.343750,0.848464,6800
1982-01-27,0.000000,4.406250,4.343750,4.343750,0.848464,8800
1982-01-28,0.000000,4.437500,4.406250,4.406250,0.860673,24400
1982-01-29,0.000000,4.500000,4.468750,4.468750,0.872881,16000
1982-02-01,0.000000,4.500000,4.437500,4.437500,0.866776,10800
1982-02-02,0.000000,4.468750,4.437500,4.437500,0.866776,13200
1982-02-03,0.000000,4.562500,4.468750,4.468750,0.872881,24800
1982-02-04,0.000000,4.531250,4.468750,4.468750,0.872881,12000
1982-02-05,0.000000,4.406250,4.343750,4.343750,0.848464,28800
1982-02-08,0.000000,4.343750,4.281250,4.281250,0.836256,7600
1982-02-09,0.000000,4.312500,4.250000,4.250000,0.830152,16800
1982-02-10,0.000000,4.375000,4.312500,4.312500,0.842360,18800
1982-02-11,0.000000,4.437500,4.375000,4.375000,0.854568,20000
1982-02-12,0.000000,4.437500,4.375000,4.375000,0.854568,9200
1982-02-16,0.000000,4.406250,4.343750,4.343750,0.848464,12400
1982-02-17,0.000000,4.375000,4.343750,4.343750,0.848464,10400
1982-02-18,0.000000,4.375000,4.312500,4.312500,0.842360,23600
1982-02-19,0.000000,4.375000,4.312500,4.312500,0.842360,27600
1982-02-22,0.000000,4.343750,4.281250,4.281250,0.836256,16000
1982-02-23,0.000000,4.343750,4.281250,4.281250,0.836256,3200
1982-02-24,0.000000,4.281250,4.250000,4.250000,0.830152,18800
1982-02-25,0.000000,4.312500,4.250000,4.250000,0.830152,19200
1982-02-26,0.000000,4.312500,4.281250,4.281250,0.836256,22400
1982-03-01,0.000000,4.375000,4.312500,4.312500,0.842360,21600
1982-03-02,0.000000,4.562500,4.500000,4.500000,0.878985,67200
1982-03-03,0.000000,4.562500,4.468750,4.468750,0.872881,14000
1982-03-04,0.000000,4.562500,4.500000,4.500000,0.878985,10800
1982-03-05,0.000000,4.562500,4.500000,4.500000,0.878985,20400
1982-03-08,0.000000,4.593750,4.531250,4.531250,0.885089,44400
1982-03-09,0.000000,4.625000,4.531250,4.531250,0.885089,16000
1982-03-10,0.000000,4.656250,4.593750,4.593750,0.897297,22400
1982-03-11,0.000000,4.687500,4.625000,4.625000,0.903401,22400
1982-03-12,0.000000,4.656250,4.625000,4.625000,0.903401,8400
1982-03-15,0.000000,4.656250,4.593750,4.593750,0.897297,25600
1982-03-16,0.000000,4.656250,4.625000,4.625000,0.903401,8800
1982-03-17,0.000000,4.656250,4.593750,4.593750,0.897297,31200
1982-03-18,0.000000,4.625000,4.593750,4.593750,0.897297,20400
1982-03-19,0.000000,4.656250,4.625000,4.625000,0.903401,24400
1982-03-22,0.000000,4.687500,4.593750,4.593750,0.897297,8000
1982-03-23,0.000000,4.656250,4.593750,4.593750,0.897297,13600
1982-03-24,0.000000,4.593750,4.500000,4.500000,0.878985,40400
1982-03-25,0.000000,4.500000,4.437500,4.437500,0.866776,22800
1982-03-26,0.000000,4.500000,4.406250,4.406250,0.860673,11600
1982-03-29,0.000000,4.500000,4.406250,4.406250,0.860673,7200
1982-03-30,0.000000,4.500000,4.437500,4.437500,0.866776,10400
1982-03-31,0.000000,4.500000,4.437500,4.437500,0.866776,10800
1982-04-01,0.000000,4.500000,4.437500,4.437500,0.866776,24400
1982-04-02,0.000000,4.500000,4.437500,4.437500,0.866776,10800
1982-04-05,0.000000,4.531250,4.468750,4.468750,0.872881,25600
1982-04-06,0.000000,4.531250,4.468750,4.468750,0.872881,25200
1982-04-07,0.000000,4.531250,4.468750,4.468750,0.872881,10000
1982-04-08,0.000000,4.531250,4.468750,4.468750,0.872881,10800
1982-04-12,0.000000,4.531250,4.468750,4.468750,0.872881,19200
1982-04-13,0.000000,4.562500,4.500000,4.500000,0.878985,24400
1982-04-14,0.000000,4.562500,4.500000,4.500000,0.878985,17200
1982-04-15,0.000000,4.656250,4.593750,4.593750,0.897297,46400
1982-04-16,0.000000,4.687500,4.593750,4.593750,0.897297,17200
1982-04-19,0.000000,4.625000,4.593750,4.593750,0.897297,84400
1982-04-20,0.000000,4.625000,4.562500,4.562500,0.891193,27600
1982-04-21,0.000000,4.625000,4.562500,4.562500,0.891193,30800
1982-04-22,0.000000,4.593750,4.562500,4.562500,0.891193,34800
1982-04-23,0.000000,4.593750,4.562500,4.562500,0.891193,17600
1982-04-26,0.000000,4.656250,4.593750,4.593750,0.897297,40000
1982-04-27,0.000000,4.718750,4.656250,4.656250,0.909505,22400
1982-04-28,0.000000,4.750000,4.687500,4.687500,0.915609,14000
1982-04-29,0.000000,4.750000,4.687500,4.687500,0.915609,19200
1982-04-30,0.000000,4.750000,4.687500,4.687500,0.915609,6800
1982-05-03,0.000000,4.750000,4.687500,4.687500,0.915609,33200
1982-05-04,0.000000,4.750000,4.718750,4.718750,0.921713,37600
1982-05-05,0.000000,4.781250,4.718750,4.718750,0.921713,9600
1982-05-06,0.000000,4.781250,4.718750,4.718750,0.921713,26000
1982-05-07,0.000000,4.750000,4.718750,4.718750,0.921713,48000
1982-05-10,0.000000,4.687500,4.625000,4.625000,0.903401,25200
1982-05-11,0.000000,4.656250,4.625000,4.625000,0.903401,26000
1982-05-12,0.000000,4.656250,4.625000,4.625000,0.903401,10400
1982-05-13,0.000000,4.656250,4.625000,4.625000,0.903401,51600
1982-05-14,0.000000,4.656250,4.625000,4.625000,0.903401,30400
1982-05-17,0.000000,4.687500,4.625000,4.625000,0.903401,18000
1982-05-18,0.000000,4.687500,4.625000,4.625000,0.903401,33600
1982-05-19,0.000000,4.625000,4.593750,4.593750,0.897297,37600
1982-05-20,0.000000,4.593750,4.500000,4.500000,0.878985,55200
1982-05-21,0.000000,4.562500,4.500000,4.500000,0.878985,47600
1982-05-24,0.000000,4.531250,4.468750,4.468750,0.872881,33600
1982-05-25,0.000000,4.500000,4.437500,4.437500,0.866776,18000
1982-05-26,0.000000,4.406250,4.343750,4.343750,0.848464,64000
1982-05-27,0.000000,4.406250,4.343750,4.343750,0.848464,20800
1982-05-28,0.000000,4.437500,4.375000,4.375000,0.854568,40800
1982-06-01,0.000000,4.437500,4.375000,4.375000,0.854568,40000
1982-06-02,0.000000,4.500000,4.437500,4.437500,0.866776,15200
1982-06-03,0.000000,4.500000,4.437500,4.437500,0.866776,5200
1982-06-04,0.000000,4.500000,4.437500,4.437500,0.866776,18000
1982-06-07,0.000000,4.500000,4.437500,4.437500,0.866776,3600
1982-06-08,0.000000,4.500000,4.437500,4.437500,0.866776,11600
1982-06-09,0.000000,4.468750,4.437500,4.437500,0.866776,15600
1982-06-10,0.000000,4.468750,4.406250,4.406250,0.860673,33200
1982-06-11,0.000000,4.500000,4.437500,4.437500,0.866776,10000
1982-06-14,0.000000,4.500000,4.437500,4.437500,0.866776,3200
1982-06-15,0.000000,4.468750,4.437500,4.437500,0.866776,32000
1982-06-16,0.000000,4.500000,4.437500,4.437500,0.866776,11600
1982-06-17,0.000000,4.500000,4.437500,4.437500,0.866776,36400
1982-06-18,0.000000,4.500000,4.437500,4.437500,0.866776,12400
1982-06-21,0.000000,4.500000,4.437500,4.437500,0.866776,11200
1982-06-22,0.000000,4.531250,4.468750,4.468750,0.872881,24400
1982-06-23,0.000000,4.531250,4.468750,4.468750,0.872881,20000
1982-06-24,0.000000,4.531250,4.500000,4.500000,0.878985,9200
1982-06-25,0.000000,4.531250,4.468750,4.468750,0.872881,5600
1982-06-28,0.000000,4.531250,4.468750,4.468750,0.872881,17600
1982-06-29,0.000000,4.500000,4.468750,4.468750,0.872881,40400
1982-06-30,0.000000,4.500000,4.437500,4.437500,0.866776,7200
1982-07-01,0.000000,4.500000,4.437500,4.437500,0.866776,12400
1982-07-02,0.000000,4.468750,4.406250,4.406250,0.860673,13200
1982-07-06,0.000000,4.468750,4.406250,4.406250,0.860673,3200
1982-07-07,0.000000,4.406250,4.375000,4.375000,0.854568,24800
1982-07-08,0.000000,4.406250,4.343750,4.343750,0.848464,16800
1982-07-09,0.000000,4.343750,4.312500,4.312500,0.842360,19600
1982-07-12,0.000000,4.375000,4.312500,4.312500,0.842360,39600
1982-07-13,0.000000,4.375000,4.312500,4.312500,0.842360,9600
1982-07-14,0.000000,4.375000,4.312500,4.312500,0.842360,9200
1982-07-15,0.000000,4.343750,4.312500,4.312500,0.842360,33200
1982-07-16,0.000000,4.343750,4.281250,4.281250,0.836256,75600
1982-07-19,0.000000,4.375000,4.312500,4.312500,0.842360,14800
1982-07-20,0.000000,4.531250,4.500000,4.500000,0.878985,52800
1982-07-21,0.000000,4.562500,4.531250,4.531250,0.885089,20000
1982-07-22,0.000000,4.656250,4.562500,4.562500,0.891193,49200
1982-07-23,0.000000,4.656250,4.593750,4.593750,0.897297,12000
1982-07-26,0.000000,4.687500,4.593750,4.593750,0.897297,12800
1982-07-27,0.000000,4.625000,4.562500,4.562500,0.891193,15600
1982-07-28,0.000000,4.593750,4.531250,4.531250,0.885089,15600
1982-07-29,0.000000,4.531250,4.437500,4.437500,0.866776,37600
1982-07-30,0.000000,4.531250,4.468750,4.468750,0.872881,12000
1982-08-02,0.000000,4.593750,4.531250,4.531250,0.885089,17200
1982-08-03,0.000000,4.593750,4.531250,4.531250,0.885089,17200
1982-08-04,0.000000,4.593750,4.562500,4.562500,0.891193,16400
1982-08-05,0.000000,4.593750,4.531250,4.531250,0.885089,10800
1982-08-06,0.000000,4.531250,4.437500,4.437500,0.866776,40000
1982-08-09,0.000000,4.406250,4.312500,4.312500,0.842360,11600
1982-08-10,0.000000,4.437500,4.375000,4.375000,0.854568,25200
1982-08-11,0.000000,4.437500,4.375000,4.375000,0.854568,17600
1982-08-12,0.000000,4.468750,4.375000,4.375000,0.854568,21600
1982-08-13,0.000000,4.531250,4.437500,4.437500,0.866776,30000
1982-08-16,0.000000,4.625000,4.562500,4.562500,0.891193,22400
1982-08-17,0.000000,4.750000,4.687500,4.687500,0.915609,51200
1982-08-18,0.000000,4.843750,4.750000,4.750000,0.927817,75600
1982-08-19,0.000000,4.843750,4.781250,4.781250,0.933921,32400
1982-08-20,0.000000,4.968750,4.906250,4.906250,0.958337,62800
1982-08-23,0.000000,5.031250,5.000000,5.000000,0.976649,54000
1982-08-24,0.000000,5.125000,5.062500,5.062500,0.988858,113200
1982-08-25,0.000000,5.093750,5.031250,5.031250,0.982754,50400
1982-08-26,0.000000,5.031250,4.937500,4.937500,0.964442,90000
1982-08-27,0.000000,4.968750,4.937500,4.937500,0.964442,24000
1982-08-30,0.000000,4.937500,4.906250,4.906250,0.958337,27600
1982-08-31,0.000000,4.968750,4.906250,4.906250,0.958337,22800
1982-09-01,0.000000,4.937500,4.875000,4.875000,0.952234,32000
1982-09-02,0.000000,4.968750,4.937500,4.937500,0.964442,17600
1982-09-03,0.000000,5.000000,4.937500,4.937500,0.964442,17200
1982-09-07,0.000000,5.000000,4.906250,4.906250,0.958337,15600
1982-09-08,0.000000,5.000000,4.937500,4.937500,0.964442,27200
1982-09-09,0.000000,4.968750,4.937500,4.937500,0.964442,20000
1982-09-10,0.000000,5.000000,4.937500,4.937500,0.964442,64000
1982-09-13,0.000000,5.031250,4.968750,4.968750,0.970546,43600
1982-09-14,0.000000,5.093750,5.031250,5.031250,0.982754,45200
1982-09-15,0.000000,5.093750,5.031250,5.031250,0.982754,14400
1982-09-16,0.000000,5.062500,4.968750,4.968750,0.970546,27600
1982-09-17,0.000000,5.031250,4.968750,4.968750,0.970546,11200
1982-09-20,0.000000,5.062500,5.000000,5.000000,0.976649,8400
1982-09-21,0.000000,5.062500,5.000000,5.000000,0.976649,21600
1982-09-22,0.000000,5.062500,5.000000,5.000000,0.976649,10000
1982-09-23,0.000000,5.093750,5.000000,5.000000,0.976649,47200
1982-09-24,0.000000,5.062500,5.000000,5.000000,0.976649,13200
1982-09-27,0.000000,5.093750,5.031250,5.031250,0.982754,14800
1982-09-28,0.000000,5.062500,5.000000,5.000000,0.976649,34800
1982-09-29,0.000000,5.062500,5.000000,5.000000,0.976649,12400
1982-09-30,0.000000,5.062500,5.000000,5.000000,0.976649,18000
1982-10-01,0.000000,5.062500,5.000000,5.000000,0.976649,17600
1982-10-04,0.000000,5.062500,5.000000,5.000000,0.976649,12000
1982-10-05,0.000000,5.062500,5.000000,5.000000,0.976649,9600
1982-10-06,0.000000,5.093750,5.031250,5.031250,0.982754,66800
1982-10-07,0.000000,5.093750,5.031250,5.031250,0.982754,62400
1982-10-08,0.000000,5.156250,5.093750,5.093750,0.994962,51600
1982-10-11,0.000000,5.406250,5.343750,5.343750,1.043795,59200
1982-10-12,0.000000,5.437500,5.375000,5.375000,1.049899,31600
1982-10-13,0.000000,5.437500,5.375000,5.375000,1.049899,33600
1982-10-14,0.000000,5.437500,5.375000,5.375000,1.049899,23200
1982-10-15,0.000000,5.406250,5.375000,5.375000,1.049899,54800
1982-10-18,0.000000,5.406250,5.375000,5.375000,1.049899,18800
1982-10-19,0.000000,5.437500,5.406250,5.406250,1.056002,52400
1982-10-20,0.000000,5.531250,5.500000,5.500000,1.074314,46000
1982-10-21,0.000000,5.500000,5.468750,5.468750,1.068211,69600
1982-10-22,0.000000,5.500000,5.468750,5.468750,1.068211,44800
1982-10-25,0.000000,5.437500,5.375000,5.375000,1.049899,34000
1982-10-26,0.000000,5.375000,5.343750,5.343750,1.043795,35200
1982-10-27,0.000000,5.406250,5.343750,5.343750,1.043795,14800
1982-10-28,0.000000,5.406250,5.343750,5.343750,1.043795,22400
1982-10-29,0.000000,5.375000,5.343750,5.343750,1.043795,9200
1982-11-01,0.000000,5.375000,5.343750,5.343750,1.043795,42400
1982-11-02,0.000000,5.437500,5.406250,5.406250,1.056002,71200
1982-11-03,0.000000,5.500000,5.437500,5.437500,1.062107,56000
1982-11-04,0.000000,5.531250,5.500000,5.500000,1.074314,39600
1982-11-05,0.000000,5.500000,5.437500,5.437500,1.062107,43200
1982-11-08,0.000000,5.375000,5.312500,5.312500,1.037690,52400
1982-11-09,0.000000,5.437500,5.375000,5.375000,1.049899,33200
1982-11-10,0.000000,5.437500,5.375000,5.375000,1.049899,21600
1982-11-11,0.000000,5.437500,5.375000,5.375000,1.049899,24400
1982-11-12,0.000000,5.406250,5.375000,5.375000,1.049899,28800
1982-11-15,0.000000,5.406250,5.375000,5.375000,1.049899,21600
1982-11-16,0.000000,5.406250,5.312500,5.312500,1.037690,54000
1982-11-17,0.000000,5.406250,5.343750,5.343750,1.043795,18400
1982-11-18,0.000000,5.406250,5.343750,5.343750,1.043795,24400
1982-11-19,0.000000,5.406250,5.343750,5.343750,1.043795,20800
1982-11-22,0.000000,5.437500,5.375000,5.375000,1.049899,17600
1982-11-23,0.000000,5.406250,5.375000,5.375000,1.049899,10000
1982-11-24,0.000000,5.437500,5.375000,5.375000,1.049899,15600
1982-11-26,0.000000,5.468750,5.406250,5.406250,1.056002,22800
1982-11-29,0.000000,5.468750,5.406250,5.406250,1.056002,18400
1982-11-30,0.000000,5.468750,5.406250,5.406250,1.056002,30000
1982-12-01,0.000000,5.468750,5.406250,5.406250,1.056002,8800
1982-12-02,0.000000,5.406250,5.343750,5.343750,1.043795,37200
1982-12-03,0.000000,5.406250,5.343750,5.343750,1.043795,7600
1982-12-06,0.000000,5.406250,5.343750,5.343750,1.043795,12800
1982-12-07,0.000000,5.437500,5.375000,5.375000,1.049899,20400
1982-12-08,0.000000,5.437500,5.375000,5.375000,1.049899,24000
1982-12-09,0.000000,5.437500,5.375000,5.375000,1.049899,38400
1982-12-10,0.000000,5.437500,5.375000,5.375000,1.049899,8800
1982-12-13,0.000000,5.437500,5.375000,5.375000,1.049899,9600
1982-12-14,0.000000,5.437500,5.375000,5.375000,1.049899,17200
1982-12-15,0.000000,5.437500,5.375000,5.375000,1.049899,18000
1982-12-16,0.000000,5.406250,5.343750,5.343750,1.043795,26000
1982-12-17,0.000000,5.406250,5.343750,5.343750,1.043795,8800
1982-12-20,0.000000,5.468750,5.375000,5.375000,1.049899,17600
1982-12-21,0.000000,5.500000,5.406250,5.406250,1.056002,40400
1982-12-22,0.000000,5.562500,5.500000,5.500000,1.074314,35600
1982-12-23,0.000000,5.687500,5.593750,5.593750,1.092626,25200
1982-12-27,0.000000,5.656250,5.593750,5.593750,1.092626,13600
1982-12-28,0.000000,5.687500,5.625000,5.625000,1.098731,21600
1982-12-29,0.000000,5.687500,5.625000,5.625000,1.098731,11600
1982-12-30,0.000000,5.687500,5.593750,5.593750,1.092626,24800
1982-12-31,0.000000,5.656250,5.593750,5.593750,1.092626,4800
1983-01-03,0.000000,5.656250,5.625000,5.625000,1.098731,7200
1983-01-04,0.000000,5.656250,5.625000,5.625000,1.098731,16000
1983-01-05,0.000000,5.718750,5.656250,5.656250,1.104836,30000
1983-01-06,0.000000,5.968750,5.906250,5.906250,1.153667,77200
1983-01-07,0.000000,5.906250,5.812500,5.812500,1.135355,56800
1983-01-10,0.000000,5.843750,5.781250,5.781250,1.129251,34800
1983-01-11,0.000000,5.843750,5.781250,5.781250,1.129251,14800
1983-01-12,0.000000,5.812500,5.750000,5.750000,1.123147,30800
1983-01-13,0.000000,5.812500,5.750000,5.750000,1.123147,5600
1983-01-14,0.000000,5.781250,5.718750,5.718750,1.117043,25200
1983-01-17,0.000000,5.781250,5.718750,5.718750,1.117043,10400
1983-01-18,0.000000,5.781250,5.687500,5.687500,1.110939,46000
1983-01-19,0.000000,5.781250,5.718750,5.718750,1.117043,17600
1983-01-20,0.000000,5.843750,5.781250,5.781250,1.129251,50000
1983-01-21,0.000000,5.937500,5.843750,5.843750,1.141460,36400
1983-01-24,0.000000,5.843750,5.781250,5.781250,1.129251,64800
1983-01-25,0.000000,5.875000,5.812500,5.812500,1.135355,19200
1983-01-26,0.000000,5.937500,5.875000,5.875000,1.147564,16400
1983-01-27,0.000000,5.937500,5.875000,5.875000,1.147564,13200
1983-01-28,0.000000,5.968750,5.875000,5.875000,1.147564,14800
1983-01-31,0.000000,6.062500,6.000000,6.000000,1.171980,41600
1983-02-01,0.000000,6.031250,5.968750,5.968750,1.165876,25600
1983-02-02,0.000000,6.000000,5.937500,5.937500,1.159771,12800
1983-02-03,0.000000,6.031250,5.937500,5.937500,1.159771,44400
1983-02-04,0.000000,6.062500,5.968750,5.968750,1.165876,6000
1983-02-07,0.000000,6.062500,5.968750,5.968750,1.165876,13600
1983-02-08,0.000000,6.000000,5.937500,5.937500,1.159771,28000
1983-02-09,0.000000,5.843750,5.750000,5.750000,1.123147,31600
1983-02-10,0.000000,5.750000,5.718750,5.718750,1.117043,28000
1983-02-11,0.000000,5.750000,5.687500,5.687500,1.110939,33600
1983-02-14,0.000000,5.750000,5.687500,5.687500,1.110939,24000
1983-02-15,0.000000,5.750000,5.687500,5.687500,1.110939,18800
1983-02-16,0.000000,5.750000,5.687500,5.687500,1.110939,26000
1983-02-17,0.000000,5.718750,5.656250,5.656250,1.104836,20400
1983-02-18,0.000000,5.687500,5.625000,5.625000,1.098731,8800
1983-02-22,0.000000,5.718750,5.625000,5.625000,1.098731,26400
1983-02-23,0.000000,5.718750,5.656250,5.656250,1.104836,18800
1983-02-24,0.000000,5.718750,5.656250,5.656250,1.104836,26400
1983-02-25,0.000000,5.718750,5.687500,5.687500,1.110939,15600
1983-02-28,0.000000,5.750000,5.687500,5.687500,1.110939,17200
1983-03-01,0.000000,5.750000,5.687500,5.687500,1.110939,18400
1983-03-02,0.000000,5.750000,5.687500,5.687500,1.110939,22800
1983-03-03,0.000000,5.781250,5.718750,5.718750,1.117043,19200
1983-03-04,0.000000,5.812500,5.750000,5.750000,1.123147,15600
1983-03-07,0.000000,5.843750,5.750000,5.750000,1.123147,23200
1983-03-08,0.000000,5.812500,5.750000,5.750000,1.123147,15200
1983-03-09,0.000000,5.812500,5.750000,5.750000,1.123147,36400
1983-03-10,0.000000,5.812500,5.718750,5.718750,1.117043,14000
1983-03-11,0.000000,5.781250,5.750000,5.750000,1.123147,12800
1983-03-14,0.000000,5.781250,5.718750,5.718750,1.117043,28000
1983-03-15,0.000000,5.781250,5.718750,5.718750,1.117043,14000
1983-03-16,0.000000,5.781250,5.718750,5.718750,1.117043,10000
1983-03-17,0.000000,5.750000,5.718750,5.718750,1.117043,11600
1983-03-18,0.000000,5.750000,5.718750,5.718750,1.117043,29200
1983-03-21,0.000000,5.750000,5.718750,5.718750,1.117043,8000
1983-03-22,0.000000,5.750000,5.718750,5.718750,1.117043,12400
1983-03-23,0.000000,5.750000,5.718750,5.718750,1.117043,36000
1983-03-24,0.000000,5.812500,5.750000,5.750000,1.123147,64400
1983-03-25,0.000000,5.812500,5.750000,5.750000,1.123147,11200
1983-03-28,0.000000,5.812500,5.718750,5.718750,1.117043,8800
1983-03-29,0.000000,5.812500,5.750000,5.750000,1.123147,14800
1983-03-30,0.000000,5.781250,5.687500,5.687500,1.110939,17600
1983-03-31,0.000000,5.781250,5.687500,5.687500,1.110939,7200
1983-04-04,0.000000,5.750000,5.687500,5.687500,1.110939,15200
1983-04-05,0.000000,5.750000,5.687500,5.687500,1.110939,7200
1983-04-06,0.000000,5.750000,5.687500,5.687500,1.110939,45200
1983-04-07,0.000000,5.750000,5.687500,5.687500,1.110939,32400
1983-04-08,0.000000,5.781250,5.718750,5.718750,1.117043,8400
1983-04-11,0.000000,5.781250,5.750000,5.750000,1.123147,30400
1983-04-12,0.000000,5.875000,5.812500,5.812500,1.135355,23600
1983-04-13,0.000000,6.000000,5.937500,5.937500,1.159771,32800
1983-04-14,0.000000,6.000000,5.937500,5.937500,1.159771,11200
1983-04-15,0.000000,6.000000,5.937500,5.937500,1.159771,13200
1983-04-18,0.000000,5.968750,5.906250,5.906250,1.153667,22000
1983-04-19,0.000000,5.906250,5.843750,5.843750,1.141460,24800
1983-04-20,0.000000,5.875000,5.812500,5.812500,1.135355,22400
1983-04-21,0.000000,5.875000,5.812500,5.812500,1.135355,12800
1983-04-22,0.000000,5.906250,5.812500,5.812500,1.135355,15200
1983-04-25,0.000000,5.906250,5.843750,5.843750,1.141460,13600
1983-04-26,0.000000,5.968750,5.875000,5.875000,1.147564,24800
1983-04-27,0.000000,6.000000,5.968750,5.968750,1.165876,68400
1983-04-28,0.000000,6.031250,5.968750,5.968750,1.165876,20000
1983-04-29,0.000000,6.031250,5.968750,5.968750,1.165876,12400
1983-05-02,0.000000,6.031250,5.937500,5.937500,1.159771,25200
1983-05-03,0.000000,6.000000,5.906250,5.906250,1.153667,11600
1983-05-04,0.000000,6.000000,5.937500,5.937500,1.159771,12000
1983-05-05,0.000000,5.968750,5.906250,5.906250,1.153667,12000
1983-05-06,0.000000,5.968750,5.906250,5.906250,1.153667,32000
1983-05-09,0.000000,5.906250,5.812500,5.812500,1.135355,12400
1983-05-10,0.000000,5.875000,5.843750,5.843750,1.141460,37600
1983-05-11,0.000000,5.718750,5.656250,5.656250,1.104836,109200
1983-05-12,0.000000,5.750000,5.656250,5.656250,1.104836,38000
1983-05-13,0.000000,5.750000,5.656250,5.656250,1.104836,11200
1983-05-16,0.000000,5.750000,5.656250,5.656250,1.104836,6400
1983-05-17,0.000000,5.750000,5.656250,5.656250,1.104836,11600
1983-05-18,0.000000,5.718750,5.656250,5.656250,1.104836,24400
1983-05-19,0.000000,5.687500,5.625000,5.625000,1.098731,16000
1983-05-20,0.000000,5.687500,5.625000,5.625000,1.098731,10400
1983-05-23,0.000000,5.656250,5.593750,5.593750,1.092626,18800
1983-05-24,0.000000,5.656250,5.593750,5.593750,1.092626,7200
1983-05-25,0.000000,5.718750,5.625000,5.625000,1.098731,39600
1983-05-26,0.000000,5.718750,5.656250,5.656250,1.104836,8800
1983-05-27,0.000000,5.718750,5.656250,5.656250,1.104836,5600
1983-05-31,0.000000,5.718750,5.656250,5.656250,1.104836,7600
1983-06-01,0.000000,5.687500,5.625000,5.625000,1.098731,11600
1983-06-02,0.000000,5.718750,5.625000,5.625000,1.098731,5200
1983-06-03,0.000000,5.718750,5.656250,5.656250,1.104836,9200
1983-06-06,0.000000,5.718750,5.656250,5.656250,1.104836,14400
1983-06-07,0.000000,5.718750,5.625000,5.625000,1.098731,34000
1983-06-08,0.000000,5.687500,5.625000,5.625000,1.098731,46400
1983-06-09,0.000000,5.687500,5.625000,5.625000,1.098731,19600
1983-06-10,0.000000,5.687500,5.625000,5.625000,1.098731,11600
1983-06-13,0.000000,5.718750,5.625000,5.625000,1.098731,6400
1983-06-14,0.000000,5.718750,5.656250,5.656250,1.104836,21200
1983-06-15,0.000000,5.718750,5.656250,5.656250,1.104836,7200
1983-06-16,0.000000,5.718750,5.656250,5.656250,1.104836,15600
1983-06-17,0.000000,5.718750,5.656250,5.656250,1.104836,14800
1983-06-20,0.000000,5.718750,5.656250,5.656250,1.104836,12000
1983-06-21,0.000000,5.750000,5.687500,5.687500,1.110939,27200
1983-06-22,0.000000,5.718750,5.656250,5.656250,1.104836,16400
1983-06-23,0.000000,5.718750,5.656250,5.656250,1.104836,5200
1983-06-24,0.000000,5.718750,5.625000,5.625000,1.098731,23600
1983-06-27,0.000000,5.656250,5.562500,5.562500,1.086523,79200
1983-06-28,0.000000,5.656250,5.562500,5.562500,1.086523,17200
1983-06-29,0.000000,5.625000,5.562500,5.562500,1.086523,10400
1983-06-30,0.000000,5.687500,5.625000,5.625000,1.098731,15200
1983-07-01,0.000000,5.656250,5.625000,5.625000,1.098731,9200
1983-07-05,0.000000,5.625000,5.593750,5.593750,1.092626,20400
1983-07-06,0.000000,5.625000,5.531250,5.531250,1.080419,19200
1983-07-07,0.000000,5.593750,5.531250,5.531250,1.080419,25600
1983-07-08,0.000000,5.562500,5.500000,5.500000,1.074314,28800
1983-07-11,0.000000,5.562500,5.500000,5.500000,1.074314,13600
1983-07-12,0.000000,5.531250,5.468750,5.468750,1.068211,12400
1983-07-13,0.000000,5.500000,5.406250,5.406250,1.056002,20800
1983-07-14,0.000000,5.437500,5.406250,5.406250,1.056002,24800
1983-07-15,0.000000,5.437500,5.343750,5.343750,1.043795,20800
1983-07-18,0.000000,5.437500,5.375000,5.375000,1.049899,8800
1983-07-19,0.000000,5.437500,5.375000,5.375000,1.049899,9200
1983-07-20,0.000000,5.531250,5.437500,5.437500,1.062107,18800
1983-07-21,0.000000,5.625000,5.531250,5.531250,1.080419,12000
1983-07-22,0.000000,5.750000,5.656250,5.656250,1.104836,27200
1983-07-25,0.000000,5.781250,5.687500,5.687500,1.110939,4800
1983-07-26,0.000000,5.812500,5.750000,5.750000,1.123147,14000
1983-07-27,0.000000,5.843750,5.750000,5.750000,1.123147,11600
1983-07-28,5.750000,5.750000,5.750000,5.750000,1.123147,0
1983-07-29,0.000000,5.843750,5.750000,5.750000,1.123147,10000
1983-08-01,0.000000,5.843750,5.781250,5.781250,1.129251,24400
1983-08-02,0.000000,5.906250,5.843750,5.843750,1.141460,13200
1983-08-03,0.000000,6.000000,5.875000,5.875000,1.147564,24000
1983-08-04,0.000000,5.968750,5.875000,5.875000,1.147564,10000
1983-08-05,0.000000,5.968750,5.875000,5.875000,1.147564,13600
1983-08-08,0.000000,5.968750,5.906250,5.906250,1.153667,12000
1983-08-09,0.000000,5.875000,5.781250,5.781250,1.129251,22800
1983-08-10,0.000000,5.843750,5.781250,5.781250,1.129251,9200
1983-08-11,0.000000,5.843750,5.781250,5.781250,1.129251,7200
1983-08-12,0.000000,5.875000,5.781250,5.781250,1.129251,4000
1983-08-15,0.000000,5.875000,5.781250,5.781250,1.129251,5600
1983-08-16,0.000000,5.812500,5.781250,5.781250,1.129251,9200
1983-08-17,0.000000,5.843750,5.781250,5.781250,1.129251,19600
1983-08-18,0.000000,5.812500,5.781250,5.781250,1.129251,17200
1983-08-19,0.000000,5.812500,5.750000,5.750000,1.123147,5200
1983-08-22,0.000000,5.875000,5.781250,5.781250,1.129251,11600
1983-08-23,0.000000,5.875000,5.781250,5.781250,1.129251,9200
1983-08-24,0.000000,5.875000,5.781250,5.781250,1.129251,28400
1983-08-25,0.000000,5.843750,5.781250,5.781250,1.129251,19200
1983-08-26,0.000000,5.812500,5.750000,5.750000,1.123147,10800
1983-08-29,0.000000,5.812500,5.750000,5.750000,1.123147,7600
1983-08-30,0.000000,5.812500,5.750000,5.750000,1.123147,11600
1983-08-31,0.000000,5.812500,5.750000,5.750000,1.123147,9200
1983-09-01,0.000000,5.843750,5.781250,5.781250,1.129251,17600
1983-09-02,0.000000,5.812500,5.781250,5.781250,1.129251,30000
1983-09-06,0.000000,5.812500,5.781250,5.781250,1.129251,13200
1983-09-07,0.000000,5.812500,5.781250,5.781250,1.129251,5200
1983-09-08,0.000000,5.906250,5.812500,5.812500,1.135355,10000
1983-09-09,0.000000,5.875000,5.812500,5.812500,1.135355,8800
1983-09-12,0.000000,5.906250,5.843750,5.843750,1.141460,33200
1983-09-13,0.000000,5.906250,5.843750,5.843750,1.141460,10000
1983-09-14,0.000000,5.937500,5.843750,5.843750,1.141460,20000
1983-09-15,0.000000,5.937500,5.875000,5.875000,1.147564,4400
1983-09-16,0.000000,5.937500,5.875000,5.875000,1.147564,2800
1983-09-19,0.000000,5.968750,5.937500,5.937500,1.159771,43600
1983-09-20,0.000000,6.031250,5.968750,5.968750,1.165876,11200
1983-09-21,0.000000,6.093750,6.000000,6.000000,1.171980,9600
1983-09-22,0.000000,6.093750,6.031250,6.031250,1.178083,8400
1983-09-23,0.000000,6.093750,6.031250,6.031250,1.178083,21200
1983-09-26,0.000000,6.156250,6.062500,6.062500,1.184188,10800
1983-09-27,0.000000,6.125000,6.062500,6.062500,1.184188,5600
1983-09-28,0.000000,6.125000,6.062500,6.062500,1.184188,6400
1983-09-29,0.000000,6.125000,6.062500,6.062500,1.184188,11600
1983-09-30,0.000000,6.125000,6.062500,6.062500,1.184188,33200
1983-10-03,0.000000,6.125000,6.031250,6.031250,1.178083,57200
1983-10-04,0.000000,6.093750,6.031250,6.031250,1.178083,11600
1983-10-05,0.000000,6.156250,6.093750,6.093750,1.190292,33200
1983-10-06,0.000000,6.406250,6.343750,6.343750,1.239125,50800
1983-10-07,0.000000,6.468750,6.406250,6.406250,1.251333,34800
1983-10-10,0.000000,6.531250,6.468750,6.468750,1.263540,46000
1983-10-11,0.000000,6.406250,6.343750,6.343750,1.239125,43600
1983-10-12,0.000000,6.281250,6.218750,6.218750,1.214707,22800
1983-10-13,0.000000,6.281250,6.218750,6.218750,1.214707,11200
1983-10-14,0.000000,6.250000,6.187500,6.187500,1.208604,6000
1983-10-17,0.000000,6.281250,6.187500,6.187500,1.208604,5600
1983-10-18,0.000000,6.218750,6.125000,6.125000,1.196396,24800
1983-10-19,0.000000,6.187500,6.125000,6.125000,1.196396,28000
1983-10-20,0.000000,6.218750,6.125000,6.125000,1.196396,26400
1983-10-21,0.000000,6.250000,6.187500,6.187500,1.208604,35600
1983-10-24,0.000000,6.218750,6.125000,6.125000,1.196396,20400
1983-10-25,0.000000,6.218750,6.156250,6.156250,1.202499,7200
1983-10-26,0.000000,6.218750,6.156250,6.156250,1.202499,6000
1983-10-27,0.000000,6.218750,6.156250,6.156250,1.202499,6400
1983-10-28,0.000000,6.218750,6.187500,6.187500,1.208604,28800
1983-10-31,0.000000,6.218750,6.187500,6.187500,1.208604,4800
1983-11-01,0.000000,6.218750,6.187500,6.187500,1.208604,4400
1983-11-02,0.000000,6.218750,6.156250,6.156250,1.202499,12400
1983-11-03,0.000000,6.218750,6.156250,6.156250,1.202499,15200
1983-11-04,0.000000,6.218750,6.156250,6.156250,1.202499,13600
1983-11-07,0.000000,6.093750,6.031250,6.031250,1.178083,21200
1983-11-08,0.000000,6.093750,6.031250,6.031250,1.178083,4800
1983-11-09,0.000000,6.156250,6.093750,6.093750,1.190292,24000
1983-11-10,0.000000,6.218750,6.125000,6.125000,1.196396,11200
1983-11-11,0.000000,6.250000,6.156250,6.156250,1.202499,21600
1983-11-14,0.000000,6.312500,6.250000,6.250000,1.220812,38400
1983-11-15,0.000000,6.375000,6.312500,6.312500,1.233020,24400
1983-11-16,0.000000,6.531250,6.437500,6.437500,1.257437,42400
1983-11-17,0.000000,6.500000,6.437500,6.437500,1.257437,18800
1983-11-18,0.000000,6.437500,6.343750,6.343750,1.239125,52400
1983-11-21,0.000000,6.437500,6.375000,6.375000,1.245229,31200
1983-11-22,0.000000,6.437500,6.375000,6.406250,1.251333,16800
1983-11-23,0.000000,6.468750,6.406250,6.406250,1.251333,10800
1983-11-25,0.000000,6.437500,6.375000,6.375000,1.245229,9600
1983-11-28,0.000000,6.437500,6.375000,6.375000,1.245229,13200
1983-11-29,0.000000,6.437500,6.375000,6.375000,1.245229,29200
1983-11-30,0.000000,6.437500,6.250000,6.250000,1.220812,24000
1983-12-01,0.000000,6.312500,6.093750,6.187500,1.208604,40400
1983-12-02,0.000000,6.125000,6.062500,6.062500,1.184188,10400
1983-12-05,0.000000,6.093750,6.062500,6.062500,1.184188,10800
1983-12-06,0.000000,6.156250,6.062500,6.156250,1.202499,26400
1983-12-07,0.000000,6.187500,6.125000,6.187500,1.208604,24400
1983-12-08,0.000000,6.187500,6.156250,6.156250,1.202499,19600
1983-12-09,0.000000,6.218750,6.156250,6.218750,1.214707,22400
1983-12-12,0.000000,6.250000,6.156250,6.187500,1.208604,15600
1983-12-13,0.000000,6.250000,6.187500,6.218750,1.214707,13600
1983-12-14,0.000000,6.250000,6.187500,6.187500,1.208604,24400
1983-12-15,0.000000,6.218750,6.187500,6.218750,1.214707,21600
1983-12-16,0.000000,6.218750,6.187500,6.187500,1.208604,1600
1983-12-19,0.000000,6.218750,6.187500,6.218750,1.214707,11600
1983-12-20,0.000000,6.250000,6.187500,6.187500,1.208604,19600
1983-12-21,0.000000,6.312500,6.187500,6.250000,1.220812,23200
1983-12-22,0.000000,6.312500,6.218750,6.218750,1.214707,3600
1983-12-23,0.000000,6.312500,6.218750,6.250000,1.220812,14400
1983-12-27,0.000000,6.312500,6.250000,6.312500,1.233020,18800
1983-12-28,0.000000,6.312500,6.187500,6.250000,1.220812,40400
1983-12-29,0.000000,6.250000,6.187500,6.250000,1.220812,9600
1983-12-30,0.000000,6.250000,6.187500,6.187500,1.208604,31600
1984-01-03,0.000000,6.218750,6.125000,6.156250,1.202499,5600
1984-01-04,0.000000,6.343750,6.156250,6.343750,1.239125,35600
1984-01-05,0.000000,6.375000,6.312500,6.312500,1.233020,71200
1984-01-06,0.000000,6.343750,6.281250,6.312500,1.233020,12400
1984-01-09,0.000000,6.312500,6.250000,6.312500,1.233020,19200
1984-01-10,0.000000,6.312500,6.250000,6.312500,1.233020,18000
1984-01-11,0.000000,6.312500,6.250000,6.312500,1.233020,20400
1984-01-12,0.000000,6.312500,6.187500,6.281250,1.226916,40800
1984-01-13,0.000000,6.281250,6.093750,6.250000,1.220812,17600
1984-01-16,0.000000,6.250000,6.187500,6.187500,1.208604,11200
1984-01-17,0.000000,6.187500,6.125000,6.187500,1.208604,33200
1984-01-18,0.000000,6.218750,6.125000,6.156250,1.202499,19200
1984-01-19,0.000000,6.312500,6.156250,6.312500,1.233020,18800
1984-01-20,0.000000,6.375000,6.281250,6.375000,1.245229,11200
1984-01-23,0.000000,6.375000,6.281250,6.281250,1.226916,8400
1984-01-24,0.000000,6.468750,6.281250,6.437500,1.257437,50800
1984-01-25,0.000000,6.468750,6.375000,6.406250,1.251333,19200
1984-01-26,0.000000,6.500000,6.375000,6.375000,1.245229,15600
1984-01-27,0.000000,6.437500,6.375000,6.437500,1.257437,9600
1984-01-30,0.000000,6.500000,6.375000,6.500000,1.269644,20400
1984-01-31,0.000000,6.687500,6.468750,6.687500,1.306270,30400
1984-02-01,0.000000,6.687500,6.562500,6.625000,1.294060,14800
1984-02-02,0.000000,6.593750,6.531250,6.531250,1.275749,15600
1984-02-03,0.000000,6.625000,6.531250,6.625000,1.294060,10800
1984-02-06,0.000000,6.625000,6.562500,6.625000,1.294060,9600
1984-02-07,0.000000,6.593750,6.500000,6.562500,1.281853,50400
1984-02-08,0.000000,6.406250,6.343750,6.343750,1.239125,12800
1984-02-09,0.000000,6.406250,6.343750,6.343750,1.239125,32400
1984-02-10,0.000000,6.406250,6.343750,6.343750,1.239125,4400
1984-02-13,0.000000,6.375000,6.250000,6.343750,1.239125,26000
1984-02-14,0.000000,6.343750,6.250000,6.312500,1.233020,26000
1984-02-15,0.000000,6.312500,6.250000,6.312500,1.233020,30800
1984-02-16,0.000000,6.343750,6.250000,6.312500,1.233020,26800
1984-02-17,0.000000,6.312500,6.250000,6.250000,1.220812,32400
1984-02-21,0.000000,6.312500,6.218750,6.218750,1.214707,43200
1984-02-22,0.000000,6.250000,6.187500,6.250000,1.220812,16000
1984-02-23,0.000000,6.250000,6.187500,6.218750,1.214707,23600
1984-02-24,0.000000,6.281250,6.187500,6.281250,1.226916,20800
1984-02-27,0.000000,6.312500,6.250000,6.312500,1.233020,12400
1984-02-28,0.000000,6.375000,6.281250,6.281250,1.226916,9200
1984-02-29,0.000000,6.343750,6.281250,6.281250,1.226916,11200
1984-03-01,0.000000,6.375000,6.281250,6.312500,1.233020,24800
1984-03-02,0.000000,6.343750,6.312500,6.312500,1.233020,11600
1984-03-05,0.000000,6.343750,6.312500,6.343750,1.239125,12400
1984-03-06,0.000000,6.312500,6.250000,6.250000,1.220812,5600
1984-03-07,0.000000,6.281250,6.187500,6.187500,1.208604,30000
1984-03-08,0.000000,6.250000,6.187500,6.250000,1.220812,4400
1984-03-09,0.000000,6.250000,6.187500,6.187500,1.208604,8000
1984-03-12,0.000000,6.250000,6.187500,6.187500,1.208604,14400
1984-03-13,0.000000,6.250000,6.187500,6.250000,1.220812,6400
1984-03-14,0.000000,6.250000,6.187500,6.187500,1.208604,22400
1984-03-15,0.000000,6.250000,6.187500,6.187500,1.208604,4000
1984-03-16,0.000000,6.250000,6.187500,6.250000,1.220812,14800
1984-03-19,0.000000,6.218750,6.156250,6.218750,1.214707,11600
1984-03-20,0.000000,6.218750,6.187500,6.218750,1.214707,34000
1984-03-21,0.000000,6.218750,6.156250,6.187500,1.208604,28400
1984-03-22,0.000000,6.187500,6.125000,6.125000,1.196396,31600
1984-03-23,0.000000,6.187500,6.125000,6.125000,1.196396,15200
1984-03-26,0.000000,6.187500,6.125000,6.187500,1.208604,4000
1984-03-27,0.000000,6.218750,6.156250,6.218750,1.214707,8800
1984-03-28,0.000000,6.281250,6.156250,6.281250,1.226916,9200
1984-03-29,0.000000,6.312500,6.281250,6.281250,1.226916,8000
1984-03-30,0.000000,6.375000,6.312500,6.312500,1.233020,24800
1984-04-02,0.000000,6.406250,6.312500,6.312500,1.233020,8800
1984-04-03,0.000000,6.375000,6.312500,6.312500,1.233020,10800
1984-04-04,0.000000,6.312500,6.250000,6.250000,1.220812,19200
1984-04-05,0.000000,6.312500,6.187500,6.250000,1.220812,14800
1984-04-06,0.000000,6.281250,6.218750,6.218750,1.214707,13200
1984-04-09,0.000000,6.250000,6.187500,6.187500,1.208604,14800
1984-04-10,0.000000,6.250000,6.187500,6.218750,1.214707,18800
1984-04-11,0.000000,6.250000,6.218750,6.250000,1.220812,6400
1984-04-12,0.000000,6.250000,6.187500,6.250000,1.220812,19600
1984-04-13,0.000000,6.250000,6.218750,6.218750,1.214707,25600
1984-04-16,0.000000,6.250000,6.187500,6.187500,1.208604,20000
1984-04-17,0.000000,6.250000,6.125000,6.218750,1.214707,16400
1984-04-18,0.000000,6.218750,6.187500,6.218750,1.214707,7600
1984-04-19,0.000000,6.218750,6.156250,6.187500,1.208604,10000
1984-04-23,0.000000,6.218750,6.125000,6.218750,1.214707,15200
1984-04-24,0.000000,6.218750,6.156250,6.218750,1.214707,12000
1984-04-25,0.000000,6.218750,6.156250,6.156250,1.202499,13600
1984-04-26,0.000000,6.218750,6.156250,6.187500,1.208604,8400
1984-04-27,0.000000,6.281250,6.187500,6.218750,1.214707,35600
1984-04-30,0.000000,6.250000,6.218750,6.218750,1.214707,20400
1984-05-01,0.000000,6.250000,6.187500,6.187500,1.208604,11200
1984-05-02,0.000000,6.218750,6.187500,6.218750,1.214707,5600
1984-05-03,0.000000,6.250000,6.218750,6.218750,1.214707,20800
1984-05-04,0.000000,6.250000,6.187500,6.250000,1.220812,27200
1984-05-07,0.000000,6.250000,6.125000,6.218750,1.214707,36000
1984-05-08,0.000000,6.250000,6.187500,6.187500,1.208604,13200
1984-05-09,0.000000,6.187500,6.125000,6.187500,1.208604,16400
1984-05-10,0.000000,6.187500,6.093750,6.093750,1.190292,20000
1984-05-11,0.000000,6.125000,6.000000,6.093750,1.190292,19200
1984-05-14,0.000000,6.093750,6.000000,6.062500,1.184188,16000
1984-05-15,0.000000,6.062500,5.906250,5.937500,1.159771,25600
1984-05-16,0.000000,5.906250,5.843750,5.875000,1.147564,24000
1984-05-17,0.000000,5.875000,5.812500,5.875000,1.147564,13600
1984-05-18,0.000000,5.875000,5.812500,5.875000,1.147564,53600
1984-05-21,0.000000,5.875000,5.781250,5.875000,1.147564,28800
1984-05-22,0.000000,5.875000,5.781250,5.812500,1.135355,8800
1984-05-23,0.000000,5.906250,5.812500,5.843750,1.141460,29600
1984-05-24,0.000000,5.937500,5.843750,5.843750,1.141460,7600
1984-05-25,0.000000,5.875000,5.812500,5.875000,1.147564,5200
1984-05-29,0.000000,5.875000,5.812500,5.843750,1.141460,6000
1984-05-30,0.000000,5.875000,5.750000,5.875000,1.147564,28000
1984-05-31,0.000000,5.843750,5.781250,5.781250,1.129251,13600
1984-06-01,0.000000,5.906250,5.781250,5.906250,1.153667,14800
1984-06-04,0.000000,6.000000,5.875000,6.000000,1.171980,14000
1984-06-05,0.000000,5.968750,5.875000,5.937500,1.159771,10400
1984-06-06,0.000000,5.968750,5.906250,5.906250,1.153667,9200
1984-06-07,0.000000,6.000000,5.906250,6.000000,1.171980,12400
1984-06-08,0.000000,6.031250,5.937500,5.937500,1.159771,9200
1984-06-11,0.000000,6.031250,5.906250,5.906250,1.153667,9600
1984-06-12,0.000000,5.968750,5.906250,5.968750,1.165876,9200
1984-06-13,0.000000,6.000000,5.781250,5.968750,1.165876,16800
1984-06-14,0.000000,6.031250,5.968750,6.000000,1.171980,6800
1984-06-15,0.000000,6.093750,6.000000,6.093750,1.190292,27200
1984-06-18,0.000000,6.093750,6.031250,6.031250,1.178083,4800
1984-06-19,0.000000,6.156250,6.062500,6.125000,1.196396,21600
1984-06-20,0.000000,6.187500,6.125000,6.187500,1.208604,8000
1984-06-21,0.000000,6.187500,6.125000,6.125000,1.196396,8400
1984-06-22,0.000000,6.156250,6.125000,6.156250,1.202499,6800
1984-06-25,0.000000,6.187500,6.125000,6.187500,1.208604,18400
1984-06-26,0.000000,6.187500,6.125000,6.125000,1.196396,10400
1984-06-27,0.000000,6.156250,6.093750,6.125000,1.196396,26000
1984-06-28,0.000000,6.156250,6.093750,6.125000,1.196396,72000
1984-06-29,0.000000,6.156250,6.093750,6.125000,1.196396,2400
1984-07-02,0.000000,6.156250,6.125000,6.125000,1.196396,3600
1984-07-03,0.000000,6.156250,6.093750,6.125000,1.196396,11600
1984-07-05,0.000000,6.156250,6.093750,6.093750,1.190292,7600
1984-07-06,0.000000,6.125000,6.062500,6.062500,1.184188,6000
1984-07-09,0.000000,6.125000,6.062500,6.062500,1.184188,12400
1984-07-10,0.000000,6.125000,6.062500,6.125000,1.196396,20800
1984-07-11,0.000000,6.125000,6.062500,6.062500,1.184188,4400
1984-07-12,0.000000,6.125000,6.062500,6.062500,1.184188,8000
1984-07-13,0.000000,6.187500,6.062500,6.093750,1.190292,10800
1984-07-16,0.000000,6.187500,6.125000,6.125000,1.196396,25200
1984-07-17,0.000000,6.187500,6.125000,6.187500,1.208604,10800
1984-07-18,0.000000,6.187500,6.156250,6.156250,1.202499,8400
1984-07-19,0.000000,6.218750,6.156250,6.218750,1.214707,4800
1984-07-20,0.000000,6.218750,6.156250,6.218750,1.214707,36000
1984-07-23,0.000000,6.218750,6.125000,6.218750,1.214707,20400
1984-07-24,0.000000,6.281250,6.125000,6.218750,1.214707,34800
1984-07-25,0.000000,6.281250,6.218750,6.281250,1.226916,6400
1984-07-26,0.000000,6.281250,6.187500,6.281250,1.226916,10400
1984-07-27,0.000000,6.281250,6.250000,6.250000,1.220812,8800
1984-07-30,0.000000,6.312500,6.250000,6.250000,1.220812,3200
1984-07-31,0.000000,6.312500,6.250000,6.250000,1.220812,22400
1984-08-01,0.000000,6.312500,6.250000,6.312500,1.233020,4800
1984-08-02,0.000000,6.406250,6.312500,6.406250,1.251333,57600
1984-08-03,0.000000,6.500000,6.406250,6.437500,1.257437,23600
1984-08-06,0.000000,6.687500,6.468750,6.625000,1.294060,64000
1984-08-07,0.000000,6.625000,6.531250,6.531250,1.275749,13200
1984-08-08,0.000000,6.593750,6.500000,6.531250,1.275749,31200
1984-08-09,0.000000,6.437500,6.281250,6.281250,1.226916,36800
1984-08-10,0.000000,6.375000,6.312500,6.375000,1.245229,55200
1984-08-13,0.000000,6.375000,6.312500,6.375000,1.245229,59200
1984-08-14,0.000000,6.406250,6.312500,6.312500,1.233020,12000
1984-08-15,0.000000,6.406250,6.312500,6.406250,1.251333,10400
1984-08-16,0.000000,6.406250,6.312500,6.312500,1.233020,12400
1984-08-17,0.000000,6.406250,6.312500,6.375000,1.245229,12000
1984-08-20,0.000000,6.406250,6.312500,6.406250,1.251333,13200
1984-08-21,0.000000,6.406250,6.343750,6.343750,1.239125,20000
1984-08-22,0.000000,6.406250,6.312500,6.312500,1.233020,20400
1984-08-23,0.000000,6.375000,6.312500,6.375000,1.245229,12400
1984-08-24,0.000000,6.406250,6.312500,6.406250,1.251333,33600
1984-08-27,0.000000,6.437500,6.343750,6.406250,1.251333,70000
1984-08-28,0.000000,6.437500,6.343750,6.437500,1.257437,5200
1984-08-29,0.000000,6.437500,6.375000,6.437500,1.257437,13200
1984-08-30,0.000000,6.468750,6.375000,6.437500,1.257437,7600
1984-08-31,0.000000,6.468750,6.406250,6.468750,1.263540,5600
1984-09-04,0.000000,6.500000,6.406250,6.468750,1.263540,20000
1984-09-05,0.000000,6.500000,6.406250,6.437500,1.257437,20000
1984-09-06,0.000000,6.500000,6.437500,6.500000,1.269644,10800
1984-09-07,0.000000,6.562500,6.437500,6.562500,1.281853,26800
1984-09-10,0.000000,6.625000,6.500000,6.562500,1.281853,23200
1984-09-11,0.000000,6.625000,6.562500,6.562500,1.281853,25200
1984-09-12,0.000000,6.625000,6.562500,6.625000,1.294060,26800
1984-09-13,0.000000,6.625000,6.562500,6.562500,1.281853,18800
1984-09-14,0.000000,6.625000,6.562500,6.562500,1.281853,20400
1984-09-17,0.000000,6.593750,6.500000,6.500000,1.269644,15600
1984-09-18,0.000000,6.593750,6.500000,6.593750,1.287957,24400
1984-09-19,0.000000,6.656250,6.593750,6.625000,1.294060,35600
1984-09-20,0.000000,6.656250,6.562500,6.625000,1.294060,49600
1984-09-21,0.000000,6.656250,6.562500,6.593750,1.287957,11600
1984-09-24,0.000000,6.656250,6.593750,6.593750,1.287957,7200
1984-09-25,0.000000,6.656250,6.593750,6.593750,1.287957,29600
1984-09-26,0.000000,6.625000,6.562500,6.562500,1.281853,13600
1984-09-27,0.000000,6.625000,6.562500,6.625000,1.294060,14800
1984-09-28,0.000000,6.593750,6.500000,6.593750,1.287957,22400
1984-10-01,0.000000,6.593750,6.500000,6.500000,1.269644,17600
1984-10-02,0.000000,6.562500,6.500000,6.562500,1.281853,15600
1984-10-03,0.000000,6.562500,6.500000,6.562500,1.281853,4800
1984-10-04,0.000000,6.625000,6.500000,6.562500,1.281853,45600
1984-10-05,0.000000,6.718750,6.562500,6.625000,1.294060,133600
1984-10-08,0.000000,6.718750,6.625000,6.718750,1.312374,31600
1984-10-09,0.000000,6.781250,6.656250,6.718750,1.312374,76000
1984-10-10,0.000000,6.812500,6.750000,6.750000,1.318477,18000
1984-10-11,0.000000,6.812500,6.750000,6.750000,1.318477,30400
1984-10-12,0.000000,6.812500,6.750000,6.750000,1.318477,14000
1984-10-15,0.000000,6.843750,6.750000,6.812500,1.330685,46000
1984-10-16,0.000000,6.875000,6.812500,6.812500,1.330685,104400
1984-10-17,0.000000,6.875000,6.812500,6.843750,1.336789,65200
1984-10-18,0.000000,6.968750,6.812500,6.906250,1.348997,56000
1984-10-19,0.000000,7.093750,7.000000,7.000000,1.367310,110000
1984-10-22,0.000000,7.031250,6.968750,6.968750,1.361206,29200
1984-10-23,0.000000,7.031250,6.968750,6.968750,1.361206,23200
1984-10-24,0.000000,7.031250,6.968750,7.000000,1.367310,29200
1984-10-25,0.000000,7.000000,6.968750,7.000000,1.367310,12400
1984-10-26,0.000000,7.000000,6.968750,6.968750,1.361206,22400
1984-10-29,0.000000,7.000000,6.843750,6.843750,1.336789,97200
1984-10-30,0.000000,6.906250,6.781250,6.843750,1.336789,29200
1984-10-31,0.000000,6.906250,6.843750,6.843750,1.336789,29200
1984-11-01,0.000000,6.937500,6.875000,6.875000,1.342893,24000
1984-11-02,0.000000,6.906250,6.812500,6.906250,1.348997,51600
1984-11-05,0.000000,6.937500,6.843750,6.875000,1.342893,38000
1984-11-06,0.000000,7.000000,6.875000,7.000000,1.367310,41600
1984-11-07,0.000000,7.031250,6.937500,7.031250,1.373414,34000
1984-11-08,0.000000,6.968750,6.843750,6.906250,1.348997,38400
1984-11-09,0.000000,7.000000,6.781250,7.000000,1.367310,22800
1984-11-12,0.000000,6.937500,6.875000,6.875000,1.342893,23600
1984-11-13,0.000000,6.937500,6.875000,6.875000,1.342893,6400
1984-11-14,0.000000,6.937500,6.812500,6.812500,1.330685,24400
1984-11-15,0.000000,6.875000,6.781250,6.812500,1.330685,18400
1984-11-16,0.000000,6.812500,6.687500,6.781250,1.324581,14000
1984-11-19,0.000000,6.750000,6.687500,6.687500,1.306270,12000
1984-11-20,0.000000,6.750000,6.687500,6.750000,1.318477,18800
1984-11-21,0.000000,6.750000,6.687500,6.750000,1.318477,25200
1984-11-23,0.000000,6.812500,6.718750,6.750000,1.318477,19200
1984-11-26,0.000000,6.875000,6.781250,6.812500,1.330685,10800
1984-11-27,0.000000,6.875000,6.812500,6.812500,1.330685,2000
1984-11-28,0.000000,6.875000,6.812500,6.875000,1.342893,4400
1984-11-29,0.000000,6.875000,6.812500,6.875000,1.342893,25200
1984-11-30,0.000000,6.875000,6.812500,6.875000,1.342893,24000
1984-12-03,0.000000,6.875000,6.812500,6.875000,1.342893,8400
1984-12-04,0.000000,6.906250,6.812500,6.875000,1.342893,27600
1984-12-05,0.000000,6.906250,6.875000,6.906250,1.348997,39200
1984-12-06,0.000000,6.906250,6.843750,6.843750,1.336789,21200
1984-12-07,0.000000,6.906250,6.843750,6.906250,1.348997,29600
1984-12-10,0.000000,6.875000,6.843750,6.843750,1.336789,10800
1984-12-11,0.000000,6.875000,6.843750,6.843750,1.336789,11200
1984-12-12,0.000000,6.875000,6.843750,6.843750,1.336789,18400
1984-12-13,0.000000,6.875000,6.843750,6.875000,1.342893,15600
1984-12-14,0.000000,6.875000,6.843750,6.875000,1.342893,14400
1984-12-17,0.000000,6.937500,6.875000,6.937500,1.355102,21200
1984-12-18,0.000000,6.937500,6.875000,6.937500,1.355102,29200
1984-12-19,0.000000,7.000000,6.906250,6.968750,1.361206,92000
1984-12-20,0.000000,7.000000,6.906250,7.000000,1.367310,18400
1984-12-21,0.000000,7.000000,6.906250,6.906250,1.348997,13600
1984-12-24,0.000000,7.000000,6.906250,7.000000,1.367310,7600
1984-12-26,0.000000,7.000000,6.937500,7.000000,1.367310,12800
1984-12-27,0.000000,6.968750,6.937500,6.968750,1.361206,22800
1984-12-28,0.000000,7.000000,6.937500,6.937500,1.355102,9600
1984-12-31,0.000000,6.968750,6.937500,6.968750,1.361206,14000
1985-01-02,0.000000,7.000000,6.937500,7.000000,1.367310,21200
1985-01-03,0.000000,7.000000,6.937500,6.937500,1.355102,8400
1985-01-04,0.000000,6.968750,6.875000,6.937500,1.355102,43200
1985-01-07,0.000000,6.937500,6.875000,6.906250,1.348997,21600
1985-01-08,0.000000,6.968750,6.906250,6.937500,1.355102,36800
1985-01-09,0.000000,7.031250,6.937500,7.031250,1.373414,53600
1985-01-10,0.000000,7.062500,6.968750,7.062500,1.379518,18000
1985-01-11,0.000000,7.093750,7.031250,7.062500,1.379518,17600
1985-01-14,0.000000,7.125000,7.031250,7.093750,1.385622,25200
1985-01-15,0.000000,7.125000,7.062500,7.093750,1.385622,41200
1985-01-16,0.000000,7.125000,7.062500,7.125000,1.391726,10400
1985-01-17,0.000000,7.125000,7.062500,7.093750,1.385622,13200
1985-01-18,0.000000,7.125000,7.062500,7.062500,1.379518,24000
1985-01-21,0.000000,7.125000,7.000000,7.093750,1.385622,24000
1985-01-22,0.000000,7.093750,7.000000,7.000000,1.367310,18800
1985-01-23,0.000000,7.062500,7.000000,7.062500,1.379518,16400
1985-01-24,0.000000,7.062500,7.000000,7.062500,1.379518,17600
1985-01-25,0.000000,7.125000,7.000000,7.031250,1.373414,37200
1985-01-28,0.000000,7.125000,7.062500,7.125000,1.391726,16000
1985-01-29,0.000000,7.218750,7.093750,7.218750,1.410037,41200
1985-01-30,0.000000,7.343750,7.156250,7.312500,1.428350,112000
1985-01-31,0.000000,7.343750,7.312500,7.343750,1.434454,24800
1985-02-01,0.000000,7.343750,7.281250,7.312500,1.428350,25600
1985-02-04,0.000000,7.343750,7.281250,7.343750,1.434454,16800
1985-02-05,0.000000,7.343750,7.281250,7.281250,1.422246,10800
1985-02-06,0.000000,7.312500,7.281250,7.281250,1.422246,30800
1985-02-07,0.000000,7.343750,7.281250,7.343750,1.434454,23600
1985-02-08,0.000000,7.343750,7.187500,7.187500,1.403935,27200
1985-02-11,0.000000,7.250000,7.187500,7.187500,1.403935,40400
1985-02-12,0.000000,7.250000,7.187500,7.250000,1.416142,6800
1985-02-13,0.000000,7.250000,7.125000,7.125000,1.391726,13600
1985-02-14,0.000000,7.187500,7.062500,7.062500,1.379518,30000
1985-02-15,0.000000,7.125000,7.062500,7.125000,1.391726,16800
1985-02-19,0.000000,7.125000,7.062500,7.062500,1.379518,6000
1985-02-20,0.000000,7.093750,7.000000,7.000000,1.367310,22400
1985-02-21,0.000000,7.062500,6.937500,7.000000,1.367310,36400
1985-02-22,0.000000,6.937500,6.875000,6.937500,1.355102,44800
1985-02-25,0.000000,6.937500,6.875000,6.937500,1.355102,8800
1985-02-26,0.000000,6.937500,6.843750,6.906250,1.348997,29600
1985-02-27,0.000000,6.906250,6.812500,6.812500,1.330685,37200
1985-02-28,0.000000,6.875000,6.812500,6.812500,1.330685,11200
1985-03-01,0.000000,6.875000,6.812500,6.812500,1.330685,8800
1985-03-04,0.000000,6.875000,6.812500,6.875000,1.342893,8000
1985-03-05,0.000000,6.906250,6.843750,6.906250,1.348997,19200
1985-03-06,0.000000,6.937500,6.875000,6.906250,1.348997,44400
1985-03-07,0.000000,6.968750,6.906250,6.968750,1.361206,19200
1985-03-08,0.000000,7.031250,6.937500,6.968750,1.361206,33600
1985-03-11,0.000000,7.062500,6.968750,7.062500,1.379518,22400
1985-03-12,0.000000,7.125000,7.000000,7.125000,1.391726,10400
1985-03-13,0.000000,7.125000,7.062500,7.125000,1.391726,16000
1985-03-14,0.000000,7.125000,7.000000,7.000000,1.367310,13600
1985-03-15,0.000000,7.125000,7.062500,7.125000,1.391726,38000
1985-03-18,0.000000,7.125000,7.062500,7.062500,1.379518,22000
1985-03-19,0.000000,7.187500,7.093750,7.187500,1.403935,22000
1985-03-20,0.000000,7.218750,7.125000,7.156250,1.397830,17200
1985-03-21,0.000000,7.250000,7.156250,7.156250,1.397830,24400
1985-03-22,0.000000,7.250000,7.187500,7.187500,1.403935,13600
1985-03-25,0.000000,7.187500,7.187500,7.187500,1.403935,1200
1985-03-26,0.000000,7.250000,7.187500,7.250000,1.416142,8400
1985-03-27,0.000000,7.312500,7.312500,7.312500,1.428350,4800
1985-03-28,0.000000,7.500000,7.250000,7.437500,1.452767,191200
1985-03-29,0.000000,7.437500,7.343750,7.406250,1.446662,45200
1985-04-01,0.000000,7.562500,7.343750,7.500000,1.464975,36800
1985-04-02,0.000000,7.625000,7.500000,7.625000,1.489391,18800
1985-04-03,0.000000,7.625000,7.562500,7.562500,1.477183,19600
1985-04-04,0.000000,7.625000,7.562500,7.562500,1.477183,14800
1985-04-08,0.000000,7.625000,7.562500,7.593750,1.483286,20400
1985-04-09,0.000000,7.625000,7.562500,7.562500,1.477183,26800
1985-04-10,0.000000,7.656250,7.593750,7.656250,1.495495,20400
1985-04-11,0.000000,7.718750,7.593750,7.625000,1.489391,40800
1985-04-12,0.000000,7.687500,7.625000,7.625000,1.489391,61200
1985-04-15,0.000000,7.687500,7.625000,7.687500,1.501598,12800
1985-04-16,0.000000,7.750000,7.625000,7.687500,1.501598,18400
1985-04-17,0.000000,7.750000,7.687500,7.687500,1.501598,22400
1985-04-18,0.000000,7.781250,7.687500,7.781250,1.519911,18000
1985-04-19,0.000000,7.781250,7.718750,7.718750,1.507703,30000
1985-04-22,0.000000,7.812500,7.718750,7.750000,1.513807,25200
1985-04-23,0.000000,7.812500,7.718750,7.750000,1.513807,7200
1985-04-24,0.000000,7.875000,7.750000,7.875000,1.538223,38400
1985-04-25,0.000000,7.906250,7.812500,7.906250,1.544327,43600
1985-04-26,0.000000,7.937500,7.843750,7.937500,1.550431,8800
1985-04-29,0.000000,7.937500,7.843750,7.937500,1.550431,16000
1985-04-30,0.000000,7.937500,7.843750,7.906250,1.544327,29600
1985-05-01,0.000000,7.906250,7.843750,7.875000,1.538223,14000
1985-05-02,0.000000,7.906250,7.843750,7.843750,1.532120,15200
1985-05-03,0.000000,7.906250,7.843750,7.906250,1.544327,21200
1985-05-06,0.000000,7.968750,7.843750,7.937500,1.550431,41200
1985-05-07,0.000000,7.968750,7.906250,7.968750,1.556535,38000
1985-05-08,0.000000,8.062500,7.937500,8.062500,1.574847,45200
1985-05-09,0.000000,7.937500,7.843750,7.875000,1.538223,40000
1985-05-10,0.000000,7.937500,7.843750,7.875000,1.538223,13600
1985-05-13,0.000000,7.937500,7.812500,7.812500,1.526016,34800
1985-05-14,0.000000,7.875000,7.812500,7.812500,1.526016,10800
1985-05-15,0.000000,7.875000,7.812500,7.812500,1.526016,14800
1985-05-16,0.000000,7.843750,7.781250,7.781250,1.519911,10000
1985-05-17,0.000000,7.875000,7.781250,7.843750,1.532120,18400
1985-05-20,0.000000,7.906250,7.843750,7.843750,1.532120,46800
1985-05-21,0.000000,7.906250,7.875000,7.875000,1.538223,41200
1985-05-22,0.000000,7.937500,7.875000,7.875000,1.538223,14400
1985-05-23,0.000000,7.937500,7.687500,7.687500,1.501598,85200
1985-05-24,0.000000,7.687500,7.625000,7.656250,1.495495,44800
1985-05-28,0.000000,7.687500,7.625000,7.687500,1.501598,31200
1985-05-29,0.000000,7.687500,7.593750,7.625000,1.489391,42800
1985-05-30,0.000000,7.625000,7.468750,7.500000,1.464975,192400
1985-05-31,0.000000,7.562500,7.500000,7.562500,1.477183,25600
1985-06-03,0.000000,7.593750,7.500000,7.593750,1.483286,31600
1985-06-04,0.000000,7.593750,7.531250,7.593750,1.483286,49200
1985-06-05,0.000000,7.687500,7.562500,7.656250,1.495495,54400
1985-06-06,0.000000,7.687500,7.625000,7.687500,1.501598,43600
1985-06-07,0.000000,7.812500,7.625000,7.812500,1.526016,56400
1985-06-10,0.000000,7.843750,7.750000,7.781250,1.519911,43600
1985-06-11,0.000000,7.906250,7.843750,7.906250,1.544327,26800
1985-06-12,0.000000,7.937500,7.875000,7.937500,1.550431,37600
1985-06-13,0.000000,7.937500,7.843750,7.906250,1.544327,30000
1985-06-14,0.000000,7.968750,7.875000,7.875000,1.538223,12800
1985-06-17,0.000000,8.000000,7.906250,7.968750,1.556535,16400
1985-06-18,0.000000,8.031250,7.968750,8.000000,1.562639,11600
1985-06-19,0.000000,8.250000,8.000000,8.187500,1.599264,51600
1985-06-20,0.000000,8.250000,8.156250,8.218750,1.605367,65200
1985-06-21,0.000000,8.312500,8.218750,8.281250,1.617577,21600
1985-06-24,0.000000,8.343750,8.250000,8.281250,1.617577,54000
1985-06-25,0.000000,8.343750,8.281250,8.343750,1.629784,13600
1985-06-26,0.000000,8.343750,8.250000,8.250000,1.611471,30800
1985-06-27,0.000000,8.312500,8.218750,8.250000,1.611471,15200
1985-06-28,0.000000,8.312500,8.218750,8.250000,1.611471,23200
1985-07-01,0.000000,8.312500,8.250000,8.250000,1.611471,28400
1985-07-02,0.000000,8.343750,8.250000,8.250000,1.611471,14000
1985-07-03,0.000000,8.343750,8.250000,8.312500,1.623680,18800
1985-07-05,0.000000,8.312500,8.250000,8.250000,1.611471,17600
1985-07-08,0.000000,8.343750,8.250000,8.343750,1.629784,22800
1985-07-09,0.000000,8.406250,8.312500,8.375000,1.635888,30000
1985-07-10,0.000000,8.468750,8.375000,8.406250,1.641993,19600
1985-07-11,0.000000,8.500000,8.437500,8.500000,1.660305,8800
1985-07-12,0.000000,8.593750,8.437500,8.593750,1.678617,28400
1985-07-15,0.000000,8.625000,8.531250,8.593750,1.678617,13600
1985-07-16,0.000000,8.656250,8.531250,8.593750,1.678617,29600
1985-07-17,0.000000,8.656250,8.562500,8.562500,1.672513,38400
1985-07-18,0.000000,8.625000,8.500000,8.500000,1.660305,14800
1985-07-19,0.000000,8.562500,8.437500,8.531250,1.666409,43200
1985-07-22,0.000000,8.531250,8.406250,8.437500,1.648097,32800
1985-07-23,0.000000,8.375000,7.906250,7.906250,1.544327,87200
1985-07-24,0.000000,7.843750,7.625000,7.687500,1.501598,103200
1985-07-25,0.000000,7.718750,7.437500,7.500000,1.464975,97200
1985-07-26,0.000000,7.562500,7.500000,7.562500,1.477183,37200
1985-07-29,0.000000,7.562500,7.312500,7.343750,1.434454,71200
1985-07-30,0.000000,7.531250,7.343750,7.531250,1.471079,37200
1985-07-31,0.000000,7.718750,7.562500,7.718750,1.507703,18000
1985-08-01,0.000000,7.718750,7.625000,7.718750,1.507703,22800
1985-08-02,0.000000,7.750000,7.625000,7.687500,1.501598,17600
1985-08-05,0.000000,7.750000,7.687500,7.718750,1.507703,30800
1985-08-06,0.000000,7.875000,7.750000,7.781250,1.519911,20800
1985-08-07,0.000000,7.812500,7.687500,7.812500,1.526016,67600
1985-08-08,0.000000,7.812500,7.687500,7.687500,1.501598,22800
1985-08-09,0.000000,7.687500,7.625000,7.625000,1.489391,14000
1985-08-12,0.000000,7.687500,7.562500,7.625000,1.489391,58800
1985-08-13,0.000000,7.625000,7.562500,7.625000,1.489391,20400
1985-08-14,0.000000,7.656250,7.562500,7.656250,1.495495,27600
1985-08-15,0.000000,7.687500,7.625000,7.625000,1.489391,6400
1985-08-16,0.000000,7.656250,7.562500,7.656250,1.495495,25200
1985-08-19,0.000000,7.656250,7.562500,7.625000,1.489391,12400
1985-08-20,0.000000,7.656250,7.562500,7.656250,1.495495,14000
1985-08-21,0.000000,7.687500,7.593750,7.625000,1.489391,28400
1985-08-22,0.000000,7.687500,7.625000,7.656250,1.495495,12800
1985-08-23,0.000000,7.687500,7.625000,7.687500,1.501598,6000
1985-08-26,0.000000,7.750000,7.656250,7.750000,1.513807,21600
1985-08-27,0.000000,7.812500,7.687500,7.750000,1.513807,19200
1985-08-28,0.000000,7.875000,7.625000,7.750000,1.513807,10000
1985-08-29,0.000000,7.906250,7.812500,7.875000,1.538223,19200
1985-08-30,0.000000,7.937500,7.843750,7.875000,1.538223,12000
1985-09-03,0.000000,7.937500,7.875000,7.937500,1.550431,22800
1985-09-04,0.000000,7.937500,7.812500,7.843750,1.532120,32000
1985-09-05,0.000000,7.843750,7.750000,7.750000,1.513807,26000
1985-09-06,0.000000,7.750000,7.625000,7.625000,1.489391,21200
1985-09-09,0.000000,7.718750,7.625000,7.718750,1.507703,10000
1985-09-10,0.000000,7.718750,7.625000,7.687500,1.501598,46000
1985-09-11,0.000000,7.687500,7.593750,7.656250,1.495495,19200
1985-09-12,0.000000,7.656250,7.562500,7.625000,1.489391,15200
1985-09-13,0.000000,7.625000,7.437500,7.500000,1.464975,27200
1985-09-16,0.000000,7.500000,7.437500,7.437500,1.452767,17200
1985-09-17,0.000000,7.500000,7.437500,7.437500,1.452767,21200
1985-09-18,0.000000,7.500000,7.375000,7.500000,1.464975,34000
1985-09-19,0.000000,7.531250,7.437500,7.531250,1.471079,14000
1985-09-20,0.000000,7.562500,7.468750,7.500000,1.464975,15200
1985-09-23,0.000000,7.656250,7.562500,7.593750,1.483286,22800
1985-09-24,0.000000,7.687500,7.500000,7.500000,1.464975,41200
1985-09-25,0.000000,7.562500,7.500000,7.500000,1.464975,6800
1985-09-26,0.000000,7.562500,7.468750,7.468750,1.458870,23600
1985-09-30,0.000000,7.562500,7.468750,7.468750,1.458870,11600
1985-10-01,0.000000,7.562500,7.500000,7.500000,1.464975,11600
1985-10-02,0.000000,7.562500,7.468750,7.468750,1.458870,28800
1985-10-03,0.000000,7.531250,7.468750,7.500000,1.464975,33600
1985-10-04,0.000000,7.531250,7.468750,7.531250,1.471079,3200
1985-10-07,0.000000,7.562500,7.468750,7.562500,1.477183,23600
1985-10-08,0.000000,7.562500,7.468750,7.468750,1.458870,21600
1985-10-09,0.000000,7.531250,7.468750,7.468750,1.458870,16800
1985-10-10,0.000000,7.562500,7.500000,7.500000,1.464975,5200
1985-10-11,0.000000,7.625000,7.531250,7.625000,1.489391,34800
1985-10-14,0.000000,7.687500,7.656250,7.656250,1.495495,4800
1985-10-15,0.000000,7.875000,7.656250,7.843750,1.532120,48000
1985-10-16,0.000000,7.843750,7.781250,7.812500,1.526016,27200
1985-10-17,0.000000,7.875000,7.781250,7.843750,1.532120,25200
1985-10-18,0.000000,7.875000,7.812500,7.812500,1.526016,8000
1985-10-21,0.000000,7.875000,7.812500,7.812500,1.526016,18800
1985-10-22,0.000000,7.843750,7.812500,7.812500,1.526016,16800
1985-10-23,0.000000,7.875000,7.812500,7.875000,1.538223,8800
1985-10-24,0.000000,7.875000,7.781250,7.843750,1.532120,20800
1985-10-25,0.000000,7.843750,7.781250,7.843750,1.532120,7600
1985-10-28,0.000000,7.875000,7.781250,7.875000,1.538223,30400
1985-10-29,0.000000,8.000000,7.843750,7.937500,1.550431,47200
1985-10-30,0.000000,8.031250,7.937500,7.968750,1.556535,23200
1985-10-31,0.000000,8.031250,7.968750,8.031250,1.568743,12000
1985-11-01,0.000000,8.062500,7.968750,8.062500,1.574847,73600
1985-11-04,0.000000,8.093750,8.031250,8.093750,1.580951,38800
1985-11-05,0.000000,8.250000,8.093750,8.156250,1.593160,28400
1985-11-06,0.000000,8.343750,8.218750,8.250000,1.611471,43200
1985-11-07,0.000000,8.312500,8.187500,8.187500,1.599264,46000
1985-11-08,0.000000,8.156250,8.031250,8.062500,1.574847,29600
1985-11-11,0.000000,8.125000,8.031250,8.093750,1.580951,19600
1985-11-12,0.000000,8.218750,8.093750,8.218750,1.605367,38400
1985-11-13,0.000000,8.250000,8.187500,8.218750,1.605367,49200
1985-11-14,0.000000,8.312500,8.218750,8.281250,1.617577,34000
1985-11-15,0.000000,8.343750,8.281250,8.343750,1.629784,9600
1985-11-18,0.000000,8.375000,8.281250,8.375000,1.635888,26400
1985-11-19,0.000000,8.375000,8.281250,8.281250,1.617577,32000
1985-11-20,0.000000,8.343750,8.281250,8.343750,1.629784,11200
1985-11-21,0.000000,8.437500,8.343750,8.375000,1.635888,26800
1985-11-22,0.000000,8.437500,8.375000,8.375000,1.635888,16400
1985-11-25,0.000000,8.406250,8.312500,8.312500,1.623680,18000
1985-11-26,0.000000,8.406250,8.312500,8.375000,1.635888,19200
1985-11-27,0.000000,8.406250,8.312500,8.406250,1.641993,14400
1985-11-29,0.000000,8.406250,8.343750,8.406250,1.641993,9600
1985-12-02,0.000000,8.406250,8.343750,8.343750,1.629784,16800
1985-12-03,0.000000,8.406250,8.343750,8.343750,1.629784,30400
1985-12-04,0.000000,8.437500,8.343750,8.406250,1.641993,33200
1985-12-05,0.000000,8.531250,8.343750,8.437500,1.648097,16400
1985-12-06,0.000000,8.531250,8.437500,8.437500,1.648097,11600
1985-12-09,0.000000,8.531250,8.437500,8.468750,1.654201,16000
1985-12-10,0.000000,8.531250,8.468750,8.468750,1.654201,16000
1985-12-11,0.000000,8.625000,8.500000,8.625000,1.684721,34400
1985-12-12,0.000000,8.625000,8.500000,8.562500,1.672513,35200
1985-12-13,0.000000,8.562500,8.500000,8.500000,1.660305,24400
1985-12-16,0.000000,8.593750,8.500000,8.562500,1.672513,22800
1985-12-17,0.000000,8.562500,8.562500,8.562500,1.672513,3600
1985-12-18,0.000000,8.593750,8.531250,8.531250,1.666409,80800
1985-12-19,0.000000,8.593750,8.531250,8.531250,1.666409,61200
1985-12-20,0.000000,8.687500,8.625000,8.625000,1.684721,29200
1985-12-23,0.000000,8.718750,8.625000,8.718750,1.703034,35600
1985-12-24,0.000000,8.625000,8.625000,8.625000,1.684721,5200
1985-12-26,0.000000,8.718750,8.625000,8.625000,1.684721,10000
1985-12-27,0.000000,8.718750,8.625000,8.656250,1.690825,25200
1985-12-30,0.000000,8.718750,8.656250,8.718750,1.703034,10800
1985-12-31,0.000000,8.812500,8.656250,8.750000,1.709137,54400
1986-01-02,0.000000,8.843750,8.750000,8.750000,1.709137,22400
1986-01-03,0.000000,8.812500,8.750000,8.750000,1.709137,43200
1986-01-06,0.000000,8.812500,8.750000,8.750000,1.709137,27600
1986-01-07,0.000000,8.843750,8.750000,8.781250,1.715241,23600
1986-01-08,0.000000,8.906250,8.750000,8.750000,1.709137,40000
1986-01-09,0.000000,8.781250,8.125000,8.218750,1.605367,103200
1986-01-10,0.000000,8.375000,8.218750,8.375000,1.635888,67200
1986-01-13,0.000000,8.375000,8.250000,8.343750,1.629784,44400
1986-01-14,0.000000,8.437500,8.250000,8.375000,1.635888,48800
1986-01-15,0.000000,8.500000,8.375000,8.406250,1.641993,13200
1986-01-16,0.000000,8.625000,8.406250,8.562500,1.672513,77200
1986-01-17,0.000000,8.625000,8.531250,8.531250,1.666409,15600
1986-01-20,0.000000,8.593750,8.437500,8.531250,1.666409,20400
1986-01-21,0.000000,8.531250,8.437500,8.437500,1.648097,12400
1986-01-22,0.000000,8.531250,8.375000,8.437500,1.648097,25200
1986-01-23,0.000000,8.375000,8.281250,8.343750,1.629784,29600
1986-01-24,0.000000,8.437500,8.281250,8.437500,1.648097,42800
1986-01-27,0.000000,8.687500,8.406250,8.625000,1.684721,37600
1986-01-28,0.000000,8.781250,8.687500,8.687500,1.696929,27200
1986-01-29,0.000000,8.843750,8.687500,8.781250,1.715241,80400
1986-01-30,0.000000,8.718750,8.625000,8.625000,1.684721,23200
1986-01-31,0.000000,8.718750,8.625000,8.656250,1.690825,11600
1986-02-03,0.000000,8.750000,8.625000,8.750000,1.709137,30000
1986-02-04,0.000000,8.968750,8.781250,8.875000,1.733553,68400
1986-02-05,0.000000,9.000000,8.906250,8.906250,1.739657,92400
1986-02-06,0.000000,9.000000,8.906250,8.968750,1.751867,30800
1986-02-07,0.000000,8.968750,8.812500,8.812500,1.721346,35200
1986-02-10,0.000000,8.812500,8.718750,8.812500,1.721346,28000
1986-02-11,0.000000,8.843750,8.781250,8.843750,1.727449,19600
1986-02-12,0.000000,8.843750,8.781250,8.843750,1.727449,9600
1986-02-13,0.000000,8.843750,8.781250,8.781250,1.715241,10400
1986-02-14,0.000000,8.937500,8.781250,8.937500,1.745762,34400
1986-02-18,0.000000,9.000000,8.875000,9.000000,1.757970,42400
1986-02-19,0.000000,9.062500,8.968750,9.031250,1.764074,35600
1986-02-20,0.000000,9.093750,9.000000,9.000000,1.757970,36400
1986-02-21,0.000000,9.062500,8.968750,8.968750,1.751867,17200
1986-02-24,0.000000,9.093750,8.968750,9.031250,1.764074,59200
1986-02-25,0.000000,9.031250,9.031250,9.031250,1.764074,14000
1986-02-26,0.000000,9.093750,9.031250,9.031250,1.764074,7200
1986-02-27,0.000000,9.062500,9.000000,9.000000,1.757970,42000
1986-02-28,0.000000,9.125000,9.031250,9.062500,1.770178,14000
1986-03-03,0.000000,9.187500,9.093750,9.125000,1.782386,64400
1986-03-04,0.000000,9.281250,9.125000,9.281250,1.812906,21200
1986-03-05,0.000000,9.281250,9.187500,9.187500,1.794595,50800
1986-03-06,0.000000,9.281250,9.187500,9.187500,1.794595,34000
1986-03-07,0.000000,9.250000,9.187500,9.187500,1.794595,5200
1986-03-10,0.000000,9.250000,9.187500,9.187500,1.794595,22800
1986-03-11,0.000000,9.375000,9.218750,9.375000,1.831219,59600
1986-03-12,0.000000,9.437500,9.343750,9.437500,1.843426,44000
1986-03-13,0.000000,9.437500,9.375000,9.375000,1.831219,34000
1986-03-14,0.000000,9.437500,9.375000,9.437500,1.843426,24400
1986-03-17,0.000000,9.500000,9.406250,9.437500,1.843426,75600
1986-03-18,0.000000,9.500000,9.437500,9.437500,1.843426,37200
1986-03-19,0.000000,9.500000,9.437500,9.500000,1.855635,32000
1986-03-20,0.000000,9.500000,9.437500,9.500000,1.855635,23600
1986-03-21,0.000000,9.500000,9.250000,9.437500,1.843426,58000
1986-03-24,0.000000,9.562500,9.468750,9.500000,1.855635,36400
1986-03-25,0.000000,9.593750,9.531250,9.593750,1.873946,27200
1986-03-26,0.000000,9.687500,9.531250,9.593750,1.873946,18400
1986-03-27,0.000000,9.718750,9.625000,9.656250,1.886155,15200
1986-03-31,0.000000,10.375000,9.656250,10.312500,2.014340,115600
1986-04-01,0.000000,10.500000,10.343750,10.375000,2.026548,114800
1986-04-02,0.000000,10.281250,10.062500,10.093750,1.971613,63200
1986-04-03,0.000000,10.156250,9.812500,9.812500,1.916675,74000
1986-04-04,0.000000,9.906250,9.562500,9.562500,1.867842,91600
1986-04-07,0.000000,9.593750,9.437500,9.531250,1.861738,68000
1986-04-08,0.000000,9.937500,9.531250,9.906250,1.934986,100000
1986-04-09,0.000000,10.156250,9.906250,9.906250,1.934986,71600
1986-04-10,0.000000,10.031250,9.906250,9.968750,1.947196,32000
1986-04-11,0.000000,10.000000,9.906250,9.968750,1.947196,12800
1986-04-14,0.000000,9.937500,9.875000,9.937500,1.941092,12000
1986-04-15,0.000000,9.875000,9.718750,9.812500,1.916675,32800
1986-04-16,0.000000,9.875000,9.812500,9.875000,1.928883,52000
1986-04-17,0.000000,9.937500,9.875000,9.875000,1.928883,32400
1986-04-18,0.000000,9.937500,9.875000,9.875000,1.928883,38400
1986-04-21,0.000000,10.093750,9.875000,10.093750,1.971613,56800
1986-04-22,0.000000,10.218750,10.031250,10.156250,1.983820,53600
1986-04-23,0.000000,10.187500,10.000000,10.062500,1.965507,40800
1986-04-24,0.000000,10.062500,10.000000,10.000000,1.953298,4400
1986-04-25,0.000000,10.062500,9.937500,9.937500,1.941092,12000
1986-04-28,0.000000,10.000000,9.812500,9.812500,1.916675,54400
1986-04-29,0.000000,9.906250,9.406250,9.531250,1.861738,101200
1986-04-30,0.000000,9.593750,9.468750,9.562500,1.867842,26400
1986-05-01,0.000000,9.562500,9.468750,9.562500,1.867842,14000
1986-05-02,0.000000,9.656250,9.468750,9.656250,1.886155,56000
1986-05-05,0.000000,9.656250,9.562500,9.656250,1.886155,12800
1986-05-06,0.000000,9.687500,9.593750,9.593750,1.873946,21200
1986-05-07,0.000000,9.718750,9.593750,9.718750,1.898363,28400
1986-05-08,0.000000,9.781250,9.687500,9.750000,1.904467,22400
1986-05-09,0.000000,9.593750,9.437500,9.500000,1.855635,60800
1986-05-12,0.000000,9.531250,9.437500,9.500000,1.855635,44000
1986-05-13,0.000000,9.531250,9.468750,9.531250,1.861738,15200
1986-05-14,0.000000,9.531250,9.468750,9.531250,1.861738,117600
1986-05-15,0.000000,9.593750,9.468750,9.562500,1.867842,88000
1986-05-16,0.000000,9.562500,9.437500,9.500000,1.855635,40400
1986-05-19,0.000000,9.500000,9.437500,9.500000,1.855635,4800
1986-05-20,0.000000,9.500000,9.500000,9.500000,1.855635,20800
1986-05-21,0.000000,9.625000,9.562500,9.562500,1.867842,11200
1986-05-22,0.000000,9.656250,9.562500,9.562500,1.867842,24400
1986-05-23,0.000000,9.687500,9.593750,9.687500,1.892259,6400
1986-05-27,0.000000,9.687500,9.593750,9.687500,1.892259,12000
1986-05-28,0.000000,9.875000,9.687500,9.812500,1.916675,50800
1986-05-29,0.000000,9.875000,9.812500,9.812500,1.916675,3200
1986-05-30,0.000000,9.875000,9.781250,9.781250,1.910570,11600
1986-06-02,0.000000,9.906250,9.812500,9.843750,1.922779,19200
1986-06-03,0.000000,9.968750,9.843750,9.906250,1.934986,28400
1986-06-04,0.000000,10.031250,10.000000,10.031250,1.959404,61200
1986-06-05,0.000000,10.250000,10.031250,10.250000,2.002131,37200
1986-06-06,0.000000,10.437500,10.218750,10.375000,2.026548,48000
1986-06-09,0.000000,10.468750,10.406250,10.468750,2.044860,64400
1986-06-10,0.000000,10.531250,10.406250,10.531250,2.057069,53600
1986-06-11,0.000000,10.625000,10.500000,10.625000,2.075381,42400
1986-06-12,0.000000,10.656250,10.562500,10.625000,2.075381,36800
1986-06-13,0.000000,10.812500,10.656250,10.687500,2.087590,317600
1986-06-16,0.000000,10.750000,10.656250,10.718750,2.093692,71200
1986-06-17,0.000000,10.781250,10.656250,10.718750,2.093692,64400
1986-06-18,0.000000,10.750000,10.718750,10.750000,2.099798,26000
1986-06-19,0.000000,10.781250,10.718750,10.718750,2.093692,70400
1986-06-20,0.000000,10.750000,10.718750,10.718750,2.093692,67600
1986-06-23,0.000000,10.843750,10.718750,10.843750,2.118109,63200
1986-06-24,0.000000,11.156250,10.843750,11.156250,2.179149,102800
1986-06-25,0.000000,11.218750,11.093750,11.218750,2.191357,50800
1986-06-26,0.000000,11.218750,11.125000,11.218750,2.191357,12400
1986-06-27,0.000000,11.250000,11.125000,11.156250,2.179149,31600
1986-06-30,0.000000,11.250000,11.156250,11.250000,2.197461,42400
1986-07-01,0.000000,11.250000,11.187500,11.187500,2.185253,28000
1986-07-02,0.000000,11.343750,11.187500,11.312500,2.209672,80400
1986-07-03,0.000000,11.625000,11.375000,11.625000,2.270710,77600
1986-07-07,0.000000,11.781250,11.656250,11.781250,2.301231,54400
1986-07-08,0.000000,11.781250,11.593750,11.593750,2.264607,91200
1986-07-09,0.000000,11.718750,11.593750,11.718750,2.289022,40000
1986-07-10,0.000000,11.750000,11.687500,11.687500,2.282921,64800
1986-07-11,0.000000,11.843750,11.718750,11.781250,2.301231,47600
1986-07-14,0.000000,11.875000,11.781250,11.812500,2.307334,38000
1986-07-15,0.000000,11.843750,11.812500,11.843750,2.313439,79600
1986-07-16,0.000000,11.875000,11.812500,11.875000,2.319542,39200
1986-07-17,0.000000,11.968750,11.843750,11.937500,2.331752,33600
1986-07-18,0.000000,12.000000,11.906250,11.906250,2.325646,82000
1986-07-21,0.000000,12.000000,11.906250,12.000000,2.343960,12000
1986-07-22,0.000000,12.031250,11.937500,12.000000,2.343960,22800
1986-07-23,0.000000,12.031250,12.000000,12.000000,2.343960,14400
1986-07-24,0.000000,12.031250,12.000000,12.031250,2.350063,35600
1986-07-25,0.000000,12.062500,12.000000,12.031250,2.350063,80000
1986-07-28,0.000000,12.031250,11.906250,11.906250,2.325646,55200
1986-07-29,0.000000,11.968750,11.906250,11.937500,2.331752,15200
1986-07-30,0.000000,12.000000,11.875000,11.968750,2.337854,215600
1986-07-31,0.000000,12.000000,11.906250,11.906250,2.325646,53600
1986-08-01,0.000000,12.000000,11.906250,11.906250,2.325646,21200
1986-08-04,0.000000,11.937500,11.906250,11.937500,2.331752,74000
1986-08-05,0.000000,11.968750,11.906250,11.906250,2.325646,17200
1986-08-06,0.000000,12.000000,11.906250,11.937500,2.331752,30800
1986-08-07,0.000000,12.125000,11.937500,12.062500,2.356167,101200
1986-08-08,0.000000,12.156250,12.062500,12.125000,2.368376,20000
1986-08-11,0.000000,12.062500,12.000000,12.031250,2.350063,61600
1986-08-12,0.000000,12.000000,11.968750,11.968750,2.337854,30800
1986-08-13,0.000000,11.937500,11.656250,11.656250,2.276814,102800
1986-08-14,0.000000,11.750000,11.312500,11.312500,2.209672,119600
1986-08-15,0.000000,11.312500,11.250000,11.250000,2.197461,77200
1986-08-18,0.000000,11.312500,11.187500,11.187500,2.185253,32000
1986-08-19,0.000000,11.312500,11.125000,11.312500,2.209672,111600
1986-08-20,0.000000,11.562500,11.250000,11.468750,2.240191,56400
1986-08-21,0.000000,11.875000,11.500000,11.843750,2.313439,180800
1986-08-22,0.000000,11.906250,11.781250,11.781250,2.301231,51600
1986-08-25,0.000000,11.843750,11.750000,11.750000,2.295127,29600
1986-08-26,0.000000,11.875000,11.750000,11.875000,2.319542,30400
1986-08-27,0.000000,11.875000,11.750000,11.750000,2.295127,32800
1986-08-28,0.000000,11.812500,11.750000,11.812500,2.307334,66800
1986-08-29,0.000000,11.812500,11.750000,11.750000,2.295127,42000
1986-09-02,0.000000,11.812500,11.750000,11.750000,2.295127,40400
1986-09-03,0.000000,11.812500,11.750000,11.750000,2.295127,68400
1986-09-04,0.000000,11.843750,11.750000,11.843750,2.313439,64800
1986-09-05,0.000000,11.812500,11.531250,11.625000,2.270710,241600
1986-09-08,0.000000,11.531250,10.500000,10.718750,2.093692,209600
1986-09-09,0.000000,10.968750,10.750000,10.750000,2.099798,82000
1986-09-10,0.000000,10.906250,10.750000,10.906250,2.130318,98000
1986-09-11,0.000000,10.812500,10.312500,10.406250,2.032651,126800
1986-09-12,0.000000,10.468750,10.312500,10.312500,2.014340,84400
1986-09-15,0.000000,10.468750,10.312500,10.468750,2.044860,157600
1986-09-16,0.000000,10.468750,10.406250,10.437500,2.038757,39600
1986-09-17,0.000000,10.593750,10.437500,10.531250,2.057069,110800
1986-09-18,0.000000,10.593750,10.468750,10.468750,2.044860,43200
1986-09-19,0.000000,10.500000,10.437500,10.437500,2.038757,57600
1986-09-22,0.000000,10.500000,10.437500,10.500000,2.050965,10800
1986-09-23,0.000000,10.500000,10.437500,10.500000,2.050965,28400
1986-09-24,0.000000,10.531250,10.468750,10.500000,2.050965,30800
1986-09-25,0.000000,10.562500,10.468750,10.468750,2.044860,47600
1986-09-26,0.000000,10.531250,10.468750,10.500000,2.050965,38000
1986-09-29,0.000000,10.531250,10.468750,10.500000,2.050965,45200
1986-09-30,0.000000,10.656250,10.500000,10.562500,2.063173,33200
1986-10-01,0.000000,10.687500,10.593750,10.593750,2.069278,22800
1986-10-02,0.000000,10.687500,10.593750,10.593750,2.069278,47600
1986-10-03,0.000000,10.656250,10.562500,10.562500,2.063173,10000
1986-10-06,0.000000,10.656250,10.562500,10.562500,2.063173,28000
1986-10-07,0.000000,10.562500,10.375000,10.375000,2.026548,40800
1986-10-08,0.000000,10.468750,10.375000,10.375000,2.026548,39200
1986-10-09,0.000000,10.437500,10.375000,10.437500,2.038757,13200
1986-10-10,0.000000,10.437500,10.375000,10.437500,2.038757,34800
1986-10-13,0.000000,10.750000,10.375000,10.687500,2.087590,126000
1986-10-14,0.000000,10.750000,10.687500,10.687500,2.087590,40800
1986-10-15,0.000000,10.781250,10.687500,10.750000,2.099798,20000
1986-10-16,0.000000,10.812500,10.687500,10.718750,2.093692,39200
1986-10-17,0.000000,10.968750,10.750000,10.906250,2.130318,42400
1986-10-20,0.000000,10.968750,10.875000,10.875000,2.124214,31600
1986-10-21,0.000000,10.968750,10.875000,10.937500,2.136421,43200
1986-10-22,0.000000,10.937500,10.843750,10.843750,2.118109,82000
1986-10-23,0.000000,10.937500,10.843750,10.843750,2.118109,23200
1986-10-24,0.000000,11.031250,10.906250,10.937500,2.136421,46000
1986-10-27,0.000000,10.968750,10.906250,10.906250,2.130318,40400
1986-10-28,0.000000,11.156250,10.906250,11.156250,2.179149,63600
1986-10-29,0.000000,11.312500,11.125000,11.187500,2.185253,22400
1986-10-30,0.000000,11.562500,11.218750,11.437500,2.234086,66000
1986-10-31,0.000000,11.562500,11.437500,11.437500,2.234086,6800
1986-11-03,0.000000,11.500000,11.437500,11.500000,2.246295,21200
1986-11-04,0.000000,11.656250,11.468750,11.656250,2.276814,66800
1986-11-05,0.000000,11.687500,11.562500,11.687500,2.282921,38000
1986-11-06,0.000000,11.781250,11.656250,11.781250,2.301231,42400
1986-11-07,0.000000,11.843750,11.750000,11.781250,2.301231,85200
1986-11-10,0.000000,11.843750,11.781250,11.781250,2.301231,311200
1986-11-11,0.000000,11.843750,11.781250,11.781250,2.301231,60400
1986-11-12,0.000000,11.812500,11.781250,11.781250,2.301231,48800
1986-11-13,0.000000,11.812500,11.781250,11.781250,2.301231,60400
1986-11-14,0.000000,11.812500,11.781250,11.812500,2.307334,60400
1986-11-17,0.000000,11.843750,11.781250,11.781250,2.301231,50400
1986-11-18,0.000000,11.843750,11.781250,11.781250,2.301231,77200
1986-11-19,0.000000,11.843750,11.781250,11.781250,2.301231,42400
1986-11-20,0.000000,11.812500,11.781250,11.781250,2.301231,103600
1986-11-21,0.000000,11.843750,11.781250,11.843750,2.313439,37600
1986-11-24,0.000000,11.843750,11.812500,11.812500,2.307334,77600
1986-11-25,0.000000,11.875000,11.812500,11.875000,2.319542,58800
1986-11-26,0.000000,11.906250,11.812500,11.812500,2.307334,18000
1986-11-28,0.000000,11.906250,11.812500,11.875000,2.319542,10000
1986-12-01,0.000000,11.937500,11.812500,11.843750,2.313439,77200
1986-12-02,0.000000,12.062500,11.875000,12.000000,2.343960,72400
1986-12-03,0.000000,12.312500,12.062500,12.218750,2.386688,85200
1986-12-04,0.000000,12.312500,12.218750,12.218750,2.386688,98400
1986-12-05,0.000000,12.312500,12.187500,12.250000,2.392791,148000
1986-12-08,0.000000,12.281250,12.031250,12.031250,2.350063,136400
1986-12-09,0.000000,12.093750,12.031250,12.031250,2.350063,42400
1986-12-10,0.000000,12.093750,11.937500,12.000000,2.343960,122800
1986-12-11,0.000000,12.062500,11.937500,12.000000,2.343960,103200
1986-12-12,0.000000,12.062500,12.000000,12.000000,2.343960,48800
1986-12-15,0.000000,12.062500,11.937500,11.937500,2.331752,116400
1986-12-16,0.000000,12.062500,11.937500,12.000000,2.343960,51600
1986-12-17,0.000000,12.000000,11.968750,12.000000,2.343960,99200
1986-12-18,0.000000,12.031250,11.968750,11.968750,2.337854,75600
1986-12-19,0.000000,12.031250,11.937500,12.000000,2.343960,146000
1986-12-22,0.000000,12.000000,11.937500,12.000000,2.343960,106000
1986-12-23,0.000000,12.000000,11.937500,11.937500,2.331752,87600
1986-12-24,0.000000,11.968750,11.937500,11.937500,2.331752,19600
1986-12-26,0.000000,11.968750,11.937500,11.937500,2.331752,10400
1986-12-29,0.000000,12.000000,11.937500,11.937500,2.331752,52000
1986-12-30,0.000000,12.000000,11.937500,11.937500,2.331752,53200
1986-12-31,0.000000,12.000000,11.781250,11.781250,2.301231,60800
1987-01-02,0.000000,11.906250,11.812500,11.812500,2.307334,26000
1987-01-05,0.000000,12.000000,11.843750,11.937500,2.331752,31200
1987-01-06,0.000000,12.125000,12.000000,12.062500,2.356167,35200
1987-01-07,0.000000,12.187500,12.062500,12.187500,2.380583,93200
1987-01-08,0.000000,12.250000,12.093750,12.250000,2.392791,18000
1987-01-09,0.000000,12.281250,12.156250,12.250000,2.392791,43200
1987-01-12,0.000000,12.375000,12.250000,12.343750,2.411104,22000
1987-01-13,0.000000,12.437500,12.343750,12.375000,2.417208,25600
1987-01-14,0.000000,12.437500,12.343750,12.343750,2.411104,21600
1987-01-15,0.000000,12.343750,12.281250,12.281250,2.398894,52800
1987-01-16,0.000000,12.312500,12.281250,12.281250,2.398894,12800
1987-01-19,0.000000,12.312500,12.218750,12.218750,2.386688,40000
1987-01-20,0.000000,12.312500,12.218750,12.312500,2.404999,12000
1987-01-21,0.000000,12.250000,12.125000,12.250000,2.392791,39200
1987-01-22,0.000000,12.281250,12.187500,12.281250,2.398894,38800
1987-01-23,0.000000,12.281250,12.218750,12.218750,2.386688,14000
1987-01-26,0.000000,12.281250,12.125000,12.125000,2.368376,26800
1987-01-27,0.000000,12.187500,12.125000,12.156250,2.374480,25200
1987-01-28,0.000000,12.218750,12.156250,12.156250,2.374480,19600
1987-01-29,0.000000,12.218750,12.156250,12.156250,2.374480,6000
1987-01-30,0.000000,12.218750,12.156250,12.218750,2.386688,9600
1987-02-02,0.000000,12.218750,12.156250,12.156250,2.374480,20000
1987-02-03,0.000000,12.218750,12.156250,12.156250,2.374480,8800
1987-02-04,0.000000,12.218750,12.156250,12.187500,2.380583,6800
1987-02-05,0.000000,12.250000,12.156250,12.250000,2.392791,95600
1987-02-06,0.000000,12.312500,12.218750,12.312500,2.404999,16000
1987-02-09,0.000000,12.218750,12.156250,12.218750,2.422596,18000
1987-02-10,0.000000,12.218750,12.156250,12.156250,2.410205,27200
1987-02-11,0.000000,12.218750,12.156250,12.156250,2.410205,26000
1987-02-12,0.000000,12.218750,12.156250,12.156250,2.410205,14000
1987-02-13,0.000000,12.218750,12.125000,12.125000,2.404009,56000
1987-02-17,0.000000,12.187500,12.062500,12.062500,2.391617,23200
1987-02-18,0.000000,12.031250,11.937500,11.937500,2.366833,48000
1987-02-19,0.000000,12.000000,11.937500,12.000000,2.379225,17600
1987-02-20,0.000000,12.000000,11.937500,11.937500,2.366833,13200
1987-02-23,0.000000,12.000000,11.812500,11.812500,2.342049,34800
1987-02-24,0.000000,11.812500,11.531250,11.656250,2.311070,71600
1987-02-25,0.000000,11.687500,11.593750,11.593750,2.298679,7200
1987-02-26,0.000000,11.593750,11.531250,11.531250,2.286287,29200
1987-02-27,0.000000,11.625000,11.531250,11.593750,2.298679,11600
1987-03-02,0.000000,11.625000,11.468750,11.468750,2.273896,44800
1987-03-03,0.000000,11.500000,11.437500,11.500000,2.280091,6800
1987-03-04,0.000000,11.593750,11.437500,11.531250,2.286287,72400
1987-03-05,0.000000,11.750000,11.531250,11.750000,2.329658,79200
1987-03-06,0.000000,11.843750,11.531250,11.718750,2.323462,80800
1987-03-09,0.000000,11.781250,11.718750,11.718750,2.323462,42400
1987-03-10,0.000000,11.781250,11.718750,11.718750,2.323462,40000
1987-03-11,0.000000,11.781250,11.718750,11.718750,2.323462,2800
1987-03-12,0.000000,11.750000,11.718750,11.718750,2.323462,69200
1987-03-13,0.000000,11.781250,11.718750,11.781250,2.335853,46000
1987-03-16,0.000000,11.750000,11.718750,11.750000,2.329658,163200
1987-03-17,0.000000,11.750000,11.718750,11.750000,2.329658,12800
1987-03-18,0.000000,11.781250,11.718750,11.718750,2.323462,20400
1987-03-19,0.000000,11.812500,11.718750,11.781250,2.335853,39600
1987-03-20,0.000000,11.937500,11.781250,11.812500,2.342049,55200
1987-03-23,0.000000,11.937500,11.812500,11.812500,2.342049,27200
1987-03-24,0.000000,11.968750,11.843750,11.906250,2.360636,52400
1987-03-25,0.000000,12.000000,11.906250,12.000000,2.379225,20400
1987-03-26,0.000000,11.937500,11.906250,11.937500,2.366833,6000
1987-03-27,0.000000,11.968750,11.875000,11.875000,2.354441,22400
1987-03-30,0.000000,11.875000,11.781250,11.812500,2.342049,78800
1987-03-31,0.000000,11.875000,11.781250,11.875000,2.354441,18400
1987-04-01,0.000000,11.843750,11.718750,11.718750,2.323462,72800
1987-04-02,0.000000,11.750000,11.687500,11.718750,2.323462,25600
1987-04-03,0.000000,11.750000,11.562500,11.562500,2.292482,77200
1987-04-06,0.000000,11.562500,11.312500,11.406250,2.261503,59200
1987-04-07,0.000000,11.312500,11.125000,11.125000,2.205739,81600
1987-04-08,0.000000,11.156250,11.093750,11.093750,2.199544,85600
1987-04-09,0.000000,11.156250,10.625000,10.656250,2.112803,166800
1987-04-10,0.000000,10.593750,10.312500,10.375000,2.057039,75600
1987-04-13,0.000000,10.312500,9.875000,9.875000,1.957905,102800
1987-04-14,0.000000,9.812500,9.437500,9.437500,1.871161,97600
1987-04-15,0.000000,9.687500,9.562500,9.687500,1.920728,79200
1987-04-16,0.000000,10.062500,9.750000,9.812500,1.945512,150400
1987-04-20,0.000000,9.937500,9.687500,9.750000,1.933121,70400
1987-04-21,0.000000,10.000000,9.687500,10.000000,1.982687,58800
1987-04-22,0.000000,10.156250,10.000000,10.062500,1.995079,58000
1987-04-23,0.000000,10.062500,9.843750,9.843750,1.951708,37200
1987-04-24,0.000000,9.812500,9.687500,9.750000,1.933121,53600
1987-04-27,0.000000,9.750000,9.500000,9.656250,1.914533,66000
1987-04-28,0.000000,9.812500,9.562500,9.718750,1.926925,47600
1987-04-29,0.000000,10.000000,9.812500,9.937500,1.970296,35200
1987-04-30,0.000000,10.437500,10.031250,10.375000,2.057039,62800
1987-05-01,0.000000,10.375000,10.125000,10.156250,2.013667,24400
1987-05-04,0.000000,10.218750,10.125000,10.187500,2.019863,14400
1987-05-05,0.000000,10.312500,10.187500,10.312500,2.044647,17200
1987-05-06,0.000000,10.500000,10.281250,10.343750,2.050842,311600
1987-05-07,0.000000,10.437500,10.281250,10.437500,2.069431,13600
1987-05-08,0.000000,10.437500,10.343750,10.437500,2.069431,29200
1987-05-11,0.000000,10.375000,10.250000,10.250000,2.068422,14800
1987-05-12,0.000000,10.250000,10.187500,10.250000,2.068422,12400
1987-05-13,0.000000,10.187500,10.125000,10.125000,2.043197,84800
1987-05-14,0.000000,10.187500,10.125000,10.125000,2.043197,12000
1987-05-15,0.000000,10.187500,10.000000,10.000000,2.017972,29600
1987-05-18,0.000000,10.062500,9.687500,9.781250,1.973829,72000
1987-05-19,0.000000,9.781250,9.687500,9.781250,1.973829,118400
1987-05-20,0.000000,9.687500,9.500000,9.562500,1.929685,136800
1987-05-21,0.000000,9.718750,9.593750,9.593750,1.935991,45600
1987-05-22,0.000000,9.687500,9.562500,9.656250,1.948604,29600
1987-05-26,0.000000,9.718750,9.625000,9.718750,1.961217,34800
1987-05-27,0.000000,9.781250,9.562500,9.781250,1.973829,60400
1987-05-28,0.000000,9.781250,9.687500,9.781250,1.973829,45600
1987-05-29,0.000000,9.781250,9.718750,9.781250,1.973829,14800
1987-06-01,0.000000,10.093750,9.812500,9.968750,2.011666,81600
1987-06-02,0.000000,10.093750,9.968750,10.031250,2.024278,55200
1987-06-03,0.000000,10.281250,10.031250,10.281250,2.074728,52400
1987-06-04,0.000000,10.406250,10.218750,10.406250,2.099951,50000
1987-06-05,0.000000,10.437500,10.312500,10.437500,2.106258,13600
1987-06-08,0.000000,10.625000,10.375000,10.500000,2.118871,100800
1987-06-09,0.000000,10.625000,10.500000,10.500000,2.118871,16400
1987-06-10,0.000000,10.562500,10.437500,10.562500,2.131484,5600
1987-06-11,0.000000,10.562500,10.437500,10.500000,2.118871,29600
1987-06-12,0.000000,10.500000,10.437500,10.500000,2.118871,3600
1987-06-15,0.000000,10.500000,10.437500,10.500000,2.118871,29200
1987-06-16,0.000000,10.500000,10.437500,10.500000,2.118871,18800
1987-06-17,0.000000,10.687500,10.468750,10.687500,2.156706,45600
1987-06-18,0.000000,10.687500,10.625000,10.687500,2.156706,82800
1987-06-19,0.000000,10.812500,10.625000,10.718750,2.163014,47200
1987-06-22,0.000000,10.906250,10.781250,10.812500,2.181932,142800
1987-06-23,0.000000,11.000000,10.843750,10.843750,2.188238,30000
1987-06-24,0.000000,10.937500,10.843750,10.937500,2.207157,15600
1987-06-25,0.000000,10.937500,10.843750,10.843750,2.188238,4000
1987-06-26,0.000000,10.937500,10.718750,10.750000,2.169321,30400
1987-06-29,0.000000,10.750000,10.687500,10.687500,2.156706,25200
1987-06-30,0.000000,10.843750,10.687500,10.750000,2.169321,34800
1987-07-01,0.000000,10.875000,10.750000,10.875000,2.194543,5600
1987-07-02,0.000000,10.875000,10.750000,10.750000,2.169321,8400
1987-07-06,0.000000,10.812500,10.750000,10.750000,2.169321,21200
1987-07-07,0.000000,10.875000,10.750000,10.750000,2.169321,5600
1987-07-08,0.000000,10.875000,10.750000,10.875000,2.194543,28400
1987-07-09,0.000000,10.875000,10.750000,10.812500,2.181932,15200
1987-07-10,0.000000,10.906250,10.812500,10.812500,2.181932,4400
1987-07-13,0.000000,10.937500,10.812500,10.812500,2.181932,56000
1987-07-14,0.000000,10.937500,10.812500,10.812500,2.181932,4400
1987-07-15,0.000000,10.937500,10.812500,10.843750,2.188238,8000
1987-07-16,0.000000,10.937500,10.843750,10.843750,2.188238,12000
1987-07-17,0.000000,10.937500,10.843750,10.937500,2.207157,12800
1987-07-20,0.000000,10.937500,10.843750,10.843750,2.188238,24400
1987-07-21,0.000000,10.937500,10.750000,10.750000,2.169321,48800
1987-07-22,0.000000,10.843750,10.687500,10.687500,2.156706,81200
1987-07-23,0.000000,10.781250,10.687500,10.687500,2.156706,12000
1987-07-24,0.000000,10.750000,10.687500,10.750000,2.169321,67200
1987-07-27,0.000000,10.781250,10.687500,10.687500,2.156706,14000
1987-07-28,0.000000,10.718750,10.687500,10.718750,2.163014,4400
1987-07-29,0.000000,10.781250,10.718750,10.718750,2.163014,4000
1987-07-30,0.000000,10.781250,10.718750,10.781250,2.175627,4400
1987-07-31,0.000000,10.781250,10.718750,10.750000,2.169321,35600
1987-08-03,0.000000,10.750000,10.625000,10.625000,2.144094,22800
1987-08-04,0.000000,10.625000,10.500000,10.625000,2.144094,18000
1987-08-05,0.000000,10.625000,10.500000,10.625000,2.144094,1600
1987-08-06,0.000000,10.625000,10.500000,10.500000,2.118871,10000
1987-08-07,0.000000,10.625000,10.500000,10.500000,2.118871,11200
1987-08-10,0.000000,10.625000,10.500000,10.500000,2.156351,8000
1987-08-11,0.000000,10.593750,10.500000,10.500000,2.156351,18000
1987-08-12,0.000000,10.593750,10.500000,10.500000,2.156351,12000
1987-08-13,0.000000,10.500000,10.312500,10.312500,2.117844,25200
1987-08-14,0.000000,10.312500,10.187500,10.187500,2.092173,19200
1987-08-17,0.000000,10.250000,10.187500,10.187500,2.092173,22400
1987-08-18,0.000000,10.250000,9.812500,9.906250,2.034414,54800
1987-08-19,0.000000,9.937500,9.812500,9.937500,2.040833,17600
1987-08-20,0.000000,10.250000,9.937500,10.156250,2.085756,32800
1987-08-21,0.000000,10.250000,10.187500,10.187500,2.092173,6400
1987-08-24,0.000000,10.312500,10.218750,10.312500,2.117844,8400
1987-08-25,0.000000,10.312500,10.218750,10.250000,2.105008,41200
1987-08-26,0.000000,10.250000,9.937500,9.937500,2.040833,37200
1987-08-27,0.000000,10.000000,9.875000,10.000000,2.053666,8000
1987-08-28,0.000000,10.000000,9.812500,9.875000,2.027996,30800
1987-08-31,0.000000,9.937500,9.812500,9.812500,2.015159,23200
1987-09-01,0.000000,10.250000,9.843750,10.062500,2.066501,188000
1987-09-02,0.000000,10.062500,9.812500,9.812500,2.015159,58400
1987-09-03,0.000000,9.906250,9.812500,9.906250,2.034414,2800
1987-09-04,0.000000,9.906250,9.812500,9.812500,2.015159,24400
1987-09-08,0.000000,9.875000,9.687500,9.687500,1.989490,47600
1987-09-09,0.000000,9.781250,9.687500,9.687500,1.989490,10400
1987-09-10,0.000000,9.875000,9.750000,9.875000,2.027996,26000
1987-09-11,0.000000,9.875000,9.625000,9.625000,1.976654,76400
1987-09-14,0.000000,9.687500,9.625000,9.625000,1.976654,415200
1987-09-15,0.000000,9.687500,9.562500,9.625000,1.976654,60000
1987-09-16,0.000000,9.687500,9.500000,9.687500,1.989490,24000
1987-09-17,0.000000,9.687500,9.562500,9.562500,1.963819,47200
1987-09-18,0.000000,9.687500,9.562500,9.562500,1.963819,72800
1987-09-21,0.000000,9.687500,9.562500,9.562500,1.963819,56800
1987-09-22,0.000000,9.875000,9.562500,9.875000,2.027996,55200
1987-09-23,0.000000,10.187500,9.812500,10.187500,2.092173,80800
1987-09-24,0.000000,10.062500,9.937500,10.062500,2.066501,22000
1987-09-25,0.000000,9.968750,9.875000,9.937500,2.040833,106000
1987-09-28,0.000000,9.937500,9.812500,9.812500,2.015159,12800
1987-09-29,0.000000,9.875000,9.812500,9.812500,2.015159,6000
1987-09-30,0.000000,9.812500,9.687500,9.812500,2.015159,19600
1987-10-01,0.000000,9.812500,9.687500,9.812500,2.015159,4800
1987-10-02,0.000000,9.812500,9.687500,9.687500,1.989490,5600
1987-10-05,0.000000,9.812500,9.687500,9.687500,1.989490,4800
1987-10-06,0.000000,9.812500,9.687500,9.750000,2.002325,18400
1987-10-07,0.000000,9.687500,9.500000,9.562500,1.963819,55600
1987-10-08,0.000000,9.562500,9.500000,9.562500,1.963819,8800
1987-10-09,0.000000,9.750000,9.500000,9.750000,2.002325,25200
1987-10-12,0.000000,9.687500,9.562500,9.687500,1.989490,6400
1987-10-13,0.000000,9.750000,9.625000,9.750000,2.002325,11200
1987-10-14,0.000000,9.750000,9.625000,9.625000,1.976654,8400
1987-10-15,0.000000,9.687500,9.562500,9.625000,1.976654,38800
1987-10-16,0.000000,9.687500,9.562500,9.562500,1.963819,16400
1987-10-19,0.000000,9.625000,9.312500,9.312500,1.912478,58000
1987-10-20,0.000000,9.375000,9.125000,9.187500,1.886806,21600
1987-10-21,0.000000,9.250000,9.187500,9.250000,1.899642,17600
1987-10-22,0.000000,9.250000,9.062500,9.250000,1.899642,32000
1987-10-23,0.000000,9.250000,9.062500,9.062500,1.861135,9600
1987-10-26,0.000000,9.125000,8.937500,8.937500,1.835464,29200
1987-10-27,0.000000,9.062500,8.750000,8.875000,1.822629,32000
1987-10-28,0.000000,8.875000,8.562500,8.750000,1.796959,21200
1987-10-29,0.000000,8.750000,8.625000,8.625000,1.771287,73600
1987-10-30,0.000000,8.687500,8.562500,8.687500,1.784123,60400
1987-11-02,0.000000,8.687500,8.562500,8.625000,1.771287,226000
1987-11-03,0.000000,8.625000,8.500000,8.562500,1.758452,66400
1987-11-04,0.000000,8.500000,8.375000,8.500000,1.745617,24000
1987-11-05,0.000000,8.875000,8.437500,8.812500,1.809794,252800
1987-11-06,0.000000,9.125000,8.937500,9.031250,1.893940,51200
1987-11-09,0.000000,9.125000,8.937500,8.937500,1.874279,54800
1987-11-10,0.000000,9.062500,8.937500,9.062500,1.900493,25200
1987-11-11,0.000000,9.250000,8.937500,9.250000,1.939814,26000
1987-11-12,0.000000,9.437500,9.312500,9.375000,1.966028,55600
1987-11-13,0.000000,9.437500,9.375000,9.375000,1.966028,22800
1987-11-16,0.000000,9.437500,9.062500,9.187500,1.926706,120000
1987-11-17,0.000000,9.250000,9.062500,9.062500,1.900493,22400
1987-11-18,0.000000,9.187500,9.062500,9.187500,1.926706,16000
1987-11-19,0.000000,9.250000,9.062500,9.187500,1.926706,7600
1987-11-20,0.000000,9.187500,9.062500,9.187500,1.926706,10800
1987-11-23,0.000000,9.250000,9.062500,9.250000,1.939814,85600
1987-11-24,0.000000,9.375000,9.125000,9.375000,1.966028,31200
1987-11-25,0.000000,9.375000,9.187500,9.312500,1.952921,19200
1987-11-27,0.000000,9.250000,9.187500,9.250000,1.939814,16800
1987-11-30,0.000000,9.187500,9.000000,9.062500,1.900493,25200
1987-12-01,0.000000,9.125000,8.937500,8.937500,1.874279,6400
1987-12-02,0.000000,9.125000,8.937500,9.000000,1.887386,10800
1987-12-03,0.000000,9.312500,9.000000,9.312500,1.952921,87200
1987-12-04,0.000000,9.312500,9.187500,9.250000,1.939814,17600
1987-12-07,0.000000,9.375000,9.187500,9.375000,1.966028,14800
1987-12-08,0.000000,9.562500,9.250000,9.562500,2.005348,34000
1987-12-09,0.000000,9.750000,9.500000,9.750000,2.044668,34800
1987-12-10,0.000000,9.750000,9.625000,9.750000,2.044668,9600
1987-12-11,0.000000,9.937500,9.687500,9.812500,2.057775,29600
1987-12-14,0.000000,9.937500,9.812500,9.812500,2.057775,16400
1987-12-15,0.000000,10.312500,9.812500,10.312500,2.162631,72000
1987-12-16,0.000000,10.500000,10.187500,10.375000,2.175736,62400
1987-12-17,0.000000,10.625000,10.375000,10.562500,2.215058,33200
1987-12-18,0.000000,11.312500,10.531250,11.187500,2.346127,168800
1987-12-21,0.000000,11.125000,10.625000,10.687500,2.241270,114000
1987-12-22,0.000000,10.750000,10.500000,10.625000,2.228165,38400
1987-12-23,0.000000,10.562500,10.375000,10.468750,2.195397,47200
1987-12-24,0.000000,10.687500,10.437500,10.562500,2.215058,20000
1987-12-28,0.000000,10.687500,10.562500,10.562500,2.215058,3200
1987-12-29,0.000000,10.687500,10.562500,10.562500,2.215058,5200
1987-12-30,0.000000,10.687500,10.562500,10.562500,2.215058,4400
1987-12-31,0.000000,10.562500,10.375000,10.562500,2.215058,21600
1988-01-04,0.000000,10.625000,10.375000,10.500000,2.201951,50800
1988-01-05,0.000000,10.625000,10.500000,10.500000,2.201951,20800
1988-01-06,0.000000,10.625000,10.500000,10.562500,2.215058,13200
1988-01-07,0.000000,10.500000,10.500000,10.500000,2.201951,2000
1988-01-08,0.000000,10.625000,10.437500,10.437500,2.188843,15600
1988-01-11,0.000000,10.312500,10.125000,10.187500,2.136417,22800
1988-01-12,0.000000,10.250000,10.125000,10.250000,2.149524,2800
1988-01-13,0.000000,10.250000,9.812500,9.875000,2.070882,30000
1988-01-14,0.000000,9.937500,9.875000,9.937500,2.083990,5200
1988-01-15,0.000000,10.250000,10.000000,10.125000,2.123310,58400
1988-01-18,0.000000,10.250000,10.125000,10.250000,2.149524,2800
1988-01-19,10.250000,10.250000,10.250000,10.250000,2.149524,0
1988-01-20,0.000000,10.250000,10.062500,10.062500,2.110202,16400
1988-01-21,0.000000,10.062500,9.812500,9.906250,2.077435,55600
1988-01-22,0.000000,10.125000,9.875000,9.875000,2.070882,26800
1988-01-25,0.000000,10.125000,9.937500,10.000000,2.097095,10800
1988-01-26,0.000000,10.125000,9.937500,10.000000,2.097095,16400
1988-01-27,0.000000,10.062500,9.937500,10.062500,2.110202,1200
1988-01-28,0.000000,10.062500,9.875000,9.937500,2.083990,29600
1988-01-29,0.000000,10.125000,10.000000,10.125000,2.123310,16800
1988-02-01,0.000000,10.125000,10.000000,10.125000,2.123310,3200
1988-02-02,0.000000,10.187500,10.000000,10.000000,2.097095,86000
1988-02-03,0.000000,10.312500,10.062500,10.250000,2.149524,37600
1988-02-04,0.000000,10.500000,10.125000,10.437500,2.188843,68400
1988-02-05,0.000000,10.500000,10.312500,10.500000,2.201951,18800
1988-02-08,0.000000,10.437500,10.218750,10.250000,2.188076,51600
1988-02-09,0.000000,10.437500,10.312500,10.312500,2.201417,4400
1988-02-10,0.000000,10.500000,10.312500,10.500000,2.241443,42800
1988-02-11,0.000000,10.625000,10.437500,10.625000,2.268126,10800
1988-02-12,0.000000,10.687500,10.437500,10.500000,2.241443,8400
1988-02-16,0.000000,10.625000,10.437500,10.625000,2.268126,2000
1988-02-17,0.000000,10.625000,10.437500,10.625000,2.268126,16000
1988-02-18,0.000000,10.625000,10.437500,10.531250,2.248114,8000
1988-02-19,0.000000,10.625000,10.437500,10.625000,2.268126,4800
1988-02-22,0.000000,10.625000,10.437500,10.625000,2.268126,2800
1988-02-23,0.000000,10.625000,10.500000,10.562500,2.254785,57600
1988-02-24,0.000000,10.625000,10.500000,10.500000,2.241443,35600
1988-02-25,0.000000,10.625000,10.500000,10.625000,2.268126,12400
1988-02-26,0.000000,10.625000,10.500000,10.562500,2.254785,23200
1988-02-29,0.000000,10.812500,10.500000,10.625000,2.268126,27600
1988-03-01,0.000000,10.812500,10.625000,10.812500,2.308152,40000
1988-03-02,0.000000,10.875000,10.687500,10.750000,2.294811,196800
1988-03-03,0.000000,10.875000,10.750000,10.812500,2.308152,69600
1988-03-04,0.000000,10.875000,10.750000,10.750000,2.294811,45200
1988-03-07,0.000000,10.875000,10.625000,10.812500,2.308152,12400
1988-03-08,0.000000,10.812500,10.437500,10.437500,2.228101,54800
1988-03-09,0.000000,10.562500,10.437500,10.437500,2.228101,8800
1988-03-10,0.000000,10.500000,10.312500,10.312500,2.201417,6800
1988-03-11,0.000000,10.437500,10.250000,10.250000,2.188076,40800
1988-03-14,0.000000,10.375000,10.125000,10.125000,2.161391,18000
1988-03-15,0.000000,10.312500,10.125000,10.125000,2.161391,5200
1988-03-16,0.000000,10.312500,10.125000,10.312500,2.201417,30000
1988-03-17,0.000000,10.250000,10.000000,10.187500,2.174733,8800
1988-03-18,0.000000,10.187500,9.937500,9.937500,2.121366,24400
1988-03-21,0.000000,10.062500,9.812500,9.937500,2.121366,20000
1988-03-22,0.000000,9.937500,9.750000,9.937500,2.121366,10800
1988-03-23,0.000000,9.937500,9.750000,9.937500,2.121366,52000
1988-03-24,0.000000,9.937500,9.750000,9.750000,2.081339,24000
1988-03-25,0.000000,9.937500,9.812500,9.937500,2.121366,11600
1988-03-28,0.000000,9.937500,9.750000,9.937500,2.121366,5600
1988-03-29,0.000000,9.937500,9.812500,9.812500,2.094681,56800
1988-03-30,0.000000,9.937500,9.812500,9.937500,2.121366,11200
1988-03-31,0.000000,9.937500,9.750000,9.937500,2.121366,14400
1988-04-04,0.000000,9.875000,9.750000,9.750000,2.081339,6800
1988-04-05,0.000000,9.875000,9.687500,9.812500,2.094681,10400
1988-04-06,0.000000,9.875000,9.687500,9.875000,2.108023,6800
1988-04-07,0.000000,9.875000,9.687500,9.875000,2.108023,10000
1988-04-08,0.000000,9.875000,9.687500,9.750000,2.081339,6400
1988-04-11,0.000000,10.062500,9.875000,9.875000,2.108023,20800
1988-04-12,0.000000,10.062500,9.875000,10.062500,2.148049,12400
1988-04-13,0.000000,10.125000,9.937500,10.031250,2.141378,86000
1988-04-14,0.000000,10.125000,9.937500,10.062500,2.148049,16000
1988-04-15,0.000000,10.062500,9.937500,10.062500,2.148049,38800
1988-04-18,0.000000,10.062500,9.937500,10.062500,2.148049,14800
1988-04-19,0.000000,10.000000,9.937500,9.968750,2.128036,25200
1988-04-20,0.000000,10.000000,9.875000,10.000000,2.134706,48800
1988-04-21,0.000000,10.000000,9.875000,10.000000,2.134706,11200
1988-04-22,0.000000,10.000000,9.875000,10.000000,2.134706,22800
1988-04-25,0.000000,10.000000,9.812500,10.000000,2.134706,9200
1988-04-26,0.000000,10.000000,9.812500,10.000000,2.134706,9200
1988-04-27,0.000000,10.000000,9.812500,10.000000,2.134706,180000
1988-04-28,0.000000,10.000000,9.875000,10.000000,2.134706,16000
1988-04-29,0.000000,10.062500,10.000000,10.062500,2.148049,9600
1988-05-02,0.000000,10.187500,9.937500,10.187500,2.174733,50800
1988-05-03,0.000000,10.187500,10.000000,10.187500,2.174733,23200
1988-05-04,0.000000,10.187500,10.000000,10.187500,2.174733,6800
1988-05-05,0.000000,10.250000,10.000000,10.062500,2.148049,33600
1988-05-06,0.000000,10.312500,10.125000,10.312500,2.201417,26000
1988-05-09,0.000000,10.187500,10.000000,10.187500,2.214459,108800
1988-05-10,0.000000,10.187500,10.000000,10.093750,2.194081,18000
1988-05-11,0.000000,10.125000,9.875000,9.937500,2.160117,31600
1988-05-12,0.000000,10.062500,9.875000,9.875000,2.146530,10800
1988-05-13,0.000000,10.062500,9.875000,9.875000,2.146530,12800
1988-05-16,0.000000,10.062500,9.875000,9.875000,2.146530,8800
1988-05-17,0.000000,10.062500,9.875000,9.875000,2.146530,32400
1988-05-18,0.000000,9.937500,9.750000,9.875000,2.146530,23600
1988-05-19,0.000000,9.875000,9.687500,9.687500,2.105775,10000
1988-05-20,0.000000,9.875000,9.687500,9.781250,2.126152,7200
1988-05-23,0.000000,9.875000,9.500000,9.687500,2.105775,52400
1988-05-24,0.000000,9.687500,9.500000,9.687500,2.105775,800
1988-05-25,0.000000,9.687500,9.500000,9.687500,2.105775,9200
1988-05-26,0.000000,9.687500,9.500000,9.687500,2.105775,166000
1988-05-27,0.000000,9.687500,9.562500,9.625000,2.092189,15200
1988-05-31,0.000000,9.625000,9.500000,9.625000,2.092189,55200
1988-06-01,0.000000,9.750000,9.625000,9.687500,2.105775,21600
1988-06-02,0.000000,9.750000,9.625000,9.625000,2.092189,16400
1988-06-03,0.000000,9.750000,9.562500,9.625000,2.092189,13600
1988-06-06,0.000000,9.812500,9.625000,9.750000,2.119359,67600
1988-06-07,0.000000,9.812500,9.687500,9.687500,2.105775,12400
1988-06-08,0.000000,9.812500,9.687500,9.812500,2.132945,34000
1988-06-09,0.000000,9.812500,9.750000,9.812500,2.132945,15200
1988-06-10,0.000000,9.875000,9.750000,9.875000,2.146530,18400
1988-06-13,0.000000,9.937500,9.812500,9.937500,2.160117,10000
1988-06-14,0.000000,9.937500,9.812500,9.937500,2.160117,212800
1988-06-15,0.000000,9.937500,9.812500,9.937500,2.160117,16400
1988-06-16,0.000000,10.000000,9.750000,9.875000,2.146530,48000
1988-06-17,0.000000,10.000000,9.625000,9.625000,2.092189,33200
1988-06-20,0.000000,9.875000,9.625000,9.875000,2.146530,27800
1988-06-21,0.000000,9.875000,9.625000,9.875000,2.146530,9000
1988-06-22,0.000000,9.875000,9.625000,9.875000,2.146530,31400
1988-06-23,0.000000,9.875000,9.750000,9.875000,2.146530,20200
1988-06-24,0.000000,9.875000,9.750000,9.875000,2.146530,17800
1988-06-27,0.000000,9.875000,9.750000,9.875000,2.146530,15200
1988-06-28,0.000000,9.875000,9.750000,9.750000,2.119359,12200
1988-06-29,0.000000,9.875000,9.625000,9.625000,2.092189,48400
1988-06-30,0.000000,9.750000,9.375000,9.625000,2.092189,22600
1988-07-01,0.000000,9.750000,9.500000,9.750000,2.119359,9000
1988-07-05,0.000000,9.750000,9.500000,9.500000,2.065016,5400
1988-07-06,0.000000,9.750000,9.500000,9.687500,2.105775,51200
1988-07-07,0.000000,9.750000,9.625000,9.625000,2.092189,12800
1988-07-08,0.000000,9.750000,9.625000,9.750000,2.119359,11400
1988-07-11,0.000000,9.750000,9.625000,9.750000,2.119359,8600
1988-07-12,0.000000,9.750000,9.625000,9.750000,2.119359,37000
1988-07-13,0.000000,9.750000,9.625000,9.750000,2.119359,74200
1988-07-14,0.000000,9.750000,9.625000,9.750000,2.119359,38200
1988-07-15,0.000000,9.750000,9.625000,9.750000,2.119359,53000
1988-07-18,0.000000,9.750000,9.500000,9.750000,2.119359,42000
1988-07-19,0.000000,9.750000,9.375000,9.500000,2.065016,41600
1988-07-20,0.000000,9.625000,9.500000,9.625000,2.092189,6600
1988-07-21,0.000000,9.625000,9.500000,9.625000,2.092189,6800
1988-07-22,0.000000,9.625000,9.500000,9.625000,2.092189,15200
1988-07-25,0.000000,9.625000,9.500000,9.562500,2.078602,35200
1988-07-26,0.000000,9.625000,9.500000,9.500000,2.065016,7400
1988-07-27,0.000000,9.625000,9.500000,9.625000,2.092189,5200
1988-07-28,0.000000,9.625000,9.500000,9.500000,2.065016,18400
1988-07-29,0.000000,9.625000,9.500000,9.500000,2.065016,10400
1988-08-01,0.000000,9.625000,9.500000,9.500000,2.065016,58000
1988-08-02,0.000000,9.625000,9.500000,9.625000,2.092189,19600
1988-08-03,0.000000,9.625000,9.500000,9.562500,2.078602,15000
1988-08-04,0.000000,9.625000,9.500000,9.625000,2.092189,47600
1988-08-05,0.000000,9.625000,9.500000,9.625000,2.092189,18400
1988-08-08,0.000000,9.625000,9.500000,9.625000,2.092189,24000
1988-08-09,0.000000,9.625000,9.250000,9.375000,2.077783,66600
1988-08-10,0.000000,9.375000,9.125000,9.125000,2.022374,14000
1988-08-11,0.000000,9.375000,9.125000,9.125000,2.022374,109600
1988-08-12,0.000000,9.375000,9.125000,9.375000,2.077783,7000
1988-08-15,0.000000,9.375000,9.125000,9.250000,2.050078,40000
1988-08-16,0.000000,9.375000,9.125000,9.375000,2.077783,9200
1988-08-17,0.000000,9.375000,9.125000,9.125000,2.022374,12800
1988-08-18,0.000000,9.375000,9.125000,9.375000,2.077783,29000
1988-08-19,0.000000,9.375000,9.125000,9.375000,2.077783,23000
1988-08-22,0.000000,9.375000,9.125000,9.375000,2.077783,5800
1988-08-23,0.000000,9.375000,9.125000,9.250000,2.050078,49200
1988-08-24,0.000000,9.500000,9.250000,9.500000,2.105487,16400
1988-08-25,0.000000,9.500000,9.250000,9.250000,2.050078,47800
1988-08-26,0.000000,9.500000,9.375000,9.500000,2.105487,8200
1988-08-29,0.000000,9.375000,9.250000,9.375000,2.077783,7200
1988-08-30,0.000000,9.500000,9.250000,9.500000,2.105487,14200
1988-08-31,0.000000,9.500000,9.250000,9.500000,2.105487,14800
1988-09-01,0.000000,9.500000,9.250000,9.250000,2.050078,9600
1988-09-02,0.000000,9.625000,9.250000,9.500000,2.105487,37000
1988-09-06,0.000000,9.750000,9.500000,9.750000,2.160893,32000
1988-09-07,0.000000,10.000000,9.500000,10.000000,2.216301,28400
1988-09-08,0.000000,10.250000,10.000000,10.187500,2.257857,16200
1988-09-09,0.000000,10.500000,10.125000,10.250000,2.271709,33000
1988-09-12,0.000000,10.625000,10.375000,10.625000,2.354820,33200
1988-09-13,0.000000,10.500000,10.375000,10.500000,2.327116,70400
1988-09-14,0.000000,10.500000,10.375000,10.375000,2.299412,11800
1988-09-15,0.000000,10.500000,10.375000,10.500000,2.327116,8000
1988-09-16,0.000000,10.625000,10.375000,10.500000,2.327116,26600
1988-09-19,0.000000,10.750000,10.500000,10.750000,2.382524,15400
1988-09-20,0.000000,11.125000,10.500000,11.000000,2.437930,48400
1988-09-21,0.000000,11.000000,10.625000,10.625000,2.354820,38200
1988-09-22,0.000000,10.625000,10.500000,10.625000,2.354820,27600
1988-09-23,0.000000,10.625000,10.500000,10.625000,2.354820,1400
1988-09-26,0.000000,10.625000,10.500000,10.625000,2.354820,3200
1988-09-27,0.000000,10.750000,10.500000,10.500000,2.327116,21200
1988-09-28,0.000000,10.750000,10.500000,10.750000,2.382524,5400
1988-09-29,0.000000,10.750000,10.500000,10.500000,2.327116,3200
1988-09-30,0.000000,10.750000,10.500000,10.625000,2.354820,15000
1988-10-03,0.000000,10.750000,10.500000,10.750000,2.382524,6200
1988-10-04,0.000000,10.750000,10.500000,10.625000,2.354820,25600
1988-10-05,0.000000,10.750000,10.500000,10.750000,2.382524,9800
1988-10-06,0.000000,10.750000,10.500000,10.750000,2.382524,106400
1988-10-07,0.000000,10.875000,10.500000,10.625000,2.354820,11000
1988-10-10,0.000000,11.000000,10.625000,11.000000,2.437930,2800
1988-10-11,0.000000,11.000000,10.750000,10.750000,2.382524,17200
1988-10-12,0.000000,10.875000,10.750000,10.812500,2.396376,51600
1988-10-13,0.000000,10.875000,10.625000,10.625000,2.354820,23800
1988-10-14,0.000000,10.875000,10.625000,10.750000,2.382524,13400
1988-10-17,0.000000,10.875000,10.750000,10.750000,2.382524,10800
1988-10-18,0.000000,10.875000,10.750000,10.875000,2.410226,2600
1988-10-19,0.000000,10.875000,10.750000,10.750000,2.382524,9200
1988-10-20,0.000000,10.875000,10.625000,10.625000,2.354820,14200
1988-10-21,0.000000,10.875000,10.625000,10.875000,2.410226,3800
1988-10-24,0.000000,10.875000,10.500000,10.750000,2.382524,56800
1988-10-25,0.000000,10.875000,10.625000,10.625000,2.354820,6800
1988-10-26,0.000000,10.875000,10.625000,10.875000,2.410226,15200
1988-10-27,0.000000,10.875000,10.625000,10.625000,2.354820,5600
1988-10-28,0.000000,10.750000,10.625000,10.750000,2.382524,6200
1988-10-31,0.000000,10.750000,10.625000,10.750000,2.382524,4400
1988-11-01,0.000000,10.750000,10.625000,10.750000,2.382524,12600
1988-11-02,0.000000,10.750000,10.625000,10.625000,2.354820,11200
1988-11-03,0.000000,10.750000,10.625000,10.625000,2.354820,5400
1988-11-04,0.000000,10.750000,10.625000,10.750000,2.382524,18800
1988-11-07,0.000000,10.625000,10.500000,10.625000,2.354820,11000
1988-11-08,0.000000,10.500000,10.375000,10.500000,2.368353,15400
1988-11-09,0.000000,10.500000,10.250000,10.375000,2.340159,10200
1988-11-10,0.000000,10.375000,10.250000,10.375000,2.340159,13600
1988-11-11,0.000000,10.500000,10.250000,10.250000,2.311964,8200
1988-11-14,0.000000,10.125000,10.125000,10.125000,2.283770,3200
1988-11-15,0.000000,10.250000,10.125000,10.125000,2.283770,18000
1988-11-16,0.000000,10.250000,9.875000,9.875000,2.227380,32600
1988-11-17,0.000000,10.125000,9.750000,10.000000,2.255574,14400
1988-11-18,0.000000,10.000000,9.562500,9.750000,2.199186,32800
1988-11-21,0.000000,9.625000,9.375000,9.375000,2.114601,9800
1988-11-22,0.000000,9.625000,9.375000,9.625000,2.170991,30400
1988-11-23,0.000000,9.625000,9.375000,9.500000,2.142796,3200
1988-11-25,0.000000,9.375000,9.250000,9.375000,2.114601,8000
1988-11-28,0.000000,9.500000,9.250000,9.500000,2.142796,7800
1988-11-29,0.000000,9.500000,9.250000,9.375000,2.114601,7800
1988-11-30,0.000000,9.500000,9.250000,9.375000,2.114601,12600
1988-12-01,0.000000,9.500000,9.375000,9.500000,2.142796,12000
1988-12-02,0.000000,9.500000,9.250000,9.375000,2.114601,19000
1988-12-05,0.000000,9.375000,9.250000,9.375000,2.114601,14200
1988-12-06,0.000000,9.500000,9.250000,9.375000,2.114601,121200
1988-12-07,0.000000,9.500000,9.250000,9.250000,2.086407,36600
1988-12-08,0.000000,9.625000,9.250000,9.625000,2.170991,17600
1988-12-09,0.000000,9.625000,9.375000,9.625000,2.170991,21200
1988-12-12,0.000000,9.625000,9.500000,9.625000,2.170991,19000
1988-12-13,0.000000,9.625000,9.500000,9.562500,2.156894,7800
1988-12-14,0.000000,9.625000,9.375000,9.500000,2.142796,49800
1988-12-15,0.000000,9.625000,9.500000,9.500000,2.142796,8400
1988-12-16,0.000000,9.625000,9.500000,9.625000,2.170991,13400
1988-12-19,0.000000,9.750000,9.500000,9.625000,2.170991,74000
1988-12-20,0.000000,10.000000,9.625000,9.812500,2.213283,61600
1988-12-21,0.000000,9.812500,9.812500,9.812500,2.213283,1000
1988-12-22,0.000000,10.000000,9.750000,9.875000,2.227380,37400
1988-12-23,0.000000,9.875000,9.750000,9.750000,2.199186,51200
1988-12-27,0.000000,10.000000,9.750000,9.750000,2.199186,8600
1988-12-28,0.000000,9.875000,9.625000,9.625000,2.170991,13200
1988-12-29,0.000000,9.875000,9.625000,9.750000,2.199186,15000
1988-12-30,0.000000,9.875000,9.500000,9.625000,2.170991,21400
1989-01-03,0.000000,9.625000,9.375000,9.625000,2.170991,13200
1989-01-04,0.000000,9.625000,9.375000,9.375000,2.114601,6000
1989-01-05,0.000000,9.625000,9.375000,9.500000,2.142796,8000
1989-01-06,0.000000,9.500000,9.375000,9.375000,2.114601,18400
1989-01-09,0.000000,9.500000,9.375000,9.437500,2.128699,168600
1989-01-10,0.000000,9.625000,9.375000,9.625000,2.170991,11400
1989-01-11,0.000000,9.750000,9.500000,9.500000,2.142796,17600
1989-01-12,0.000000,9.750000,9.500000,9.500000,2.142796,2200
1989-01-13,0.000000,9.750000,9.500000,9.750000,2.199186,9000
1989-01-16,0.000000,9.750000,9.625000,9.625000,2.170991,5600
1989-01-17,0.000000,9.875000,9.625000,9.875000,2.227380,40000
1989-01-18,0.000000,9.875000,9.625000,9.625000,2.170991,7200
1989-01-19,0.000000,9.875000,9.625000,9.750000,2.199186,18200
1989-01-20,0.000000,9.875000,9.625000,9.875000,2.227380,6000
1989-01-23,0.000000,10.000000,9.625000,9.750000,2.199186,10800
1989-01-24,0.000000,10.000000,9.875000,9.875000,2.227380,21000
1989-01-25,0.000000,10.125000,9.875000,10.000000,2.255574,33200
1989-01-26,0.000000,10.250000,10.000000,10.250000,2.311964,34800
1989-01-27,0.000000,10.375000,10.125000,10.250000,2.311964,37200
1989-01-30,0.000000,10.375000,10.125000,10.375000,2.340159,12200
1989-01-31,0.000000,10.375000,10.125000,10.125000,2.283770,12000
1989-02-01,0.000000,10.250000,10.125000,10.125000,2.283770,27600
1989-02-02,0.000000,10.250000,10.125000,10.250000,2.311964,4600
1989-02-03,0.000000,10.375000,10.125000,10.125000,2.283770,23800
1989-02-06,0.000000,10.375000,10.125000,10.125000,2.283770,2800
1989-02-07,0.000000,10.500000,10.250000,10.250000,2.311964,21600
1989-02-08,0.000000,10.500000,10.250000,10.500000,2.368353,7200
1989-02-09,0.000000,10.375000,10.187500,10.250000,2.354570,18000
1989-02-10,0.000000,10.250000,10.000000,10.000000,2.297141,33000
1989-02-13,0.000000,10.125000,9.750000,9.750000,2.239713,52000
1989-02-14,0.000000,10.000000,9.812500,9.812500,2.254070,1400
1989-02-15,0.000000,10.000000,9.812500,10.000000,2.297141,6200
1989-02-16,0.000000,10.125000,9.875000,9.937500,2.282786,34600
1989-02-17,0.000000,10.125000,9.937500,10.125000,2.325857,4400
1989-02-21,0.000000,10.125000,9.875000,10.000000,2.297141,12200
1989-02-22,0.000000,10.000000,9.500000,9.500000,2.182286,34400
1989-02-23,0.000000,9.750000,9.625000,9.750000,2.239713,13400
1989-02-24,0.000000,9.750000,9.625000,9.625000,2.211000,40400
1989-02-27,0.000000,9.875000,9.625000,9.875000,2.268427,14000
1989-02-28,0.000000,9.875000,9.625000,9.750000,2.239713,10000
1989-03-01,0.000000,9.875000,9.750000,9.812500,2.254070,8400
1989-03-02,0.000000,10.000000,9.750000,9.875000,2.268427,29600
1989-03-03,0.000000,10.000000,9.812500,10.000000,2.297141,26000
1989-03-06,0.000000,10.125000,9.812500,10.125000,2.325857,17800
1989-03-07,0.000000,10.250000,10.000000,10.250000,2.354570,9000
1989-03-08,0.000000,10.375000,10.000000,10.250000,2.354570,20200
1989-03-09,0.000000,10.375000,10.125000,10.125000,2.325857,58400
1989-03-10,0.000000,10.500000,10.250000,10.250000,2.354570,33000
1989-03-13,0.000000,10.625000,10.250000,10.500000,2.411999,51200
1989-03-14,0.000000,10.750000,10.500000,10.625000,2.440714,18600
1989-03-15,0.000000,10.750000,10.500000,10.750000,2.469429,13200
1989-03-16,0.000000,10.875000,10.625000,10.750000,2.469429,18400
1989-03-17,0.000000,10.875000,10.500000,10.625000,2.440714,41200
1989-03-20,0.000000,10.750000,10.500000,10.500000,2.411999,28800
1989-03-21,0.000000,10.750000,10.500000,10.625000,2.440714,23200
1989-03-22,0.000000,10.875000,10.500000,10.750000,2.469429,63200
1989-03-23,0.000000,10.875000,10.750000,10.875000,2.498142,44000
1989-03-27,0.000000,10.875000,10.750000,10.875000,2.498142,258800
1989-03-28,0.000000,10.750000,10.625000,10.625000,2.440714,8200
1989-03-29,0.000000,10.750000,10.500000,10.500000,2.411999,10600
1989-03-30,0.000000,10.750000,10.500000,10.500000,2.411999,66800
1989-03-31,0.000000,10.625000,10.500000,10.500000,2.411999,6800
1989-04-03,0.000000,10.750000,10.500000,10.625000,2.440714,21800
1989-04-04,0.000000,10.625000,10.500000,10.500000,2.411999,12400
1989-04-05,0.000000,10.625000,10.437500,10.625000,2.440714,142800
1989-04-06,0.000000,10.500000,10.375000,10.500000,2.411999,8000
1989-04-07,0.000000,10.500000,10.375000,10.375000,2.383284,6200
1989-04-10,0.000000,10.500000,10.375000,10.375000,2.383284,4000
1989-04-11,0.000000,10.500000,10.375000,10.500000,2.411999,18600
1989-04-12,0.000000,10.500000,10.375000,10.375000,2.383284,11000
1989-04-13,0.000000,10.500000,10.250000,10.250000,2.354570,14000
1989-04-14,0.000000,10.500000,10.250000,10.500000,2.411999,4200
1989-04-17,0.000000,10.500000,10.250000,10.250000,2.354570,81200
1989-04-18,0.000000,10.500000,10.250000,10.250000,2.354570,6600
1989-04-19,0.000000,10.500000,10.250000,10.500000,2.411999,39600
1989-04-20,0.000000,10.500000,10.125000,10.125000,2.325857,29200
1989-04-21,0.000000,10.375000,9.875000,10.000000,2.297141,24000
1989-04-24,0.000000,10.125000,9.875000,10.125000,2.325857,7000
1989-04-25,0.000000,10.125000,9.875000,10.125000,2.325857,18000
1989-04-26,0.000000,10.125000,9.875000,10.125000,2.325857,7000
1989-04-27,0.000000,10.125000,9.875000,10.000000,2.297141,7200
1989-04-28,0.000000,10.125000,10.000000,10.125000,2.325857,11400
1989-05-01,0.000000,10.125000,10.000000,10.125000,2.325857,22600
1989-05-02,0.000000,10.250000,10.000000,10.250000,2.354570,14400
1989-05-03,0.000000,10.250000,10.000000,10.250000,2.354570,6000
1989-05-04,0.000000,10.250000,10.125000,10.250000,2.354570,3400
1989-05-05,0.000000,10.500000,10.125000,10.250000,2.354570,30400
1989-05-08,0.000000,10.500000,10.125000,10.375000,2.383284,1800
1989-05-09,0.000000,10.375000,10.125000,10.250000,2.398495,8000
1989-05-10,0.000000,10.250000,10.000000,10.000000,2.339994,24400
1989-05-11,0.000000,10.250000,10.000000,10.187500,2.383869,15800
1989-05-12,0.000000,10.375000,10.125000,10.375000,2.427744,14400
1989-05-15,0.000000,10.500000,10.250000,10.250000,2.398495,15800
1989-05-16,0.000000,10.750000,10.250000,10.500000,2.456995,37600
1989-05-17,0.000000,10.875000,10.562500,10.750000,2.515496,28000
1989-05-18,0.000000,10.875000,10.562500,10.875000,2.544745,14800
1989-05-19,0.000000,11.000000,10.625000,11.000000,2.573995,18800
1989-05-22,0.000000,11.000000,10.750000,11.000000,2.573995,40000
1989-05-23,0.000000,11.000000,10.625000,10.875000,2.544745,38000
1989-05-24,0.000000,10.937500,10.750000,10.875000,2.544745,24200
1989-05-25,0.000000,10.875000,10.625000,10.625000,2.486245,20600
1989-05-26,0.000000,10.750000,10.500000,10.750000,2.515496,14000
1989-05-30,0.000000,10.750000,10.500000,10.750000,2.515496,42600
1989-05-31,0.000000,10.750000,10.625000,10.625000,2.486245,41400
1989-06-01,0.000000,10.750000,10.500000,10.625000,2.486245,48000
1989-06-02,0.000000,10.625000,10.500000,10.625000,2.486245,9200
1989-06-05,0.000000,10.625000,10.500000,10.500000,2.456995,58600
1989-06-06,0.000000,10.750000,10.500000,10.750000,2.515496,110600
1989-06-07,0.000000,10.750000,10.625000,10.750000,2.515496,15000
1989-06-08,0.000000,10.875000,10.625000,10.875000,2.544745,23400
1989-06-09,0.000000,10.875000,10.750000,10.875000,2.544745,7000
1989-06-12,0.000000,10.875000,10.625000,10.625000,2.486245,68800
1989-06-13,0.000000,10.875000,10.625000,10.625000,2.486245,29800
1989-06-14,0.000000,10.875000,10.625000,10.625000,2.486245,16400
1989-06-15,0.000000,10.875000,10.625000,10.625000,2.486245,5200
1989-06-16,0.000000,11.000000,10.625000,11.000000,2.573995,13000
1989-06-19,0.000000,11.000000,10.750000,11.000000,2.573995,16200
1989-06-20,0.000000,11.375000,10.750000,11.000000,2.573995,48400
1989-06-21,0.000000,11.375000,11.000000,11.375000,2.661745,47000
1989-06-22,0.000000,11.375000,11.125000,11.125000,2.603245,13200
1989-06-23,0.000000,11.375000,11.125000,11.375000,2.661745,6000
1989-06-26,0.000000,11.375000,11.125000,11.375000,2.661745,21800
1989-06-27,0.000000,11.375000,11.125000,11.125000,2.603245,5400
1989-06-28,0.000000,11.375000,11.125000,11.125000,2.603245,2400
1989-06-29,0.000000,11.375000,11.000000,11.250000,2.632495,35800
1989-06-30,0.000000,11.250000,11.000000,11.125000,2.603245,26600
1989-07-03,0.000000,11.375000,11.250000,11.375000,2.661745,13400
1989-07-05,0.000000,11.500000,11.250000,11.250000,2.632495,17600
1989-07-06,0.000000,11.500000,11.250000,11.250000,2.632495,3000
1989-07-07,0.000000,11.500000,11.312500,11.500000,2.690994,3800
1989-07-10,0.000000,11.500000,11.312500,11.437500,2.676369,6400
1989-07-11,0.000000,11.500000,11.312500,11.312500,2.647121,10200
1989-07-12,0.000000,11.500000,11.312500,11.500000,2.690994,51400
1989-07-13,0.000000,11.625000,11.375000,11.625000,2.720243,19000
1989-07-14,0.000000,11.625000,11.375000,11.500000,2.690994,14000
1989-07-17,0.000000,11.500000,11.375000,11.375000,2.661745,8600
1989-07-18,0.000000,11.500000,11.250000,11.500000,2.690994,12200
1989-07-19,0.000000,11.500000,11.250000,11.375000,2.661745,17400
1989-07-20,0.000000,11.625000,11.375000,11.500000,2.690994,16800
1989-07-21,0.000000,11.500000,11.375000,11.500000,2.690994,16000
1989-07-24,0.000000,11.625000,11.125000,11.125000,2.603245,18200
1989-07-25,0.000000,11.500000,11.125000,11.500000,2.690994,4200
1989-07-26,0.000000,11.500000,11.125000,11.250000,2.632495,22200
1989-07-27,0.000000,11.625000,11.250000,11.625000,2.720243,31800
1989-07-28,0.000000,11.625000,11.375000,11.375000,2.661745,13400
1989-07-31,0.000000,11.562500,11.375000,11.500000,2.690994,24000
1989-08-01,0.000000,11.625000,11.375000,11.500000,2.690994,45400
1989-08-02,0.000000,11.625000,11.375000,11.625000,2.720243,9400
1989-08-03,0.000000,11.750000,11.500000,11.500000,2.690994,18800
1989-08-04,0.000000,11.750000,11.500000,11.500000,2.690994,7400
1989-08-07,0.000000,11.750000,11.500000,11.750000,2.749495,12400
1989-08-08,0.000000,11.750000,11.500000,11.500000,2.690994,18600
1989-08-09,0.000000,11.625000,11.375000,11.375000,2.706460,55200
1989-08-10,0.000000,11.500000,11.375000,11.375000,2.706460,14000
1989-08-11,0.000000,11.625000,11.375000,11.375000,2.706460,9400
1989-08-14,0.000000,11.500000,11.375000,11.500000,2.736199,19800
1989-08-15,0.000000,11.500000,11.375000,11.375000,2.706460,3800
1989-08-16,0.000000,11.625000,11.375000,11.375000,2.706460,11800
1989-08-17,0.000000,11.625000,11.375000,11.375000,2.706460,29800
1989-08-18,0.000000,11.625000,11.375000,11.625000,2.765942,11000
1989-08-21,0.000000,11.625000,11.375000,11.375000,2.706460,13400
1989-08-22,0.000000,11.625000,11.375000,11.625000,2.765942,8800
1989-08-23,0.000000,11.625000,11.375000,11.375000,2.706460,4200
1989-08-24,0.000000,11.625000,11.375000,11.375000,2.706460,12000
1989-08-25,0.000000,11.625000,11.375000,11.437500,2.721330,10200
1989-08-28,0.000000,11.500000,11.375000,11.375000,2.706460,8400
1989-08-29,0.000000,11.500000,11.375000,11.500000,2.736199,2400
1989-08-30,0.000000,11.500000,11.375000,11.375000,2.706460,16200
1989-08-31,0.000000,11.500000,11.375000,11.375000,2.706460,5600
1989-09-01,0.000000,11.500000,11.375000,11.375000,2.706460,13600
1989-09-05,0.000000,11.500000,11.375000,11.437500,2.721330,38600
1989-09-06,0.000000,11.500000,11.375000,11.375000,2.706460,12400
1989-09-07,0.000000,11.500000,11.375000,11.437500,2.721330,49400
1989-09-08,0.000000,11.500000,11.375000,11.437500,2.721330,43800
1989-09-11,0.000000,11.500000,11.375000,11.500000,2.736199,15200
1989-09-12,0.000000,11.625000,11.375000,11.500000,2.736199,41800
1989-09-13,0.000000,11.500000,11.375000,11.375000,2.706460,12400
1989-09-14,0.000000,11.500000,11.375000,11.375000,2.706460,4600
1989-09-15,0.000000,11.625000,11.375000,11.562500,2.751072,37600
1989-09-18,0.000000,11.750000,11.500000,11.500000,2.736199,66400
1989-09-19,0.000000,11.750000,11.500000,11.750000,2.795684,8000
1989-09-20,0.000000,11.750000,11.500000,11.500000,2.736199,4600
1989-09-21,0.000000,11.750000,11.437500,11.500000,2.736199,112400
1989-09-22,0.000000,11.625000,11.500000,11.625000,2.765942,13800
1989-09-25,0.000000,11.625000,11.500000,11.625000,2.765942,26800
1989-09-26,0.000000,11.625000,11.375000,11.500000,2.736199,16200
1989-09-27,0.000000,11.500000,11.375000,11.500000,2.736199,5000
1989-09-28,0.000000,11.500000,11.375000,11.375000,2.706460,1800
1989-09-29,0.000000,11.375000,11.375000,11.375000,2.706460,5000
1989-10-02,0.000000,11.625000,11.375000,11.375000,2.706460,7600
1989-10-03,0.000000,11.625000,11.375000,11.375000,2.706460,31400
1989-10-04,0.000000,11.625000,11.375000,11.375000,2.706460,45400
1989-10-05,0.000000,11.500000,11.375000,11.500000,2.736199,12200
1989-10-06,0.000000,11.500000,11.375000,11.500000,2.736199,32600
1989-10-09,0.000000,11.500000,11.375000,11.437500,2.721330,9000
1989-10-10,0.000000,11.500000,11.375000,11.437500,2.721330,9600
1989-10-11,0.000000,11.500000,11.375000,11.375000,2.706460,5800
1989-10-12,0.000000,11.500000,11.375000,11.375000,2.706460,5400
1989-10-13,0.000000,11.500000,11.375000,11.500000,2.736199,1400
1989-10-16,0.000000,11.625000,11.250000,11.375000,2.706460,60800
1989-10-17,0.000000,11.625000,11.375000,11.500000,2.736199,23600
1989-10-18,0.000000,11.625000,11.375000,11.500000,2.736199,6600
1989-10-19,0.000000,11.750000,11.375000,11.625000,2.765942,32200
1989-10-20,0.000000,11.875000,11.625000,11.625000,2.765942,20000
1989-10-23,0.000000,11.875000,11.625000,11.875000,2.825426,6600
1989-10-24,0.000000,11.750000,11.625000,11.625000,2.765942,11800
1989-10-25,0.000000,11.750000,11.500000,11.500000,2.736199,14200
1989-10-26,0.000000,11.750000,11.437500,11.625000,2.765942,70400
1989-10-27,0.000000,11.500000,11.500000,11.500000,2.736199,5600
1989-10-30,0.000000,11.750000,11.500000,11.500000,2.736199,8400
1989-10-31,0.000000,11.625000,11.500000,11.500000,2.736199,118000
1989-11-01,0.000000,11.625000,11.500000,11.625000,2.765942,31800
1989-11-02,0.000000,11.750000,11.500000,11.500000,2.736199,9000
1989-11-03,0.000000,11.625000,11.437500,11.500000,2.736199,69400
1989-11-06,0.000000,11.750000,11.437500,11.500000,2.736199,31200
1989-11-07,0.000000,11.625000,11.500000,11.500000,2.736199,16800
1989-11-08,0.000000,11.750000,11.500000,11.500000,2.736199,4200
1989-11-09,0.000000,11.625000,11.375000,11.375000,2.751927,5200
1989-11-10,0.000000,11.625000,11.375000,11.375000,2.751927,14800
1989-11-13,0.000000,11.625000,11.375000,11.625000,2.812408,9600
1989-11-14,0.000000,11.625000,11.375000,11.375000,2.751927,4400
1989-11-15,0.000000,11.625000,11.375000,11.375000,2.751927,20200
1989-11-16,0.000000,11.625000,11.375000,11.500000,2.782165,11200
1989-11-17,0.000000,11.750000,11.500000,11.500000,2.782165,12200
1989-11-20,0.000000,11.750000,11.500000,11.625000,2.812408,6000
1989-11-21,0.000000,11.625000,11.500000,11.625000,2.812408,1400
1989-11-22,0.000000,11.625000,11.625000,11.625000,2.812408,600
1989-11-24,0.000000,11.625000,11.500000,11.500000,2.782165,2000
1989-11-27,0.000000,11.625000,11.375000,11.625000,2.812408,9600
1989-11-28,0.000000,11.625000,11.500000,11.500000,2.782165,2800
1989-11-29,0.000000,11.625000,11.375000,11.500000,2.782165,4800
1989-11-30,0.000000,11.500000,11.375000,11.375000,2.751927,4800
1989-12-01,0.000000,11.625000,11.375000,11.500000,2.782165,18800
1989-12-04,0.000000,11.625000,11.500000,11.625000,2.812408,42800
1989-12-05,0.000000,11.625000,11.500000,11.625000,2.812408,25000
1989-12-06,0.000000,11.625000,11.500000,11.625000,2.812408,12600
1989-12-07,0.000000,11.750000,11.500000,11.750000,2.842650,8600
1989-12-08,0.000000,11.750000,11.500000,11.750000,2.842650,7400
1989-12-11,0.000000,11.750000,11.625000,11.750000,2.842650,18000
1989-12-12,0.000000,11.750000,11.625000,11.625000,2.812408,600
1989-12-13,0.000000,11.750000,11.625000,11.750000,2.842650,15200
1989-12-14,0.000000,12.000000,11.625000,11.750000,2.842650,25600
1989-12-15,0.000000,12.000000,11.750000,11.875000,2.872891,216200
1989-12-18,0.000000,12.000000,11.750000,11.812500,2.857771,4400
1989-12-19,0.000000,12.000000,11.812500,11.812500,2.857771,5200
1989-12-20,0.000000,12.125000,11.812500,12.125000,2.933373,3800
1989-12-21,0.000000,12.125000,11.812500,11.875000,2.872891,10600
1989-12-22,0.000000,12.125000,12.000000,12.000000,2.903132,10000
1989-12-26,0.000000,12.187500,12.000000,12.000000,2.903132,600
1989-12-27,0.000000,12.125000,11.875000,11.875000,2.872891,7600
1989-12-28,0.000000,12.125000,11.875000,11.875000,2.872891,10600
1989-12-29,0.000000,12.125000,11.875000,11.875000,2.872891,17600
1990-01-02,0.000000,12.250000,11.875000,12.125000,2.933373,147000
1990-01-03,0.000000,12.250000,11.875000,12.125000,2.933373,16400
1990-01-04,0.000000,12.125000,11.875000,11.875000,2.872891,2800
1990-01-05,0.000000,12.000000,11.875000,11.875000,2.872891,23600
1990-01-08,0.000000,12.000000,11.875000,11.875000,2.872891,5400
1990-01-09,0.000000,12.000000,11.875000,12.000000,2.903132,32400
1990-01-10,0.000000,12.000000,11.875000,11.875000,2.872891,3000
1990-01-11,0.000000,12.000000,11.875000,11.875000,2.872891,11000
1990-01-12,0.000000,12.000000,11.875000,11.875000,2.872891,10200
1990-01-15,0.000000,12.000000,11.875000,11.875000,2.872891,35800
1990-01-16,0.000000,12.000000,11.812500,11.937500,2.888011,122600
1990-01-17,0.000000,12.125000,11.875000,12.125000,2.933373,14800
1990-01-18,0.000000,12.125000,11.875000,11.875000,2.872891,4200
1990-01-19,0.000000,12.125000,11.875000,12.125000,2.933373,2600
1990-01-22,0.000000,12.125000,11.875000,12.000000,2.903132,44400
1990-01-23,0.000000,12.125000,11.875000,11.875000,2.872891,43000
1990-01-24,0.000000,12.125000,11.875000,12.000000,2.903132,92400
1990-01-25,0.000000,12.125000,11.875000,11.875000,2.872891,54200
1990-01-26,0.000000,12.125000,11.875000,11.875000,2.872891,45200
1990-01-29,0.000000,12.125000,11.875000,12.000000,2.903132,22400
1990-01-30,0.000000,11.875000,11.875000,11.875000,2.872891,5800
1990-01-31,0.000000,12.125000,11.875000,11.875000,2.872891,152200
1990-02-01,0.000000,12.125000,11.875000,11.875000,2.872891,180200
1990-02-02,0.000000,12.125000,11.875000,11.875000,2.872891,158600
1990-02-05,0.000000,12.125000,11.875000,12.125000,2.933373,7200
1990-02-06,0.000000,12.125000,12.000000,12.000000,2.903132,10800
1990-02-07,0.000000,12.000000,11.937500,12.000000,2.903132,22000
1990-02-08,0.000000,12.250000,11.937500,12.125000,2.933373,28800
1990-02-09,0.000000,12.250000,12.125000,12.125000,2.981319,64400
1990-02-12,0.000000,12.375000,12.125000,12.125000,2.981319,19600
1990-02-13,0.000000,12.250000,12.125000,12.250000,3.012054,22000
1990-02-14,0.000000,12.250000,12.125000,12.125000,2.981319,6200
1990-02-15,0.000000,12.250000,12.000000,12.125000,2.981319,45200
1990-02-16,0.000000,12.187500,12.062500,12.125000,2.981319,162800
1990-02-20,0.000000,12.250000,12.000000,12.000000,2.950584,66600
1990-02-21,0.000000,12.125000,12.000000,12.000000,2.950584,14200
1990-02-22,0.000000,12.250000,12.000000,12.062500,2.965950,3400
1990-02-23,0.000000,12.250000,12.062500,12.062500,2.965950,5200
1990-02-26,0.000000,12.125000,12.000000,12.125000,2.981319,81000
1990-02-27,0.000000,12.000000,12.000000,12.000000,2.950584,7600
1990-02-28,0.000000,12.250000,12.000000,12.000000,2.950584,7600
1990-03-01,0.000000,12.125000,11.937500,11.937500,2.935216,24400
1990-03-02,0.000000,12.125000,11.937500,11.937500,2.935216,12200
1990-03-05,0.000000,12.125000,11.937500,12.000000,2.950584,19600
1990-03-06,0.000000,12.125000,12.000000,12.000000,2.950584,133000
1990-03-07,0.000000,12.125000,12.000000,12.000000,2.950584,432000
1990-03-08,0.000000,12.125000,12.000000,12.000000,2.950584,12000
1990-03-09,0.000000,12.125000,11.875000,12.000000,2.950584,56000
1990-03-12,0.000000,12.000000,11.875000,11.875000,2.919850,132800
1990-03-13,0.000000,12.000000,11.875000,11.937500,2.935216,36600
1990-03-14,0.000000,12.000000,11.875000,11.875000,2.919850,7000
1990-03-15,0.000000,12.000000,11.875000,12.000000,2.950584,3400
1990-03-16,0.000000,12.000000,11.875000,12.000000,2.950584,5600
1990-03-19,0.000000,12.000000,11.875000,12.000000,2.950584,30400
1990-03-20,0.000000,12.000000,11.875000,12.000000,2.950584,6200
1990-03-21,0.000000,12.000000,11.875000,12.000000,2.950584,8200
1990-03-22,0.000000,12.000000,11.875000,12.000000,2.950584,51000
1990-03-23,0.000000,12.125000,11.875000,12.125000,2.981319,15000
1990-03-26,12.250000,12.250000,11.875000,12.250000,3.012054,28400
1990-03-27,12.250000,12.250000,11.875000,12.000000,2.950584,5600
1990-03-28,12.000000,12.125000,12.000000,12.000000,2.950584,21000
1990-03-29,12.250000,12.250000,12.000000,12.000000,2.950584,11800
1990-03-30,12.125000,12.125000,12.000000,12.125000,2.981319,14000
1990-04-02,12.000000,12.125000,11.875000,12.125000,2.981319,13400
1990-04-03,12.125000,12.125000,11.875000,11.875000,2.919850,9200
1990-04-04,11.875000,12.000000,11.875000,11.937500,2.935216,27600
1990-04-05,11.937500,12.125000,11.937500,12.125000,2.981319,9200
1990-04-06,11.937500,12.125000,11.937500,11.937500,2.935216,5600
1990-04-09,12.125000,12.125000,11.937500,11.937500,2.935216,10200
1990-04-10,11.937500,12.187500,11.937500,12.187500,2.996685,57800
1990-04-11,12.250000,12.250000,12.000000,12.000000,2.950584,3600
1990-04-12,12.187500,12.187500,12.187500,12.187500,2.996685,400
1990-04-16,12.187500,12.187500,12.000000,12.000000,2.950584,3400
1990-04-17,12.000000,12.125000,12.000000,12.125000,2.981319,14400
1990-04-18,12.062500,12.187500,12.062500,12.062500,2.965950,39200
1990-04-19,12.062500,12.187500,12.000000,12.000000,2.950584,30000
1990-04-20,12.000000,12.125000,12.000000,12.000000,2.950584,13000
1990-04-23,12.125000,12.125000,12.000000,12.000000,2.950584,13000
1990-04-24,12.000000,12.125000,11.625000,11.750000,2.889114,50000
1990-04-25,11.750000,11.750000,11.625000,11.625000,2.858378,3200
1990-04-26,11.625000,11.750000,11.625000,11.750000,2.889114,2600
1990-04-27,11.750000,11.750000,11.250000,11.250000,2.766172,34400
1990-04-30,11.375000,11.375000,11.125000,11.125000,2.735437,6200
1990-05-01,11.125000,11.375000,11.125000,11.375000,2.796907,16000
1990-05-02,11.375000,11.625000,11.125000,11.375000,2.796907,19800
1990-05-03,11.375000,11.625000,11.375000,11.625000,2.858378,8400
1990-05-04,11.375000,11.562500,11.375000,11.375000,2.796907,10400
1990-05-07,11.375000,11.625000,11.375000,11.375000,2.796907,6600
1990-05-08,11.437500,11.625000,11.437500,11.625000,2.858378,3400
1990-05-09,11.500000,11.500000,11.312500,11.312500,2.781539,25000
1990-05-10,11.312500,11.500000,11.312500,11.500000,2.827641,14200
1990-05-11,11.312500,11.625000,11.312500,11.625000,2.858378,14400
1990-05-14,11.500000,11.625000,11.500000,11.562500,2.843011,22800
1990-05-15,11.437500,11.625000,11.437500,11.625000,2.858378,14400
1990-05-16,11.500000,11.625000,11.500000,11.500000,2.827641,5800
1990-05-17,11.625000,11.625000,11.375000,11.500000,2.827641,35200
1990-05-18,11.375000,11.500000,11.250000,11.250000,2.766172,5400
1990-05-21,11.250000,11.500000,11.062500,11.062500,2.720068,31600
1990-05-22,11.250000,11.250000,11.062500,11.125000,2.735437,8800
1990-05-23,11.125000,11.312500,11.125000,11.187500,2.750804,19200
1990-05-24,11.187500,11.312500,11.125000,11.125000,2.735437,13200
1990-05-25,11.250000,11.250000,11.125000,11.250000,2.766172,5200
1990-05-29,11.250000,11.250000,11.125000,11.125000,2.735437,7000
1990-05-30,11.125000,11.250000,11.125000,11.250000,2.766172,4200
1990-05-31,11.125000,11.250000,11.125000,11.250000,2.766172,36400
1990-06-01,11.250000,11.250000,11.125000,11.187500,2.750804,12000
1990-06-04,11.250000,11.375000,11.125000,11.375000,2.796907,51400
1990-06-05,11.375000,11.375000,11.312500,11.312500,2.781539,12000
1990-06-06,11.375000,11.500000,11.312500,11.500000,2.827641,16400
1990-06-07,11.625000,11.625000,11.500000,11.625000,2.858378,45000
1990-06-08,11.500000,11.750000,11.500000,11.500000,2.827641,10200
1990-06-11,11.500000,11.750000,11.500000,11.625000,2.858378,35200
1990-06-12,11.687500,11.750000,11.562500,11.687500,2.873746,25600
1990-06-13,11.562500,11.875000,11.562500,11.875000,2.919850,11400
1990-06-14,11.875000,11.875000,11.750000,11.750000,2.889114,13400
1990-06-15,11.750000,11.875000,11.750000,11.750000,2.889114,2800
1990-06-18,11.750000,12.000000,11.750000,11.750000,2.889114,138000
1990-06-19,11.937500,12.375000,11.875000,12.125000,2.981319,179000
1990-06-20,12.125000,13.062500,12.125000,12.750000,3.134996,122600
1990-06-21,12.625000,13.000000,12.250000,12.250000,3.012054,74400
1990-06-22,12.250000,12.500000,12.125000,12.250000,3.012054,16400
1990-06-25,12.250000,12.500000,12.250000,12.250000,3.012054,78200
1990-06-26,12.250000,12.500000,12.250000,12.375000,3.042789,13600
1990-06-27,12.375000,12.500000,12.375000,12.437500,3.058158,43800
1990-06-28,12.437500,12.500000,12.375000,12.375000,3.042789,30400
1990-06-29,12.375000,12.500000,12.375000,12.500000,3.073525,51400
1990-07-02,12.375000,12.500000,12.375000,12.500000,3.073525,44400
1990-07-03,12.625000,12.625000,12.375000,12.500000,3.073525,151200
1990-07-05,12.625000,12.625000,12.375000,12.625000,3.104260,22000
1990-07-06,12.375000,12.625000,12.375000,12.625000,3.104260,8800
1990-07-09,12.437500,12.500000,12.375000,12.375000,3.042789,13800
1990-07-10,12.375000,12.437500,12.250000,12.250000,3.012054,79000
1990-07-11,12.250000,12.375000,12.125000,12.125000,2.981319,46400
1990-07-12,12.375000,12.375000,12.125000,12.187500,2.996685,9600
1990-07-13,12.125000,12.250000,12.125000,12.250000,3.012054,40400
1990-07-16,12.125000,12.375000,12.125000,12.312500,3.027421,13200
1990-07-17,12.187500,12.375000,12.187500,12.187500,2.996685,5000
1990-07-18,12.187500,12.375000,12.187500,12.187500,2.996685,5800
1990-07-19,12.125000,12.250000,12.125000,12.250000,3.012054,26800
1990-07-20,12.125000,12.312500,12.125000,12.250000,3.012054,4000
1990-07-23,12.062500,12.250000,12.062500,12.250000,3.012054,37200
1990-07-24,12.375000,12.375000,12.125000,12.125000,2.981319,16400
1990-07-25,12.125000,12.312500,12.000000,12.000000,2.950584,15800
1990-07-26,12.000000,12.187500,12.000000,12.187500,2.996685,30200
1990-07-27,12.250000,12.250000,12.062500,12.250000,3.012054,11400
1990-07-30,12.062500,12.250000,12.000000,12.187500,2.996685,8600
1990-07-31,12.250000,12.250000,12.000000,12.000000,2.950584,14400
1990-08-01,12.000000,12.250000,12.000000,12.250000,3.012054,30400
1990-08-02,12.000000,12.250000,12.000000,12.000000,2.950584,14200
1990-08-03,12.000000,12.250000,12.000000,12.125000,2.981319,13600
1990-08-06,12.125000,12.250000,12.000000,12.000000,2.950584,6400
1990-08-07,12.250000,12.250000,12.000000,12.250000,3.012054,18600
1990-08-08,12.250000,12.250000,12.125000,12.125000,2.981319,11200
1990-08-09,12.125000,12.250000,12.000000,12.000000,2.998813,71200
1990-08-10,12.250000,12.250000,12.000000,12.062500,3.014430,104400
1990-08-13,12.250000,12.250000,12.000000,12.000000,2.998813,800
1990-08-14,12.062500,12.250000,12.062500,12.062500,3.014430,6200
1990-08-15,12.187500,12.187500,12.062500,12.062500,3.014430,5600
1990-08-16,12.062500,12.187500,12.062500,12.062500,3.014430,21400
1990-08-17,12.062500,12.250000,12.000000,12.250000,3.061287,76600
1990-08-20,12.000000,12.250000,12.000000,12.125000,3.030050,20600
1990-08-21,12.062500,12.250000,12.000000,12.000000,2.998813,18000
1990-08-22,12.000000,12.250000,12.000000,12.000000,2.998813,80200
1990-08-23,12.000000,12.250000,11.625000,11.625000,2.905100,141400
1990-08-24,11.875000,11.875000,11.000000,11.375000,2.842624,188000
1990-08-27,11.500000,11.500000,11.250000,11.375000,2.842624,24200
1990-08-28,11.562500,11.625000,11.375000,11.562500,2.889481,5800
1990-08-29,11.687500,11.687500,11.437500,11.500000,2.873860,4400
1990-08-30,11.500000,11.750000,11.500000,11.750000,2.936337,6800
1990-08-31,11.500000,11.625000,11.500000,11.500000,2.873860,13600
1990-09-04,11.500000,11.687500,11.437500,11.437500,2.858243,10800
1990-09-05,11.625000,11.625000,11.375000,11.437500,2.858243,88600
1990-09-06,11.562500,11.562500,11.375000,11.437500,2.858243,18600
1990-09-07,11.375000,11.750000,11.375000,11.625000,2.905100,35600
1990-09-10,11.750000,11.750000,11.562500,11.562500,2.889481,6400
1990-09-11,11.562500,11.750000,11.562500,11.750000,2.936337,11600
1990-09-12,11.750000,11.750000,11.562500,11.687500,2.920718,2600
1990-09-13,11.625000,12.000000,11.625000,11.750000,2.936337,9400
1990-09-14,11.750000,11.937500,11.750000,11.875000,2.967576,18400
1990-09-17,11.750000,11.812500,11.750000,11.750000,2.936337,3400
1990-09-18,11.750000,11.875000,11.625000,11.625000,2.905100,17000
1990-09-19,11.625000,11.687500,11.625000,11.625000,2.905100,5600
1990-09-20,11.812500,11.812500,11.625000,11.750000,2.936337,30400
1990-09-21,11.625000,11.812500,11.562500,11.812500,2.951957,12600
1990-09-24,11.812500,11.812500,11.812500,11.812500,2.951957,3000
1990-09-25,11.625000,11.812500,11.625000,11.750000,2.936337,6800
1990-09-26,12.000000,12.000000,11.750000,11.750000,2.936337,3400
1990-09-27,11.812500,12.000000,11.812500,12.000000,2.998813,26600
1990-09-28,11.875000,12.625000,11.875000,12.562500,3.139381,50200
1990-10-01,12.750000,12.750000,12.375000,12.375000,3.092524,8000
1990-10-02,12.437500,12.625000,12.375000,12.375000,3.092524,48200
1990-10-03,12.375000,12.500000,12.125000,12.125000,3.030050,20600
1990-10-04,12.125000,12.375000,12.000000,12.062500,3.014430,22200
1990-10-05,11.875000,12.250000,11.875000,11.875000,2.967576,4600
1990-10-08,12.250000,12.250000,11.875000,11.875000,2.967576,28000
1990-10-09,12.250000,12.250000,11.875000,11.875000,2.967576,51400
1990-10-10,11.875000,12.125000,11.875000,11.875000,2.967576,11000
1990-10-11,11.875000,12.125000,11.875000,11.875000,2.967576,33200
1990-10-12,12.125000,12.125000,11.875000,11.875000,2.967576,20600
1990-10-15,12.000000,12.000000,11.875000,11.875000,2.967576,39400
1990-10-16,11.875000,12.000000,11.875000,11.937500,2.983192,2800
1990-10-17,11.875000,12.250000,11.875000,12.000000,2.998813,82000
1990-10-18,12.000000,12.250000,12.000000,12.000000,2.998813,11200
1990-10-19,12.000000,12.500000,12.000000,12.250000,3.061287,15400
1990-10-22,12.125000,12.500000,12.125000,12.500000,3.123763,24400
1990-10-23,12.250000,12.875000,12.250000,12.875000,3.217475,40600
1990-10-24,12.875000,12.875000,12.625000,12.625000,3.155001,76800
1990-10-25,12.625000,12.875000,12.625000,12.750000,3.186239,43600
1990-10-26,12.750000,12.750000,12.750000,12.750000,3.186239,6400
1990-10-29,13.000000,13.125000,12.625000,12.625000,3.155001,6200
1990-10-30,13.000000,13.000000,12.625000,12.875000,3.217475,12800
1990-10-31,13.000000,13.000000,12.625000,12.625000,3.155001,16600
1990-11-01,12.875000,13.000000,12.625000,13.000000,3.248715,67400
1990-11-02,13.000000,13.125000,12.750000,13.062500,3.264333,26000
1990-11-05,13.125000,13.125000,12.875000,13.000000,3.248715,32600
1990-11-06,13.125000,13.125000,12.875000,13.125000,3.279951,6000
1990-11-07,12.875000,13.250000,12.875000,13.250000,3.311188,30800
1990-11-08,12.875000,13.125000,12.875000,12.875000,3.265533,40400
1990-11-09,12.875000,12.875000,12.875000,12.875000,3.265533,600
1990-11-12,12.875000,13.125000,12.875000,13.062500,3.313091,43600
1990-11-13,12.875000,13.250000,12.875000,13.250000,3.360647,40000
1990-11-14,12.875000,13.250000,12.875000,13.187500,3.344795,25000
1990-11-15,13.000000,13.250000,13.000000,13.250000,3.360647,35200
1990-11-16,13.000000,13.000000,12.875000,12.875000,3.265533,9400
1990-11-19,12.875000,13.125000,12.750000,13.125000,3.328943,37200
1990-11-20,13.125000,13.125000,12.625000,12.750000,3.233831,37800
1990-11-21,13.000000,13.000000,12.500000,12.500000,3.170422,23200
1990-11-23,12.500000,12.875000,12.500000,12.562500,3.186274,5400
1990-11-26,12.562500,12.875000,12.562500,12.562500,3.186274,29600
1990-11-27,12.562500,12.875000,12.562500,12.750000,3.233831,8000
1990-11-28,12.562500,12.562500,12.562500,12.562500,3.186274,2200
1990-11-29,12.562500,12.750000,12.562500,12.562500,3.186274,87400
1990-11-30,12.562500,12.750000,12.375000,12.750000,3.233831,58600
1990-12-03,12.750000,12.750000,12.375000,12.562500,3.186274,22800
1990-12-04,12.562500,12.875000,12.375000,12.750000,3.233831,35800
1990-12-05,12.625000,13.000000,12.625000,12.625000,3.202126,6600
1990-12-06,12.625000,13.125000,12.625000,13.062500,3.313091,22200
1990-12-07,12.875000,13.125000,12.875000,13.000000,3.297240,28800
1990-12-10,13.000000,13.125000,12.875000,12.875000,3.265533,10400
1990-12-11,13.125000,13.125000,12.875000,13.000000,3.297240,66400
1990-12-12,12.875000,13.125000,12.875000,12.875000,3.265533,25600
1990-12-13,13.000000,13.125000,12.875000,13.125000,3.328943,5600
1990-12-14,12.875000,13.125000,12.875000,13.125000,3.328943,6000
1990-12-17,12.875000,13.125000,12.875000,13.125000,3.328943,27400
1990-12-18,12.750000,13.000000,12.750000,12.750000,3.233831,9800
1990-12-19,12.875000,13.375000,12.875000,13.125000,3.328943,43800
1990-12-20,13.125000,13.375000,13.125000,13.125000,3.328943,17600
1990-12-21,13.125000,13.375000,13.125000,13.375000,3.392353,7400
1990-12-24,13.125000,13.125000,13.125000,13.125000,3.328943,3600
1990-12-26,13.125000,13.375000,13.125000,13.125000,3.328943,6800
1990-12-27,13.375000,13.375000,13.000000,13.000000,3.297240,13800
1990-12-28,13.000000,13.250000,13.000000,13.250000,3.360647,13400
1990-12-31,13.250000,13.250000,12.437500,12.625000,3.202126,262000
1991-01-02,12.625000,13.000000,12.625000,12.750000,3.233831,16800
1991-01-03,13.000000,13.000000,12.562500,12.625000,3.202126,47000
1991-01-04,12.625000,12.875000,12.500000,12.750000,3.233831,56000
1991-01-07,12.750000,12.750000,12.500000,12.500000,3.170422,28200
1991-01-08,12.500000,12.750000,12.500000,12.625000,3.202126,71600
1991-01-09,12.750000,12.750000,12.375000,12.375000,3.138717,23200
1991-01-10,12.375000,12.562500,12.375000,12.500000,3.170422,6800
1991-01-11,12.500000,12.625000,12.500000,12.500000,3.170422,26400
1991-01-14,12.375000,12.625000,12.375000,12.375000,3.138717,10400
1991-01-15,12.375000,12.500000,12.375000,12.375000,3.138717,35800
1991-01-16,12.437500,12.625000,12.375000,12.437500,3.154570,20400
1991-01-17,12.750000,12.750000,12.375000,12.625000,3.202126,38000
1991-01-18,12.562500,12.625000,12.375000,12.375000,3.138717,35400
1991-01-21,12.375000,12.625000,12.375000,12.375000,3.138717,9600
1991-01-22,12.375000,12.625000,12.375000,12.375000,3.138717,10600
1991-01-23,12.375000,12.625000,12.375000,12.437500,3.154570,1600
1991-01-24,12.500000,12.875000,12.500000,12.500000,3.170422,33400
1991-01-25,12.625000,12.875000,12.500000,12.625000,3.202126,42600
1991-01-28,12.875000,12.875000,12.500000,12.625000,3.202126,20800
1991-01-29,12.500000,12.750000,12.500000,12.500000,3.170422,9800
1991-01-30,12.750000,12.750000,12.500000,12.562500,3.186274,9800
1991-01-31,12.500000,13.000000,12.500000,13.000000,3.297240,48800
1991-02-01,12.875000,13.250000,12.875000,13.250000,3.360647,6400
1991-02-04,13.375000,13.375000,12.875000,13.375000,3.392353,7000
1991-02-05,13.375000,13.375000,13.000000,13.375000,3.392353,14200
1991-02-06,13.375000,13.375000,13.000000,13.000000,3.297240,34400
1991-02-07,13.000000,13.375000,13.000000,13.000000,3.297240,12200
1991-02-08,13.000000,13.375000,12.875000,12.875000,3.265533,26400
1991-02-11,12.750000,13.000000,12.750000,12.875000,3.317061,54200
1991-02-12,12.750000,13.000000,12.750000,13.000000,3.349267,35200
1991-02-13,12.750000,13.000000,12.750000,13.000000,3.349267,10000
1991-02-14,12.750000,12.750000,12.750000,12.750000,3.284859,1800
1991-02-15,13.000000,13.125000,12.750000,12.875000,3.317061,32800
1991-02-19,12.875000,13.250000,12.875000,13.125000,3.381472,13000
1991-02-20,12.875000,13.125000,12.875000,12.875000,3.317061,10400
1991-02-21,13.125000,13.125000,12.875000,13.000000,3.349267,6800
1991-02-22,13.125000,13.125000,13.000000,13.062500,3.365368,3200
1991-02-25,13.250000,13.375000,13.000000,13.125000,3.381472,10200
1991-02-26,13.125000,13.375000,13.125000,13.375000,3.445878,12200
1991-02-27,13.125000,13.375000,13.125000,13.125000,3.381472,3800
1991-02-28,13.125000,13.375000,13.125000,13.250000,3.413673,65400
1991-03-01,13.125000,13.500000,13.000000,13.000000,3.349267,31600
1991-03-04,13.000000,13.375000,13.000000,13.375000,3.445878,30000
1991-03-05,13.125000,13.437500,13.125000,13.437500,3.461981,93400
1991-03-06,13.500000,13.500000,13.250000,13.437500,3.461981,31200
1991-03-07,13.375000,13.500000,13.125000,13.125000,3.381472,36800
1991-03-08,13.125000,13.500000,13.125000,13.312500,3.429777,33400
1991-03-11,13.500000,13.500000,13.125000,13.125000,3.381472,7200
1991-03-12,13.500000,13.625000,13.125000,13.375000,3.445878,29400
1991-03-13,13.625000,13.625000,13.250000,13.625000,3.510288,8200
1991-03-14,13.625000,13.875000,13.250000,13.875000,3.574698,26600
1991-03-15,13.500000,13.875000,13.500000,13.875000,3.574698,18000
1991-03-18,13.875000,13.875000,13.625000,13.625000,3.510288,10000
1991-03-19,13.875000,13.875000,13.500000,13.875000,3.574698,15600
1991-03-20,13.875000,13.875000,13.500000,13.875000,3.574698,11600
1991-03-21,13.875000,13.875000,13.500000,13.875000,3.574698,3600
1991-03-22,13.500000,13.875000,13.500000,13.687500,3.526390,19600
1991-03-25,13.875000,13.875000,13.500000,13.875000,3.574698,1400
1991-03-26,13.500000,13.875000,13.500000,13.875000,3.574698,7000
1991-03-27,13.875000,13.875000,13.500000,13.500000,3.478085,3400
1991-03-28,13.500000,13.875000,13.500000,13.687500,3.526390,5400
1991-04-01,13.500000,13.875000,13.500000,13.750000,3.542493,12000
1991-04-02,13.500000,14.000000,13.500000,14.000000,3.606902,24800
1991-04-03,13.750000,14.000000,13.500000,14.000000,3.606902,21800
1991-04-04,14.000000,14.000000,13.500000,13.750000,3.542493,12800
1991-04-05,14.000000,14.000000,13.750000,14.000000,3.606902,6200
1991-04-08,13.750000,14.125000,13.750000,14.125000,3.639107,19600
1991-04-09,13.750000,14.125000,13.750000,14.000000,3.606902,4200
1991-04-10,13.875000,14.125000,13.750000,13.750000,3.542493,20000
1991-04-11,14.125000,14.125000,13.750000,13.875000,3.574698,14200
1991-04-12,13.875000,14.125000,13.875000,13.875000,3.574698,10600
1991-04-15,14.000000,14.125000,13.750000,13.875000,3.574698,14000
1991-04-16,14.125000,14.250000,13.875000,14.000000,3.606902,30400
1991-04-17,14.375000,14.500000,14.000000,14.437500,3.719620,16200
1991-04-18,14.250000,14.500000,14.250000,14.250000,3.671309,10800
1991-04-19,14.500000,14.500000,14.250000,14.250000,3.671309,17800
1991-04-22,14.500000,14.500000,14.250000,14.250000,3.671309,28000
1991-04-23,14.250000,14.500000,14.250000,14.500000,3.735719,10200
1991-04-24,14.250000,14.500000,14.250000,14.250000,3.671309,12400
1991-04-25,14.250000,14.500000,14.250000,14.500000,3.735719,800
1991-04-26,14.500000,14.500000,14.250000,14.250000,3.671309,800
1991-04-29,14.250000,14.500000,14.250000,14.250000,3.671309,9200
1991-04-30,14.000000,14.250000,13.875000,14.250000,3.671309,16400
1991-05-01,14.000000,14.250000,14.000000,14.125000,3.639107,15000
1991-05-02,14.250000,14.250000,14.000000,14.250000,3.671309,8200
1991-05-03,14.000000,14.250000,14.000000,14.000000,3.606902,15200
1991-05-06,14.125000,14.375000,14.125000,14.375000,3.703515,15800
1991-05-07,14.125000,14.375000,14.000000,14.187500,3.655208,33600
1991-05-08,14.000000,14.375000,14.000000,14.000000,3.606902,24000
1991-05-09,14.000000,14.375000,14.000000,14.375000,3.757190,7600
1991-05-10,14.375000,14.375000,14.000000,14.000000,3.659177,9200
1991-05-13,14.375000,14.375000,14.000000,14.000000,3.659177,4400
1991-05-14,14.000000,14.375000,14.000000,14.375000,3.757190,3400
1991-05-15,14.375000,14.375000,14.000000,14.250000,3.724516,6200
1991-05-16,14.250000,14.250000,14.000000,14.000000,3.659177,5600
1991-05-17,14.000000,14.375000,14.000000,14.250000,3.724516,26400
1991-05-20,14.125000,14.500000,14.125000,14.250000,3.724516,7200
1991-05-21,14.375000,14.375000,14.125000,14.125000,3.691848,5400
1991-05-22,14.375000,14.375000,14.125000,14.125000,3.691848,1800
1991-05-23,14.125000,14.375000,14.125000,14.125000,3.691848,3200
1991-05-24,14.125000,14.375000,14.125000,14.125000,3.691848,11000
1991-05-28,14.125000,14.375000,14.000000,14.000000,3.659177,16200
1991-05-29,14.000000,14.250000,14.000000,14.250000,3.724516,1800
1991-05-30,14.250000,14.250000,14.000000,14.000000,3.659177,3200
1991-05-31,14.000000,14.250000,14.000000,14.250000,3.724516,8000
1991-06-03,14.000000,14.187500,14.000000,14.000000,3.659177,27600
1991-06-04,14.062500,14.125000,14.062500,14.125000,3.691848,20600
1991-06-05,14.250000,14.250000,14.000000,14.000000,3.659177,75000
1991-06-06,14.000000,14.250000,14.000000,14.062500,3.675511,11000
1991-06-07,14.000000,14.187500,14.000000,14.000000,3.659177,60800
1991-06-10,14.000000,14.250000,14.000000,14.000000,3.659177,30800
1991-06-11,14.250000,14.250000,14.000000,14.125000,3.691848,26200
1991-06-12,13.875000,14.125000,13.750000,13.750000,3.593834,69200
1991-06-13,14.000000,14.000000,13.625000,13.625000,3.561163,18800
1991-06-14,13.875000,13.875000,13.500000,13.500000,3.528492,8600
1991-06-17,13.500000,13.750000,13.500000,13.750000,3.593834,6000
1991-06-18,13.750000,13.750000,13.312500,13.312500,3.479485,25600
1991-06-19,13.250000,13.375000,13.000000,13.000000,3.397806,19600
1991-06-20,12.875000,13.000000,12.625000,12.875000,3.365136,24800
1991-06-21,12.875000,13.000000,12.625000,12.875000,3.365136,9800
1991-06-24,13.000000,13.000000,12.625000,12.750000,3.332465,26200
1991-06-25,12.875000,12.875000,12.625000,12.875000,3.365136,24400
1991-06-26,12.750000,12.750000,12.500000,12.750000,3.332465,32800
1991-06-27,12.375000,12.750000,12.375000,12.375000,3.234451,8600
1991-06-28,12.375000,13.000000,12.375000,12.875000,3.365136,44000
1991-07-01,12.625000,13.000000,12.625000,12.875000,3.365136,12400
1991-07-02,12.875000,13.000000,12.750000,12.875000,3.365136,31200
1991-07-03,12.750000,13.000000,12.750000,12.750000,3.332465,3200
1991-07-05,13.000000,13.000000,12.750000,13.000000,3.397806,3200
1991-07-08,13.000000,13.000000,12.687500,12.812500,3.348801,48000
1991-07-09,12.875000,12.875000,12.750000,12.875000,3.365136,4800
1991-07-10,12.875000,12.875000,12.812500,12.875000,3.365136,25000
1991-07-11,12.750000,13.250000,12.750000,13.250000,3.463148,16200
1991-07-12,13.000000,13.250000,13.000000,13.000000,3.397806,10800
1991-07-15,13.250000,13.250000,13.000000,13.250000,3.463148,800
1991-07-16,13.000000,13.250000,13.000000,13.000000,3.397806,5400
1991-07-17,13.062500,13.250000,13.000000,13.250000,3.463148,76000
1991-07-18,13.250000,13.250000,13.000000,13.250000,3.463148,15000
1991-07-19,13.062500,13.250000,13.062500,13.250000,3.463148,30600
1991-07-22,13.250000,13.250000,13.062500,13.250000,3.463148,11600
1991-07-23,13.062500,13.250000,13.062500,13.250000,3.463148,28000
1991-07-24,13.000000,13.250000,13.000000,13.000000,3.397806,5200
1991-07-25,13.250000,13.250000,13.000000,13.125000,3.430479,5400
1991-07-26,13.250000,13.250000,13.000000,13.250000,3.463148,8200
1991-07-29,13.250000,13.500000,13.125000,13.125000,3.430479,13000
1991-07-30,13.125000,13.750000,13.125000,13.625000,3.561163,20200
1991-07-31,13.375000,13.750000,13.375000,13.750000,3.593834,10400
1991-08-01,13.750000,13.750000,13.375000,13.750000,3.593834,16400
1991-08-02,13.375000,13.875000,13.375000,13.375000,3.495818,13200
1991-08-05,13.875000,13.875000,13.375000,13.875000,3.626505,10800
1991-08-06,13.500000,14.250000,13.500000,14.250000,3.724516,36400
1991-08-07,14.125000,14.750000,14.125000,14.750000,3.855201,44200
1991-08-08,14.375000,15.375000,14.375000,15.375000,4.018561,75000
1991-08-09,15.375000,15.375000,14.875000,15.125000,4.005320,48600
1991-08-12,14.750000,15.125000,14.625000,14.625000,3.872912,16400
1991-08-13,15.000000,15.000000,14.625000,15.000000,3.972218,5000
1991-08-14,14.625000,15.125000,14.625000,15.125000,4.005320,34600
1991-08-15,15.000000,15.250000,14.875000,14.875000,3.939113,21400
1991-08-16,15.125000,15.125000,14.750000,14.750000,3.906012,10800
1991-08-19,14.625000,14.750000,14.375000,14.625000,3.872912,12400
1991-08-20,14.875000,14.875000,14.500000,14.875000,3.939113,5200
1991-08-21,14.875000,14.875000,14.625000,14.625000,3.872912,1600
1991-08-22,14.625000,14.875000,14.625000,14.875000,3.939113,10400
1991-08-23,14.625000,14.875000,14.625000,14.875000,3.939113,14200
1991-08-26,14.875000,14.875000,14.500000,14.500000,3.839808,9000
1991-08-27,14.375000,14.750000,14.375000,14.750000,3.906012,10000
1991-08-28,14.750000,14.750000,14.375000,14.750000,3.906012,6200
1991-08-29,14.500000,14.750000,14.500000,14.500000,3.839808,13600
1991-08-30,14.500000,14.750000,14.500000,14.625000,3.872912,12200
1991-09-03,14.750000,14.750000,14.500000,14.750000,3.906012,20200
1991-09-04,14.500000,14.750000,14.500000,14.500000,3.839808,25400
1991-09-05,14.750000,14.750000,14.500000,14.500000,3.839808,14600
1991-09-06,14.500000,14.750000,14.500000,14.750000,3.906012,18400
1991-09-09,14.750000,14.750000,14.500000,14.750000,3.906012,5200
1991-09-10,14.500000,14.750000,14.500000,14.687500,3.889461,17400
1991-09-11,14.750000,15.250000,14.500000,14.875000,3.939113,29600
1991-09-12,15.375000,15.500000,15.125000,15.375000,4.071522,26400
1991-09-13,15.125000,15.625000,15.125000,15.500000,4.104624,23000
1991-09-16,15.625000,15.625000,15.250000,15.500000,4.104624,19800
1991-09-17,15.250000,15.625000,15.250000,15.500000,4.104624,14200
1991-09-18,15.625000,15.625000,15.250000,15.250000,4.038421,7200
1991-09-19,15.625000,15.625000,15.250000,15.500000,4.104624,15600
1991-09-20,15.250000,15.625000,15.250000,15.562500,4.121175,3600
1991-09-23,15.625000,15.625000,15.250000,15.500000,4.104624,27600
1991-09-24,15.250000,15.625000,15.250000,15.375000,4.071522,16200
1991-09-25,15.625000,15.750000,15.375000,15.375000,4.071522,14800
1991-09-26,15.375000,15.875000,15.375000,15.875000,4.203929,38800
1991-09-27,15.875000,16.250000,15.625000,16.000000,4.237031,37400
1991-09-30,15.875000,16.250000,15.875000,15.875000,4.203929,48800
1991-10-01,15.875000,16.125000,15.875000,16.125000,4.270132,22200
1991-10-02,15.875000,16.125000,15.875000,16.062500,4.253582,20600
1991-10-03,15.875000,16.125000,15.875000,15.875000,4.203929,17000
1991-10-04,15.750000,16.125000,15.750000,16.000000,4.237031,9200
1991-10-07,15.750000,16.125000,15.625000,15.625000,4.137725,16800
1991-10-08,15.750000,16.000000,15.750000,16.000000,4.237031,7000
1991-10-09,15.750000,16.125000,15.750000,16.000000,4.237031,7000
1991-10-10,16.125000,16.125000,15.750000,16.000000,4.237031,5400
1991-10-11,15.750000,16.125000,15.750000,15.750000,4.170828,4000
1991-10-14,16.125000,16.125000,15.750000,16.125000,4.270132,2400
1991-10-15,16.125000,16.125000,15.750000,15.750000,4.170828,3400
1991-10-16,16.125000,16.125000,15.750000,15.750000,4.170828,7200
1991-10-17,15.750000,16.125000,15.750000,16.125000,4.270132,13600
1991-10-18,15.750000,16.125000,15.625000,16.000000,4.237031,26800
1991-10-21,16.000000,16.000000,15.625000,15.625000,4.137725,11400
1991-10-22,15.625000,15.750000,15.250000,15.250000,4.038421,61000
1991-10-23,15.250000,15.625000,14.750000,14.750000,3.906012,46000
1991-10-24,14.750000,15.125000,14.125000,14.125000,3.740505,31200
1991-10-25,14.125000,14.625000,14.125000,14.375000,3.806708,9800
1991-10-28,14.750000,14.750000,14.125000,14.125000,3.740505,36400
1991-10-29,14.125000,14.500000,14.125000,14.500000,3.839808,41200
1991-10-30,14.125000,14.500000,14.125000,14.500000,3.839808,14800
1991-10-31,14.500000,14.500000,14.125000,14.125000,3.740505,2000
1991-11-01,14.125000,14.500000,14.125000,14.125000,3.740505,5600
1991-11-04,14.125000,14.875000,14.125000,14.687500,3.889461,39000
1991-11-05,14.875000,14.875000,14.500000,14.875000,3.939113,5600
1991-11-06,14.875000,15.000000,14.625000,14.937500,3.955664,23800
1991-11-07,15.125000,15.125000,14.750000,15.125000,4.005320,12600
1991-11-08,14.750000,15.000000,14.625000,15.000000,3.972218,10200
1991-11-11,14.625000,15.000000,14.625000,14.625000,3.872912,7000
1991-11-12,15.000000,15.000000,14.625000,15.000000,3.972218,5400
1991-11-13,14.625000,14.875000,14.500000,14.500000,3.839808,9400
1991-11-14,14.750000,14.750000,14.500000,14.500000,3.839808,2200
1991-11-15,14.500000,14.750000,14.375000,14.375000,3.806708,14800
1991-11-18,14.250000,14.500000,14.250000,14.500000,3.839808,6000
1991-11-19,14.500000,14.500000,13.875000,14.250000,3.773604,43200
1991-11-20,13.875000,14.250000,13.875000,13.875000,3.674301,4400
1991-11-21,14.250000,14.375000,13.875000,14.375000,3.806708,56800
1991-11-22,14.500000,14.500000,14.125000,14.125000,3.740505,4400
1991-11-25,14.500000,14.500000,14.125000,14.500000,3.839808,10400
1991-11-26,14.500000,14.750000,14.375000,14.625000,3.872912,22800
1991-11-27,14.625000,14.875000,14.375000,14.625000,3.872912,10800
1991-11-29,14.625000,14.625000,14.625000,14.625000,3.872912,1200
1991-12-02,14.625000,14.875000,14.625000,14.875000,3.939113,17200
1991-12-03,14.875000,15.250000,14.875000,15.187500,4.021867,11200
1991-12-04,15.250000,15.500000,15.000000,15.375000,4.071522,20600
1991-12-05,15.250000,15.500000,15.250000,15.312500,4.054971,18200
1991-12-06,15.250000,15.500000,15.250000,15.500000,4.104624,3600
1991-12-09,15.250000,15.500000,15.250000,15.500000,4.104624,4000
1991-12-10,15.250000,15.562500,15.250000,15.562500,4.121175,12600
1991-12-11,15.875000,15.875000,15.500000,15.875000,4.203929,15400
1991-12-12,15.625000,16.000000,15.625000,15.625000,4.137725,51600
1991-12-13,15.875000,16.000000,15.625000,16.000000,4.237031,45400
1991-12-16,15.750000,16.000000,15.750000,16.000000,4.237031,8600
1991-12-17,15.750000,16.000000,15.750000,16.000000,4.237031,7000
1991-12-18,16.000000,16.250000,15.875000,16.062500,4.253582,29800
1991-12-19,16.000000,16.125000,15.875000,16.125000,4.270132,38600
1991-12-20,15.875000,16.250000,15.875000,16.125000,4.270132,21000
1991-12-23,16.000000,16.125000,15.875000,16.125000,4.270132,17400
1991-12-24,15.875000,16.000000,15.125000,15.500000,4.104624,26000
1991-12-26,15.500000,15.500000,15.125000,15.125000,4.005320,14800
1991-12-27,15.125000,15.375000,15.000000,15.000000,3.972218,20200
1991-12-30,15.000000,15.500000,15.000000,15.500000,4.104624,17600
1991-12-31,15.250000,15.625000,15.250000,15.250000,4.038421,19200
1992-01-02,15.250000,15.625000,15.250000,15.500000,4.104624,13000
1992-01-03,15.250000,15.625000,15.250000,15.250000,4.038421,17400
1992-01-06,15.250000,15.625000,15.250000,15.250000,4.038421,7800
1992-01-07,15.250000,15.625000,15.250000,15.250000,4.038421,8200
1992-01-08,15.625000,15.625000,15.625000,15.625000,4.137725,3000
1992-01-09,15.625000,15.625000,15.250000,15.250000,4.038421,5600
1992-01-10,15.500000,15.750000,15.250000,15.500000,4.104624,46600
1992-01-13,15.875000,15.875000,15.500000,15.625000,4.137725,15200
1992-01-14,15.875000,16.000000,15.625000,16.000000,4.237031,15200
1992-01-15,15.750000,16.250000,15.750000,16.250000,4.303235,16200
1992-01-16,16.250000,16.250000,15.750000,16.125000,4.270132,27400
1992-01-17,16.000000,16.250000,16.000000,16.125000,4.270132,32800
1992-01-20,16.125000,16.125000,15.750000,15.750000,4.170828,13600
1992-01-21,16.125000,16.125000,15.750000,16.125000,4.270132,14400
1992-01-22,15.750000,16.250000,15.750000,16.250000,4.303235,5000
1992-01-23,15.750000,16.250000,15.750000,16.000000,4.237031,12000
1992-01-24,16.000000,16.250000,16.000000,16.125000,4.270132,37600
1992-01-27,16.250000,16.625000,16.000000,16.375000,4.336336,41000
1992-01-28,16.375000,16.750000,16.375000,16.687500,4.419091,25400
1992-01-29,16.500000,16.750000,16.500000,16.625000,4.402540,16600
1992-01-30,16.875000,16.875000,16.625000,16.625000,4.402540,9600
1992-01-31,16.625000,16.875000,16.625000,16.875000,4.468742,12800
1992-02-03,16.625000,17.000000,16.625000,17.000000,4.501846,29400
1992-02-04,17.000000,17.000000,16.625000,17.000000,4.501846,5600
1992-02-05,16.625000,17.000000,16.625000,17.000000,4.501846,46600
1992-02-06,16.750000,17.250000,16.750000,16.750000,4.435641,13600
1992-02-07,16.750000,17.250000,16.750000,17.000000,4.501846,6400
1992-02-10,16.750000,17.375000,16.750000,17.375000,4.657311,33200
1992-02-11,17.000000,17.250000,17.000000,17.250000,4.623807,50400
1992-02-12,17.250000,17.375000,17.000000,17.125000,4.590302,32600
1992-02-13,17.375000,17.375000,17.125000,17.375000,4.657311,3200
1992-02-14,17.375000,17.375000,17.125000,17.375000,4.657311,21200
1992-02-18,17.125000,17.375000,17.000000,17.000000,4.556797,17400
1992-02-19,17.000000,17.375000,17.000000,17.062500,4.573546,21000
1992-02-20,17.250000,17.375000,17.000000,17.250000,4.623807,42600
1992-02-21,17.000000,17.250000,17.000000,17.250000,4.623807,14800
1992-02-24,17.000000,17.250000,16.875000,16.875000,4.523290,15600
1992-02-25,16.875000,17.125000,16.875000,17.125000,4.590302,29200
1992-02-26,16.875000,17.125000,16.875000,16.875000,4.523290,2000
1992-02-27,17.125000,17.125000,16.750000,16.750000,4.489782,3600
1992-02-28,16.750000,17.125000,16.750000,16.750000,4.489782,29400
1992-03-02,16.750000,17.125000,16.750000,16.750000,4.489782,6800
1992-03-03,17.125000,17.125000,16.750000,17.000000,4.556797,17400
1992-03-04,17.250000,17.312500,16.875000,17.250000,4.623807,23800
1992-03-05,17.125000,17.500000,17.125000,17.500000,4.690820,10400
1992-03-06,17.250000,17.500000,17.250000,17.437500,4.674066,36200
1992-03-09,17.250000,17.500000,17.250000,17.500000,4.690820,4600
1992-03-10,17.250000,17.500000,17.250000,17.250000,4.623807,30800
1992-03-11,17.625000,18.000000,17.250000,17.625000,4.724327,64800
1992-03-12,17.625000,18.000000,17.625000,18.000000,4.824842,12800
1992-03-13,17.625000,17.812500,17.625000,17.625000,4.724327,10000
1992-03-16,17.625000,18.000000,17.625000,17.625000,4.724327,7600
1992-03-17,18.125000,18.125000,17.750000,17.750000,4.757830,10000
1992-03-18,17.750000,18.125000,17.750000,17.750000,4.757830,13000
1992-03-19,18.125000,18.125000,17.500000,17.500000,4.690820,31600
1992-03-20,17.562500,17.875000,17.500000,17.500000,4.690820,3800
1992-03-23,17.875000,17.875000,17.500000,17.500000,4.690820,14200
1992-03-24,17.562500,17.875000,17.500000,17.687500,4.741076,15800
1992-03-25,17.500000,17.625000,17.500000,17.625000,4.724327,9200
1992-03-26,17.500000,17.875000,17.375000,17.375000,4.657311,15600
1992-03-27,17.125000,17.500000,17.125000,17.125000,4.590302,5200
1992-03-30,17.000000,17.375000,16.875000,16.875000,4.523290,10800
1992-03-31,16.875000,17.375000,16.875000,16.875000,4.523290,9400
1992-04-01,17.375000,17.375000,16.875000,17.125000,4.590302,15000
1992-04-02,17.375000,17.375000,16.875000,17.375000,4.657311,2400
1992-04-03,17.375000,17.375000,16.875000,17.250000,4.623807,7200
1992-04-06,16.875000,17.250000,16.875000,16.875000,4.523290,7800
1992-04-07,16.875000,16.875000,16.875000,16.875000,4.523290,3000
1992-04-08,16.875000,17.125000,16.875000,17.125000,4.590302,32800
1992-04-09,17.125000,17.125000,16.875000,16.875000,4.523290,10800
1992-04-10,17.125000,17.125000,16.875000,16.937500,4.540041,37400
1992-04-13,16.875000,17.125000,16.875000,17.125000,4.590302,6400
1992-04-14,16.875000,17.500000,16.875000,17.500000,4.690820,4800
1992-04-15,17.125000,17.500000,17.125000,17.125000,4.590302,7400
1992-04-16,17.125000,17.375000,16.875000,16.875000,4.523290,96000
1992-04-20,17.125000,17.125000,16.875000,16.875000,4.523290,7000
1992-04-21,16.875000,17.125000,16.875000,16.875000,4.523290,13000
1992-04-22,16.750000,17.125000,16.500000,16.500000,4.422770,25200
1992-04-23,16.875000,16.875000,16.375000,16.375000,4.389265,18400
1992-04-24,16.375000,16.875000,16.375000,16.375000,4.389265,3400
1992-04-27,16.375000,16.750000,16.375000,16.375000,4.389265,7400
1992-04-28,16.750000,16.750000,16.375000,16.750000,4.489782,24000
1992-04-29,16.750000,16.750000,16.375000,16.750000,4.489782,16000
1992-04-30,16.875000,16.875000,16.562500,16.625000,4.456279,172000
1992-05-01,16.625000,16.937500,16.625000,16.937500,4.540041,14400
1992-05-04,16.750000,17.125000,16.750000,17.062500,4.573546,36400
1992-05-05,16.875000,17.375000,16.875000,17.375000,4.657311,6800
1992-05-06,16.875000,17.375000,16.875000,17.125000,4.590302,7200
1992-05-07,17.375000,17.375000,17.375000,17.375000,4.657311,2000
1992-05-08,17.125000,17.250000,17.000000,17.000000,4.556797,3000
1992-05-11,17.000000,17.250000,17.000000,17.062500,4.629370,66200
1992-05-12,17.000000,17.375000,17.000000,17.187500,4.663287,15600
1992-05-13,17.000000,17.375000,17.000000,17.375000,4.714159,3800
1992-05-14,17.000000,17.375000,17.000000,17.000000,4.612417,4200
1992-05-15,17.000000,17.375000,17.000000,17.000000,4.612417,3600
1992-05-18,17.375000,17.375000,17.000000,17.000000,4.612417,13200
1992-05-19,17.000000,17.250000,17.000000,17.250000,4.680245,3400
1992-05-20,17.000000,17.250000,17.000000,17.250000,4.680245,6200
1992-05-21,17.000000,17.125000,16.875000,17.125000,4.646332,32200
1992-05-22,17.000000,17.000000,16.625000,16.750000,4.544586,8200
1992-05-26,16.750000,17.000000,16.750000,16.750000,4.544586,24800
1992-05-27,16.750000,17.000000,16.750000,16.750000,4.544586,13400
1992-05-28,16.750000,17.000000,16.750000,16.750000,4.544586,6800
1992-05-29,16.750000,17.000000,16.750000,17.000000,4.612417,12600
1992-06-01,16.750000,17.000000,16.750000,16.875000,4.578501,18600
1992-06-02,17.125000,17.250000,16.750000,17.187500,4.663287,15800
1992-06-03,17.000000,17.375000,17.000000,17.312500,4.697202,12800
1992-06-04,17.000000,17.375000,17.000000,17.375000,4.714159,3600
1992-06-05,17.500000,17.500000,17.125000,17.125000,4.646332,4400
1992-06-08,17.125000,17.375000,17.125000,17.375000,4.714159,54400
1992-06-09,17.250000,17.500000,17.125000,17.437500,4.731118,36400
1992-06-10,17.500000,17.500000,17.125000,17.250000,4.680245,20400
1992-06-11,17.375000,17.375000,17.125000,17.375000,4.714159,9800
1992-06-12,17.375000,17.500000,17.125000,17.375000,4.714159,25400
1992-06-15,17.500000,17.500000,17.250000,17.500000,4.748075,9200
1992-06-16,17.250000,17.500000,17.250000,17.500000,4.748075,11200
1992-06-17,17.250000,17.500000,17.250000,17.375000,4.714159,9600
1992-06-18,17.500000,17.500000,17.250000,17.250000,4.680245,8400
1992-06-19,17.250000,17.500000,17.250000,17.250000,4.680245,4800
1992-06-22,17.250000,17.500000,17.250000,17.500000,4.748075,9000
1992-06-23,17.500000,17.500000,17.125000,17.500000,4.748075,22800
1992-06-24,17.125000,17.750000,17.125000,17.500000,4.748075,21000
1992-06-25,17.750000,17.750000,17.375000,17.625000,4.781992,1600
1992-06-26,17.500000,17.625000,17.250000,17.375000,4.714159,10600
1992-06-29,17.250000,17.625000,17.250000,17.250000,4.680245,10600
1992-06-30,17.250000,17.625000,17.250000,17.250000,4.680245,16000
1992-07-01,17.250000,17.625000,17.250000,17.375000,4.714159,18200
1992-07-02,17.500000,17.500000,17.000000,17.375000,4.714159,29400
1992-07-06,17.000000,17.250000,16.875000,17.250000,4.680245,6000
1992-07-07,16.875000,17.250000,16.375000,16.375000,4.442841,23200
1992-07-08,16.375000,16.625000,16.375000,16.437500,4.459799,39200
1992-07-09,16.625000,16.625000,16.375000,16.625000,4.510672,16600
1992-07-10,16.500000,16.750000,16.375000,16.750000,4.544586,28200
1992-07-13,16.750000,17.000000,16.750000,17.000000,4.612417,11000
1992-07-14,16.625000,17.000000,16.625000,16.875000,4.578501,9200
1992-07-15,16.625000,17.000000,16.625000,17.000000,4.612417,4000
1992-07-16,16.625000,17.000000,16.625000,16.625000,4.510672,4400
1992-07-17,16.625000,16.750000,16.250000,16.250000,4.408927,14600
1992-07-20,16.625000,16.625000,16.500000,16.500000,4.476755,2200
1992-07-21,16.625000,16.625000,16.000000,16.250000,4.408927,6200
1992-07-22,16.250000,16.625000,16.250000,16.250000,4.408927,8200
1992-07-23,16.625000,16.625000,16.250000,16.625000,4.510672,11400
1992-07-24,16.625000,16.750000,16.250000,16.625000,4.510672,24200
1992-07-27,16.625000,17.000000,16.625000,16.750000,4.544586,12000
1992-07-28,17.125000,17.125000,16.625000,17.125000,4.646332,11000
1992-07-29,17.125000,17.125000,16.625000,16.625000,4.510672,19000
1992-07-30,16.750000,17.125000,16.625000,16.875000,4.578501,10600
1992-07-31,17.000000,17.000000,16.625000,16.625000,4.510672,3000
1992-08-03,16.625000,17.000000,16.625000,16.625000,4.510672,25200
1992-08-04,16.875000,16.875000,16.625000,16.875000,4.578501,20200
1992-08-05,16.625000,17.000000,16.625000,17.000000,4.612417,5200
1992-08-06,17.000000,17.000000,16.625000,16.625000,4.510672,2800
1992-08-07,16.625000,16.875000,16.625000,16.875000,4.578501,2800
1992-08-10,16.625000,16.875000,16.625000,16.625000,4.566141,6800
1992-08-11,16.625000,17.000000,16.625000,17.000000,4.669140,7400
1992-08-12,17.000000,17.000000,16.625000,17.000000,4.669140,5000
1992-08-13,16.625000,17.000000,16.625000,16.750000,4.600472,6000
1992-08-14,16.875000,17.000000,16.625000,16.625000,4.566141,5200
1992-08-17,16.625000,17.000000,16.625000,16.625000,4.566141,3400
1992-08-18,17.000000,17.000000,16.250000,16.625000,4.566141,19000
1992-08-19,16.250000,16.625000,16.250000,16.437500,4.514643,10000
1992-08-20,16.625000,16.750000,16.375000,16.750000,4.600472,3400
1992-08-21,16.750000,16.750000,16.375000,16.750000,4.600472,6400
1992-08-24,16.375000,16.750000,16.375000,16.750000,4.600472,5600
1992-08-25,16.375000,16.750000,16.375000,16.750000,4.600472,4800
1992-08-26,16.375000,16.500000,15.875000,15.875000,4.360151,38600
1992-08-27,15.875000,16.250000,15.875000,16.250000,4.463147,12600
1992-08-28,16.250000,16.250000,15.875000,15.875000,4.360151,10800
1992-08-31,15.875000,16.250000,15.875000,15.875000,4.360151,2400
1992-09-01,15.875000,16.250000,15.875000,16.250000,4.463147,14200
1992-09-02,16.250000,16.250000,15.750000,15.750000,4.325818,5800
1992-09-03,15.750000,16.500000,15.750000,16.250000,4.463147,46800
1992-09-04,16.375000,16.500000,16.125000,16.437500,4.514643,34200
1992-09-08,16.500000,16.625000,16.250000,16.625000,4.566141,13600
1992-09-09,16.437500,16.875000,16.250000,16.625000,4.566141,26400
1992-09-10,16.500000,17.125000,16.500000,17.125000,4.703469,89800
1992-09-11,17.125000,17.125000,16.750000,17.125000,4.703469,93400
1992-09-14,16.750000,17.125000,16.750000,16.875000,4.634805,76000
1992-09-15,17.125000,17.125000,16.500000,16.875000,4.634805,23000
1992-09-16,16.500000,16.750000,16.375000,16.750000,4.600472,5400
1992-09-17,16.375000,16.750000,16.375000,16.750000,4.600472,8600
1992-09-18,16.875000,16.875000,16.375000,16.875000,4.634805,10400
1992-09-21,16.875000,16.875000,16.375000,16.875000,4.634805,3800
1992-09-22,16.625000,16.625000,16.375000,16.375000,4.497476,7400
1992-09-23,16.375000,16.750000,16.375000,16.375000,4.497476,800
1992-09-24,16.750000,16.750000,16.375000,16.375000,4.497476,4400
1992-09-25,16.375000,16.750000,16.375000,16.562500,4.548976,10600
1992-09-28,16.250000,16.625000,16.250000,16.250000,4.463147,2800
1992-09-29,16.625000,16.750000,16.250000,16.625000,4.566141,12600
1992-09-30,16.625000,16.750000,16.250000,16.750000,4.600472,5400
1992-10-01,16.750000,16.750000,16.250000,16.750000,4.600472,5400
1992-10-02,16.500000,16.750000,16.375000,16.750000,4.600472,6000
1992-10-05,16.750000,16.750000,16.375000,16.750000,4.600472,6200
1992-10-06,16.625000,17.000000,16.625000,16.625000,4.566141,5000
1992-10-07,16.625000,17.000000,16.625000,17.000000,4.669140,7600
1992-10-08,16.625000,17.000000,16.625000,17.000000,4.669140,9000
1992-10-09,17.000000,17.375000,17.000000,17.375000,4.772130,20200
1992-10-12,17.375000,17.375000,17.000000,17.000000,4.669140,4600
1992-10-13,17.000000,17.375000,17.000000,17.375000,4.772130,9000
1992-10-14,17.000000,17.375000,17.000000,17.000000,4.669140,4600
1992-10-15,17.000000,17.250000,17.000000,17.000000,4.669140,2400
1992-10-16,17.000000,17.125000,16.750000,16.750000,4.600472,19200
1992-10-19,17.125000,17.125000,17.125000,17.125000,4.703469,1200
1992-10-20,17.125000,17.125000,16.625000,17.000000,4.669140,6400
1992-10-21,16.500000,16.625000,16.250000,16.250000,4.463147,9000
1992-10-22,16.125000,16.625000,16.125000,16.625000,4.566141,4600
1992-10-23,16.625000,16.625000,16.250000,16.250000,4.463147,3800
1992-10-26,16.250000,16.625000,16.250000,16.625000,4.566141,7200
1992-10-27,16.250000,16.625000,16.250000,16.500000,4.531809,4200
1992-10-28,16.500000,16.625000,16.250000,16.625000,4.566141,3600
1992-10-29,16.250000,16.750000,16.250000,16.750000,4.600472,2000
1992-10-30,16.750000,16.750000,16.250000,16.750000,4.600472,5400
1992-11-02,16.750000,17.000000,16.500000,16.812500,4.617639,12800
1992-11-03,17.000000,17.000000,16.625000,17.000000,4.669140,18600
1992-11-04,16.750000,17.000000,16.625000,17.000000,4.669140,15200
1992-11-05,16.625000,17.000000,16.625000,16.625000,4.566141,10600
1992-11-06,16.625000,16.750000,16.000000,16.125000,4.484106,38600
1992-11-09,16.000000,16.250000,15.875000,16.250000,4.518867,9400
1992-11-10,16.125000,16.125000,15.750000,16.125000,4.484106,7800
1992-11-11,15.750000,16.125000,15.625000,15.625000,4.345063,39800
1992-11-12,15.625000,16.000000,15.625000,16.000000,4.449344,5800
1992-11-13,15.625000,16.000000,15.500000,15.500000,4.310305,15400
1992-11-16,15.750000,15.750000,15.500000,15.750000,4.379824,7600
1992-11-17,15.750000,15.750000,15.500000,15.562500,4.327684,17200
1992-11-18,15.750000,15.750000,15.500000,15.500000,4.310305,4000
1992-11-19,15.750000,15.750000,15.500000,15.500000,4.310305,12600
1992-11-20,15.750000,15.875000,15.625000,15.625000,4.345063,8400
1992-11-23,15.625000,15.875000,15.625000,15.875000,4.414585,4600
1992-11-24,15.625000,15.875000,15.625000,15.875000,4.414585,4600
1992-11-25,15.875000,15.875000,15.625000,15.812500,4.397203,16400
1992-11-27,15.875000,15.875000,15.750000,15.750000,4.379824,1000
1992-11-30,15.750000,16.250000,15.750000,15.875000,4.414585,11400
1992-12-01,16.250000,16.250000,15.875000,16.250000,4.518867,17600
1992-12-02,16.000000,16.375000,16.000000,16.312500,4.536247,14000
1992-12-03,16.375000,16.375000,16.125000,16.250000,4.518867,28600
1992-12-04,16.375000,16.375000,16.125000,16.375000,4.553626,36000
1992-12-07,16.375000,16.500000,16.125000,16.500000,4.588387,22000
1992-12-08,16.250000,16.625000,16.250000,16.250000,4.518867,18200
1992-12-09,16.250000,16.750000,16.250000,16.750000,4.657907,8400
1992-12-10,16.750000,16.875000,16.375000,16.875000,4.692669,29800
1992-12-11,16.875000,16.875000,16.500000,16.500000,4.588387,8800
1992-12-14,16.875000,16.875000,16.500000,16.875000,4.692669,10400
1992-12-15,16.500000,16.875000,16.500000,16.875000,4.692669,11600
1992-12-16,16.500000,16.875000,16.500000,16.812500,4.675289,6600
1992-12-17,16.875000,17.000000,16.500000,16.750000,4.657907,13600
1992-12-18,16.875000,16.875000,16.750000,16.875000,4.692669,9000
1992-12-21,16.750000,17.125000,16.750000,17.125000,4.762191,9400
1992-12-22,16.750000,17.125000,16.750000,17.125000,4.762191,4000
1992-12-23,17.000000,17.125000,16.750000,16.750000,4.657907,30800
1992-12-24,16.625000,17.000000,16.625000,16.625000,4.623150,1200
1992-12-28,16.625000,17.000000,16.625000,17.000000,4.727432,17400
1992-12-29,17.000000,17.000000,16.625000,16.625000,4.623150,6200
1992-12-30,17.000000,17.000000,16.625000,16.625000,4.623150,7800
1992-12-31,16.625000,17.000000,16.625000,16.625000,4.623150,5000
1993-01-04,16.625000,17.000000,16.500000,16.687500,4.640529,48400
1993-01-05,16.750000,16.875000,16.625000,16.625000,4.623150,41600
1993-01-06,16.625000,16.875000,16.625000,16.625000,4.623150,48600
1993-01-07,16.625000,16.875000,16.625000,16.625000,4.623150,54600
1993-01-08,16.625000,16.875000,16.625000,16.625000,4.623150,33200
1993-01-11,16.625000,16.875000,16.625000,16.625000,4.623150,5800
1993-01-12,16.625000,16.875000,16.625000,16.625000,4.623150,9800
1993-01-13,16.875000,16.875000,16.625000,16.875000,4.692669,6200
1993-01-14,16.687500,17.000000,16.625000,16.875000,4.692669,8400
1993-01-15,16.875000,16.875000,16.625000,16.625000,4.623150,5600
1993-01-18,16.625000,16.875000,16.625000,16.625000,4.623150,8600
1993-01-19,16.750000,17.125000,16.750000,16.750000,4.657907,5800
1993-01-20,16.750000,17.125000,16.750000,17.125000,4.762191,13000
1993-01-21,16.750000,17.125000,16.750000,16.750000,4.657907,3000
1993-01-22,16.750000,17.125000,16.750000,17.000000,4.727432,3600
1993-01-25,16.750000,17.125000,16.750000,17.000000,4.727432,11600
1993-01-26,16.750000,17.125000,16.750000,17.125000,4.762191,5000
1993-01-27,16.750000,17.125000,16.750000,16.750000,4.657907,21000
1993-01-28,16.750000,17.125000,16.750000,17.125000,4.762191,4600
1993-01-29,16.750000,17.125000,16.750000,17.125000,4.762191,31200
1993-02-01,17.125000,17.125000,16.750000,17.000000,4.727432,10800
1993-02-02,17.000000,17.250000,17.000000,17.125000,4.762191,57400
1993-02-03,17.125000,17.500000,17.125000,17.125000,4.762191,4800
1993-02-04,17.500000,17.500000,17.125000,17.125000,4.762191,16400
1993-02-05,17.125000,17.500000,17.125000,17.500000,4.866472,201400
1993-02-08,17.125000,17.500000,17.125000,17.500000,4.925581,16000
1993-02-09,17.500000,17.500000,17.125000,17.500000,4.925581,22800
1993-02-10,17.125000,17.500000,17.125000,17.500000,4.925581,5000
1993-02-11,17.125000,17.500000,17.125000,17.312500,4.872804,11200
1993-02-12,17.125000,17.500000,17.125000,17.375000,4.890398,11000
1993-02-16,17.125000,17.500000,17.125000,17.125000,4.820032,16200
1993-02-17,17.125000,17.375000,17.125000,17.375000,4.890398,13400
1993-02-18,17.375000,17.375000,17.125000,17.375000,4.890398,3400
1993-02-19,17.375000,17.375000,17.125000,17.125000,4.820032,9000
1993-02-22,17.125000,17.375000,17.125000,17.125000,4.820032,25200
1993-02-23,17.125000,17.500000,17.125000,17.500000,4.925581,5800
1993-02-24,17.125000,17.500000,17.125000,17.375000,4.890398,8000
1993-02-25,17.500000,17.750000,17.375000,17.375000,4.890398,17400
1993-02-26,17.500000,17.875000,17.500000,17.875000,5.031124,25600
1993-03-01,17.875000,17.875000,17.625000,17.750000,4.995944,9200
1993-03-02,17.750000,18.125000,17.750000,17.750000,4.995944,11400
1993-03-03,18.125000,18.125000,17.750000,18.125000,5.101491,56200
1993-03-04,18.125000,18.125000,17.750000,18.125000,5.101491,9000
1993-03-05,17.750000,18.125000,17.750000,18.125000,5.101491,10600
1993-03-08,17.875000,18.125000,17.750000,17.750000,4.995944,24200
1993-03-09,17.750000,18.125000,17.750000,17.875000,5.031124,14600
1993-03-10,17.875000,18.250000,17.875000,18.250000,5.136673,28800
1993-03-11,17.875000,18.625000,17.875000,18.312500,5.154265,55000
1993-03-12,18.625000,19.375000,18.125000,19.000000,5.347767,61800
1993-03-15,19.375000,19.625000,19.250000,19.250000,5.418136,35400
1993-03-16,19.625000,19.625000,19.250000,19.625000,5.523682,5400
1993-03-17,19.250000,19.625000,19.250000,19.625000,5.523682,18200
1993-03-18,19.250000,19.750000,19.250000,19.250000,5.418136,6000
1993-03-19,19.750000,19.750000,19.250000,19.250000,5.418136,8000
1993-03-22,19.250000,19.750000,19.250000,19.250000,5.418136,3200
1993-03-23,19.250000,19.750000,19.250000,19.250000,5.418136,4600
1993-03-24,19.250000,19.750000,19.250000,19.750000,5.558867,18400
1993-03-25,19.750000,19.750000,19.250000,19.750000,5.558867,3400
1993-03-26,19.750000,19.750000,19.250000,19.375000,5.453321,4800
1993-03-29,19.250000,19.750000,19.250000,19.750000,5.558867,5200
1993-03-30,19.250000,19.750000,19.250000,19.500000,5.488503,9600
1993-03-31,19.750000,19.750000,19.250000,19.375000,5.453321,15000
1993-04-01,19.750000,19.937500,19.500000,19.750000,5.558867,21200
1993-04-02,19.750000,20.250000,19.750000,20.250000,5.699599,15200
1993-04-05,19.875000,20.250000,19.875000,20.250000,5.699599,9400
1993-04-06,19.875000,20.375000,19.875000,20.375000,5.734778,9000
1993-04-07,20.375000,20.375000,19.875000,19.875000,5.594050,6600
1993-04-08,19.875000,20.375000,19.875000,19.875000,5.594050,5000
1993-04-12,20.375000,20.625000,19.875000,20.625000,5.805148,39000
1993-04-13,20.125000,20.625000,20.125000,20.125000,5.664418,13200
1993-04-14,20.125000,20.625000,20.125000,20.625000,5.805148,7000
1993-04-15,20.125000,20.625000,20.125000,20.625000,5.805148,3600
1993-04-16,20.125000,20.625000,19.875000,19.937500,5.611642,50000
1993-04-19,19.875000,20.125000,19.625000,19.750000,5.558867,15600
1993-04-20,19.625000,20.000000,19.625000,19.625000,5.523682,20400
1993-04-21,19.625000,19.875000,19.500000,19.875000,5.594050,5000
1993-04-22,19.875000,19.875000,19.500000,19.875000,5.594050,24800
1993-04-23,19.500000,19.875000,19.375000,19.750000,5.558867,6000
1993-04-26,19.250000,19.625000,19.000000,19.000000,5.347767,16200
1993-04-27,19.000000,19.500000,19.000000,19.500000,5.488503,3000
1993-04-28,19.500000,19.500000,19.000000,19.000000,5.347767,2200
1993-04-29,19.000000,19.500000,19.000000,19.375000,5.453321,11000
1993-04-30,19.125000,19.375000,19.125000,19.125000,5.382954,7200
1993-05-03,19.125000,19.375000,19.125000,19.250000,5.418136,18400
1993-05-04,19.125000,19.375000,19.125000,19.125000,5.382954,2600
1993-05-05,19.375000,19.500000,19.125000,19.500000,5.488503,15800
1993-05-06,19.125000,19.500000,19.125000,19.500000,5.488503,1400
1993-05-07,19.500000,19.500000,19.125000,19.125000,5.382954,7600
1993-05-10,19.125000,19.125000,19.125000,19.125000,5.442714,1400
1993-05-11,19.125000,19.250000,18.750000,19.250000,5.478288,22200
1993-05-12,19.250000,19.250000,18.750000,19.250000,5.478288,15800
1993-05-13,18.750000,19.250000,18.500000,18.625000,5.300424,53800
1993-05-14,18.500000,19.000000,18.500000,18.500000,5.264851,10400
1993-05-17,18.500000,19.000000,18.500000,18.500000,5.264851,5600
1993-05-18,18.500000,18.750000,18.000000,18.000000,5.122558,26600
1993-05-19,17.750000,18.000000,16.750000,16.750000,4.766826,57200
1993-05-20,16.750000,17.125000,16.750000,16.750000,4.766826,13800
1993-05-21,16.750000,17.125000,16.750000,17.125000,4.873545,14600
1993-05-24,16.750000,17.125000,16.750000,17.125000,4.873545,3200
1993-05-25,16.750000,17.125000,16.750000,16.750000,4.766826,5600
1993-05-26,17.125000,17.125000,16.750000,17.125000,4.873545,8800
1993-05-27,16.875000,17.125000,16.750000,16.875000,4.802401,7400
1993-05-28,16.875000,17.000000,16.875000,16.875000,4.802401,8200
1993-06-01,16.875000,17.375000,16.875000,17.375000,4.944692,32800
1993-06-02,17.000000,17.500000,17.000000,17.125000,4.873545,12600
1993-06-03,17.500000,17.500000,17.125000,17.250000,4.909118,64600
1993-06-04,17.000000,17.375000,17.000000,17.250000,4.909118,38600
1993-06-07,17.375000,17.375000,17.000000,17.000000,4.837973,14800
1993-06-08,17.375000,17.375000,17.000000,17.375000,4.944692,10600
1993-06-09,17.000000,17.750000,17.000000,17.750000,5.051412,27200
1993-06-10,17.375000,17.750000,17.375000,17.625000,5.015838,17000
1993-06-11,17.375000,17.875000,17.375000,17.875000,5.086984,27600
1993-06-14,17.875000,18.375000,17.625000,18.375000,5.229277,57000
1993-06-15,18.500000,18.500000,18.125000,18.500000,5.264851,9800
1993-06-16,18.125000,18.500000,18.125000,18.500000,5.264851,3000
1993-06-17,18.125000,18.500000,18.125000,18.250000,5.193705,5800
1993-06-18,18.500000,18.500000,18.125000,18.500000,5.264851,18600
1993-06-21,18.125000,18.500000,18.125000,18.500000,5.264851,8400
1993-06-22,18.500000,18.500000,18.125000,18.375000,5.229277,9800
1993-06-23,18.125000,18.375000,18.125000,18.250000,5.193705,9400
1993-06-24,18.125000,18.250000,18.125000,18.125000,5.158132,7800
1993-06-25,18.125000,18.375000,17.750000,17.750000,5.051412,22800
1993-06-28,17.750000,17.750000,16.937500,17.250000,4.909118,43000
1993-06-29,17.000000,17.250000,16.875000,16.875000,4.802401,7600
1993-06-30,17.125000,17.125000,16.875000,16.875000,4.802401,3400
1993-07-01,17.125000,17.500000,17.000000,17.125000,4.873545,19400
1993-07-02,17.125000,17.750000,17.125000,17.437500,4.962477,29000
1993-07-06,17.625000,17.625000,17.250000,17.375000,4.944692,6400
1993-07-07,17.500000,17.750000,17.375000,17.375000,4.944692,2800
1993-07-08,17.250000,17.500000,17.250000,17.500000,4.980263,18400
1993-07-09,17.000000,17.500000,17.000000,17.500000,4.980263,4200
1993-07-12,17.500000,17.500000,17.000000,17.000000,4.837973,7400
1993-07-13,17.500000,17.500000,17.000000,17.000000,4.837973,5200
1993-07-14,17.000000,17.500000,17.000000,17.500000,4.980263,37200
1993-07-15,17.500000,17.500000,17.000000,17.500000,4.980263,2800
1993-07-16,17.125000,17.500000,17.000000,17.000000,4.837973,4600
1993-07-19,17.000000,17.500000,17.000000,17.500000,4.980263,6200
1993-07-20,17.000000,17.250000,17.000000,17.125000,4.873545,8600
1993-07-21,17.125000,17.250000,16.750000,17.250000,4.909118,27600
1993-07-22,16.750000,17.250000,16.750000,17.250000,4.909118,1800
1993-07-23,16.750000,16.750000,16.750000,16.750000,4.766826,3800
1993-07-26,17.250000,17.250000,16.750000,17.000000,4.837973,3000
1993-07-27,17.250000,17.250000,16.750000,17.250000,4.909118,6800
1993-07-28,17.000000,17.375000,17.000000,17.000000,4.837973,10400
1993-07-29,17.250000,17.250000,16.875000,16.875000,4.802401,38400
1993-07-30,16.875000,17.250000,16.875000,16.875000,4.802401,5000
1993-08-02,17.250000,17.250000,16.875000,17.000000,4.837973,11800
1993-08-03,16.875000,17.250000,16.875000,17.125000,4.873545,12000
1993-08-04,17.250000,17.250000,16.875000,17.250000,4.909118,6200
1993-08-05,17.250000,17.250000,16.875000,16.875000,4.802401,8000
1993-08-06,17.062500,17.250000,16.875000,16.875000,4.802401,10200
1993-08-09,17.250000,17.250000,16.875000,16.875000,4.862914,3200
1993-08-10,16.875000,17.125000,16.625000,16.875000,4.862914,29400
1993-08-11,16.750000,17.000000,16.625000,17.000000,4.898935,9200
1993-08-12,17.000000,17.000000,16.125000,16.500000,4.754848,28400
1993-08-13,16.000000,16.500000,16.000000,16.375000,4.718825,17000
1993-08-16,16.250000,16.500000,16.000000,16.500000,4.754848,6200
1993-08-17,16.500000,16.625000,15.750000,16.125000,4.646786,44800
1993-08-18,16.625000,16.750000,16.250000,16.750000,4.826893,20600
1993-08-19,17.000000,17.125000,16.625000,16.750000,4.826893,17200
1993-08-20,17.250000,17.250000,16.625000,16.750000,4.826893,50200
1993-08-23,16.375000,16.750000,16.250000,16.250000,4.682805,5600
1993-08-24,16.250000,16.750000,16.250000,16.750000,4.826893,8800
1993-08-25,16.750000,16.875000,16.375000,16.875000,4.862914,12200
1993-08-26,16.875000,17.250000,16.500000,16.875000,4.862914,33800
1993-08-27,17.000000,17.000000,16.625000,16.625000,4.790867,8200
1993-08-30,16.625000,16.875000,16.625000,16.687500,4.808879,35200
1993-08-31,16.875000,16.875000,16.875000,16.875000,4.862914,30800
1993-09-01,16.875000,17.125000,16.625000,16.875000,4.862914,17800
1993-09-02,16.875000,17.125000,16.875000,17.000000,4.898935,19600
1993-09-03,17.375000,17.500000,17.000000,17.125000,4.934957,14200
1993-09-07,17.500000,17.500000,17.125000,17.125000,4.934957,39400
1993-09-08,17.500000,17.500000,17.125000,17.375000,5.007001,48600
1993-09-09,17.125000,17.375000,17.125000,17.250000,4.970979,72600
1993-09-10,17.375000,17.375000,17.125000,17.312500,4.988989,18000
1993-09-13,17.500000,17.500000,17.125000,17.125000,4.934957,14800
1993-09-14,17.500000,17.500000,17.125000,17.125000,4.934957,11200
1993-09-15,17.375000,17.375000,17.000000,17.000000,4.898935,25200
1993-09-16,17.375000,17.375000,17.000000,17.000000,4.898935,4000
1993-09-17,17.375000,17.375000,17.000000,17.000000,4.898935,7000
1993-09-20,17.000000,17.375000,17.000000,17.000000,4.898935,4800
1993-09-21,17.375000,17.375000,17.000000,17.375000,5.007001,16600
1993-09-22,17.000000,17.375000,17.000000,17.000000,4.898935,4200
1993-09-23,17.375000,17.375000,16.875000,17.125000,4.934957,92200
1993-09-24,17.125000,17.125000,16.750000,16.750000,4.826893,35800
1993-09-27,16.625000,16.875000,16.375000,16.625000,4.790867,61600
1993-09-28,16.375000,17.000000,16.375000,16.750000,4.826893,26000
1993-09-29,17.000000,17.000000,16.625000,16.625000,4.790867,12000
1993-09-30,17.000000,17.000000,16.625000,16.625000,4.790867,51000
1993-10-01,17.000000,17.000000,16.625000,16.625000,4.790867,6400
1993-10-04,16.625000,17.000000,16.625000,16.625000,4.790867,6600
1993-10-05,17.000000,17.000000,16.625000,17.000000,4.898935,5200
1993-10-06,17.000000,17.000000,16.625000,16.750000,4.826893,24800
1993-10-07,16.750000,17.000000,16.750000,16.750000,4.826893,16800
1993-10-08,16.750000,17.000000,16.750000,16.750000,4.826893,9600
1993-10-11,17.000000,17.000000,16.500000,16.500000,4.754848,28000
1993-10-12,16.875000,16.875000,16.500000,16.500000,4.754848,9800
1993-10-13,16.500000,16.875000,16.500000,16.500000,4.754848,7800
1993-10-14,16.500000,16.750000,16.500000,16.750000,4.826893,10800
1993-10-15,16.750000,16.750000,16.500000,16.750000,4.826893,5600
1993-10-18,16.500000,16.875000,16.500000,16.875000,4.862914,6800
1993-10-19,16.625000,16.875000,16.625000,16.875000,4.862914,8200
1993-10-20,16.625000,16.875000,16.625000,16.875000,4.862914,4600
1993-10-21,16.625000,16.875000,16.625000,16.687500,4.808879,15200
1993-10-22,16.750000,17.000000,16.625000,16.687500,4.808879,26800
1993-10-25,16.875000,16.875000,16.625000,16.625000,4.790867,10800
1993-10-26,16.875000,16.875000,16.625000,16.875000,4.862914,6400
1993-10-27,16.812500,16.875000,16.625000,16.812500,4.844903,29600
1993-10-28,16.625000,16.875000,16.625000,16.875000,4.862914,16600
1993-10-29,16.625000,16.875000,16.625000,16.875000,4.862914,11400
1993-11-01,16.875000,16.875000,16.625000,16.812500,4.844903,7400
1993-11-02,16.750000,17.000000,16.750000,16.937500,4.880926,58000
1993-11-03,16.750000,16.937500,16.625000,16.625000,4.790867,18000
1993-11-04,16.625000,16.875000,16.375000,16.500000,4.754848,95200
1993-11-05,16.375000,16.500000,16.000000,16.250000,4.682805,37800
1993-11-08,15.875000,16.250000,15.750000,15.750000,4.598139,25200
1993-11-09,15.750000,16.125000,15.750000,15.750000,4.598139,14000
1993-11-10,16.125000,16.125000,15.750000,15.875000,4.634635,10000
1993-11-11,16.125000,16.125000,15.750000,16.000000,4.671128,58200
1993-11-12,15.750000,16.000000,15.375000,15.375000,4.488661,46400
1993-11-15,15.750000,15.750000,15.375000,15.375000,4.488661,10400
1993-11-16,15.625000,15.625000,15.312500,15.375000,4.488661,10800
1993-11-17,15.375000,15.625000,15.375000,15.625000,4.561647,8200
1993-11-18,15.625000,15.625000,15.375000,15.375000,4.488661,31400
1993-11-19,15.625000,15.625000,15.375000,15.375000,4.488661,8400
1993-11-22,15.625000,15.625000,15.375000,15.625000,4.561647,16000
1993-11-23,15.625000,15.625000,15.375000,15.375000,4.488661,8000
1993-11-24,15.375000,15.625000,15.375000,15.375000,4.488661,13800
1993-11-26,15.625000,15.625000,15.500000,15.625000,4.561647,3400
1993-11-29,15.500000,15.625000,15.375000,15.500000,4.525155,23800
1993-11-30,15.625000,15.625000,15.375000,15.625000,4.561647,11400
1993-12-01,15.625000,15.750000,15.375000,15.625000,4.561647,75800
1993-12-02,15.750000,15.750000,15.625000,15.625000,4.561647,30800
1993-12-03,15.875000,15.875000,15.625000,15.687500,4.579896,72000
1993-12-06,15.875000,15.875000,15.500000,15.500000,4.525155,120400
1993-12-07,15.875000,15.875000,15.625000,15.875000,4.634635,3800
1993-12-08,15.875000,15.875000,15.625000,15.625000,4.561647,54800
1993-12-09,15.875000,15.875000,15.625000,15.875000,4.634635,16800
1993-12-10,15.625000,15.875000,15.625000,15.625000,4.561647,11200
1993-12-13,15.875000,15.875000,15.625000,15.875000,4.634635,11400
1993-12-14,15.625000,16.125000,15.625000,16.125000,4.707621,4400
1993-12-15,15.625000,16.125000,15.625000,16.125000,4.707621,15000
1993-12-16,15.750000,16.125000,15.750000,16.125000,4.707621,21800
1993-12-17,15.875000,16.250000,15.875000,16.125000,4.707621,12200
1993-12-20,15.875000,16.250000,15.875000,15.875000,4.634635,17600
1993-12-21,15.875000,16.250000,15.875000,16.250000,4.744114,16200
1993-12-22,16.000000,16.500000,16.000000,16.125000,4.707621,40600
1993-12-23,16.500000,17.000000,16.500000,16.625000,4.853596,40000
1993-12-27,16.625000,16.625000,16.625000,16.625000,4.853596,4400
1993-12-28,17.000000,17.000000,16.625000,16.625000,4.853596,1200
1993-12-29,16.625000,17.125000,16.625000,16.625000,4.853596,3800
1993-12-30,17.125000,17.125000,16.625000,16.875000,4.926580,3200
1993-12-31,17.000000,17.000000,16.625000,16.875000,4.926580,12200
1994-01-03,16.500000,16.875000,16.375000,16.750000,4.890089,26200
1994-01-04,16.375000,16.750000,16.375000,16.375000,4.780606,20400
1994-01-05,16.750000,16.750000,16.125000,16.125000,4.707621,29600
1994-01-06,16.250000,16.250000,15.750000,16.000000,4.671128,37200
1994-01-07,15.625000,16.000000,15.125000,15.500000,4.525155,50600
1994-01-10,15.250000,15.625000,15.250000,15.625000,4.561647,25800
1994-01-11,15.250000,15.625000,15.250000,15.562500,4.543403,17600
1994-01-12,15.750000,16.125000,15.500000,15.875000,4.634635,37400
1994-01-13,16.125000,16.250000,15.875000,16.250000,4.744114,20400
1994-01-14,15.875000,16.125000,15.625000,16.125000,4.707621,13200
1994-01-17,15.625000,16.125000,15.625000,15.625000,4.561647,5400
1994-01-18,16.125000,16.125000,15.625000,15.625000,4.561647,1600
1994-01-19,16.125000,16.250000,15.875000,16.125000,4.707621,32000
1994-01-20,16.500000,17.375000,16.000000,17.250000,5.036058,91200
1994-01-21,17.000000,17.312500,17.000000,17.250000,5.036058,106800
1994-01-24,17.000000,17.250000,16.875000,17.250000,5.036058,32000
1994-01-25,16.875000,17.250000,16.625000,16.750000,4.890089,22000
1994-01-26,16.625000,17.000000,16.500000,16.500000,4.817098,7800
1994-01-27,17.000000,17.000000,16.500000,17.000000,4.963075,1600
1994-01-28,17.000000,17.000000,16.500000,17.000000,4.963075,20000
1994-01-31,16.750000,17.125000,16.750000,17.000000,4.963075,5800
1994-02-01,16.875000,17.125000,16.750000,16.750000,4.890089,7000
1994-02-02,16.750000,17.125000,16.750000,17.125000,4.999568,2200
1994-02-03,17.125000,17.250000,16.750000,16.875000,4.926580,9000
1994-02-04,16.875000,17.250000,16.750000,16.750000,4.890089,11800
1994-02-07,17.125000,17.125000,16.750000,17.000000,4.963075,9800
1994-02-08,16.875000,17.375000,16.875000,17.000000,4.963075,31600
1994-02-09,16.875000,17.125000,16.500000,16.875000,4.989686,14000
1994-02-10,16.500000,16.625000,16.375000,16.375000,4.841840,9400
1994-02-11,16.375000,16.750000,16.375000,16.375000,4.841840,12800
1994-02-14,16.375000,16.500000,16.250000,16.250000,4.804881,20200
1994-02-15,16.250000,16.625000,16.125000,16.125000,4.767921,24800
1994-02-16,16.625000,16.625000,15.875000,16.375000,4.841840,14200
1994-02-17,16.375000,16.375000,15.875000,15.875000,4.694001,10200
1994-02-18,15.875000,16.375000,15.875000,15.875000,4.694001,6400
1994-02-22,15.875000,16.250000,15.875000,15.875000,4.694001,8200
1994-02-23,15.875000,16.250000,15.875000,16.250000,4.804881,7800
1994-02-24,15.875000,16.250000,15.875000,15.875000,4.694001,6000
1994-02-25,15.875000,15.875000,15.500000,15.750000,4.657039,18600
1994-02-28,15.500000,15.750000,15.500000,15.750000,4.657039,9600
1994-03-01,15.500000,15.750000,15.500000,15.625000,4.620079,18600
1994-03-02,15.500000,15.750000,15.375000,15.625000,4.620079,12200
1994-03-03,15.750000,15.750000,15.000000,15.000000,4.435277,52600
1994-03-04,15.375000,15.375000,14.750000,14.937500,4.416795,69800
1994-03-07,15.250000,15.625000,14.875000,15.625000,4.620079,82800
1994-03-08,15.625000,16.000000,15.375000,15.500000,4.583118,28400
1994-03-09,15.500000,16.000000,15.500000,15.500000,4.583118,1000
1994-03-10,16.000000,16.375000,15.750000,16.375000,4.841840,47800
1994-03-11,16.250000,16.750000,16.000000,16.750000,4.952724,30200
1994-03-14,16.375000,16.750000,16.375000,16.750000,4.952724,7400
1994-03-15,16.750000,17.000000,16.375000,16.625000,4.915764,19600
1994-03-16,16.625000,17.000000,16.625000,17.000000,5.026647,6600
1994-03-17,17.000000,17.125000,16.750000,17.000000,5.026647,9200
1994-03-18,16.875000,17.000000,16.875000,17.000000,5.026647,8800
1994-03-21,16.875000,17.000000,16.750000,16.750000,4.952724,12400
1994-03-22,16.625000,17.000000,16.625000,17.000000,5.026647,8800
1994-03-23,16.625000,17.000000,16.625000,16.875000,4.989686,9600
1994-03-24,16.625000,16.875000,16.500000,16.500000,4.878800,6200
1994-03-25,16.500000,16.500000,16.500000,16.500000,4.878800,1000
1994-03-28,16.500000,16.625000,16.500000,16.500000,4.878800,9600
1994-03-29,16.750000,16.750000,16.250000,16.500000,4.878800,14600
1994-03-30,16.000000,16.375000,16.000000,16.000000,4.730960,7600
1994-03-31,15.875000,15.875000,15.375000,15.750000,4.657039,24400
1994-04-04,15.375000,15.625000,15.375000,15.375000,4.546158,7800
1994-04-05,15.625000,16.000000,15.375000,16.000000,4.730960,15800
1994-04-06,15.937500,16.125000,15.750000,15.750000,4.657039,10200
1994-04-07,15.750000,16.250000,15.750000,15.750000,4.657039,4400
1994-04-08,16.250000,16.250000,15.625000,15.625000,4.620079,4200
1994-04-11,15.625000,16.000000,15.625000,15.625000,4.620079,4200
1994-04-12,15.625000,16.250000,15.625000,15.875000,4.694001,8400
1994-04-13,16.250000,16.250000,15.875000,16.250000,4.804881,2800
1994-04-14,15.750000,16.125000,15.750000,15.750000,4.657039,1200
1994-04-15,16.125000,16.125000,15.750000,16.125000,4.767921,6000
1994-04-18,15.750000,15.750000,15.375000,15.375000,4.546158,15800
1994-04-19,15.375000,15.750000,15.250000,15.562500,4.601598,11200
1994-04-20,15.250000,15.625000,15.250000,15.250000,4.509197,6400
1994-04-21,15.125000,15.625000,15.125000,15.500000,4.583118,6600
1994-04-22,15.500000,15.500000,15.000000,15.000000,4.435277,8400
1994-04-25,15.375000,15.375000,15.000000,15.000000,4.435277,22800
1994-04-26,15.000000,15.375000,15.000000,15.375000,4.546158,3000
1994-04-28,15.375000,15.625000,15.000000,15.375000,4.546158,23600
1994-04-29,15.500000,15.875000,15.500000,15.875000,4.694001,3800
1994-05-02,15.875000,16.375000,15.750000,16.312500,4.823363,24000
1994-05-03,16.250000,16.625000,16.250000,16.250000,4.804881,10200
1994-05-04,16.250000,16.625000,16.250000,16.500000,4.878800,7600
1994-05-05,16.500000,16.750000,16.500000,16.500000,4.878800,9000
1994-05-06,16.500000,16.500000,16.125000,16.500000,4.878800,5000
1994-05-09,16.000000,16.250000,15.625000,15.625000,4.681072,17000
1994-05-10,16.125000,16.125000,15.750000,15.750000,4.718523,5200
1994-05-11,15.781250,15.875000,15.250000,15.250000,4.568729,20200
1994-05-12,15.250000,15.500000,15.125000,15.375000,4.606176,6000
1994-05-13,15.125000,15.250000,14.875000,14.875000,4.456382,12600
1994-05-16,14.875000,15.250000,14.750000,14.750000,4.418933,6000
1994-05-17,14.750000,15.125000,14.750000,14.875000,4.456382,6600
1994-05-18,15.187500,15.250000,14.875000,15.250000,4.568729,26800
1994-05-19,14.875000,15.375000,14.875000,15.062500,4.512557,20800
1994-05-20,15.000000,15.375000,15.000000,15.000000,4.493832,8200
1994-05-23,15.375000,15.375000,14.875000,14.875000,4.456382,4200
1994-05-24,15.062500,15.250000,14.875000,15.250000,4.568729,9400
1994-05-25,15.000000,15.250000,14.875000,15.250000,4.568729,3800
1994-05-26,14.875000,15.500000,14.875000,15.500000,4.643624,24200
1994-05-27,15.000000,15.500000,15.000000,15.500000,4.643624,53200
1994-05-31,15.500000,16.125000,15.500000,16.125000,4.830870,29200
1994-06-01,15.750000,15.750000,15.625000,15.625000,4.681072,18200
1994-06-02,15.625000,15.875000,15.625000,15.875000,4.755970,7800
1994-06-03,15.625000,15.875000,15.625000,15.875000,4.755970,7600
1994-06-06,15.625000,16.250000,15.625000,16.125000,4.830870,62600
1994-06-07,16.000000,16.375000,16.000000,16.000000,4.793420,7400
1994-06-08,16.000000,16.250000,16.000000,16.250000,4.868316,6200
1994-06-09,16.000000,16.250000,16.000000,16.250000,4.868316,7200
1994-06-10,16.250000,16.375000,16.000000,16.000000,4.793420,22000
1994-06-13,16.500000,16.500000,16.000000,16.000000,4.793420,5400
1994-06-14,16.000000,16.875000,16.000000,16.500000,4.943214,51200
1994-06-15,16.500000,16.875000,16.500000,16.500000,4.943214,12200
1994-06-16,16.500000,16.750000,16.500000,16.750000,5.018114,33000
1994-06-17,16.750000,16.875000,16.500000,16.875000,5.055559,15600
1994-06-20,16.750000,16.750000,16.500000,16.687500,4.999386,60600
1994-06-21,16.500000,17.000000,16.500000,16.500000,4.943214,104600
1994-06-22,16.875000,16.875000,16.500000,16.687500,4.999386,8800
1994-06-23,16.625000,16.687500,16.312500,16.375000,4.905763,32000
1994-06-24,16.062500,16.062500,16.062500,16.062500,4.812142,1400
1994-06-27,16.250000,16.250000,15.750000,15.875000,4.755970,3400
1994-06-28,15.875000,16.375000,15.875000,15.875000,4.755970,3800
1994-06-29,15.875000,15.875000,15.875000,15.875000,4.755970,9000
1994-06-30,15.875000,16.000000,15.625000,15.875000,4.755970,16400
1994-07-01,15.875000,16.250000,15.625000,16.250000,4.868316,13400
1994-07-05,16.250000,16.250000,15.750000,15.937500,4.774696,10600
1994-07-06,15.875000,16.250000,15.875000,15.875000,4.755970,5600
1994-07-07,15.875000,16.125000,15.875000,16.000000,4.793420,28200
1994-07-08,15.875000,16.187500,15.875000,15.875000,4.755970,11000
1994-07-11,15.875000,16.250000,15.875000,15.875000,4.755970,6800
1994-07-12,15.875000,16.250000,15.875000,16.000000,4.793420,20200
1994-07-13,15.750000,16.125000,15.750000,15.875000,4.755970,3200
1994-07-14,15.750000,16.125000,15.625000,16.125000,4.830870,9200
1994-07-15,15.750000,15.750000,15.375000,15.750000,4.718523,24800
1994-07-18,15.718750,15.750000,15.000000,15.000000,4.493832,35800
1994-07-19,15.000000,15.500000,15.000000,15.250000,4.568729,2000
1994-07-20,15.000000,15.500000,15.000000,15.000000,4.493832,800
1994-07-21,15.000000,15.500000,15.000000,15.000000,4.493832,5600
1994-07-22,15.500000,15.500000,15.000000,15.500000,4.643624,7000
1994-07-25,15.000000,15.500000,15.000000,15.500000,4.643624,6800
1994-07-26,15.500000,15.500000,15.000000,15.250000,4.568729,6600
1994-07-27,15.250000,15.250000,14.875000,15.250000,4.568729,15800
1994-07-28,15.250000,15.250000,14.875000,15.000000,4.493832,8800
1994-07-29,15.250000,15.250000,15.000000,15.250000,4.568729,12000
1994-08-01,15.250000,15.375000,15.000000,15.375000,4.606176,8000
1994-08-02,15.125000,15.875000,15.125000,15.500000,4.643624,59600
1994-08-03,15.875000,15.875000,15.500000,15.875000,4.755970,9800
1994-08-04,15.500000,15.875000,15.500000,15.875000,4.755970,9000
1994-08-05,15.625000,15.875000,15.500000,15.875000,4.755970,600
1994-08-08,15.500000,15.875000,15.500000,15.500000,4.643624,1600
1994-08-09,15.750000,16.000000,15.625000,16.000000,4.860846,10200
1994-08-10,15.625000,16.000000,15.625000,16.000000,4.860846,4800
1994-08-11,15.625000,15.875000,15.500000,15.500000,4.708942,31800
1994-08-12,15.500000,15.875000,15.500000,15.687500,4.765905,5000
1994-08-15,15.625000,15.875000,15.375000,15.875000,4.822868,18200
1994-08-16,15.375000,15.875000,15.375000,15.875000,4.822868,3000
1994-08-17,15.375000,15.375000,15.375000,15.375000,4.670966,5200
1994-08-18,15.375000,15.875000,15.375000,15.656250,4.756412,3800
1994-08-19,15.500000,15.875000,15.500000,15.500000,4.708942,3600
1994-08-22,15.531250,15.750000,15.500000,15.500000,4.708942,12600
1994-08-23,15.875000,16.000000,15.500000,16.000000,4.860846,15800
1994-08-24,15.625000,15.812500,15.625000,15.625000,4.746917,5600
1994-08-25,16.000000,16.125000,15.625000,16.000000,4.860846,30600
1994-08-26,15.875000,15.875000,15.875000,15.875000,4.822868,5800
1994-08-29,16.375000,16.375000,16.000000,16.375000,4.974768,2400
1994-08-30,16.000000,16.375000,16.000000,16.375000,4.974768,5000
1994-08-31,16.000000,16.375000,16.000000,16.375000,4.974768,5800
1994-09-01,16.000000,16.375000,16.000000,16.312500,4.955784,12200
1994-09-02,16.000000,16.187500,16.000000,16.187500,4.917806,2600
1994-09-06,16.000000,16.375000,16.000000,16.000000,4.860846,2400
1994-09-07,16.000000,16.625000,16.000000,16.625000,5.050723,26600
1994-09-08,16.250000,16.250000,16.250000,16.250000,4.936795,6000
1994-09-09,16.625000,16.625000,16.250000,16.500000,5.012744,26400
1994-09-12,16.250000,16.500000,16.250000,16.250000,4.936795,4000
1994-09-13,16.250000,16.750000,16.250000,16.500000,5.012744,29200
1994-09-14,16.500000,16.875000,16.500000,16.500000,5.012744,15000
1994-09-15,16.875000,16.875000,16.500000,16.875000,5.126671,16600
1994-09-16,16.875000,16.875000,16.500000,16.875000,5.126671,57000
1994-09-19,16.500000,16.625000,16.375000,16.562500,5.031734,41000
1994-09-20,16.250000,16.625000,16.250000,16.312500,4.955784,13400
1994-09-21,16.250000,16.750000,16.250000,16.500000,5.012744,19600
1994-09-22,16.375000,16.750000,16.375000,16.750000,5.088699,13400
1994-09-23,16.375000,17.125000,16.375000,17.000000,5.164650,67600
1994-09-26,17.000000,17.125000,16.875000,16.875000,5.126671,30200
1994-09-27,16.875000,17.000000,16.875000,16.875000,5.126671,6000
1994-09-28,16.875000,17.375000,16.875000,17.000000,5.164650,24600
1994-09-29,16.875000,17.250000,16.875000,16.875000,5.126671,43200
1994-09-30,17.000000,17.250000,16.875000,17.000000,5.164650,47400
1994-10-03,17.375000,17.375000,17.000000,17.187500,5.221612,16000
1994-10-04,17.000000,17.125000,16.875000,17.125000,5.202622,32000
1994-10-05,16.875000,17.375000,16.875000,17.250000,5.240599,22600
1994-10-06,17.375000,17.375000,17.000000,17.187500,5.221612,6800
1994-10-07,17.000000,17.375000,16.875000,17.000000,5.164650,7600
1994-10-10,17.000000,17.062500,16.875000,16.875000,5.126671,600
1994-10-11,16.875000,17.250000,16.875000,16.875000,5.126671,43400
1994-10-12,17.250000,17.250000,16.875000,17.000000,5.164650,12000
1994-10-13,17.000000,17.250000,16.875000,17.000000,5.164650,19200
1994-10-14,16.875000,16.875000,16.875000,16.875000,5.126671,4000
1994-10-17,16.875000,17.125000,16.875000,17.000000,5.164650,47800
1994-10-18,16.750000,16.937500,16.750000,16.750000,5.088699,4800
1994-10-19,16.750000,17.250000,16.750000,17.250000,5.240599,16600
1994-10-20,16.875000,17.000000,16.875000,16.875000,5.126671,4200
1994-10-21,16.875000,17.250000,16.875000,16.875000,5.126671,6800
1994-10-24,16.875000,17.250000,16.750000,17.000000,5.164650,21800
1994-10-25,16.750000,17.000000,16.625000,16.625000,5.050723,2400
1994-10-26,16.640625,16.640625,16.125000,16.125000,4.898820,24400
1994-10-27,16.000000,16.375000,16.000000,16.375000,4.974768,8000
1994-10-28,16.125000,16.125000,16.125000,16.125000,4.898820,6400
1994-10-31,16.125000,16.500000,16.125000,16.312500,4.955784,5800
1994-11-01,16.125000,16.500000,16.125000,16.250000,4.936795,19800
1994-11-02,16.125000,16.125000,16.125000,16.125000,4.898820,2800
1994-11-03,16.125000,16.250000,16.125000,16.125000,4.898820,6000
1994-11-04,15.750000,16.000000,15.750000,15.750000,4.784894,5800
1994-11-07,16.000000,16.000000,15.750000,15.750000,4.784894,4200
1994-11-08,15.750000,15.750000,15.500000,15.500000,4.774112,10800
1994-11-09,15.500000,15.875000,15.500000,15.875000,4.889616,3000
1994-11-10,15.500000,15.875000,15.500000,15.875000,4.889616,10000
1994-11-11,15.625000,15.781250,15.625000,15.625000,4.812613,15200
1994-11-14,15.500000,15.937500,15.500000,15.500000,4.774112,7000
1994-11-15,15.500000,15.625000,15.125000,15.125000,4.658612,18800
1994-11-16,15.500000,15.500000,15.125000,15.500000,4.774112,10000
1994-11-17,15.500000,15.625000,15.250000,15.500000,4.774112,31400
1994-11-18,15.500000,15.750000,15.375000,15.500000,4.774112,52000
1994-11-21,15.375000,15.750000,15.375000,15.750000,4.851115,3200
1994-11-22,15.375000,15.375000,15.250000,15.375000,4.735611,15400
1994-11-23,14.875000,15.125000,14.875000,15.125000,4.658612,3800
1994-11-25,15.125000,15.500000,15.125000,15.375000,4.735611,15200
1994-11-28,15.625000,15.625000,15.375000,15.625000,4.812613,8800
1994-11-29,15.750000,16.000000,15.750000,15.750000,4.851115,2400
1994-11-30,16.125000,16.125000,15.750000,15.750000,4.851115,1800
1994-12-01,15.875000,16.125000,15.875000,16.125000,4.966619,9200
1994-12-02,16.000000,16.625000,16.000000,16.625000,5.120624,13000
1994-12-05,16.375000,17.000000,16.375000,16.812500,5.178372,27600
1994-12-06,16.750000,17.000000,16.750000,17.000000,5.236125,17200
1994-12-07,16.750000,16.937500,16.750000,16.812500,5.178372,63000
1994-12-08,16.750000,16.875000,16.750000,16.750000,5.159125,79600
1994-12-09,16.750000,16.875000,16.500000,16.500000,5.082121,49000
1994-12-12,16.500000,16.875000,16.250000,16.625000,5.120624,16800
1994-12-13,16.625000,16.625000,16.125000,16.125000,4.966619,19200
1994-12-14,16.250000,16.375000,16.125000,16.375000,5.043617,15400
1994-12-15,16.125000,16.500000,16.125000,16.500000,5.082121,15400
1994-12-16,16.250000,16.625000,16.250000,16.500000,5.082121,56200
1994-12-19,16.500000,16.625000,16.375000,16.375000,5.043617,25200
1994-12-20,16.281250,16.625000,16.156250,16.500000,5.082121,25800
1994-12-21,16.125000,16.500000,16.125000,16.156250,4.976243,11000
1994-12-22,16.125000,16.500000,16.125000,16.125000,4.966619,3800
1994-12-23,16.125000,16.500000,16.125000,16.125000,4.966619,2000
1994-12-27,16.125000,16.312500,16.125000,16.312500,5.024370,3000
1994-12-28,16.375000,16.625000,16.125000,16.250000,5.005118,91800
1994-12-29,16.250000,16.500000,16.250000,16.500000,5.082121,4800
1994-12-30,16.250000,16.500000,16.250000,16.250000,5.005118,14200
1995-01-03,16.250000,16.500000,16.250000,16.312500,5.024370,99800
1995-01-04,16.250000,16.281250,16.250000,16.281250,5.014745,2600
1995-01-05,16.250000,16.250000,15.875000,16.250000,5.005118,12200
1995-01-06,16.000000,16.250000,16.000000,16.250000,5.005118,93600
1995-01-09,16.250000,16.250000,16.250000,16.250000,5.005118,0
1995-01-10,16.125000,16.500000,16.125000,16.312500,5.024370,9600
1995-01-11,16.312500,16.500000,16.156250,16.250000,5.005118,34000
1995-01-12,16.125000,16.500000,16.125000,16.125000,4.966619,13400
1995-01-13,16.125000,16.375000,16.125000,16.375000,5.043617,5400
1995-01-16,16.375000,16.375000,16.125000,16.250000,5.005118,24600
1995-01-17,16.125000,16.375000,16.125000,16.375000,5.043617,6200
1995-01-18,16.125000,16.375000,16.125000,16.375000,5.043617,9000
1995-01-19,16.375000,16.375000,16.375000,16.375000,5.043617,600
1995-01-20,16.125000,16.375000,16.125000,16.375000,5.043617,5600
1995-01-23,16.375000,16.375000,16.125000,16.125000,4.966619,2200
1995-01-24,16.375000,16.375000,16.000000,16.312500,5.024370,5600
1995-01-25,16.000000,16.437500,16.000000,16.250000,5.005118,37800
1995-01-26,16.375000,16.625000,16.375000,16.375000,5.043617,7600
1995-01-27,16.625000,16.750000,16.375000,16.750000,5.159125,27800
1995-01-30,16.875000,16.875000,16.625000,16.875000,5.197623,1200
1995-01-31,16.875000,16.875000,16.625000,16.812500,5.178372,21600
1995-02-01,16.625000,17.125000,16.625000,17.000000,5.236125,62200
1995-02-02,17.125000,17.125000,16.750000,16.750000,5.159125,6800
1995-02-03,17.125000,17.250000,16.750000,17.250000,5.313127,31200
1995-02-06,16.875000,17.250000,16.875000,17.250000,5.313127,16800
1995-02-07,16.750000,17.125000,16.625000,16.625000,5.120624,15000
1995-02-08,16.875000,16.875000,16.625000,16.875000,5.197623,1600
1995-02-09,16.625000,16.750000,16.500000,16.500000,5.149251,20000
1995-02-10,16.500000,16.750000,16.375000,16.375000,5.110242,7400
1995-02-13,16.375000,16.625000,16.375000,16.500000,5.149251,16800
1995-02-14,16.625000,16.625000,16.375000,16.375000,5.110242,3000
1995-02-15,16.625000,16.750000,16.375000,16.750000,5.227270,15600
1995-02-16,16.500000,16.750000,16.500000,16.500000,5.149251,3800
1995-02-17,16.500000,16.500000,16.500000,16.500000,5.149251,2400
1995-02-21,16.500000,16.750000,16.500000,16.500000,5.149251,4000
1995-02-22,16.250000,16.625000,16.250000,16.625000,5.188262,5200
1995-02-23,16.250000,16.500000,16.250000,16.500000,5.149251,13800
1995-02-24,16.250000,16.500000,16.250000,16.265625,5.076109,8800
1995-02-27,16.250000,16.500000,16.125000,16.500000,5.149251,25800
1995-02-28,16.625000,16.625000,16.250000,16.625000,5.188262,22600
1995-03-01,16.625000,16.625000,16.250000,16.625000,5.188262,18200
1995-03-02,16.250000,16.625000,16.250000,16.625000,5.188262,18600
1995-03-03,16.625000,16.625000,16.375000,16.375000,5.110242,1800
1995-03-06,16.500000,16.500000,16.375000,16.500000,5.149251,15000
1995-03-07,16.375000,16.625000,16.375000,16.500000,5.149251,12200
1995-03-08,16.375000,16.875000,16.375000,16.750000,5.227270,33200
1995-03-09,16.625000,17.000000,16.625000,17.000000,5.305290,2400
1995-03-10,16.625000,17.000000,16.625000,16.625000,5.188262,2800
1995-03-13,17.000000,17.000000,16.625000,17.000000,5.305290,25200
1995-03-14,16.750000,17.250000,16.750000,16.875000,5.266278,37200
1995-03-15,17.250000,17.250000,16.875000,16.875000,5.266278,6600
1995-03-16,16.875000,17.500000,16.875000,17.375000,5.422317,42600
1995-03-17,17.250000,17.500000,17.250000,17.250000,5.383308,45200
1995-03-20,17.250000,17.500000,17.250000,17.500000,5.461325,10600
1995-03-21,17.250000,17.375000,17.250000,17.375000,5.422317,6400
1995-03-22,17.250000,17.250000,17.250000,17.250000,5.383308,3800
1995-03-23,17.125000,17.500000,17.125000,17.312500,5.402812,10200
1995-03-24,17.500000,17.500000,17.125000,17.500000,5.461325,6800
1995-03-27,17.125000,17.250000,17.000000,17.250000,5.383308,9800
1995-03-28,17.000000,17.250000,17.000000,17.062500,5.324796,4200
1995-03-29,17.250000,17.250000,16.875000,17.125000,5.344299,13800
1995-03-30,17.062500,17.062500,16.875000,16.875000,5.266278,4600
1995-03-31,16.875000,17.250000,16.875000,17.250000,5.383308,13200
1995-04-03,16.875000,17.500000,16.875000,17.500000,5.461325,37200
1995-04-04,17.250000,17.500000,17.250000,17.437500,5.441823,10200
1995-04-05,17.500000,17.500000,17.250000,17.250000,5.383308,12400
1995-04-06,17.250000,17.500000,17.250000,17.500000,5.461325,11200
1995-04-07,17.250000,17.500000,17.250000,17.500000,5.461325,4800
1995-04-10,17.250000,17.500000,17.250000,17.500000,5.461325,9400
1995-04-11,17.500000,17.500000,17.250000,17.250000,5.383308,8600
1995-04-12,17.250000,17.250000,17.062500,17.062500,5.324796,9000
1995-04-13,17.250000,17.250000,17.000000,17.250000,5.383308,11200
1995-04-17,17.000000,17.250000,17.000000,17.000000,5.305290,5600
1995-04-18,17.250000,17.250000,16.687500,16.687500,5.207766,11000
1995-04-19,17.000000,17.000000,16.250000,16.500000,5.149251,13600
1995-04-20,16.000000,16.375000,16.000000,16.000000,4.993213,11000
1995-04-21,16.250000,16.250000,15.937500,16.125000,5.032223,25000
1995-04-24,15.875000,16.125000,15.875000,16.062500,5.012719,3800
1995-04-25,16.125000,16.125000,15.687500,15.875000,4.954204,16600
1995-04-26,15.625000,16.750000,15.625000,16.375000,5.110242,41400
1995-04-27,16.375000,16.750000,16.375000,16.375000,5.110242,1800
1995-04-28,16.375000,16.750000,16.375000,16.500000,5.149251,2400
1995-05-01,16.750000,17.343750,16.750000,17.343750,5.412563,29800
1995-05-02,17.000000,17.375000,17.000000,17.000000,5.305290,20200
1995-05-03,17.000000,17.375000,17.000000,17.000000,5.305290,5000
1995-05-04,17.250000,17.250000,16.875000,16.875000,5.266278,3600
1995-05-05,16.875000,17.125000,16.875000,17.125000,5.344299,6200
1995-05-08,16.625000,16.750000,16.625000,16.750000,5.227270,1800
1995-05-09,16.625000,17.000000,16.625000,16.625000,5.257312,5200
1995-05-10,16.625000,16.875000,16.625000,16.750000,5.296841,6000
1995-05-11,16.625000,16.750000,16.000000,16.000000,5.059670,21800
1995-05-12,16.000000,16.000000,16.000000,16.000000,5.059670,6000
1995-05-15,16.000000,16.375000,16.000000,16.375000,5.178254,9000
1995-05-16,16.375000,16.375000,15.750000,15.750000,4.980611,38200
1995-05-17,15.750000,16.125000,15.750000,16.125000,5.099197,4200
1995-05-18,15.750000,16.125000,15.687500,15.875000,5.020142,13400
1995-05-19,15.750000,15.750000,15.375000,15.375000,4.862024,16400
1995-05-22,15.750000,16.000000,15.750000,15.750000,4.980611,27400
1995-05-23,16.000000,16.000000,15.625000,15.625000,4.941083,18400
1995-05-24,15.625000,15.875000,15.625000,15.750000,4.980611,4400
1995-05-25,15.625000,15.875000,15.625000,15.625000,4.941083,4000
1995-05-26,15.625000,15.875000,15.625000,15.625000,4.941083,17200
1995-05-30,15.625000,15.875000,15.625000,15.625000,4.941083,5600
1995-05-31,15.625000,15.875000,15.625000,15.625000,4.941083,41000
1995-06-01,15.875000,15.875000,15.625000,15.875000,5.020142,9800
1995-06-02,15.875000,15.875000,15.625000,15.750000,4.980611,12000
1995-06-05,15.750000,16.000000,15.750000,15.750000,4.980611,49000
1995-06-06,15.750000,16.125000,15.750000,15.875000,5.020142,40000
1995-06-07,15.875000,16.250000,15.875000,15.875000,5.020142,23200
1995-06-08,15.750000,16.125000,15.750000,15.875000,5.020142,33600
1995-06-09,16.125000,16.125000,15.750000,16.000000,5.059670,38200
1995-06-12,16.125000,16.500000,15.750000,16.125000,5.099197,37600
1995-06-13,16.500000,16.500000,16.125000,16.125000,5.099197,11000
1995-06-14,16.500000,16.500000,16.125000,16.500000,5.217782,4800
1995-06-15,16.250000,16.875000,16.125000,16.500000,5.217782,48000
1995-06-16,16.875000,16.875000,16.500000,16.500000,5.217782,38400
1995-06-19,16.500000,16.859375,16.500000,16.500000,5.217782,4600
1995-06-20,16.500000,16.875000,16.500000,16.625000,5.257312,14600
1995-06-21,16.500000,16.875000,16.500000,16.500000,5.217782,6800
1995-06-22,16.875000,16.875000,16.500000,16.875000,5.336370,19400
1995-06-23,16.500000,16.750000,16.125000,16.500000,5.217782,52400
1995-06-26,16.125000,16.500000,16.125000,16.437500,5.198019,44400
1995-06-27,16.375000,16.625000,16.250000,16.375000,5.178254,12600
1995-06-28,16.750000,16.750000,16.375000,16.375000,5.178254,1800
1995-06-29,16.375000,16.562500,16.375000,16.375000,5.178254,7600
1995-06-30,16.562500,16.875000,16.375000,16.875000,5.336370,20000
1995-07-03,16.687500,16.875000,16.500000,16.875000,5.336370,11000
1995-07-05,16.875000,16.875000,16.500000,16.625000,5.257312,19000
1995-07-06,16.875000,16.875000,16.500000,16.750000,5.296841,85000
1995-07-07,16.625000,16.875000,16.625000,16.875000,5.336370,324400
1995-07-10,16.625000,16.812500,16.625000,16.625000,5.257312,15200
1995-07-11,16.625000,17.000000,16.625000,16.750000,5.296841,14200
1995-07-12,16.750000,17.125000,16.625000,16.812500,5.316602,12400
1995-07-13,16.625000,17.125000,16.625000,17.000000,5.375898,23000
1995-07-14,16.875000,17.250000,16.875000,16.875000,5.336370,10400
1995-07-17,16.875000,17.250000,16.875000,17.000000,5.375898,12400
1995-07-18,16.875000,17.125000,16.250000,16.312500,5.158492,60200
1995-07-19,16.500000,16.500000,16.250000,16.375000,5.178254,40600
1995-07-20,16.500000,16.500000,16.250000,16.375000,5.178254,40000
1995-07-21,16.250000,16.250000,16.250000,16.250000,5.138726,22000
1995-07-24,16.500000,16.500000,16.250000,16.500000,5.217782,46200
1995-07-25,16.250000,16.500000,16.250000,16.375000,5.178254,104600
1995-07-26,16.375000,16.500000,16.250000,16.250000,5.138726,72600
1995-07-27,16.375000,16.375000,16.125000,16.375000,5.178254,77000
1995-07-28,16.125000,16.375000,16.125000,16.375000,5.178254,12800
1995-07-31,16.125000,16.375000,16.125000,16.375000,5.178254,5800
1995-08-01,16.125000,16.375000,16.125000,16.375000,5.178254,11200
1995-08-02,16.125000,16.500000,16.125000,16.125000,5.099197,2800
1995-08-03,16.125000,16.875000,16.125000,16.875000,5.336370,55200
1995-08-04,16.500000,16.875000,16.500000,16.500000,5.217782,11800
1995-08-07,17.125000,17.125000,16.875000,17.000000,5.375898,10000
1995-08-08,16.875000,17.125000,16.875000,16.875000,5.336370,1800
1995-08-09,16.875000,17.125000,16.875000,17.125000,5.415427,3800
1995-08-10,16.875000,16.875000,16.875000,16.875000,5.336370,1400
1995-08-11,16.875000,17.125000,16.750000,17.000000,5.446910,9200
1995-08-14,16.750000,17.000000,16.625000,16.625000,5.326756,15200
1995-08-15,16.625000,17.000000,16.625000,16.625000,5.326756,2000
1995-08-16,17.000000,17.000000,16.375000,16.375000,5.246655,16000
1995-08-17,16.500000,16.750000,16.500000,16.750000,5.366807,23200
1995-08-18,16.375000,16.625000,16.375000,16.625000,5.326756,8000
1995-08-21,16.625000,16.625000,16.437500,16.625000,5.326756,4400
1995-08-22,16.437500,16.625000,16.437500,16.437500,5.266679,3600
1995-08-23,16.437500,16.750000,16.437500,16.500000,5.286704,17400
1995-08-24,16.875000,17.000000,16.625000,16.750000,5.366807,28000
1995-08-25,16.750000,17.125000,16.750000,17.125000,5.486961,5000
1995-08-28,16.750000,17.125000,16.750000,16.750000,5.366807,2800
1995-08-29,16.750000,16.875000,16.750000,16.875000,5.406857,4000
1995-08-30,16.750000,16.875000,16.625000,16.625000,5.326756,26200
1995-08-31,16.875000,16.875000,16.625000,16.625000,5.326756,1800
1995-09-01,16.687500,16.875000,16.625000,16.625000,5.326756,13800
1995-09-05,16.625000,16.875000,16.625000,16.625000,5.326756,6600
1995-09-06,16.875000,16.875000,16.625000,16.875000,5.406857,14000
1995-09-07,16.625000,16.875000,16.625000,16.625000,5.326756,14400
1995-09-08,16.625000,17.000000,16.625000,16.625000,5.326756,6000
1995-09-11,17.000000,17.125000,16.812500,17.000000,5.446910,21600
1995-09-12,17.125000,17.250000,16.812500,17.062500,5.466935,17800
1995-09-13,17.000000,17.250000,17.000000,17.187500,5.506983,39400
1995-09-14,17.000000,17.250000,17.000000,17.187500,5.506983,16000
1995-09-15,17.250000,17.625000,17.000000,17.625000,5.647162,57000
1995-09-18,17.250000,17.625000,17.250000,17.375000,5.567064,28000
1995-09-19,17.250000,17.625000,17.250000,17.250000,5.527011,24800
1995-09-20,17.250000,17.437500,17.250000,17.250000,5.527011,24800
1995-09-21,17.125000,17.500000,17.125000,17.500000,5.607114,2600
1995-09-22,17.125000,17.250000,17.000000,17.000000,5.446910,9600
1995-09-25,16.875000,17.250000,16.875000,17.125000,5.486961,9800
1995-09-26,17.125000,17.250000,16.875000,16.937500,5.426883,10600
1995-09-27,16.875000,17.250000,16.875000,16.875000,5.406857,10200
1995-09-28,16.875000,17.250000,16.875000,16.875000,5.406857,9200
1995-09-29,17.250000,17.375000,17.125000,17.125000,5.486961,12200
1995-10-02,17.125000,17.500000,17.125000,17.375000,5.567064,16600
1995-10-03,17.250000,17.500000,17.250000,17.312500,5.547034,9400
1995-10-04,17.312500,17.500000,17.312500,17.500000,5.607114,8200
1995-10-05,17.312500,17.500000,17.312500,17.312500,5.547034,13000
1995-10-06,17.312500,17.500000,17.312500,17.312500,5.547034,15200
1995-10-09,17.312500,17.375000,17.125000,17.125000,5.486961,24000
1995-10-10,17.125000,17.375000,17.125000,17.125000,5.486961,20800
1995-10-11,17.250000,17.437500,17.250000,17.437500,5.587088,8400
1995-10-12,17.500000,17.500000,17.250000,17.312500,5.547034,34400
1995-10-13,17.250000,17.437500,17.250000,17.250000,5.527011,4000
1995-10-16,17.125000,17.437500,17.125000,17.125000,5.486961,5600
1995-10-17,17.437500,17.437500,17.125000,17.125000,5.486961,5400
1995-10-18,17.437500,17.437500,17.125000,17.437500,5.587088,3800
1995-10-19,17.437500,17.437500,17.125000,17.437500,5.587088,4000
1995-10-20,17.437500,17.500000,17.125000,17.250000,5.527011,8400
1995-10-23,17.562500,17.562500,17.250000,17.250000,5.527011,5000
1995-10-24,17.250000,17.562500,17.250000,17.500000,5.607114,8000
1995-10-25,17.500000,17.500000,17.250000,17.250000,5.527011,8000
1995-10-26,17.500000,17.500000,17.250000,17.375000,5.567064,6800
1995-10-27,17.250000,17.500000,17.125000,17.125000,5.486961,17600
1995-10-30,17.125000,17.375000,17.125000,17.125000,5.486961,4000
1995-10-31,17.375000,17.375000,17.125000,17.125000,5.486961,4400
1995-11-01,17.250000,17.375000,17.062500,17.375000,5.567064,43800
1995-11-02,17.125000,17.250000,17.125000,17.250000,5.527011,1400
1995-11-03,17.125000,17.500000,17.125000,17.500000,5.607114,70400
1995-11-06,17.250000,17.625000,17.250000,17.250000,5.527011,15600
1995-11-07,17.375000,17.750000,17.375000,17.375000,5.567064,25200
1995-11-08,17.375000,17.625000,17.375000,17.375000,5.567064,3400
1995-11-09,17.375000,17.750000,17.375000,17.375000,5.567064,9200
1995-11-10,17.375000,17.750000,17.375000,17.625000,5.647162,13000
1995-11-13,17.750000,17.750000,17.375000,17.390625,5.642497,12400
1995-11-14,17.375000,17.750000,17.375000,17.375000,5.637432,11200
1995-11-15,17.750000,17.750000,17.375000,17.500000,5.677988,4400
1995-11-16,17.375000,17.750000,17.375000,17.375000,5.637432,15800
1995-11-17,17.375000,17.750000,17.375000,17.437500,5.657710,8800
1995-11-20,17.375000,17.750000,17.375000,17.562500,5.698264,2400
1995-11-21,17.750000,17.750000,17.375000,17.625000,5.718544,21600
1995-11-22,17.437500,17.750000,17.437500,17.500000,5.677988,4800
1995-11-24,17.500000,17.875000,17.500000,17.750000,5.759104,2200
1995-11-27,17.500000,17.750000,17.500000,17.500000,5.677988,7400
1995-11-28,17.750000,17.750000,17.750000,17.750000,5.759104,1400
1995-11-29,17.750000,17.750000,17.500000,17.500000,5.677988,5000
1995-11-30,17.500000,17.625000,17.500000,17.500000,5.677988,18400
1995-12-01,17.500000,17.687500,17.500000,17.500000,5.677988,6600
1995-12-04,17.750000,17.750000,17.500000,17.500000,5.677988,12600
1995-12-05,17.750000,17.750000,17.500000,17.750000,5.759104,21800
1995-12-06,17.750000,18.187500,17.750000,17.937500,5.819937,53400
1995-12-07,18.000000,18.250000,18.000000,18.000000,5.840216,6600
1995-12-08,18.031250,18.250000,18.000000,18.187500,5.901050,17800
1995-12-11,18.000000,18.750000,18.000000,18.625000,6.043001,56800
1995-12-12,18.500000,18.750000,18.375000,18.625000,6.043001,68200
1995-12-13,18.500000,18.625000,18.500000,18.562500,6.022724,8200
1995-12-14,18.625000,18.625000,18.500000,18.500000,6.002445,23200
1995-12-15,18.875000,18.875000,18.500000,18.500000,6.002445,21600
1995-12-18,18.500000,18.687500,18.500000,18.500000,6.002445,63200
1995-12-19,18.500000,18.750000,18.000000,18.000000,5.840216,30400
1995-12-20,18.000000,18.250000,18.000000,18.000000,5.840216,5400
1995-12-21,18.000000,18.250000,18.000000,18.250000,5.921327,1200
1995-12-22,18.000000,18.125000,18.000000,18.125000,5.880773,11600
1995-12-26,18.000000,18.250000,18.000000,18.000000,5.840216,4000
1995-12-27,18.250000,18.250000,18.000000,18.000000,5.840216,17000
1995-12-28,18.000000,18.250000,18.000000,18.250000,5.921327,6400
1995-12-29,18.125000,18.125000,17.750000,17.875000,5.799659,5200
1996-01-02,18.000000,18.000000,17.750000,17.875000,5.799659,23400
1996-01-03,18.125000,18.125000,17.875000,18.125000,5.880773,7400
1996-01-04,18.125000,18.125000,17.875000,17.875000,5.799659,13800
1996-01-05,17.875000,18.125000,17.750000,18.000000,5.840216,14000
1996-01-08,17.750000,17.750000,17.750000,17.750000,5.759104,800
1996-01-09,18.000000,18.000000,17.750000,18.000000,5.840216,34600
1996-01-10,17.750000,18.125000,17.750000,18.000000,5.840216,15800
1996-01-11,18.125000,18.125000,17.750000,18.125000,5.880773,4400
1996-01-12,17.750000,18.125000,17.750000,17.875000,5.799659,24400
1996-01-15,17.750000,17.875000,17.750000,17.875000,5.799659,1200
1996-01-16,17.750000,18.125000,17.750000,17.937500,5.819937,9200
1996-01-17,18.125000,18.125000,17.750000,17.937500,5.819937,8000
1996-01-18,17.750000,18.125000,17.750000,17.750000,5.759104,5200
1996-01-19,17.750000,18.125000,17.750000,17.875000,5.799659,2400
1996-01-22,17.937500,17.937500,17.750000,17.750000,5.759104,14400
1996-01-23,17.750000,18.125000,17.750000,17.875000,5.799659,11200
1996-01-24,17.750000,18.000000,17.750000,17.875000,5.799659,17000
1996-01-25,18.125000,18.125000,17.750000,17.750000,5.759104,7000
1996-01-26,17.750000,18.125000,17.750000,17.875000,5.799659,6800
1996-01-29,18.125000,18.125000,17.750000,17.750000,5.759104,12600
1996-01-30,17.750000,18.125000,17.750000,17.750000,5.759104,6600
1996-01-31,18.125000,18.125000,17.750000,17.750000,5.759104,10200
1996-02-01,17.750000,18.125000,17.750000,18.062500,5.860494,17200
1996-02-02,17.750000,18.125000,17.750000,17.750000,5.759104,3000
1996-02-05,17.750000,18.125000,17.750000,18.125000,5.880773,5800
1996-02-06,17.750000,18.125000,17.750000,17.750000,5.759104,8400
1996-02-07,17.750000,18.125000,17.750000,17.750000,5.759104,4000
1996-02-08,17.750000,18.125000,17.750000,18.125000,5.880773,15200
1996-02-09,18.000000,18.000000,17.750000,17.750000,5.759104,12000
1996-02-12,17.625000,18.000000,17.625000,17.750000,5.759104,22000
1996-02-13,17.750000,18.000000,17.750000,17.750000,5.833042,12200
1996-02-14,17.750000,18.000000,17.750000,17.750000,5.833042,10200
1996-02-15,17.750000,17.937500,17.750000,17.750000,5.833042,31200
1996-02-16,17.750000,18.000000,17.750000,18.000000,5.915198,28200
1996-02-20,18.000000,18.000000,17.875000,17.875000,5.874122,16800
1996-02-21,17.875000,18.125000,17.875000,17.875000,5.874122,120200
1996-02-22,17.875000,18.375000,17.875000,18.125000,5.956275,27800
1996-02-23,18.375000,18.500000,18.000000,18.250000,5.997350,56600
1996-02-26,18.250000,18.500000,18.250000,18.375000,6.038429,47200
1996-02-27,18.375000,18.500000,18.375000,18.375000,6.038429,10600
1996-02-28,18.375000,18.750000,18.375000,18.750000,6.161663,35000
1996-02-29,18.625000,18.875000,18.500000,18.875000,6.202742,6000
1996-03-01,18.500000,18.875000,18.500000,18.500000,6.079507,48000
1996-03-04,18.500000,18.750000,18.500000,18.687500,6.141123,10400
1996-03-05,18.687500,18.812500,18.625000,18.750000,6.161663,38800
1996-03-06,18.750000,19.000000,18.750000,19.000000,6.243819,39600
1996-03-07,19.000000,19.125000,18.875000,19.125000,6.284896,17600
1996-03-08,18.875000,19.125000,18.625000,18.812500,6.182204,80600
1996-03-11,18.625000,19.000000,18.625000,18.875000,6.202742,34600
1996-03-12,18.750000,18.937500,18.750000,18.937500,6.223280,39600
1996-03-13,18.937500,18.937500,18.750000,18.937500,6.223280,51400
1996-03-14,18.750000,18.937500,18.750000,18.812500,6.182204,5200
1996-03-15,18.750000,18.937500,18.750000,18.812500,6.182204,20600
1996-03-18,18.812500,19.062500,18.812500,19.062500,6.264359,8600
1996-03-19,18.875000,19.125000,18.812500,18.812500,6.182204,3800
1996-03-20,18.812500,19.000000,18.750000,19.000000,6.243819,20400
1996-03-21,18.750000,19.250000,18.750000,19.000000,6.243819,36600
1996-03-22,19.000000,19.000000,19.000000,19.000000,6.243819,1200
1996-03-25,19.000000,19.250000,19.000000,19.000000,6.243819,6000
1996-03-26,19.062500,19.312500,19.000000,19.187500,6.305433,24400
1996-03-27,19.187500,19.312500,19.000000,19.000000,6.243819,8600
1996-03-28,19.125000,19.250000,19.000000,19.250000,6.325975,28200
1996-03-29,19.000000,19.250000,19.000000,19.125000,6.284896,14600
1996-04-01,19.125000,19.250000,19.125000,19.125000,6.284896,12200
1996-04-02,19.125000,19.250000,19.125000,19.250000,6.325975,50600
1996-04-03,19.125000,19.250000,19.125000,19.125000,6.284896,9200
1996-04-04,19.125000,19.187500,19.125000,19.125000,6.284896,7000
1996-04-08,19.125000,19.250000,19.125000,19.125000,6.284896,9400
1996-04-09,19.125000,19.250000,19.125000,19.125000,6.284896,13000
1996-04-10,19.125000,19.125000,19.000000,19.000000,6.243819,10800
1996-04-11,19.000000,19.312500,18.875000,18.875000,6.202742,36600
1996-04-12,18.875000,18.875000,18.875000,18.875000,6.202742,3400
1996-04-15,18.875000,19.000000,18.875000,19.000000,6.243819,2000
1996-04-16,18.875000,18.875000,18.625000,18.625000,6.120586,12000
1996-04-17,18.625000,18.875000,18.625000,18.750000,6.161663,7800
1996-04-18,18.500000,18.750000,18.500000,18.500000,6.079507,6800
1996-04-19,18.750000,18.750000,18.500000,18.500000,6.079507,6600
1996-04-22,18.500000,18.750000,18.500000,18.500000,6.079507,4400
1996-04-23,18.500000,18.750000,18.500000,18.500000,6.079507,9000
1996-04-24,18.500000,18.500000,18.500000,18.500000,6.079507,4400
1996-04-25,18.750000,18.750000,18.500000,18.500000,6.079507,1600
1996-04-26,18.500000,18.625000,18.250000,18.375000,6.038429,13600
1996-04-29,18.125000,18.437500,18.125000,18.125000,5.956275,7800
1996-04-30,18.125000,18.500000,18.125000,18.125000,5.956275,7600
1996-05-01,18.125000,18.500000,18.125000,18.500000,6.079507,18600
1996-05-02,18.125000,18.500000,18.062500,18.062500,5.935738,11200
1996-05-03,18.062500,18.375000,18.062500,18.187500,5.976813,6200
1996-05-06,18.062500,18.375000,18.000000,18.000000,5.915198,7000
1996-05-07,18.000000,18.250000,18.000000,18.000000,5.915198,3400
1996-05-08,18.000000,18.250000,18.000000,18.250000,5.997350,2800
1996-05-09,18.000000,18.250000,18.000000,18.250000,5.997350,29800
1996-05-10,18.250000,18.250000,18.000000,18.000000,5.915198,3400
1996-05-13,18.000000,18.250000,18.000000,18.000000,5.990073,3800
1996-05-14,18.250000,18.250000,18.000000,18.000000,5.990073,11200
1996-05-15,18.000000,18.000000,18.000000,18.000000,5.990073,5600
1996-05-16,18.000000,18.125000,18.000000,18.125000,6.031671,5400
1996-05-17,18.250000,18.250000,18.125000,18.250000,6.073267,11400
1996-05-20,18.000000,18.000000,17.875000,18.000000,5.990073,8400
1996-05-21,17.937500,17.937500,17.625000,17.687500,5.886078,17600
1996-05-22,17.625000,17.875000,17.375000,17.375000,5.782085,8800
1996-05-23,17.375000,17.625000,17.375000,17.375000,5.782085,3000
1996-05-24,17.375000,17.375000,17.125000,17.375000,5.782085,22400
1996-05-28,17.250000,17.250000,17.125000,17.125000,5.698888,8600
1996-05-29,17.125000,17.250000,16.625000,16.625000,5.532498,24200
1996-05-30,16.625000,16.875000,16.250000,16.250000,5.407703,38400
1996-05-31,16.250000,16.625000,16.250000,16.625000,5.532498,3400
1996-06-03,16.375000,16.500000,16.250000,16.250000,5.407703,20800
1996-06-04,16.250000,16.500000,16.000000,16.500000,5.490900,16000
1996-06-05,16.250000,16.500000,16.250000,16.500000,5.490900,49200
1996-06-06,16.875000,17.000000,16.750000,16.750000,5.574095,45600
1996-06-07,16.875000,17.000000,16.750000,17.000000,5.657291,16800
1996-06-10,17.000000,17.000000,16.750000,16.750000,5.574095,52000
1996-06-11,17.000000,17.000000,16.750000,16.875000,5.615694,8800
1996-06-12,16.750000,17.250000,16.750000,16.875000,5.615694,10800
1996-06-13,16.875000,17.250000,16.875000,17.250000,5.740483,3000
1996-06-14,17.250000,17.250000,16.875000,17.000000,5.657291,30000
1996-06-17,17.000000,17.250000,17.000000,17.000000,5.657291,26600
1996-06-18,17.000000,17.250000,17.000000,17.000000,5.657291,26400
1996-06-19,17.000000,17.250000,17.000000,17.000000,5.657291,2600
1996-06-20,17.000000,17.250000,17.000000,17.062500,5.678090,13800
1996-06-21,17.000000,17.250000,16.875000,16.875000,5.615694,40000
1996-06-24,16.875000,17.125000,16.750000,16.875000,5.615694,23800
1996-06-25,16.750000,17.000000,16.750000,16.750000,5.574095,15200
1996-06-26,17.000000,17.000000,16.750000,16.875000,5.615694,3200
1996-06-27,16.750000,17.000000,16.750000,16.750000,5.574095,9400
1996-06-28,17.000000,17.000000,16.187500,16.250000,5.407703,51400
1996-07-01,16.375000,16.625000,16.125000,16.125000,5.366108,134800
1996-07-02,16.125000,16.625000,16.125000,16.500000,5.490900,11800
1996-07-03,16.125000,16.625000,16.125000,16.375000,5.449303,16800
1996-07-05,16.250000,16.375000,16.250000,16.250000,5.407703,3200
1996-07-08,16.250000,16.625000,16.250000,16.625000,5.532498,4400
1996-07-09,16.375000,16.625000,16.250000,16.250000,5.407703,5400
1996-07-10,16.250000,16.625000,16.250000,16.250000,5.407703,1400
1996-07-11,16.250000,16.625000,16.250000,16.250000,5.407703,1600
1996-07-12,16.250000,16.625000,16.250000,16.250000,5.407703,3000
1996-07-15,16.625000,16.625000,16.250000,16.250000,5.407703,4400
1996-07-16,16.625000,16.625000,16.250000,16.625000,5.532498,8400
1996-07-17,16.625000,16.625000,16.250000,16.250000,5.407703,23400
1996-07-18,16.250000,16.625000,16.250000,16.625000,5.532498,13800
1996-07-19,16.250000,16.750000,16.250000,16.500000,5.490900,16800
1996-07-22,16.500000,16.875000,16.500000,16.875000,5.615694,10000
1996-07-23,16.875000,16.875000,16.500000,16.500000,5.490900,9200
1996-07-24,16.500000,16.500000,16.500000,16.500000,5.490900,600
1996-07-25,16.500000,16.875000,16.500000,16.875000,5.615694,8200
1996-07-26,16.500000,17.000000,16.500000,16.500000,5.490900,3000
1996-07-29,16.625000,17.000000,16.625000,16.625000,5.532498,6400
1996-07-30,17.000000,17.000000,16.625000,16.625000,5.532498,1000
1996-07-31,16.687500,17.000000,16.625000,16.625000,5.532498,11400
1996-08-01,16.875000,16.875000,16.625000,16.875000,5.615694,16800
1996-08-02,16.625000,17.000000,16.625000,17.000000,5.657291,4800
1996-08-05,16.625000,17.000000,16.625000,16.625000,5.532498,5200
1996-08-06,16.625000,17.000000,16.625000,16.625000,5.532498,9600
1996-08-07,16.625000,17.000000,16.625000,16.625000,5.532498,4000
1996-08-08,16.625000,16.812500,16.625000,16.625000,5.532498,11800
1996-08-09,16.625000,17.000000,16.625000,17.000000,5.657291,6400
1996-08-12,17.000000,17.000000,16.625000,17.000000,5.657291,7600
1996-08-13,16.625000,17.000000,16.625000,16.625000,5.606703,7200
1996-08-14,16.625000,17.000000,16.625000,17.000000,5.733172,18200
1996-08-15,17.000000,17.000000,16.625000,16.625000,5.606703,6400
1996-08-16,16.625000,17.000000,16.625000,17.000000,5.733172,9000
1996-08-19,16.625000,17.000000,16.000000,16.000000,5.395925,31200
1996-08-20,16.500000,16.500000,16.250000,16.250000,5.480237,6800
1996-08-21,16.250000,16.500000,16.250000,16.500000,5.564545,5000
1996-08-22,16.500000,16.500000,16.250000,16.375000,5.522393,7600
1996-08-23,16.375000,16.500000,16.000000,16.250000,5.480237,20200
1996-08-26,16.250000,16.250000,15.875000,16.250000,5.480237,10600
1996-08-27,15.875000,16.375000,15.875000,16.375000,5.522393,4400
1996-08-28,16.375000,16.375000,16.000000,16.375000,5.522393,4000
1996-08-29,16.125000,16.375000,16.125000,16.125000,5.438083,5400
1996-08-30,16.125000,16.375000,16.000000,16.000000,5.395925,8400
1996-09-03,16.000000,16.375000,16.000000,16.312500,5.501314,7400
1996-09-04,16.375000,16.375000,16.000000,16.375000,5.522393,13800
1996-09-05,16.000000,16.375000,16.000000,16.250000,5.480237,14200
1996-09-06,16.375000,16.375000,16.000000,16.250000,5.480237,23400
1996-09-09,16.000000,17.000000,16.000000,17.000000,5.733172,57200
1996-09-10,17.250000,17.250000,16.812500,17.125000,5.775325,49600
1996-09-11,17.187500,17.187500,16.750000,16.750000,5.648861,18800
1996-09-12,17.187500,17.187500,16.750000,17.062500,5.754248,30000
1996-09-13,16.875000,17.125000,16.875000,17.125000,5.775325,20000
1996-09-16,17.125000,17.125000,16.875000,17.000000,5.733172,20800
1996-09-17,17.125000,17.125000,16.875000,17.125000,5.775325,3800
1996-09-18,16.875000,17.187500,16.875000,17.187500,5.796404,16000
1996-09-19,16.875000,17.187500,16.875000,16.875000,5.691014,24000
1996-09-20,16.875000,17.250000,16.875000,17.000000,5.733172,38600
1996-09-23,17.125000,17.125000,16.750000,16.937500,5.712090,11000
1996-09-24,16.750000,17.125000,16.750000,16.750000,5.648861,13000
1996-09-25,16.750000,16.937500,16.750000,16.875000,5.691014,2400
1996-09-26,16.750000,17.125000,16.750000,16.750000,5.648861,5600
1996-09-27,16.750000,17.125000,16.750000,16.750000,5.648861,5600
1996-09-30,16.750000,17.125000,16.750000,16.750000,5.648861,2800
1996-10-01,16.750000,17.125000,16.750000,16.750000,5.648861,15400
1996-10-02,16.750000,17.125000,16.750000,16.750000,5.648861,8800
1996-10-03,17.125000,17.125000,16.750000,16.750000,5.648861,2400
1996-10-04,17.125000,17.125000,16.750000,16.750000,5.648861,7200
1996-10-07,16.750000,17.125000,16.750000,17.125000,5.775325,2200
1996-10-08,16.750000,17.125000,16.750000,16.750000,5.648861,5000
1996-10-09,16.750000,17.125000,16.750000,16.750000,5.648861,4800
1996-10-10,17.000000,17.000000,16.625000,16.750000,5.648861,21200
1996-10-11,16.625000,17.000000,16.625000,16.875000,5.691014,11000
1996-10-14,16.625000,16.875000,16.625000,16.625000,5.606703,5800
1996-10-15,16.875000,16.875000,16.625000,16.625000,5.606703,9600
1996-10-16,16.625000,16.875000,16.625000,16.875000,5.691014,4600
1996-10-17,16.625000,16.875000,16.625000,16.687500,5.627782,12800
1996-10-18,16.875000,16.875000,16.625000,16.625000,5.606703,3600
1996-10-21,16.625000,16.625000,16.625000,16.625000,5.606703,6000
1996-10-22,16.625000,16.875000,16.500000,16.500000,5.564545,9400
1996-10-23,16.375000,16.750000,16.375000,16.750000,5.648861,4600
1996-10-24,16.750000,16.750000,16.750000,16.750000,5.648861,4000
1996-10-25,16.750000,16.750000,16.375000,16.750000,5.648861,3200
1996-10-28,16.375000,16.750000,16.375000,16.375000,5.522393,6600
1996-10-29,16.375000,16.750000,16.375000,16.750000,5.648861,5000
1996-10-30,16.750000,16.750000,16.250000,16.500000,5.564545,18800
1996-10-31,16.250000,16.500000,16.125000,16.125000,5.438083,18600
1996-11-01,16.062500,16.375000,16.000000,16.375000,5.522393,30000
1996-11-04,16.000000,16.375000,16.000000,16.375000,5.522393,6600
1996-11-05,16.375000,16.375000,16.000000,16.250000,5.480237,10800
1996-11-06,16.250000,16.250000,16.000000,16.250000,5.480237,9200
1996-11-07,16.007813,16.250000,16.000000,16.250000,5.480237,10800
1996-11-08,16.250000,16.500000,16.000000,16.000000,5.395925,4400
1996-11-11,16.500000,16.500000,16.250000,16.250000,5.480237,14200
1996-11-12,16.750000,16.750000,16.250000,16.375000,5.522393,20400
1996-11-13,16.250000,16.750000,16.250000,16.750000,5.727558,13800
1996-11-14,16.250000,16.500000,16.250000,16.250000,5.556586,6800
1996-11-15,16.250000,16.375000,16.250000,16.375000,5.599331,4000
1996-11-18,16.250000,16.625000,16.250000,16.250000,5.556586,30200
1996-11-19,16.250000,16.375000,16.250000,16.312500,5.577959,24800
1996-11-20,16.500000,16.500000,16.250000,16.250000,5.556586,4200
1996-11-21,16.250000,16.500000,16.250000,16.250000,5.556586,3600
1996-11-22,16.250000,16.500000,16.250000,16.375000,5.599331,37200
1996-11-25,16.250000,16.500000,16.250000,16.500000,5.642072,6000
1996-11-26,16.250000,16.500000,16.250000,16.375000,5.599331,4200
1996-11-27,16.250000,16.375000,16.250000,16.250000,5.556586,5000
1996-11-29,16.250000,16.375000,16.250000,16.250000,5.556586,1200
1996-12-02,16.250000,16.500000,16.250000,16.250000,5.556586,6800
1996-12-03,16.250000,16.500000,16.250000,16.437500,5.620702,35400
1996-12-04,16.250000,16.500000,16.250000,16.250000,5.556586,7000
1996-12-05,16.500000,16.500000,16.250000,16.437500,5.620702,15800
1996-12-06,16.000000,16.500000,16.000000,16.250000,5.556586,64200
1996-12-09,16.250000,16.437500,16.125000,16.312500,5.577959,17200
1996-12-10,16.125000,16.625000,16.125000,16.625000,5.684816,60600
1996-12-11,16.500000,16.625000,16.375000,16.375000,5.599331,14800
1996-12-12,16.375000,16.500000,16.125000,16.500000,5.642072,12600
1996-12-13,16.125000,16.250000,16.125000,16.125000,5.513843,5000
1996-12-16,16.125000,16.500000,16.125000,16.125000,5.513843,8600
1996-12-17,16.000000,16.000000,16.000000,16.000000,5.471101,6600
1996-12-18,16.312500,16.312500,16.000000,16.125000,5.513843,3200
1996-12-19,16.125000,16.125000,16.000000,16.125000,5.513843,23800
1996-12-20,16.000000,16.125000,16.000000,16.125000,5.513843,6800
1996-12-23,16.000000,16.156250,16.000000,16.000000,5.471101,22400
1996-12-24,16.000000,16.062500,16.000000,16.000000,5.471101,5000
1996-12-26,16.000000,16.312500,16.000000,16.000000,5.471101,3600
1996-12-27,16.156250,16.312500,16.000000,16.156250,5.524529,13200
1996-12-30,16.062500,16.062500,16.062500,16.062500,5.492471,4000
1996-12-31,16.187500,16.312500,16.062500,16.062500,5.492471,4400
1997-01-02,16.062500,16.187500,16.000000,16.000000,5.471101,25200
1997-01-03,16.000000,16.312500,16.000000,16.000000,5.471101,6000
1997-01-06,16.000000,16.375000,16.000000,16.375000,5.599331,23400
1997-01-07,16.000000,16.187500,16.000000,16.000000,5.471101,7600
1997-01-08,16.000000,16.250000,16.000000,16.000000,5.471101,6200
1997-01-09,16.156250,16.375000,16.000000,16.375000,5.599331,6200
1997-01-10,16.125000,16.500000,16.125000,16.187500,5.535215,22600
1997-01-13,16.500000,16.500000,16.125000,16.437500,5.620702,11600
1997-01-14,16.125000,16.500000,16.125000,16.500000,5.642072,10200
1997-01-15,16.125000,16.437500,16.125000,16.187500,5.535215,34600
1997-01-16,16.437500,16.500000,16.187500,16.375000,5.599331,29000
1997-01-17,16.375000,16.687500,16.375000,16.375000,5.599331,27400
1997-01-20,16.375000,16.875000,16.375000,16.500000,5.642072,21800
1997-01-21,16.500000,16.875000,16.500000,16.562500,5.663441,22400
1997-01-22,16.875000,16.875000,16.562500,16.562500,5.663441,8600
1997-01-23,16.562500,16.875000,16.500000,16.500000,5.642072,38600
1997-01-24,16.500000,16.687500,16.500000,16.687500,5.706190,18000
1997-01-27,16.500000,16.875000,16.500000,16.875000,5.770300,7600
1997-01-28,16.500000,16.875000,16.500000,16.875000,5.770300,12800
1997-01-29,16.562500,16.875000,16.562500,16.625000,5.684816,21800
1997-01-30,16.562500,16.875000,16.562500,16.875000,5.770300,3800
1997-01-31,16.875000,16.875000,16.562500,16.687500,5.706190,1000
1997-02-03,16.875000,16.875000,16.500000,16.875000,5.770300,18800
1997-02-04,16.500000,16.875000,16.500000,16.500000,5.642072,17200
1997-02-05,16.875000,16.875000,16.500000,16.500000,5.642072,20600
1997-02-06,16.500000,16.750000,16.500000,16.750000,5.727558,9000
1997-02-07,16.500000,16.687500,16.500000,16.500000,5.642072,21600
1997-02-10,16.750000,16.750000,16.250000,16.250000,5.556586,29200
1997-02-11,16.500000,16.625000,16.250000,16.250000,5.556586,19200
1997-02-12,16.375000,16.625000,16.375000,16.375000,5.680604,17800
1997-02-13,16.375000,16.531250,16.000000,16.000000,5.550517,26400
1997-02-14,16.312500,16.375000,16.000000,16.000000,5.550517,12400
1997-02-18,16.000000,16.375000,16.000000,16.250000,5.637243,15000
1997-02-19,16.125000,16.250000,16.000000,16.000000,5.550517,26000
1997-02-20,15.875000,16.125000,15.750000,16.000000,5.550517,19000
1997-02-21,15.750000,16.125000,15.750000,15.750000,5.463788,17200
1997-02-24,15.750000,16.250000,15.750000,16.250000,5.637243,39600
1997-02-25,15.875000,16.375000,15.875000,16.187500,5.615561,17800
1997-02-26,15.875000,16.375000,15.875000,16.125000,5.593878,40000
1997-02-27,16.000000,16.250000,15.875000,15.937500,5.528832,13200
1997-02-28,16.250000,16.250000,16.000000,16.125000,5.593878,3200
1997-03-03,16.000000,16.375000,16.000000,16.125000,5.593878,18400
1997-03-04,16.375000,16.375000,16.125000,16.187500,5.615561,14400
1997-03-05,16.625000,16.625000,16.187500,16.437500,5.702288,23000
1997-03-06,16.562500,16.750000,16.375000,16.375000,5.680604,8800
1997-03-07,16.375000,16.750000,16.375000,16.750000,5.810695,43400
1997-03-10,16.875000,17.187500,16.625000,16.875000,5.854059,33800
1997-03-11,17.187500,17.250000,16.875000,16.875000,5.854059,93200
1997-03-12,16.937500,17.000000,16.750000,16.812500,5.832379,25200
1997-03-13,16.750000,17.250000,16.750000,16.875000,5.854059,25400
1997-03-14,16.875000,17.375000,16.875000,16.875000,5.854059,20000
1997-03-17,16.875000,16.875000,16.500000,16.500000,5.723969,7400
1997-03-18,16.500000,16.500000,16.250000,16.437500,5.702288,17800
1997-03-19,16.250000,17.000000,16.250000,16.500000,5.723969,30600
1997-03-20,16.500000,17.000000,16.375000,16.625000,5.767334,20400
1997-03-21,16.375000,16.750000,16.250000,16.625000,5.767334,10000
1997-03-24,16.250000,16.625000,16.250000,16.250000,5.637243,10800
1997-03-25,16.625000,16.750000,16.375000,16.500000,5.723969,17400
1997-03-26,16.562500,16.750000,16.375000,16.375000,5.680604,23800
1997-03-27,16.625000,16.625000,16.375000,16.562500,5.745650,19200
1997-03-31,16.375000,16.875000,16.375000,16.875000,5.854059,26400
1997-04-01,16.500000,16.875000,16.375000,16.625000,5.767334,19400
1997-04-02,16.375000,16.875000,16.375000,16.625000,5.767334,20200
1997-04-03,16.625000,16.875000,16.625000,16.750000,5.810695,7000
1997-04-04,16.500000,16.750000,16.500000,16.500000,5.723969,10400
1997-04-07,16.500000,16.507813,16.375000,16.500000,5.723969,12000
1997-04-08,16.718750,16.718750,16.375000,16.562500,5.745650,2200
1997-04-09,16.375000,16.625000,16.250000,16.625000,5.767334,30800
1997-04-10,16.125000,16.500000,16.125000,16.375000,5.680604,15000
1997-04-11,16.000000,16.000000,16.000000,16.000000,5.550517,1000
1997-04-14,16.000000,16.375000,16.000000,16.000000,5.550517,14400
1997-04-15,16.000000,16.375000,16.000000,16.125000,5.593878,11200
1997-04-16,16.125000,16.375000,16.125000,16.125000,5.593878,4200
1997-04-17,16.125000,16.375000,16.125000,16.375000,5.680604,6800
1997-04-18,16.125000,16.375000,16.125000,16.375000,5.680604,2800
1997-04-21,16.375000,16.375000,16.000000,16.000000,5.550517,7000
1997-04-22,16.000000,16.375000,15.875000,15.875000,5.507153,22400
1997-04-23,15.875000,16.125000,15.875000,16.125000,5.593878,12000
1997-04-24,15.875000,15.937500,15.875000,15.875000,5.507153,1600
1997-04-25,16.125000,16.125000,15.625000,15.625000,5.420425,14800
1997-04-28,16.000000,16.000000,15.625000,15.750000,5.463788,11000
1997-04-29,15.875000,15.875000,15.625000,15.625000,5.420425,15400
1997-04-30,15.875000,16.000000,15.500000,15.875000,5.507153,13000
1997-05-01,15.500000,15.875000,15.500000,15.625000,5.420425,17200
1997-05-02,15.625000,15.875000,15.625000,15.812500,5.485470,2600
1997-05-05,15.750000,16.375000,15.750000,16.000000,5.550517,6400
1997-05-06,16.000000,16.500000,16.000000,16.312500,5.658924,38200
1997-05-07,16.125000,16.500000,16.000000,16.375000,5.680604,6600
1997-05-08,16.000000,16.000000,16.000000,16.000000,5.550517,12800
1997-05-09,16.000000,16.000000,15.750000,15.875000,5.507153,13400
1997-05-12,15.875000,16.000000,15.875000,15.875000,5.507153,10400
1997-05-13,15.875000,16.000000,15.875000,16.000000,5.633017,12000
1997-05-14,15.875000,16.000000,15.875000,15.937500,5.611010,10200
1997-05-15,15.875000,16.000000,15.875000,16.000000,5.633017,14800
1997-05-16,15.875000,16.000000,15.750000,15.750000,5.544999,13200
1997-05-19,15.875000,16.000000,15.625000,16.000000,5.633017,13600
1997-05-20,15.750000,16.000000,15.750000,15.750000,5.544999,8800
1997-05-21,15.750000,16.000000,15.750000,15.937500,5.611010,3200
1997-05-22,15.750000,15.875000,15.500000,15.500000,5.456983,20600
1997-05-23,15.500000,15.625000,15.125000,15.625000,5.500991,36000
1997-05-27,15.625000,15.625000,15.250000,15.625000,5.500991,9200
1997-05-28,15.250000,15.625000,15.000000,15.125000,5.324960,33600
1997-05-29,15.375000,15.375000,15.125000,15.375000,5.412975,6200
1997-05-30,15.125000,15.375000,15.125000,15.375000,5.412975,15600
1997-06-02,15.375000,15.375000,15.125000,15.375000,5.412975,5400
1997-06-03,15.343750,15.500000,15.187500,15.500000,5.456983,13800
1997-06-04,15.187500,15.500000,15.187500,15.312500,5.390971,20000
1997-06-05,15.625000,15.937500,15.625000,15.875000,5.589007,34000
1997-06-06,15.875000,16.000000,15.625000,16.000000,5.633017,83600
1997-06-09,15.750000,16.000000,15.625000,16.000000,5.633017,21600
1997-06-10,16.000000,16.125000,15.750000,16.125000,5.677021,35200
1997-06-11,16.125000,16.125000,15.875000,16.125000,5.677021,19600
1997-06-12,16.125000,16.750000,16.125000,16.687500,5.875060,69000
1997-06-13,16.687500,16.750000,16.375000,16.500000,5.809046,49000
1997-06-16,16.500000,16.687500,16.500000,16.625000,5.853056,18800
1997-06-17,16.687500,16.687500,16.500000,16.500000,5.809046,24000
1997-06-18,16.500000,16.750000,16.500000,16.687500,5.875060,24800
1997-06-19,16.750000,16.812500,16.562500,16.750000,5.897062,15200
1997-06-20,16.812500,17.125000,16.562500,16.937500,5.963074,47600
1997-06-23,16.875000,17.125000,16.750000,17.125000,6.029090,8400
1997-06-24,16.750000,16.875000,16.750000,16.750000,5.897062,16200
1997-06-25,16.750000,17.000000,16.500000,16.500000,5.809046,9600
1997-06-26,16.500000,16.687500,16.500000,16.500000,5.809046,2200
1997-06-27,16.500000,16.750000,16.437500,16.500000,5.809046,40200
1997-06-30,16.500000,16.562500,16.250000,16.500000,5.809046,24000
1997-07-01,16.250000,16.375000,16.000000,16.000000,5.633017,11600
1997-07-02,16.250000,16.250000,16.000000,16.125000,5.677021,7600
1997-07-03,16.000000,16.125000,16.000000,16.062500,5.655018,2200
1997-07-07,16.000000,16.125000,16.000000,16.125000,5.677021,20200
1997-07-08,16.062500,16.125000,16.000000,16.125000,5.677021,10200
1997-07-09,16.000000,16.187500,16.000000,16.000000,5.633017,12000
1997-07-10,16.000000,16.375000,16.000000,16.375000,5.765038,18400
1997-07-11,16.125000,16.375000,16.125000,16.375000,5.765038,3400
1997-07-14,16.125000,16.625000,16.125000,16.625000,5.853056,21000
1997-07-15,16.250000,16.625000,16.125000,16.625000,5.853056,19200
1997-07-16,16.250000,16.625000,16.187500,16.437500,5.787044,17800
1997-07-17,16.250000,16.500000,16.250000,16.500000,5.809046,5600
1997-07-18,16.250000,16.625000,16.250000,16.250000,5.721031,14200
1997-07-21,16.250000,16.625000,16.250000,16.500000,5.809046,6200
1997-07-22,16.250000,16.625000,16.250000,16.437500,5.787044,14600
1997-07-23,16.250000,16.625000,16.250000,16.250000,5.721031,8200
1997-07-24,16.250000,16.625000,16.187500,16.187500,5.699028,36800
1997-07-25,16.000000,16.375000,15.937500,16.187500,5.699028,17200
1997-07-28,15.937500,16.156250,15.937500,15.937500,5.611010,4400
1997-07-29,15.937500,16.375000,15.937500,15.937500,5.611010,10000
1997-07-30,15.937500,16.375000,15.937500,16.187500,5.699028,46200
1997-07-31,15.937500,16.312500,15.937500,15.937500,5.611010,20800
1997-08-01,15.937500,16.375000,15.937500,15.937500,5.611010,3600
1997-08-04,15.937500,16.375000,15.937500,16.312500,5.743035,10200
1997-08-05,15.937500,16.375000,15.937500,16.375000,5.765038,26400
1997-08-06,16.375000,16.500000,16.125000,16.500000,5.809046,15200
1997-08-07,16.187500,16.500000,16.187500,16.500000,5.809046,10200
1997-08-08,16.500000,16.500000,16.125000,16.125000,5.677021,28600
1997-08-11,16.000000,16.375000,16.000000,16.125000,5.677021,12400
1997-08-12,16.125000,16.375000,16.125000,16.187500,5.699028,14000
1997-08-13,16.125000,16.437500,16.125000,16.312500,5.826724,9200
1997-08-14,16.312500,16.312500,15.937500,15.937500,5.692775,24400
1997-08-15,15.937500,16.187500,15.875000,16.000000,5.715101,15600
1997-08-18,15.875000,16.187500,15.875000,16.062500,5.737424,16600
1997-08-19,15.875000,16.187500,15.875000,16.000000,5.715101,12600
1997-08-20,16.000000,16.187500,16.000000,16.000000,5.715101,4600
1997-08-21,16.187500,16.312500,15.750000,16.062500,5.737424,65800
1997-08-22,15.750000,15.937500,15.750000,15.937500,5.692775,22800
1997-08-25,15.937500,16.125000,15.812500,15.875000,5.670452,38600
1997-08-26,15.875000,16.187500,15.875000,16.062500,5.737424,13800
1997-08-27,16.250000,16.375000,16.000000,16.187500,5.782076,23800
1997-08-28,16.187500,16.437500,16.187500,16.375000,5.849048,10600
1997-08-29,16.187500,16.500000,16.187500,16.250000,5.804400,91600
1997-09-02,16.250000,16.250000,16.250000,16.250000,5.804400,2800
1997-09-03,16.250000,16.500000,16.250000,16.250000,5.804400,4800
1997-09-04,16.250000,16.687500,16.250000,16.312500,5.826724,29400
1997-09-05,16.375000,16.687500,16.125000,16.312500,5.826724,84800
1997-09-08,16.375000,16.375000,16.250000,16.375000,5.849048,6800
1997-09-09,16.375000,16.687500,16.375000,16.500000,5.893696,23200
1997-09-10,16.687500,16.687500,16.500000,16.687500,5.960671,15200
1997-09-11,16.687500,16.687500,16.500000,16.687500,5.960671,35800
1997-09-12,16.500000,16.687500,16.500000,16.687500,5.960671,35400
1997-09-15,16.687500,16.750000,16.562500,16.750000,5.982996,18800
1997-09-16,16.562500,16.812500,16.562500,16.562500,5.916022,20200
1997-09-17,16.812500,16.812500,16.562500,16.781250,5.994159,41400
1997-09-18,16.687500,16.875000,16.687500,16.812500,6.005324,38000
1997-09-19,16.875000,16.875000,16.750000,16.781250,5.994159,38600
1997-09-22,16.750000,17.062500,16.750000,17.000000,6.072297,29200
1997-09-23,16.875000,17.250000,16.875000,17.250000,6.161593,80200
1997-09-24,16.875000,17.062500,16.875000,16.875000,6.027646,5800
1997-09-25,16.875000,17.000000,16.875000,16.937500,6.049969,25000
1997-09-26,17.000000,17.187500,16.937500,16.937500,6.049969,16600
1997-09-29,16.937500,17.125000,16.937500,17.000000,6.072297,25200
1997-09-30,16.937500,17.000000,16.937500,16.937500,6.049969,27000
1997-10-01,16.937500,17.062500,16.937500,16.937500,6.049969,8000
1997-10-02,16.937500,17.000000,16.750000,16.937500,6.049969,17600
1997-10-03,16.875000,17.000000,16.812500,17.000000,6.072297,9800
1997-10-06,17.000000,17.000000,16.812500,16.812500,6.005324,12800
1997-10-07,16.812500,17.000000,16.812500,16.875000,6.027646,21400
1997-10-08,16.812500,16.937500,16.812500,16.812500,6.005324,2600
1997-10-09,16.812500,16.875000,16.562500,16.593750,5.927183,75800
1997-10-10,16.750000,16.812500,16.562500,16.750000,5.982996,16400
1997-10-13,16.593750,16.750000,16.593750,16.593750,5.927183,3600
1997-10-14,16.500000,16.500000,16.437500,16.437500,5.871373,8400
1997-10-15,16.437500,16.625000,16.437500,16.500000,5.893696,9800
1997-10-16,16.437500,16.625000,16.437500,16.437500,5.871373,15800
1997-10-17,16.437500,16.500000,16.062500,16.250000,5.804400,21000
1997-10-20,16.062500,16.562500,16.062500,16.312500,5.826724,34400
1997-10-21,16.312500,16.562500,16.312500,16.437500,5.871373,16000
1997-10-22,16.312500,16.687500,16.312500,16.437500,5.871373,19400
1997-10-23,16.312500,16.500000,16.312500,16.312500,5.826724,5200
1997-10-24,16.500000,16.625000,16.312500,16.375000,5.849048,23600
1997-10-27,16.625000,16.625000,16.250000,16.250000,5.804400,14800
1997-10-28,16.250000,16.500000,16.250000,16.500000,5.893696,23200
1997-10-29,16.375000,16.625000,16.375000,16.562500,5.916022,8200
1997-10-30,16.562500,16.562500,16.312500,16.437500,5.871373,5800
1997-10-31,16.375000,16.500000,16.375000,16.375000,5.849048,14400
1997-11-03,16.500000,16.687500,16.375000,16.687500,5.960671,18000
1997-11-04,16.500000,17.000000,16.500000,16.750000,5.982996,15200
1997-11-05,16.937500,17.000000,16.750000,17.000000,6.072297,66000
1997-11-06,16.750000,17.187500,16.750000,17.187500,6.139270,48600
1997-11-07,16.875000,17.187500,16.875000,16.937500,6.049969,8600
1997-11-10,17.250000,17.250000,16.937500,17.062500,6.094621,13200
1997-11-11,16.937500,17.375000,16.937500,17.062500,6.094621,124200
1997-11-12,17.000000,17.437500,17.000000,17.000000,6.072297,72000
1997-11-13,17.000000,17.125000,17.000000,17.062500,6.094621,17000
1997-11-14,17.125000,17.125000,16.875000,17.125000,6.201448,27800
1997-11-17,16.875000,17.125000,16.875000,16.875000,6.110915,58600
1997-11-18,16.875000,17.125000,16.875000,17.125000,6.201448,19000
1997-11-19,16.875000,17.125000,16.875000,17.000000,6.156182,24600
1997-11-20,17.250000,17.250000,17.125000,17.187500,6.224080,3000
1997-11-21,17.218750,17.375000,17.062500,17.375000,6.291981,20600
1997-11-24,17.062500,17.343750,17.062500,17.343750,6.280662,15800
1997-11-25,17.062500,17.375000,17.062500,17.375000,6.291981,5000
1997-11-26,17.062500,17.375000,17.062500,17.375000,6.291981,3400
1997-11-28,17.375000,17.375000,17.125000,17.375000,6.291981,5200
1997-12-01,17.125000,17.500000,17.125000,17.500000,6.337250,22400
1997-12-02,17.500000,17.625000,17.125000,17.562500,6.359877,37400
1997-12-03,17.500000,17.625000,17.375000,17.531250,6.348561,16200
1997-12-04,17.625000,17.625000,17.437500,17.500000,6.337250,53800
1997-12-05,17.562500,17.562500,17.375000,17.500000,6.337250,69600
1997-12-08,17.562500,17.812500,17.437500,17.656250,6.393830,43600
1997-12-09,17.625000,17.875000,17.625000,17.750000,6.427777,23800
1997-12-10,17.687500,17.875000,17.375000,17.375000,6.291981,94600
1997-12-11,17.625000,17.625000,17.250000,17.250000,6.246714,18000
1997-12-12,17.125000,17.500000,16.875000,17.062500,6.178814,60400
1997-12-15,17.250000,17.375000,17.062500,17.250000,6.246714,19000
1997-12-16,17.187500,17.750000,17.187500,17.500000,6.337250,22200
1997-12-17,17.437500,18.156250,17.437500,18.125000,6.563575,28000
1997-12-18,18.000000,18.250000,18.000000,18.250000,6.608840,58800
1997-12-19,18.000000,18.375000,18.000000,18.000000,6.518307,165200
1997-12-22,17.875000,18.250000,17.875000,18.187500,6.586211,66000
1997-12-23,17.937500,18.375000,17.937500,18.250000,6.608840,20800
1997-12-24,18.062500,18.250000,18.062500,18.250000,6.608840,29200
1997-12-26,18.156250,18.156250,18.125000,18.125000,6.563575,3400
1997-12-29,18.250000,18.375000,18.000000,18.250000,6.608840,65000
1997-12-30,18.187500,19.000000,18.187500,18.937500,6.857804,52000
1997-12-31,18.875000,19.187500,18.812500,18.937500,6.857804,13600
1998-01-02,18.687500,19.125000,18.000000,18.500000,6.699374,56800
1998-01-05,18.000000,18.625000,18.000000,18.531250,6.710689,68600
1998-01-06,18.500000,18.750000,18.437500,18.437500,6.676744,7400
1998-01-07,18.375000,19.000000,18.375000,19.000000,6.880439,58200
1998-01-08,18.750000,19.125000,18.750000,18.937500,6.857804,21000
1998-01-09,18.875000,19.125000,18.875000,19.000000,6.880439,37200
1998-01-12,19.125000,19.125000,18.812500,18.937500,6.857804,36200
1998-01-13,18.937500,19.062500,18.937500,19.000000,6.880439,9000
1998-01-14,19.000000,19.125000,18.937500,19.125000,6.925704,21000
1998-01-15,19.375000,19.375000,19.031250,19.187500,6.948334,17000
1998-01-16,19.250000,19.250000,19.000000,19.125000,6.925704,81000
1998-01-20,19.000000,19.187500,18.812500,19.156250,6.937021,17400
1998-01-21,19.000000,19.187500,19.000000,19.125000,6.925704,11200
1998-01-22,19.000000,19.062500,18.937500,18.937500,6.857804,27600
1998-01-23,19.125000,19.125000,18.937500,19.000000,6.880439,99000
1998-01-26,18.937500,19.000000,18.937500,18.937500,6.857804,29600
1998-01-27,18.937500,19.000000,18.812500,18.875000,6.835174,145400
1998-01-28,18.937500,19.015625,18.875000,18.953125,6.863463,20200
1998-01-29,19.000000,19.000000,18.812500,18.812500,6.812542,19800
1998-01-30,18.812500,19.000000,18.812500,18.812500,6.812542,13600
1998-02-02,18.812500,18.937500,18.812500,18.937500,6.857804,7800
1998-02-03,18.812500,18.937500,18.812500,18.812500,6.812542,13600
1998-02-04,18.812500,19.000000,18.812500,18.875000,6.835174,17400
1998-02-05,18.812500,19.062500,18.812500,18.812500,6.812542,11400
1998-02-06,18.812500,19.000000,18.812500,19.000000,6.880439,23000
1998-02-09,18.812500,19.062500,18.812500,19.062500,6.903071,6400
1998-02-10,19.000000,19.062500,18.812500,18.812500,6.812542,4600
1998-02-11,18.812500,18.812500,18.812500,18.812500,6.900574,2000
1998-02-12,19.000000,19.000000,18.812500,18.812500,6.900574,4200
1998-02-13,18.812500,18.906250,18.812500,18.875000,6.923499,29600
1998-02-17,18.812500,18.937500,18.812500,18.875000,6.923499,39400
1998-02-18,18.812500,19.000000,18.812500,18.812500,6.900574,12000
1998-02-19,18.812500,19.000000,18.812500,18.812500,6.900574,11200
1998-02-20,18.812500,18.875000,18.812500,18.875000,6.923499,23800
1998-02-23,18.875000,18.937500,18.812500,18.937500,6.946424,23200
1998-02-24,18.812500,19.000000,18.812500,18.875000,6.923499,20200
1998-02-25,18.875000,18.875000,18.875000,18.875000,6.923499,4200
1998-02-26,18.875000,18.968750,18.875000,18.875000,6.923499,25000
1998-02-27,18.875000,19.000000,18.875000,18.937500,6.946424,9400
1998-03-02,18.875000,19.000000,18.875000,18.875000,6.923499,250400
1998-03-03,18.875000,19.000000,18.875000,18.937500,6.946424,5200
1998-03-04,18.937500,18.937500,18.625000,18.781250,6.889110,39400
1998-03-05,18.687500,18.750000,18.375000,18.750000,6.877648,87800
1998-03-06,18.562500,18.703125,18.500000,18.500000,6.785947,7000
1998-03-09,18.500000,18.687500,18.500000,18.687500,6.854720,8200
1998-03-10,18.750000,18.843750,18.562500,18.750000,6.877648,16600
1998-03-11,19.000000,19.000000,18.750000,19.000000,6.969351,25800
1998-03-12,18.875000,19.000000,18.781250,18.937500,6.946424,13400
1998-03-13,18.812500,19.125000,18.812500,19.062500,6.992276,64600
1998-03-16,19.125000,19.125000,18.875000,19.062500,6.992276,17600
1998-03-17,18.937500,19.000000,18.812500,18.937500,6.946424,5400
1998-03-18,18.812500,19.125000,18.812500,19.000000,6.969351,36800
1998-03-19,18.812500,19.000000,18.812500,18.843750,6.912039,18400
1998-03-20,18.812500,19.000000,18.625000,18.875000,6.923499,105400
1998-03-23,18.625000,18.875000,18.625000,18.687500,6.854720,15600
1998-03-24,18.625000,18.812500,18.625000,18.812500,6.900574,22200
1998-03-25,18.750000,18.875000,18.750000,18.875000,6.923499,9400
1998-03-26,18.875000,18.875000,18.875000,18.875000,6.923499,1000
1998-03-27,18.875000,18.875000,18.750000,18.750000,6.877648,29800
1998-03-30,18.812500,18.875000,18.812500,18.875000,6.923499,2400
1998-03-31,18.687500,18.875000,18.687500,18.812500,6.900574,68400
1998-04-01,18.750000,18.875000,18.687500,18.687500,6.854720,79400
1998-04-02,18.812500,18.812500,18.625000,18.687500,6.854720,74000
1998-04-03,18.812500,18.812500,18.625000,18.750000,6.877648,39800
1998-04-06,18.625000,18.875000,18.625000,18.625000,6.831795,18400
1998-04-07,18.625000,18.750000,18.625000,18.625000,6.831795,12200
1998-04-08,18.750000,18.750000,18.328125,18.328125,6.722901,7800
1998-04-09,18.625000,18.625000,17.750000,17.937500,6.579616,18600
1998-04-13,17.937500,18.375000,17.187500,17.312500,6.350361,48600
1998-04-14,17.875000,17.875000,17.375000,17.750000,6.510840,13400
1998-04-15,17.500000,17.625000,17.375000,17.500000,6.419137,18400
1998-04-16,17.500000,17.875000,17.500000,17.750000,6.510840,12600
1998-04-17,17.500000,17.875000,17.500000,17.562500,6.442063,27800
1998-04-20,17.562500,18.000000,16.968750,17.750000,6.510840,94800
1998-04-21,17.750000,18.062500,17.750000,17.875000,6.556688,34400
1998-04-22,17.750000,18.062500,17.750000,17.875000,6.556688,11400
1998-04-23,17.875000,18.375000,17.875000,18.281250,6.705708,22000
1998-04-24,18.187500,18.375000,18.000000,18.250000,6.694241,20000
1998-04-27,18.375000,18.375000,18.000000,18.187500,6.671317,34600
1998-04-28,18.250000,18.375000,18.062500,18.250000,6.694241,19600
1998-04-29,18.250000,18.312500,18.250000,18.250000,6.694241,7000
1998-04-30,18.375000,18.375000,18.250000,18.312500,6.717169,36800
1998-05-01,18.375000,18.375000,18.125000,18.312500,6.717169,16800
1998-05-04,18.312500,18.468750,18.250000,18.312500,6.717169,17000
1998-05-05,18.281250,18.343750,18.250000,18.312500,6.717169,15600
1998-05-06,18.250000,18.375000,18.125000,18.187500,6.671317,24400
1998-05-07,18.187500,18.250000,18.187500,18.250000,6.694241,10000
1998-05-08,18.500000,18.500000,18.250000,18.250000,6.694241,22200
1998-05-11,18.500000,18.500000,18.000000,18.000000,6.602542,54400
1998-05-12,18.000000,18.125000,17.625000,17.875000,6.556688,50600
1998-05-13,17.875000,17.875000,17.375000,17.375000,6.460022,22000
1998-05-14,17.500000,17.500000,16.687500,17.062500,6.343836,37800
1998-05-15,16.562500,17.000000,16.375000,16.468750,6.123078,14200
1998-05-18,16.625000,16.750000,16.406250,16.562500,6.157936,650000
1998-05-19,16.500000,16.750000,16.375000,16.625000,6.181172,73200
1998-05-20,16.312500,16.625000,16.312500,16.437500,6.111459,199200
1998-05-21,16.625000,16.625000,16.000000,16.000000,5.948798,19000
1998-05-22,16.000000,16.375000,15.062500,15.750000,5.855849,32600
1998-05-26,16.000000,16.125000,15.625000,15.625000,5.809375,112400
1998-05-27,16.000000,16.000000,15.500000,16.000000,5.948798,30600
1998-05-28,15.875000,16.062500,15.875000,15.937500,5.925560,81800
1998-05-29,15.875000,16.062500,15.875000,16.000000,5.948798,77200
1998-06-01,16.000000,16.000000,15.625000,15.875000,5.902324,228400
1998-06-02,15.937500,16.312500,15.812500,16.312500,6.064987,628000
1998-06-03,16.375000,16.500000,16.187500,16.187500,6.018511,25000
1998-06-04,16.437500,16.500000,16.187500,16.437500,6.111459,31600
1998-06-05,16.500000,16.500000,16.250000,16.500000,6.134695,27800
1998-06-08,16.750000,17.187500,16.750000,17.000000,6.320600,84600
1998-06-09,17.062500,17.500000,17.000000,17.250000,6.413548,116400
1998-06-10,17.125000,17.500000,17.125000,17.312500,6.436788,67200
1998-06-11,17.437500,17.500000,17.375000,17.500000,6.506498,58800
1998-06-12,17.750000,18.000000,17.406250,17.875000,6.645923,33000
1998-06-15,17.687500,17.875000,17.250000,17.312500,6.436788,39400
1998-06-16,17.625000,17.625000,17.500000,17.625000,6.552970,12200
1998-06-17,17.375000,17.875000,17.375000,17.875000,6.645923,22400
1998-06-18,17.875000,17.937500,17.625000,17.625000,6.552970,8800
1998-06-19,17.937500,17.937500,17.687500,17.750000,6.599447,33200
1998-06-22,17.937500,17.937500,17.812500,17.937500,6.669162,48200
1998-06-23,17.937500,18.000000,17.875000,17.875000,6.645923,61200
1998-06-24,18.000000,18.500000,17.937500,18.500000,6.878298,90400
1998-06-25,18.750000,18.750000,18.125000,18.312500,6.808585,107200
1998-06-26,18.468750,18.687500,18.250000,18.500000,6.878298,67600
1998-06-29,18.375000,18.500000,18.375000,18.375000,6.831824,54000
1998-06-30,18.625000,18.625000,18.125000,18.531250,6.889914,60400
1998-07-01,18.687500,18.687500,18.375000,18.437500,6.855061,55400
1998-07-02,18.375000,18.500000,18.250000,18.500000,6.878298,241600
1998-07-06,18.625000,18.625000,18.375000,18.437500,6.855061,62000
1998-07-07,18.375000,18.500000,18.375000,18.500000,6.878298,36600
1998-07-08,18.375000,18.500000,18.375000,18.375000,6.831824,23800
1998-07-09,18.375000,18.500000,18.375000,18.500000,6.878298,43200
1998-07-10,18.437500,18.500000,18.375000,18.375000,6.831824,18200
1998-07-13,18.375000,18.500000,18.375000,18.500000,6.878298,27800
1998-07-14,18.500000,18.500000,18.375000,18.375000,6.831824,4200
1998-07-15,18.375000,18.500000,18.375000,18.500000,6.878298,28000
1998-07-16,18.500000,18.500000,18.125000,18.500000,6.878298,12400
1998-07-17,18.562500,18.562500,18.250000,18.375000,6.831824,14000
1998-07-20,18.250000,18.437500,18.187500,18.437500,6.855061,21600
1998-07-21,18.375000,18.437500,18.250000,18.437500,6.855061,33400
1998-07-22,18.312500,18.390625,18.187500,18.187500,6.762112,42600
1998-07-23,18.437500,18.437500,18.250000,18.250000,6.785347,14600
1998-07-24,18.250000,18.312500,18.187500,18.187500,6.762112,16200
1998-07-27,18.187500,18.250000,18.000000,18.187500,6.762112,18200
1998-07-28,17.875000,18.093750,17.875000,18.062500,6.715635,9400
1998-07-29,18.250000,18.375000,17.875000,18.218750,6.773731,14200
1998-07-30,18.125000,18.375000,18.125000,18.375000,6.831824,6600
1998-07-31,18.375000,18.375000,18.000000,18.000000,6.692396,24400
1998-08-03,18.000000,18.125000,17.875000,18.062500,6.715635,50400
1998-08-04,17.875000,18.125000,17.625000,17.750000,6.599447,42200
1998-08-05,17.750000,18.000000,17.625000,17.937500,6.669162,31000
1998-08-06,17.937500,18.000000,17.656250,17.984375,6.686589,5200
1998-08-07,17.812500,18.000000,17.625000,17.750000,6.599447,10800
1998-08-10,17.625000,18.125000,17.625000,18.125000,6.738873,7800
1998-08-11,17.750000,18.000000,17.625000,18.000000,6.692396,21400
1998-08-12,18.000000,18.125000,17.750000,17.750000,6.688630,9600
1998-08-13,17.750000,18.187500,17.750000,18.125000,6.829938,31000
1998-08-14,17.906250,18.250000,17.906250,18.187500,6.853488,38600
1998-08-17,18.000000,18.250000,18.000000,18.250000,6.877042,51800
1998-08-18,18.000000,18.250000,18.000000,18.234375,6.871152,14400
1998-08-19,18.000000,18.000000,18.000000,18.000000,6.782835,1800
1998-08-20,18.250000,18.500000,17.875000,18.500000,6.971250,36800
1998-08-21,18.500000,18.500000,18.125000,18.500000,6.971250,57000
1998-08-24,18.125000,18.500000,18.125000,18.437500,6.947696,8600
1998-08-25,18.125000,18.500000,18.125000,18.500000,6.971250,52800
1998-08-26,18.500000,18.687500,18.250000,18.437500,6.947696,25800
1998-08-27,18.375000,18.437500,17.875000,17.875000,6.735729,31800
1998-08-28,17.750000,18.187500,17.750000,17.781250,6.700406,3800
1998-08-31,17.750000,18.000000,17.500000,17.562500,6.617974,23400
1998-09-01,17.562500,18.000000,17.562500,17.937500,6.759284,5400
1998-09-02,17.500000,18.000000,17.500000,17.500000,6.594423,11000
1998-09-03,17.875000,17.875000,17.500000,17.750000,6.688630,4400
1998-09-04,18.000000,18.000000,17.875000,17.937500,6.759284,16200
1998-09-08,18.125000,18.187500,17.656250,17.750000,6.688630,11600
1998-09-09,17.937500,18.125000,17.625000,17.875000,6.735729,28600
1998-09-10,17.625000,18.062500,17.625000,18.062500,6.806389,12400
1998-09-11,18.187500,18.687500,18.000000,18.687500,7.041902,48800
1998-09-14,18.687500,18.750000,18.500000,18.718750,7.053677,43800
1998-09-15,18.375000,18.562500,18.125000,18.500000,6.971250,13600
1998-09-16,18.125000,18.500000,18.125000,18.250000,6.877042,5200
1998-09-17,18.250000,18.718750,18.250000,18.687500,7.041902,13200
1998-09-18,18.750000,18.750000,18.500000,18.750000,7.065457,37200
1998-09-21,18.937500,18.937500,18.375000,18.687500,7.041902,29000
1998-09-22,18.671875,19.250000,18.593750,18.875000,7.112556,54000
1998-09-23,19.531250,20.375000,19.250000,20.375000,7.677797,126400
1998-09-24,20.250000,20.250000,19.500000,19.500000,7.348073,38200
1998-09-25,19.187500,19.250000,18.812500,19.000000,7.159659,11400
1998-09-28,18.625000,19.062500,18.625000,18.750000,7.065457,18000
1998-09-29,18.687500,19.000000,18.625000,19.000000,7.159659,4800
1998-09-30,18.562500,19.000000,18.562500,18.625000,7.018353,7200
1998-10-01,18.625000,19.000000,18.625000,18.750000,7.065457,9800
1998-10-02,18.687500,19.250000,18.687500,19.000000,7.159659,13400
1998-10-05,19.250000,19.250000,18.937500,18.937500,7.136105,4400
1998-10-06,19.250000,19.750000,19.125000,19.500000,7.348073,49800
1998-10-07,19.500000,19.500000,19.156250,19.437500,7.324522,12200
1998-10-08,19.437500,19.437500,18.875000,19.250000,7.253864,15600
1998-10-09,19.250000,19.437500,18.750000,19.000000,7.159659,24400
1998-10-12,19.000000,19.625000,19.000000,19.156250,7.218535,35600
1998-10-13,19.500000,19.500000,19.125000,19.187500,7.230315,10200
1998-10-14,19.562500,19.562500,19.250000,19.406250,7.312744,8200
1998-10-15,19.250000,19.750000,19.250000,19.375000,7.300968,9600
1998-10-16,19.750000,19.875000,19.375000,19.875000,7.489379,15000
1998-10-19,19.500000,19.625000,19.218750,19.468750,7.336297,15600
1998-10-20,19.187500,19.750000,19.187500,19.625000,7.395176,18400
1998-10-21,19.500000,19.687500,19.250000,19.250000,7.253864,9800
1998-10-22,19.500000,19.500000,19.125000,19.500000,7.348073,31000
1998-10-23,19.125000,19.625000,19.125000,19.500000,7.348073,12600
1998-10-26,19.625000,19.687500,19.000000,19.000000,7.159659,20000
1998-10-27,19.625000,19.625000,19.125000,19.500000,7.348073,37400
1998-10-28,19.187500,19.500000,19.187500,19.343750,7.289195,5000
1998-10-29,19.437500,19.468750,19.312500,19.312500,7.277420,3000
1998-10-30,19.468750,19.468750,19.250000,19.375000,7.300968,35800
1998-11-02,19.453125,19.500000,19.312500,19.406250,7.312744,10200
1998-11-03,19.500000,19.500000,19.312500,19.406250,7.312744,7200
1998-11-04,19.281250,19.593750,19.281250,19.593750,7.383399,11200
1998-11-05,19.531250,19.937500,19.500000,19.937500,7.512932,24800
1998-11-06,19.750000,20.000000,19.750000,20.000000,7.536487,10400
1998-11-09,19.750000,20.000000,19.750000,19.750000,7.442276,7800
1998-11-10,19.750000,19.750000,19.250000,19.312500,7.366939,17400
1998-11-11,19.500000,19.500000,19.125000,19.375000,7.390779,11400
1998-11-12,19.000000,19.250000,19.000000,19.000000,7.247734,5200
1998-11-13,19.375000,19.375000,18.750000,19.000000,7.247734,9800
1998-11-16,18.750000,19.062500,18.500000,19.062500,7.271574,73200
1998-11-17,19.000000,19.437500,19.000000,19.437500,7.414626,17600
1998-11-18,19.062500,19.500000,19.062500,19.125000,7.295412,18800
1998-11-19,19.062500,19.375000,19.062500,19.250000,7.343096,5400
1998-11-20,19.000000,19.875000,19.000000,19.875000,7.581510,58400
1998-11-23,19.625000,20.000000,19.500000,19.750000,7.533828,12400
1998-11-24,19.562500,19.937500,19.500000,19.875000,7.581510,21000
1998-11-25,19.937500,19.937500,19.562500,19.625000,7.486147,6400
1998-11-27,19.625000,19.625000,19.625000,19.625000,7.486147,0
1998-11-30,19.562500,19.875000,19.562500,19.875000,7.581510,16000
1998-12-01,19.625000,19.937500,19.625000,19.750000,7.533828,19200
1998-12-02,19.625000,19.968750,19.500000,19.890625,7.587471,17800
1998-12-03,19.968750,20.250000,19.656250,20.125000,7.676877,74800
1998-12-04,20.000000,20.250000,20.000000,20.125000,7.676877,44600
1998-12-07,20.125000,20.250000,20.125000,20.125000,7.676877,17000
1998-12-08,20.250000,21.375000,20.250000,20.781250,7.927208,59800
1998-12-09,21.000000,21.000000,20.281250,20.375000,7.772246,47200
1998-12-10,20.250000,20.437500,20.125000,20.375000,7.772246,13600
1998-12-11,20.500000,20.750000,20.000000,20.500000,7.819923,21600
1998-12-14,20.625000,20.750000,20.500000,20.750000,7.915291,11600
1998-12-15,20.812500,20.812500,20.437500,20.625000,7.867601,13800
1998-12-16,20.500000,20.875000,20.437500,20.500000,7.819923,14200
1998-12-17,20.625000,20.750000,20.437500,20.625000,7.867601,16800
1998-12-18,20.812500,20.812500,20.125000,20.125000,7.676877,43800
1998-12-21,20.250000,20.250000,19.625000,19.875000,7.581510,12000
1998-12-22,19.562500,19.750000,19.062500,19.187500,7.319256,33200
1998-12-23,19.500000,19.500000,18.812500,19.250000,7.343096,15000
1998-12-24,19.000000,19.250000,19.000000,19.062500,7.271574,1200
1998-12-28,19.375000,19.750000,19.375000,19.531250,7.450383,43200
1998-12-29,19.593750,19.875000,19.437500,19.500000,7.438465,17400
1998-12-30,19.875000,19.875000,19.562500,19.562500,7.462305,3200
1998-12-31,19.625000,20.000000,19.562500,19.937500,7.605354,11800
1999-01-04,20.000000,20.375000,20.000000,20.062500,7.653034,26000
1999-01-05,20.250000,20.562500,20.000000,20.250000,7.724556,12000
1999-01-06,20.187500,20.250000,19.750000,19.750000,7.533828,26400
1999-01-07,19.625000,19.625000,19.250000,19.250000,7.343096,21200
1999-01-08,18.875000,19.562500,18.875000,19.000000,7.247734,21600
1999-01-11,19.562500,19.562500,18.875000,19.250000,7.343096,10600
1999-01-12,19.250000,19.500000,18.875000,19.375000,7.390779,17600
1999-01-13,19.125000,21.000000,18.750000,20.750000,7.915291,30400
1999-01-14,20.750000,21.000000,20.000000,21.000000,8.010652,84800
1999-01-15,21.000000,21.437500,20.375000,21.437500,8.177542,30000
1999-01-19,21.062500,21.812500,21.000000,21.812500,8.320590,48200
1999-01-20,21.875000,22.375000,21.750000,22.375000,8.535158,23800
1999-01-21,22.000000,22.250000,21.750000,21.750000,8.296747,13400
1999-01-22,21.812500,22.250000,21.125000,21.687500,8.272908,12400
1999-01-25,21.000000,21.437500,20.500000,20.500000,7.819923,13800
1999-01-26,20.500000,20.500000,20.000000,20.000000,7.629197,18800
1999-01-27,20.000000,20.250000,19.687500,19.750000,7.533828,25800
1999-01-28,19.750000,20.375000,19.625000,20.218750,7.712637,24400
1999-01-29,20.500000,21.625000,19.750000,21.625000,8.249066,58600
1999-02-01,21.000000,21.125000,20.250000,20.500000,7.819923,23600
1999-02-02,20.250000,20.375000,20.000000,20.187500,7.700718,6400
1999-02-03,20.125000,20.375000,19.812500,20.000000,7.629197,65400
1999-02-04,19.812500,19.937500,19.500000,19.937500,7.605354,13200
1999-02-05,19.500000,20.000000,19.500000,20.000000,7.629197,15000
1999-02-08,20.000000,20.000000,19.375000,20.000000,7.629197,12800
1999-02-09,19.875000,20.000000,19.500000,19.750000,7.533828,8600
1999-02-10,19.687500,19.687500,19.500000,19.500000,7.532865,4000
1999-02-11,19.437500,19.437500,19.125000,19.125000,7.387995,15400
1999-02-12,19.000000,19.250000,18.687500,18.687500,7.218996,23600
1999-02-16,18.750000,18.750000,18.250000,18.250000,7.049987,29000
1999-02-17,18.000000,18.125000,17.750000,18.000000,6.953413,18200
1999-02-18,17.500000,18.250000,17.500000,18.000000,6.953413,27400
1999-02-19,17.875000,18.125000,17.875000,18.125000,7.001702,11200
1999-02-22,17.875000,18.625000,17.875000,18.250000,7.049987,8600
1999-02-23,18.625000,19.750000,18.625000,19.750000,7.629436,27600
1999-02-24,19.125000,19.750000,19.125000,19.125000,7.387995,8000
1999-02-25,19.000000,19.125000,18.625000,18.625000,7.194850,8000
1999-02-26,19.375000,19.375000,18.375000,18.531250,7.158631,9600
1999-03-01,18.375000,18.375000,17.000000,17.000000,6.567111,74600
1999-03-02,17.500000,18.062500,17.000000,18.031250,6.965483,89200
1999-03-03,18.000000,18.000000,17.562500,17.750000,6.856836,6200
1999-03-04,18.250000,18.375000,17.750000,18.375000,7.098275,15800
1999-03-05,18.625000,19.000000,18.625000,19.000000,7.339713,17800
1999-03-08,18.812500,19.062500,18.812500,18.875000,7.291426,6600
1999-03-09,19.062500,19.062500,18.812500,18.937500,7.315568,27000
1999-03-10,19.000000,19.062500,18.875000,19.000000,7.339713,93400
1999-03-11,19.000000,19.687500,19.000000,19.562500,7.557006,24800
1999-03-12,19.000000,19.437500,19.000000,19.312500,7.460430,31200
1999-03-15,19.125000,19.562500,19.125000,19.562500,7.557006,9800
1999-03-16,19.187500,19.500000,18.875000,19.250000,7.436285,48600
1999-03-17,19.093750,19.500000,19.093750,19.500000,7.532865,24000
1999-03-18,19.500000,19.625000,19.250000,19.625000,7.581151,7200
1999-03-19,19.125000,19.625000,19.125000,19.343750,7.472505,17800
1999-03-22,19.500000,19.625000,19.187500,19.250000,7.436285,19000
1999-03-23,19.187500,19.500000,19.187500,19.312500,7.460430,20400
1999-03-24,19.500000,19.500000,19.187500,19.437500,7.508722,14800
1999-03-25,19.437500,19.500000,19.218750,19.312500,7.460430,6800
1999-03-26,19.187500,19.312500,19.187500,19.187500,7.412143,10200
1999-03-29,19.250000,19.750000,19.250000,19.750000,7.629436,11600
1999-03-30,19.437500,19.875000,19.437500,19.750000,7.629436,43000
1999-03-31,19.750000,20.625000,19.750000,19.937500,7.701871,23200
1999-04-01,19.875000,20.437500,19.875000,20.437500,7.895020,32000
1999-04-05,20.500000,21.187500,20.125000,20.875000,8.064026,34400
1999-04-06,20.250000,20.750000,20.000000,20.000000,7.726017,15000
1999-04-07,20.000000,20.500000,19.250000,19.375000,7.484572,11600
1999-04-08,19.312500,20.312500,19.250000,20.312500,7.846728,14600
1999-04-09,19.250000,20.875000,19.250000,20.593750,7.955377,40200
1999-04-12,20.500000,21.125000,20.500000,21.000000,8.112311,73600
1999-04-13,20.500000,20.875000,19.500000,20.000000,7.726017,47000
1999-04-14,19.906250,19.968750,19.562500,19.812500,7.653581,16200
1999-04-15,19.500000,19.750000,19.375000,19.437500,7.508722,21200
1999-04-16,19.375000,19.625000,19.250000,19.250000,7.436285,33200
1999-04-19,20.000000,20.000000,19.187500,19.937500,7.701871,8400
1999-04-20,19.500000,19.937500,19.250000,19.250000,7.436285,13400
1999-04-21,19.500000,19.500000,19.187500,19.250000,7.436285,18000
1999-04-22,19.250000,19.375000,19.250000,19.250000,7.436285,22400
1999-04-23,19.250000,19.500000,19.250000,19.500000,7.532865,17600
1999-04-26,19.812500,19.812500,19.125000,19.625000,7.581151,10000
1999-04-27,19.000000,19.625000,19.000000,19.625000,7.581151,3600
1999-04-28,19.812500,19.812500,19.437500,19.500000,7.532865,13200
1999-04-29,19.687500,19.687500,19.375000,19.500000,7.532865,18600
1999-04-30,19.312500,19.500000,19.000000,19.125000,7.387995,46000
1999-05-03,19.125000,19.375000,19.062500,19.187500,7.412143,20200
1999-05-04,19.375000,19.437500,19.000000,19.062500,7.363856,62200
1999-05-05,19.500000,19.500000,19.093750,19.093750,7.375929,4600
1999-05-06,19.437500,19.437500,19.250000,19.437500,7.508722,1600
1999-05-07,19.437500,19.562500,19.250000,19.500000,7.532865,51800
1999-05-10,19.562500,19.562500,19.375000,19.500000,7.532865,9800
1999-05-11,19.562500,19.562500,19.312500,19.375000,7.484572,17600
1999-05-12,19.218750,19.312500,19.125000,19.312500,7.556965,265200
1999-05-13,19.125000,19.562500,19.125000,19.562500,7.654793,5600
1999-05-14,19.500000,19.500000,19.250000,19.406250,7.593647,21400
1999-05-17,19.125000,19.375000,19.125000,19.218750,7.520283,5600
1999-05-18,19.187500,19.312500,19.187500,19.250000,7.532508,37800
1999-05-19,19.187500,19.312500,19.187500,19.187500,7.508051,9800
1999-05-20,19.312500,19.312500,19.187500,19.250000,7.532508,13200
1999-05-21,19.281250,19.312500,19.125000,19.312500,7.556965,35200
1999-05-24,19.312500,19.375000,19.125000,19.312500,7.556965,19400
1999-05-25,19.250000,19.406250,19.250000,19.312500,7.556965,12200
1999-05-26,19.250000,19.468750,19.250000,19.468750,7.618106,7200
1999-05-27,19.625000,19.625000,19.375000,19.468750,7.618106,3200
1999-05-28,19.375000,19.750000,19.375000,19.625000,7.679247,9400
1999-06-01,19.812500,19.875000,19.625000,19.812500,7.752614,48600
1999-06-02,19.812500,19.812500,19.281250,19.375000,7.581419,26400
1999-06-03,19.500000,19.500000,19.281250,19.312500,7.556965,27200
1999-06-04,19.281250,19.375000,19.218750,19.375000,7.581419,41200
1999-06-07,19.437500,19.437500,19.250000,19.312500,7.556965,43200
1999-06-08,19.437500,19.500000,19.312500,19.312500,7.556965,4800
1999-06-09,19.437500,20.000000,19.312500,20.000000,7.825987,104200
1999-06-10,20.062500,20.062500,19.625000,20.062500,7.850441,27800
1999-06-11,20.125000,20.562500,19.937500,20.500000,8.021633,41200
1999-06-14,20.500000,20.937500,20.250000,20.875000,8.168369,43000
1999-06-15,20.812500,20.812500,20.500000,20.500000,8.021633,62200
1999-06-16,20.375000,20.687500,20.375000,20.437500,7.997179,26000
1999-06-17,20.437500,20.562500,20.437500,20.468750,8.009403,12200
1999-06-18,21.000000,21.000000,20.500000,20.593750,8.058316,34400
1999-06-21,20.625000,20.937500,20.312500,20.562500,8.046090,20800
1999-06-22,20.281250,20.406250,20.000000,20.125000,7.874895,30800
1999-06-23,20.062500,20.312500,19.750000,19.937500,7.801527,17600
1999-06-24,19.671875,19.812500,19.562500,19.562500,7.654793,6800
1999-06-25,19.500000,19.875000,19.375000,19.625000,7.679247,21400
1999-06-28,19.875000,19.875000,19.250000,19.250000,7.532508,18000
1999-06-29,19.625000,19.625000,19.375000,19.500000,7.630336,8400
1999-06-30,19.250000,19.562500,19.218750,19.281250,7.544736,92000
1999-07-01,19.281250,19.500000,19.187500,19.500000,7.630336,200000
1999-07-02,19.656250,20.062500,19.437500,20.062500,7.850441,14000
1999-07-06,19.781250,20.000000,19.750000,19.750000,7.728158,11400
1999-07-07,19.750000,19.750000,19.562500,19.562500,7.654793,5200
1999-07-08,19.531250,19.750000,19.250000,19.750000,7.728158,11800
1999-07-09,19.750000,20.437500,19.000000,20.187500,7.899354,44800
1999-07-12,20.000000,20.437500,20.000000,20.437500,7.997179,3600
1999-07-13,20.250000,21.187500,20.125000,21.187500,8.290653,411000
1999-07-14,21.187500,21.187500,20.625000,20.625000,8.070541,10400
1999-07-15,20.625000,21.000000,20.625000,20.812500,8.143920,27800
1999-07-16,20.812500,20.937500,20.625000,20.812500,8.143920,86200
1999-07-19,20.625000,20.875000,20.500000,20.812500,8.143920,5800
1999-07-20,20.812500,20.812500,20.500000,20.812500,8.143920,64600
1999-07-21,20.625000,21.000000,20.625000,20.875000,8.168369,35800
1999-07-22,20.968750,21.000000,20.875000,21.000000,8.217280,15200
1999-07-23,21.000000,21.062500,20.812500,21.031250,8.229510,12400
1999-07-26,20.906250,21.125000,20.500000,20.812500,8.143920,16600
1999-07-27,20.812500,21.500000,20.812500,21.500000,8.412934,19000
1999-07-28,21.437500,21.500000,21.312500,21.375000,8.364020,19600
1999-07-29,21.375000,21.468750,21.375000,21.406250,8.376247,24800
1999-07-30,21.406250,21.468750,21.000000,21.000000,8.217280,30600
1999-08-02,21.000000,22.500000,21.000000,22.187500,8.681951,81800
1999-08-03,21.781250,22.250000,21.750000,22.250000,8.706405,14600
1999-08-04,22.125000,22.125000,21.562500,21.750000,8.510758,41000
1999-08-05,21.500000,21.625000,20.093750,21.250000,8.315107,45400
1999-08-06,21.250000,21.250000,20.312500,20.500000,8.021633,47200
1999-08-09,20.500000,20.500000,20.437500,20.437500,7.997179,20200
1999-08-10,20.625000,20.625000,20.312500,20.625000,8.070541,27200
1999-08-11,20.312500,20.875000,20.312500,20.875000,8.267582,7800
1999-08-12,20.875000,20.875000,20.375000,20.875000,8.267582,6200
1999-08-13,20.468750,20.750000,20.468750,20.750000,8.218079,4800
1999-08-16,20.375000,20.500000,20.375000,20.500000,8.119059,3000
1999-08-17,20.500000,22.000000,20.500000,21.750000,8.614130,39400
1999-08-18,21.750000,21.750000,20.500000,20.875000,8.267582,47800
1999-08-19,20.437500,21.500000,20.437500,21.375000,8.465607,19000
1999-08-20,21.000000,21.312500,20.062500,20.437500,8.094307,20600
1999-08-23,20.500000,20.750000,20.375000,20.406250,8.081933,29800
1999-08-24,20.375000,20.687500,20.375000,20.593750,8.156195,29800
1999-08-25,20.437500,20.875000,20.437500,20.875000,8.267582,46800
1999-08-26,20.437500,20.968750,20.437500,20.500000,8.119059,42600
1999-08-27,20.531250,20.812500,20.500000,20.812500,8.242832,5800
1999-08-30,20.656250,20.656250,20.531250,20.531250,8.131437,9400
1999-08-31,20.500000,20.968750,19.906250,19.906250,7.883908,72200
1999-09-01,19.750000,20.937500,19.750000,20.437500,8.094307,35200
1999-09-02,20.500000,20.968750,20.500000,20.968750,8.304712,20600
1999-09-03,20.968750,20.968750,20.750000,20.937500,8.292335,14400
1999-09-07,20.625000,20.968750,20.625000,20.781250,8.230453,68800
1999-09-08,20.781250,20.812500,20.750000,20.812500,8.242832,21200
1999-09-09,20.625000,20.968750,20.625000,20.937500,8.292335,30600
1999-09-10,20.968750,22.437500,20.937500,22.250000,8.812149,93200
1999-09-13,22.437500,22.625000,22.125000,22.250000,8.812149,93800
1999-09-14,21.812500,22.125000,21.812500,22.125000,8.762647,58200
1999-09-15,22.062500,22.562500,22.062500,22.562500,8.935919,20400
1999-09-16,22.250000,22.625000,22.250000,22.625000,8.960671,32000
1999-09-17,22.359375,22.750000,22.000000,22.062500,8.737897,23000
1999-09-20,22.000000,22.000000,21.000000,21.375000,8.465607,13800
1999-09-21,20.875000,21.750000,20.875000,21.062500,8.341841,19200
1999-09-22,21.281250,21.750000,21.281250,21.625000,8.564622,5200
1999-09-23,21.750000,21.750000,21.375000,21.437500,8.490356,27800
1999-09-24,21.250000,21.750000,21.250000,21.687500,8.589370,4800
1999-09-27,21.796875,22.125000,21.625000,21.937500,8.688390,34800
1999-09-28,22.000000,22.062500,21.312500,21.687500,8.589370,57800
1999-09-29,21.562500,22.000000,21.375000,21.375000,8.465607,12800
1999-09-30,21.125000,21.750000,21.125000,21.250000,8.416104,21200
1999-10-01,22.000000,22.000000,21.156250,22.000000,8.713140,2400
1999-10-04,21.625000,22.125000,21.406250,21.406250,8.477984,10600
1999-10-05,21.531250,21.875000,21.375000,21.750000,8.614130,5800
1999-10-06,21.906250,22.000000,21.406250,22.000000,8.713140,4000
1999-10-07,21.375000,21.406250,21.125000,21.125000,8.366592,3800
1999-10-08,21.125000,21.750000,20.937500,21.250000,8.416104,8200
1999-10-11,20.750000,20.875000,20.500000,20.531250,8.131437,10800
1999-10-12,21.000000,21.000000,20.312500,20.562500,8.143820,21800
1999-10-13,20.500000,20.625000,20.429688,20.429688,8.091214,10200
1999-10-14,20.437500,21.000000,20.437500,21.000000,8.317085,19400
1999-10-15,20.921875,21.062500,20.812500,21.062500,8.341841,8400
1999-10-18,21.125000,21.125000,20.500000,21.000000,8.317085,4000
1999-10-19,20.437500,20.875000,20.437500,20.437500,8.094307,12000
1999-10-20,20.468750,20.562500,20.437500,20.562500,8.143820,23200
1999-10-21,20.429688,21.000000,20.429688,21.000000,8.317085,14600
1999-10-22,20.500000,20.500000,20.500000,20.500000,8.119059,600
1999-10-25,20.500000,20.906250,20.500000,20.906250,8.279958,5200
1999-10-26,21.250000,22.000000,21.250000,21.875000,8.663632,27200
1999-10-27,21.562500,22.250000,21.562500,22.125000,8.762647,47000
1999-10-28,22.500000,22.781250,22.062500,22.062500,8.737897,45000
1999-10-29,22.250000,22.281250,21.000000,21.000000,8.317085,21400
1999-11-01,20.937500,21.000000,20.250000,20.500000,8.119059,63000
1999-11-02,21.000000,21.000000,20.687500,20.687500,8.193318,8600
1999-11-03,20.500000,20.625000,20.312500,20.625000,8.168568,100000
1999-11-04,20.437500,20.812500,20.437500,20.500000,8.119059,9200
1999-11-05,20.250000,20.687500,20.250000,20.687500,8.193318,2000
1999-11-08,20.281250,20.500000,20.187500,20.500000,8.119059,25000
1999-11-09,20.406250,20.625000,20.406250,20.625000,8.168568,21200
1999-11-10,20.468750,20.843750,20.437500,20.750000,8.317888,10800
1999-11-11,20.437500,20.625000,20.437500,20.437500,8.192622,5000
1999-11-12,20.437500,20.500000,20.312500,20.312500,8.142511,13800
1999-11-15,20.468750,20.656250,20.312500,20.656250,8.280309,10000
1999-11-16,20.687500,20.750000,20.562500,20.562500,8.242728,9800
1999-11-17,20.531250,20.531250,20.312500,20.437500,8.192622,31200
1999-11-18,20.500000,20.625000,20.375000,20.500000,8.217673,7200
1999-11-19,20.500000,20.687500,20.312500,20.500000,8.217673,8200
1999-11-22,20.625000,20.625000,20.250000,20.250000,8.117458,17400
1999-11-23,20.250000,20.250000,20.187500,20.187500,8.092403,5600
1999-11-24,20.187500,20.375000,20.125000,20.375000,8.167573,8200
1999-11-26,20.500000,20.500000,20.031250,20.093750,8.054827,5200
1999-11-29,20.187500,20.187500,20.031250,20.062500,8.042296,11600
1999-11-30,20.000000,20.062500,19.875000,19.875000,7.967136,16400
1999-12-01,19.984375,20.156250,19.937500,20.125000,8.067352,28400
1999-12-02,20.187500,20.187500,20.000000,20.062500,8.042296,7000
1999-12-03,20.093750,20.125000,19.875000,19.906250,7.979662,15400
1999-12-06,19.875000,19.937500,19.750000,19.750000,7.917028,34800
1999-12-07,19.687500,20.312500,19.687500,20.000000,8.017242,52200
1999-12-08,20.000000,20.125000,19.937500,20.125000,8.067352,49800
1999-12-09,20.250000,20.625000,20.000000,20.500000,8.217673,78400
1999-12-10,20.500000,20.500000,20.000000,20.125000,8.067352,9000
1999-12-13,20.375000,20.500000,20.156250,20.500000,8.217673,21800
1999-12-14,20.281250,20.406250,19.875000,20.406250,8.180094,60400
1999-12-15,20.000000,20.000000,19.437500,19.531250,7.829338,14800
1999-12-16,19.500000,20.000000,19.500000,20.000000,8.017242,11200
1999-12-17,19.531250,19.625000,19.500000,19.562500,7.841869,24400
1999-12-20,19.625000,19.687500,19.281250,19.500000,7.816814,20400
1999-12-21,19.281250,19.375000,19.250000,19.312500,7.741653,17400
1999-12-22,19.250000,19.562500,19.250000,19.281250,7.729124,26400
1999-12-23,19.523438,19.625000,19.062500,19.062500,7.641437,12000
1999-12-27,19.000000,19.125000,18.750000,19.000000,7.616383,17400
1999-12-28,18.750000,19.375000,18.750000,19.171875,7.685278,21000
1999-12-29,18.875000,19.187500,18.750000,18.750000,7.516167,3600
1999-12-30,18.750000,19.125000,18.750000,18.812500,7.541217,11800
1999-12-31,18.750000,18.812500,18.750000,18.750000,7.516167,5200
2000-01-03,18.781250,18.843750,18.531250,18.531250,7.428478,25600
2000-01-04,18.562500,18.843750,17.750000,18.000000,7.215519,22400
2000-01-05,18.000000,19.000000,18.000000,18.500000,7.415951,18200
2000-01-06,19.000000,19.000000,18.625000,19.000000,7.616383,12200
2000-01-07,18.687500,19.000000,18.687500,19.000000,7.616383,4000
2000-01-10,18.875000,19.437500,18.875000,19.437500,7.791759,34400
2000-01-11,19.062500,19.750000,19.062500,19.750000,7.917028,26600
2000-01-12,19.375000,19.812500,19.375000,19.500000,7.816814,31600
2000-01-13,19.687500,20.312500,19.500000,20.000000,8.017242,36800
2000-01-14,19.875000,20.000000,19.750000,19.750000,7.917028,109400
2000-01-18,19.625000,19.937500,19.312500,19.312500,7.741653,52800
2000-01-19,19.187500,19.187500,18.437500,18.500000,7.415951,28200
2000-01-20,18.312500,19.125000,18.312500,19.125000,7.666486,78400
2000-01-21,19.156250,19.156250,18.375000,18.625000,7.466057,31000
2000-01-24,18.937500,18.937500,18.031250,18.500000,7.415951,58600
2000-01-25,18.250000,18.562500,18.062500,18.562500,7.441005,45800
2000-01-26,18.125000,19.500000,18.125000,19.500000,7.816814,21200
2000-01-27,19.156250,19.875000,19.156250,19.562500,7.841869,13200
2000-01-28,19.562500,19.562500,18.750000,18.750000,7.516167,16400
2000-01-31,19.500000,19.500000,17.812500,17.812500,7.140355,92400
2000-02-01,18.750000,19.250000,18.312500,18.937500,7.591323,70400
2000-02-02,18.937500,19.500000,18.750000,19.500000,7.816814,21000
2000-02-03,20.218750,20.625000,20.000000,20.625000,8.267781,48600
2000-02-04,20.625000,20.875000,20.000000,20.796875,8.336678,21200
2000-02-07,20.843750,21.312500,20.843750,20.875000,8.367999,37200
2000-02-08,21.062500,21.062500,19.562500,19.562500,7.841869,77400
2000-02-09,19.625000,20.000000,19.562500,19.750000,7.917028,25000
2000-02-10,19.875000,19.937500,19.562500,19.875000,7.967136,25000
2000-02-11,20.000000,20.000000,19.562500,19.968750,8.108755,35400
2000-02-14,19.500000,19.875000,19.312500,19.687500,7.994542,12800
2000-02-15,19.875000,19.875000,19.375000,19.562500,7.943787,34600
2000-02-16,19.531250,19.718750,19.437500,19.500000,7.918407,23200
2000-02-17,19.500000,19.687500,19.406250,19.500000,7.918407,13600
2000-02-18,19.156250,19.468750,19.125000,19.242188,7.813720,8000
2000-02-22,19.187500,19.187500,18.250000,18.250000,7.410815,21400
2000-02-23,18.500000,18.843750,18.250000,18.843750,7.651922,22000
2000-02-24,18.812500,19.000000,18.375000,18.937500,7.689990,16800
2000-02-25,18.968750,19.000000,18.500000,18.500000,7.512332,6800
2000-02-28,18.906250,18.968750,18.250000,18.390625,7.467923,6000
2000-02-29,18.375000,19.000000,18.375000,18.500000,7.512332,18800
2000-03-01,19.312500,19.312500,18.781250,19.250000,7.816888,53600
2000-03-02,18.937500,19.062500,18.875000,18.906250,7.677301,26400
2000-03-03,19.000000,19.000000,18.687500,18.687500,7.588470,21400
2000-03-06,18.875000,18.875000,18.625000,18.656250,7.575783,7600
2000-03-07,18.875000,18.875000,18.562500,18.562500,7.537717,17800
2000-03-08,18.562500,18.687500,18.437500,18.593750,7.550403,26200
2000-03-09,19.000000,19.000000,18.437500,18.531250,7.525023,11200
2000-03-10,18.500000,19.000000,18.500000,18.500000,7.512332,76600
2000-03-13,18.531250,19.250000,18.500000,18.718750,7.601165,19000
2000-03-14,19.187500,19.250000,18.562500,18.750000,7.613853,18400
2000-03-15,19.000000,19.000000,18.500000,18.687500,7.588470,23400
2000-03-16,19.375000,21.250000,19.000000,21.000000,8.527511,63200
2000-03-17,19.187500,21.000000,19.125000,21.000000,8.527511,33800
2000-03-20,21.000000,21.000000,20.000000,20.687500,8.400620,17900
2000-03-21,19.687500,20.343750,19.625000,20.343750,8.261031,61500
2000-03-22,20.375000,21.000000,20.375000,21.000000,8.527511,41800
2000-03-23,21.000000,21.000000,20.000000,20.312500,8.248339,42300
2000-03-24,20.437500,20.625000,20.312500,20.375000,8.273726,45600
2000-03-27,20.375000,20.750000,20.375000,20.375000,8.273726,37200
2000-03-28,20.375000,20.500000,19.500000,19.500000,7.918407,70000
2000-03-29,19.750000,20.062500,19.562500,20.000000,8.121442,46100
2000-03-30,19.687500,20.125000,19.687500,19.937500,8.096062,29900
2000-03-31,19.875000,20.625000,19.500000,19.937500,8.096062,70400
2000-04-03,19.937500,20.500000,19.875000,20.062500,8.146823,47500
2000-04-04,20.062500,20.062500,19.437500,19.562500,7.943787,42900
2000-04-05,19.812500,19.812500,19.437500,19.687500,7.994542,75100
2000-04-06,19.687500,19.812500,19.625000,19.750000,8.019921,70600
2000-04-07,19.625000,19.750000,19.250000,19.250000,7.816888,46700
2000-04-10,19.000000,20.500000,19.000000,20.375000,8.273726,78300
2000-04-11,20.062500,21.062500,20.000000,20.937500,8.502135,114400
2000-04-12,20.875000,21.000000,20.812500,21.000000,8.527511,70700
2000-04-13,20.875000,21.125000,20.875000,21.000000,8.527511,34400
2000-04-14,20.875000,21.562500,20.875000,21.500000,8.730551,20600
2000-04-17,21.312500,22.625000,20.750000,22.375000,9.085868,64000
2000-04-18,22.562500,22.875000,21.750000,22.125000,8.984344,49900
2000-04-19,21.750000,22.125000,21.625000,21.750000,8.832069,62200
2000-04-20,22.000000,22.625000,21.750000,22.500000,9.136623,47200
2000-04-24,22.437500,22.750000,21.875000,22.687500,9.212760,58800
2000-04-25,22.625000,23.000000,21.875000,22.500000,9.136623,33000
2000-04-26,22.437500,23.250000,22.250000,23.250000,9.441176,19500
2000-04-27,23.250000,23.250000,22.625000,23.000000,9.339657,2800
2000-04-28,22.875000,26.109375,22.250000,26.000000,10.557878,78800
2000-05-01,27.500000,27.500000,22.500000,25.250000,10.253322,65400
2000-05-02,23.750000,24.625000,22.125000,22.250000,9.035104,65600
2000-05-03,22.500000,22.500000,21.687500,22.000000,8.933589,19700
2000-05-04,21.000000,23.250000,21.000000,22.500000,9.136623,45100
2000-05-05,22.500000,22.500000,22.250000,22.500000,9.136623,5900
2000-05-08,21.500000,22.500000,21.500000,21.500000,8.730551,9600
2000-05-09,21.875000,22.625000,21.000000,22.250000,9.035104,22900
2000-05-10,20.625000,22.062500,20.500000,21.875000,8.882828,37400
2000-05-11,22.125000,22.375000,21.875000,22.250000,9.141669,15400
2000-05-12,22.000000,22.375000,21.125000,21.125000,8.679448,16500
2000-05-15,21.000000,22.000000,20.000000,21.875000,8.987594,32900
2000-05-16,21.000000,22.750000,21.000000,22.625000,9.295743,33600
2000-05-17,21.000000,22.000000,21.000000,21.250000,8.730808,8600
2000-05-18,21.468750,21.500000,20.515625,20.625000,8.474018,23900
2000-05-19,21.000000,21.750000,20.312500,20.625000,8.474018,31300
2000-05-22,20.875000,21.250000,20.000000,21.250000,8.730808,14200
2000-05-23,21.250000,21.250000,20.000000,20.875000,8.576737,22200
2000-05-24,20.406250,21.000000,20.250000,20.750000,8.525378,26100
2000-05-25,20.875000,21.000000,20.375000,20.625000,8.474018,17700
2000-05-26,20.250000,20.750000,20.250000,20.250000,8.319944,13200
2000-05-30,20.125000,21.000000,20.125000,20.500000,8.422661,10100
2000-05-31,20.250000,21.375000,20.125000,21.000000,8.628091,31700
2000-06-01,21.125000,21.250000,20.250000,21.125000,8.679448,43800
2000-06-02,20.750000,21.250000,20.750000,21.187500,8.705132,17400
2000-06-05,20.875000,21.125000,20.812500,20.812500,8.551061,9800
2000-06-06,21.125000,21.625000,20.125000,20.812500,8.551061,37500
2000-06-07,20.937500,21.125000,20.812500,21.125000,8.679448,15900
2000-06-08,20.828125,20.937500,20.812500,20.937500,8.602414,18300
2000-06-09,20.937500,21.625000,20.812500,21.500000,8.833526,39400
2000-06-12,21.750000,22.750000,21.500000,21.750000,8.936239,43900
2000-06-13,22.000000,22.875000,21.562500,22.500000,9.244390,58900
2000-06-14,21.750000,22.187500,21.625000,21.875000,8.987594,13100
2000-06-15,22.187500,22.187500,20.875000,21.625000,8.884885,26300
2000-06-16,21.875000,22.250000,21.125000,21.500000,8.833526,63200
2000-06-19,21.968750,22.000000,21.781250,21.812500,8.961919,4800
2000-06-20,21.062500,21.187500,21.062500,21.187500,8.705132,3900
2000-06-21,21.125000,21.218750,20.812500,20.937500,8.602414,20600
2000-06-22,20.812500,21.000000,20.812500,20.812500,8.551061,21200
2000-06-23,20.812500,21.000000,20.625000,20.812500,8.551061,42800
2000-06-26,20.812500,21.500000,20.812500,21.250000,8.730808,17000
2000-06-27,21.187500,21.296875,20.937500,21.000000,8.628091,10000
2000-06-28,20.937500,21.062500,20.750000,20.937500,8.602414,4200
2000-06-29,20.937500,21.125000,20.750000,20.875000,8.576737,20600
2000-06-30,20.875000,21.000000,20.875000,21.000000,8.628091,12600
2000-07-03,20.875000,20.937500,20.750000,20.750000,8.525378,38600
2000-07-05,20.875000,21.500000,20.875000,21.062500,8.653771,27700
2000-07-06,21.125000,21.375000,20.937500,21.375000,8.782166,10100
2000-07-07,20.937500,21.125000,20.937500,21.125000,8.679448,22100
2000-07-10,21.125000,22.000000,21.125000,22.000000,9.038957,28700
2000-07-11,22.000000,22.000000,21.500000,21.500000,8.833526,12500
2000-07-12,21.500000,22.125000,21.500000,22.062500,9.064635,10700
2000-07-13,22.000000,22.000000,21.812500,22.000000,9.038957,17300
2000-07-14,22.000000,22.437500,21.812500,21.937500,9.013278,19100
2000-07-17,22.406250,22.500000,21.625000,22.500000,9.244390,3600
2000-07-18,22.062500,22.062500,21.625000,21.812500,8.961919,20800
2000-07-19,21.500000,21.750000,21.375000,21.750000,8.936239,4600
2000-07-20,21.500000,21.750000,21.250000,21.562500,8.859205,10400
2000-07-21,20.812500,21.375000,20.750000,20.812500,8.551061,24600
2000-07-24,20.812500,20.875000,20.750000,20.812500,8.551061,90000
2000-07-25,21.000000,22.000000,20.750000,22.000000,9.038957,15000
2000-07-26,21.500000,22.000000,21.250000,21.937500,9.013278,11600
2000-07-27,21.937500,22.000000,21.250000,21.250000,8.730808,8500
2000-07-28,21.125000,21.250000,20.750000,20.781250,8.538218,28800
2000-07-31,21.375000,21.375000,20.812500,20.937500,8.602414,83800
2000-08-01,21.125000,21.937500,21.125000,21.937500,9.013278,33800
2000-08-02,21.000000,21.875000,21.000000,21.750000,8.936239,12400
2000-08-03,21.062500,21.500000,20.937500,20.937500,8.602414,38000
2000-08-04,21.125000,21.375000,21.062500,21.125000,8.679448,14300
2000-08-07,21.625000,21.875000,21.125000,21.375000,8.782166,9800
2000-08-08,21.375000,21.750000,20.875000,21.125000,8.679448,34000
2000-08-09,21.187500,21.500000,21.000000,21.000000,8.628091,52000
2000-08-10,21.312500,21.312500,20.875000,20.937500,8.602414,14100
2000-08-11,20.937500,21.062500,20.750000,21.000000,8.734469,15700
2000-08-14,20.906250,21.125000,20.812500,21.062500,8.760465,39900
2000-08-15,21.031250,21.125000,20.812500,20.812500,8.656492,18600
2000-08-16,21.000000,21.000000,20.812500,21.000000,8.734469,32700
2000-08-17,20.937500,21.000000,20.812500,21.000000,8.734469,59700
2000-08-18,21.000000,21.000000,20.812500,20.812500,8.656492,12700
2000-08-21,20.875000,21.125000,20.812500,21.125000,8.786462,24500
2000-08-22,21.125000,21.125000,20.812500,20.812500,8.656492,21100
2000-08-23,20.812500,21.062500,20.812500,20.812500,8.656492,9700
2000-08-24,20.812500,20.937500,20.812500,20.812500,8.656492,8200
2000-08-25,20.812500,20.937500,20.812500,20.937500,8.708476,11200
2000-08-28,20.875000,21.000000,20.812500,20.937500,8.708476,15000
2000-08-29,20.875000,21.000000,20.750000,20.875000,8.682480,13000
2000-08-30,20.812500,20.937500,20.812500,20.937500,8.708476,7500
2000-08-31,20.875000,20.937500,20.812500,20.875000,8.682480,14900
2000-09-01,20.812500,21.000000,20.812500,21.000000,8.734469,17100
2000-09-05,20.875000,21.000000,20.875000,20.875000,8.682480,19100
2000-09-06,20.968750,21.484375,20.875000,21.312500,8.864450,33500
2000-09-07,21.437500,21.750000,21.312500,21.562500,8.968429,25000
2000-09-08,21.562500,21.625000,21.375000,21.562500,8.968429,33700
2000-09-11,21.593750,21.750000,21.562500,21.750000,9.046414,20900
2000-09-12,21.750000,22.375000,21.750000,22.312500,9.280377,41900
2000-09-13,22.281250,23.000000,21.375000,21.812500,9.072413,52300
2000-09-14,21.687500,21.875000,21.187500,21.875000,9.098407,61300
2000-09-15,21.750000,22.312500,21.750000,22.062500,9.176394,27500
2000-09-18,22.062500,22.375000,22.000000,22.000000,9.150399,17600
2000-09-19,22.125000,22.500000,21.875000,22.375000,9.306375,24500
2000-09-20,22.375000,22.750000,22.250000,22.250000,9.254375,28200
2000-09-21,22.500000,22.500000,22.000000,22.000000,9.150399,20000
2000-09-22,21.875000,22.250000,21.875000,22.250000,9.254375,18300
2000-09-25,22.125000,22.187500,21.625000,21.875000,9.098407,22200
2000-09-26,21.625000,22.625000,21.625000,22.500000,9.358365,16400
2000-09-27,22.625000,22.625000,22.000000,22.375000,9.306375,16600
2000-09-28,22.375000,22.937500,22.125000,22.937500,9.540333,41100
2000-09-29,22.875000,23.875000,22.687500,23.125000,9.618313,46700
2000-10-02,23.125000,23.312500,22.562500,22.812500,9.488339,50800
2000-10-03,22.500000,23.000000,22.187500,22.187500,9.228388,16000
2000-10-04,22.187500,23.000000,22.187500,22.937500,9.540333,21500
2000-10-05,22.375000,23.125000,22.375000,22.750000,9.462346,6400
2000-10-06,23.000000,23.000000,22.375000,22.375000,9.306375,48300
2000-10-09,22.687500,23.187500,22.375000,22.687500,9.436346,16300
2000-10-10,22.718750,22.937500,22.250000,22.875000,9.514334,48200
2000-10-11,22.750000,23.187500,22.562500,22.812500,9.488339,10800
2000-10-12,22.687500,23.437500,22.562500,22.875000,9.514334,35600
2000-10-13,22.875000,23.375000,22.750000,23.375000,9.722299,22900
2000-10-16,22.625000,23.375000,22.625000,23.375000,9.722299,10500
2000-10-17,23.125000,23.375000,22.750000,23.000000,9.566324,11500
2000-10-18,23.187500,23.187500,22.437500,23.125000,9.618313,6700
2000-10-19,22.750000,23.500000,22.437500,23.062500,9.592324,60400
2000-10-20,23.000000,23.375000,22.500000,23.312500,9.696302,11000
2000-10-23,23.062500,23.500000,22.687500,23.187500,9.644312,18100
2000-10-24,23.750000,23.750000,23.125000,23.375000,9.722299,17300
2000-10-25,23.125000,23.750000,22.375000,22.437500,9.332364,15500
2000-10-26,22.406250,22.437500,21.437500,22.187500,9.228388,22800
2000-10-27,22.312500,23.062500,22.125000,22.750000,9.462346,23600
2000-10-30,22.500000,23.000000,22.125000,22.250000,9.254375,14800
2000-10-31,22.062500,22.375000,21.187500,22.187500,9.228388,17300
2000-11-01,22.062500,23.125000,22.000000,22.437500,9.332364,32900
2000-11-02,22.375000,24.000000,22.375000,23.937500,9.956259,16300
2000-11-03,23.125000,23.875000,23.062500,23.875000,9.930258,9000
2000-11-06,22.625000,23.625000,22.562500,23.625000,9.826280,4600
2000-11-07,23.937500,24.000000,22.125000,23.875000,9.930258,25100
2000-11-08,23.875000,24.125000,23.500000,23.875000,9.930258,22400
2000-11-09,23.000000,24.000000,23.000000,23.937500,9.956259,10800
2000-11-10,23.062500,23.875000,23.062500,23.375000,9.722299,14800
2000-11-13,22.812500,23.625000,22.187500,23.625000,9.934658,17800
2000-11-14,23.500000,23.875000,23.187500,23.437500,9.855813,13200
2000-11-15,23.390625,24.000000,23.250000,24.000000,10.092350,11300
2000-11-16,24.000000,24.125000,23.125000,23.750000,9.987221,32700
2000-11-17,24.000000,24.187500,24.000000,24.125000,10.144915,28500
2000-11-20,24.000000,24.000000,22.750000,23.750000,9.987221,18200
2000-11-21,23.500000,23.875000,23.437500,23.750000,9.987221,12900
2000-11-22,23.500000,23.812500,22.015625,22.875000,9.619271,19300
2000-11-24,22.937500,24.125000,22.750000,24.125000,10.144915,7500
2000-11-27,24.093750,24.250000,24.000000,24.250000,10.197478,8100
2000-11-28,24.187500,24.250000,23.937500,24.125000,10.144915,24200
2000-11-29,24.062500,24.125000,23.875000,24.000000,10.092350,16400
2000-11-30,24.062500,24.375000,23.500000,23.625000,9.934658,22500
2000-12-01,23.625000,25.125000,23.375000,25.125000,10.565427,40000
2000-12-04,24.171875,24.937500,23.000000,23.000000,9.671836,25000
2000-12-05,23.156250,24.750000,23.000000,24.750000,10.407739,19000
2000-12-06,24.062500,24.875000,23.625000,24.500000,10.302609,36500
2000-12-07,24.625000,25.000000,24.250000,25.000000,10.512867,7500
2000-12-08,25.062500,26.937500,25.015625,26.937500,11.327609,34400
2000-12-11,26.875000,28.562500,26.625000,28.000000,11.774412,47500
2000-12-12,27.812500,27.875000,26.875000,26.937500,11.327609,16700
2000-12-13,27.062500,27.062500,26.500000,26.500000,11.143636,19200
2000-12-14,26.812500,28.187500,25.562500,28.187500,11.853263,44800
2000-12-15,26.875000,28.000000,26.625000,27.812500,11.695560,28400
2000-12-18,27.500000,29.000000,27.312500,29.000000,12.194924,27000
2000-12-19,28.937500,28.937500,27.625000,27.625000,11.616715,66900
2000-12-20,27.375000,27.687500,25.000000,25.062500,10.539145,18600
2000-12-21,26.312500,26.375000,24.000000,26.375000,11.091075,30000
2000-12-22,25.625000,27.000000,25.625000,26.875000,11.301330,36500
2000-12-26,26.984375,26.984375,25.625000,25.875000,10.880818,19200
2000-12-27,25.937500,27.000000,25.000000,26.062500,10.959664,24900
2000-12-28,26.250000,26.312500,25.562500,26.187500,11.012226,60000
2000-12-29,26.375000,28.750000,25.625000,27.750000,11.669281,81900
2001-01-02,27.000000,27.375000,25.625000,26.375000,11.091075,27600
2001-01-03,26.000000,27.375000,25.812500,27.375000,11.511588,52200
2001-01-04,25.656250,27.750000,25.625000,27.562500,11.590434,24500
2001-01-05,26.687500,27.687500,26.218750,26.625000,11.196200,18900
2001-01-08,26.625000,26.875000,26.000000,26.312500,11.064794,14300
2001-01-09,25.562500,26.750000,25.562500,26.375000,11.091075,20800
2001-01-10,26.312500,29.375000,26.312500,29.375000,12.352622,48700
2001-01-11,28.687500,29.875000,28.375000,29.500000,12.405181,22100
2001-01-12,26.500000,28.875000,26.500000,28.625000,12.037232,32100
2001-01-16,27.500000,31.000000,27.375000,30.687500,12.904545,95200
2001-01-17,31.000000,31.000000,26.750000,27.125000,11.406459,37800
2001-01-18,27.375000,28.500000,27.125000,28.062500,11.800692,43100
2001-01-19,28.000000,28.250000,27.437500,27.812500,11.695560,47200
2001-01-22,27.750000,27.750000,26.750000,27.125000,11.406459,30100
2001-01-23,27.000000,28.375000,25.562500,27.062500,11.380177,35100
2001-01-24,27.000000,27.812500,26.500000,27.562500,11.590434,19400
2001-01-25,27.250000,27.750000,26.375000,26.375000,11.091075,22500
2001-01-26,26.500000,27.312500,26.062500,26.500000,11.143636,14700
2001-01-29,27.000000,27.500000,26.625000,27.500000,11.564156,36200
2001-01-30,26.937500,27.875000,26.937500,27.562500,11.590434,16900
2001-01-31,27.500000,27.625000,26.625000,26.625000,11.196200,19800
2001-02-01,26.500000,27.000000,26.125000,27.000000,11.353896,11900
2001-02-02,27.250000,27.250000,26.000000,26.375000,11.091075,30300
2001-02-05,25.750000,26.125000,25.125000,25.500000,10.723122,9400
2001-02-06,26.484375,26.500000,25.250000,25.250000,10.617997,23100
2001-02-07,25.125000,26.593750,25.125000,26.312500,11.064794,29200
2001-02-08,25.625000,26.437500,25.375000,26.437500,11.117352,14400
2001-02-09,25.937500,26.125000,25.187500,25.625000,10.775689,19000
2001-02-12,25.562500,26.375000,25.000000,26.125000,10.985945,27700
2001-02-13,25.093750,26.078125,24.875000,25.250000,10.724729,10100
2001-02-14,25.250000,26.000000,25.125000,25.875000,10.990191,10500
2001-02-15,25.500000,26.000000,25.156250,25.562500,10.857456,24000
2001-02-16,26.062500,26.062500,24.812500,24.937500,10.591996,16600
2001-02-20,25.843750,25.968750,24.750000,24.875000,10.565450,19700
2001-02-21,24.687500,25.375000,24.250000,25.250000,10.724729,19100
2001-02-22,24.687500,24.687500,23.000000,24.000000,10.193804,25200
2001-02-23,24.000000,24.812500,23.062500,24.812500,10.538906,20300
2001-02-26,24.937500,26.500000,24.000000,26.500000,11.255649,16300
2001-02-27,26.500000,26.500000,24.062500,24.125000,10.246894,17300
2001-02-28,24.734375,25.250000,24.281250,25.000000,10.618543,10800
2001-03-01,25.375000,25.375000,24.250000,25.125000,10.671638,11400
2001-03-02,25.000000,25.015625,24.609375,24.875000,10.565450,13100
2001-03-05,24.937500,24.937500,23.875000,23.875000,10.140704,9600
2001-03-06,24.250000,24.812500,24.062500,24.328125,10.333169,18800
2001-03-07,24.156250,24.687500,24.125000,24.500000,10.406171,13900
2001-03-08,24.500000,25.000000,24.500000,24.750000,10.512358,9800
2001-03-09,25.250000,25.250000,24.515625,24.875000,10.565450,28200
2001-03-12,24.500000,25.812500,24.500000,25.375000,10.777822,36500
2001-03-13,25.875000,25.875000,24.875000,25.812500,10.963642,45700
2001-03-14,25.859375,27.187500,25.250000,25.875000,10.990191,31000
2001-03-15,26.125000,26.375000,25.578125,25.625000,10.884007,23800
2001-03-16,25.500000,25.937500,25.062500,25.250000,10.724729,36900
2001-03-19,25.968750,27.875000,25.000000,27.875000,11.839674,11800
2001-03-20,26.750000,27.750000,26.750000,26.875000,11.414932,17500
2001-03-21,26.375000,27.375000,25.000000,25.250000,10.724729,10000
2001-03-22,25.812500,28.000000,23.750000,27.500000,11.680394,39000
2001-03-23,26.062500,26.875000,26.062500,26.875000,11.414932,7300
2001-03-26,25.875000,27.250000,25.312500,25.312500,10.751278,13400
2001-03-27,26.125000,27.750000,25.625000,27.250000,11.574206,16600
2001-03-28,25.406250,26.750000,25.000000,25.500000,10.830915,16600
2001-03-29,25.500000,27.500000,25.500000,27.500000,11.680394,14300
2001-03-30,27.000000,28.500000,26.562500,28.500000,12.105139,52700
2001-04-02,28.250000,28.500000,27.500000,28.312500,12.025500,44000
2001-04-03,28.000000,28.000000,26.000000,26.187500,11.122923,13800
2001-04-04,26.750000,28.000000,26.000000,26.000000,11.043287,8700
2001-04-05,26.125000,28.375000,25.500000,28.000000,11.892770,30700
2001-04-06,27.500000,28.000000,25.750000,25.750000,10.937102,18700
2001-04-09,25.840000,27.000000,25.500000,26.750000,11.361846,7000
2001-04-10,27.040001,27.870001,27.010000,27.750000,11.786581,11000
2001-04-11,27.450001,27.879999,26.160000,26.320000,11.179205,8900
2001-04-12,26.150000,27.200001,25.250000,26.480000,11.247159,19900
2001-04-16,25.910000,26.680000,25.549999,26.680000,11.332110,6500
2001-04-17,26.670000,26.670000,25.510000,26.080000,11.077261,13100
2001-04-18,26.200001,26.379999,25.559999,25.559999,10.856400,10900
2001-04-19,25.559999,26.000000,25.500000,25.969999,11.030540,9100
2001-04-20,25.610001,25.889999,25.299999,25.309999,10.750208,9900
2001-04-23,25.879999,25.879999,25.000000,25.730000,10.928610,27500
2001-04-24,25.250000,26.900000,25.160000,26.879999,11.417058,18300
2001-04-25,25.760000,27.799999,25.750000,27.750000,11.786581,34000
2001-04-26,27.750000,28.400000,26.610001,28.400000,12.062664,49200
2001-04-27,28.420000,28.639999,27.370001,28.200001,11.977715,24000
2001-04-30,27.000000,28.180000,25.860001,27.000000,11.468027,19500
2001-05-01,27.540001,28.000000,26.610001,27.940001,11.867278,18600
2001-05-02,27.440001,28.000000,27.440001,28.000000,11.892770,9500
2001-05-03,27.990000,27.990000,27.260000,27.450001,11.659162,8600
2001-05-04,27.059999,28.150000,26.900000,28.150000,11.956475,20200
2001-05-07,27.059999,27.820000,26.200001,26.360001,11.196190,14600
2001-05-08,27.500000,27.610001,26.150000,27.610001,11.727118,15300
2001-05-09,26.809999,27.400000,26.600000,27.000000,11.468027,13200
2001-05-10,27.420000,27.600000,27.000000,27.000000,11.468027,10000
2001-05-11,27.100000,27.100000,26.350000,26.350000,11.300769,6700
2001-05-14,26.250000,26.610001,25.850000,26.000000,11.150667,9200
2001-05-15,26.770000,27.670000,26.200001,27.350000,11.729639,5200
2001-05-16,27.480000,27.570000,26.459999,26.700001,11.450870,29600
2001-05-17,26.100000,27.299999,26.090000,27.000000,11.579535,23600
2001-05-18,26.750000,27.190001,26.100000,26.150000,11.214990,9000
2001-05-21,26.150000,27.000000,25.850000,27.000000,11.579535,15900
2001-05-22,26.930000,27.340000,26.020000,26.020000,11.159240,16200
2001-05-23,25.850000,26.190001,25.000000,25.000000,10.721793,36800
2001-05-24,25.100000,26.450001,25.000000,26.450001,11.343654,31200
2001-05-25,26.200001,26.200001,25.299999,25.490000,10.931932,8100
2001-05-29,25.450001,26.150000,24.969999,25.110001,10.768965,16200
2001-05-30,25.100000,25.500000,24.379999,24.959999,10.704635,15200
2001-05-31,25.150000,26.200001,24.299999,24.549999,10.528795,25400
2001-06-01,24.600000,25.600000,24.120001,24.879999,10.670329,30900
2001-06-04,24.879999,26.070000,24.750000,26.070000,11.180679,9700
2001-06-05,26.070000,26.200001,25.180000,26.139999,11.210701,12500
2001-06-06,26.139999,26.520000,25.750000,26.350000,11.300769,28800
2001-06-07,25.600000,27.000000,25.600000,27.000000,11.579535,14100
2001-06-08,26.990000,27.000000,25.129999,25.250000,10.829006,33200
2001-06-11,25.290001,26.500000,25.100000,25.750000,11.043443,19900
2001-06-12,25.760000,27.400000,25.650000,27.049999,11.600972,21900
2001-06-13,27.000000,27.240000,26.900000,26.950001,11.558091,30300
2001-06-14,26.559999,27.430000,26.549999,26.809999,11.498040,23600
2001-06-15,26.879999,27.459999,26.760000,27.459999,11.776808,45500
2001-06-18,26.750000,27.459999,26.400000,26.459999,11.347941,15300
2001-06-19,26.580000,27.430000,26.580000,27.000000,11.579535,6000
2001-06-20,26.990000,28.000000,26.530001,27.959999,11.991249,27500
2001-06-21,27.990000,28.000000,25.870001,27.910000,11.969807,27500
2001-06-22,27.959999,28.000000,26.200001,26.660000,11.433720,20400
2001-06-25,26.670000,27.690001,26.430000,27.000000,11.579535,16300
2001-06-26,26.990000,27.850000,26.799999,27.799999,11.922628,19700
2001-06-27,27.760000,28.010000,27.379999,28.000000,12.008403,21600
2001-06-28,27.990000,28.500000,27.160000,28.500000,12.222836,38700
2001-06-29,28.500000,30.100000,27.250000,27.750000,11.901190,50300
2001-07-02,29.360001,29.370001,28.100000,29.219999,12.531630,23700
2001-07-03,28.750000,29.520000,28.750000,29.000000,12.437273,19900
2001-07-05,29.010000,29.590000,28.129999,28.170000,12.081310,11300
2001-07-06,28.170000,28.750000,27.809999,28.049999,12.029848,11600
2001-07-09,27.850000,28.750000,27.260000,28.260000,12.119911,13800
2001-07-10,28.260000,29.290001,27.309999,27.309999,11.712479,32000
2001-07-11,27.100000,27.940001,26.950001,26.950001,11.558091,15300
2001-07-12,27.549999,28.750000,27.059999,28.200001,12.094174,14400
2001-07-13,28.500000,28.969999,27.620001,28.610001,12.270016,10800
2001-07-16,28.250000,29.450001,28.240000,28.240000,12.111333,23600
2001-07-17,28.250000,29.139999,28.100000,28.740000,12.325768,21600
2001-07-18,28.840000,29.160000,27.900000,28.020000,12.016978,20900
2001-07-19,27.840000,28.879999,27.799999,28.809999,12.355791,10300
2001-07-20,28.299999,28.799999,27.700001,28.600000,12.265727,5800
2001-07-23,28.799999,28.799999,27.250000,27.250000,11.686749,18000
2001-07-24,27.290001,27.950001,27.030001,27.750000,11.901190,16000
2001-07-25,27.230000,28.000000,27.049999,27.990000,12.004115,11000
2001-07-26,27.980000,29.299999,27.090000,29.250000,12.544490,24600
2001-07-27,29.150000,29.150000,27.000000,27.150000,11.643861,12100
2001-07-30,27.000000,28.750000,27.000000,28.750000,12.330061,18600
2001-07-31,27.750000,28.370001,27.209999,27.530001,11.806835,27900
2001-08-01,27.500000,29.750000,27.500000,29.740000,12.754645,61100
2001-08-02,27.750000,29.969999,27.750000,29.780001,12.771794,27600
2001-08-03,28.790001,30.000000,28.160000,28.500000,12.222836,26500
2001-08-06,28.000000,28.740000,27.900000,27.910000,11.969807,19800
2001-08-07,28.750000,29.799999,28.010000,28.750000,12.330061,14700
2001-08-08,29.120001,29.120001,28.020000,28.750000,12.330061,5700
2001-08-09,28.090000,29.120001,28.059999,29.120001,12.488743,17800
2001-08-10,28.200001,29.190001,28.160000,29.000000,12.437273,14500
2001-08-13,29.120001,29.120001,28.100000,28.850000,12.484877,18500
2001-08-14,28.230000,29.260000,28.230000,28.230000,12.216575,21600
2001-08-15,28.280001,28.650000,28.200001,28.650000,12.398328,8300
2001-08-16,28.629999,29.500000,28.209999,29.500000,12.766164,11900
2001-08-17,28.360001,29.360001,28.200001,28.930000,12.519496,6800
2001-08-20,29.049999,29.500000,28.520000,29.490000,12.761839,15200
2001-08-21,29.490000,29.500000,28.750000,28.750000,12.441606,4300
2001-08-22,28.750000,29.500000,28.250000,28.920000,12.515172,19000
2001-08-23,29.200001,29.500000,28.309999,28.559999,12.359380,16000
2001-08-24,28.570000,29.340000,28.570000,29.340000,12.696923,10600
2001-08-27,29.309999,29.440001,28.420000,28.469999,12.320430,11500
2001-08-28,28.469999,29.020000,28.420000,28.490000,12.329089,6200
2001-08-29,28.770000,28.770000,28.209999,28.209999,12.207912,12300
2001-08-30,28.500000,28.750000,28.180000,28.590000,12.372367,8400
2001-08-31,28.250000,28.750000,28.250000,28.350000,12.268499,7100
2001-09-04,28.209999,29.400000,28.209999,28.700001,12.419969,19700
2001-09-05,29.400000,29.400000,28.600000,29.360001,12.705586,17800
2001-09-06,28.450001,29.360001,28.450001,28.730000,12.432950,15600
2001-09-07,29.280001,29.290001,28.750000,29.000000,12.549788,10600
2001-09-10,29.250000,29.799999,28.900000,29.440001,12.740198,27700
2001-09-17,28.860001,29.500000,28.299999,28.950001,12.528157,22100
2001-09-18,29.190001,29.190001,28.750000,29.030001,12.562773,17400
2001-09-19,28.750000,29.139999,28.600000,29.139999,12.610376,29900
2001-09-20,28.320000,28.840000,28.120001,28.280001,12.238210,16400
2001-09-21,26.959999,28.700001,26.750000,27.959999,12.099730,45000
2001-09-24,27.610001,27.750000,26.980000,27.420000,11.866041,13900
2001-09-25,27.040001,27.750000,27.040001,27.750000,12.008855,12400
2001-09-26,27.920000,27.920000,26.910000,27.100000,11.727565,11200
2001-09-27,27.570000,29.090000,27.049999,29.090000,12.588741,34600
2001-09-28,29.000000,29.000000,27.889999,28.350000,12.268499,27000
2001-10-01,28.370001,28.370001,27.500000,28.040001,12.134346,27800
2001-10-02,27.950001,28.500000,27.570000,28.500000,12.333411,11200
2001-10-03,28.200001,29.120001,27.750000,28.850000,12.484877,24800
2001-10-04,27.990000,29.240000,27.990000,29.070000,12.580081,12800
2001-10-05,27.920000,29.230000,27.920000,29.020000,12.558447,10100
2001-10-08,28.500000,29.049999,28.440001,29.049999,12.571428,6000
2001-10-09,28.500000,28.500000,28.000000,28.350000,12.268499,22500
2001-10-10,28.500000,28.920000,28.160000,28.900000,12.506518,23900
2001-10-11,28.730000,29.150000,28.129999,28.639999,12.394002,14600
2001-10-12,28.170000,28.650000,28.150000,28.650000,12.398328,7600
2001-10-15,28.350000,28.959999,28.230000,28.620001,12.385345,16500
2001-10-16,28.389999,29.230000,28.389999,28.770000,12.450261,23100
2001-10-17,28.400000,28.799999,28.260000,28.270000,12.233885,13400
2001-10-18,28.270000,28.700001,28.270000,28.559999,12.359380,10600
2001-10-19,28.400000,29.010000,28.400000,29.000000,12.549788,20600
2001-10-22,29.000000,29.000000,28.330000,28.799999,12.463239,13400
2001-10-23,29.020000,29.049999,28.410000,28.900000,12.506518,8800
2001-10-24,28.379999,28.809999,28.370001,28.809999,12.467569,12500
2001-10-25,28.900000,29.900000,28.389999,29.900000,12.939264,23100
2001-10-26,28.400000,29.410000,28.400000,28.950001,12.528157,19100
2001-10-29,29.290001,29.290001,28.400000,28.440001,12.307447,7900
2001-10-30,28.440001,28.870001,27.950001,28.870001,12.493532,11400
2001-10-31,28.980000,29.110001,28.260000,28.260000,12.229554,17600
2001-11-01,28.070000,29.170000,28.070000,29.000000,12.549788,27200
2001-11-02,29.000000,29.000000,28.510000,28.510000,12.337738,11800
2001-11-05,28.700001,29.100000,28.500000,28.980000,12.541130,18800
2001-11-06,29.100000,29.350000,28.549999,29.350000,12.701255,18200
2001-11-07,29.440001,29.450001,28.500000,28.500000,12.333411,17100
2001-11-08,28.700001,29.000000,28.469999,28.809999,12.467569,10000
2001-11-09,28.570000,28.969999,28.500000,28.620001,12.385345,12600
2001-11-12,28.610001,28.959999,28.250000,28.900000,12.506518,15100
2001-11-13,28.900000,28.900000,28.450001,28.570000,12.475945,19300
2001-11-14,28.680000,28.680000,28.309999,28.330000,12.371141,32900
2001-11-15,28.600000,28.840000,28.299999,28.309999,12.362410,4100
2001-11-16,28.480000,28.790001,28.340000,28.600000,12.489048,5000
2001-11-19,28.450001,28.799999,28.340000,28.799999,12.576381,8200
2001-11-20,28.799999,28.930000,28.530001,28.750000,12.554554,13200
2001-11-21,28.840000,28.840000,28.209999,28.209999,12.318741,14600
2001-11-23,28.670000,28.790001,28.500000,28.600000,12.489048,3600
2001-11-26,28.620001,29.000000,28.570000,28.980000,12.654989,15200
2001-11-27,28.990000,28.990000,28.559999,28.879999,12.611320,6800
2001-11-28,28.570000,28.570000,28.010000,28.020000,12.235775,29400
2001-11-29,27.920000,28.879999,27.920000,28.879999,12.611320,20100
2001-11-30,28.330000,28.879999,28.209999,28.240000,12.331843,18700
2001-12-03,28.260000,28.350000,27.900000,27.920000,12.192107,25900
2001-12-04,28.139999,28.500000,27.860001,28.500000,12.445375,11100
2001-12-05,28.549999,29.370001,28.500000,29.370001,12.825293,43700
2001-12-06,29.150000,29.299999,28.799999,29.299999,12.794724,17200
2001-12-07,29.290001,29.299999,28.930000,29.280001,12.785995,32700
2001-12-10,29.299999,30.340000,29.139999,29.809999,13.017433,50900
2001-12-11,29.000000,29.870001,28.820000,28.889999,12.615687,16900
2001-12-12,28.910000,29.799999,28.910000,29.799999,13.013064,24400
2001-12-13,29.350000,29.660000,29.250000,29.299999,12.794724,12300
2001-12-14,29.490000,29.860001,29.350000,29.440001,12.855858,23300
2001-12-17,29.690001,30.500000,29.610001,30.469999,13.305638,38100
2001-12-18,30.490000,30.500000,29.639999,30.500000,13.318738,44800
2001-12-19,30.000000,30.400000,29.650000,29.650000,12.947563,15600
2001-12-20,29.639999,29.990000,29.110001,29.110001,12.711758,32800
2001-12-21,30.010000,30.240000,29.000000,29.840000,13.030530,122000
2001-12-24,29.190001,30.490000,29.190001,30.480000,13.310009,14300
2001-12-26,30.500000,30.600000,30.070000,30.500000,13.318738,19900
2001-12-27,30.350000,30.559999,29.969999,30.559999,13.344941,22600
2001-12-28,30.280001,30.490000,29.920000,30.490000,13.314377,18900
2001-12-31,30.490000,30.490000,29.139999,29.139999,12.724856,23600
2002-01-02,28.740000,29.020000,26.799999,28.559999,12.471582,55700
2002-01-03,28.620001,29.490000,28.620001,29.400000,12.838390,16400
2002-01-04,28.760000,30.190001,28.760000,30.100000,13.144067,32000
2002-01-07,30.070000,30.080000,27.260000,27.549999,12.030530,32600
2002-01-08,29.000000,29.700001,27.750000,29.490000,12.877700,23100
2002-01-09,28.500000,29.900000,28.309999,28.320000,12.366776,57400
2002-01-10,28.520000,28.600000,28.049999,28.200001,12.314375,29700
2002-01-11,28.440001,28.520000,27.100000,27.100000,11.834029,48500
2002-01-14,27.100000,27.969999,27.100000,27.100000,11.834029,42500
2002-01-15,27.480000,27.650000,27.000000,27.600000,12.052368,16400
2002-01-16,27.930000,27.930000,27.049999,27.049999,11.812193,27900
2002-01-17,27.000000,28.400000,27.000000,28.350000,12.379880,22000
2002-01-18,28.000000,28.000000,26.250000,26.260000,11.467219,30700
2002-01-22,27.049999,27.150000,25.950001,25.950001,11.331847,25000
2002-01-23,25.950001,27.520000,25.750000,27.520000,12.017436,21800
2002-01-24,26.959999,27.760000,26.959999,27.559999,12.034903,31300
2002-01-25,27.000000,28.090000,27.000000,27.250000,11.899529,37300
2002-01-28,27.070000,28.200001,27.070000,28.049999,12.248876,36200
2002-01-29,28.100000,28.139999,27.250000,27.440001,11.982500,33900
2002-01-30,28.299999,28.480000,27.150000,28.420000,12.410442,28700
2002-01-31,28.490000,28.600000,27.760000,28.600000,12.489048,32100
2002-02-01,28.590000,29.150000,27.980000,27.980000,12.218307,38400
2002-02-04,27.980000,28.900000,27.750000,28.400000,12.401717,32800
2002-02-05,28.400000,29.639999,28.150000,29.639999,12.943193,27000
2002-02-06,29.410000,29.410000,28.320000,29.150000,12.729228,52400
2002-02-07,29.299999,29.350000,28.049999,28.049999,12.248876,25600
2002-02-08,28.389999,29.299999,28.010000,29.250000,12.772886,35700
2002-02-11,28.870001,29.250000,28.450001,28.799999,12.576381,27000
2002-02-12,28.790001,29.250000,28.570000,29.200001,12.751061,7600
2002-02-13,29.100000,29.250000,28.780001,29.219999,12.876652,11200
2002-02-14,28.900000,29.219999,28.260000,28.480000,12.550547,23400
2002-02-15,28.370001,28.870001,27.750000,28.000000,12.339023,22300
2002-02-19,28.309999,28.309999,27.170000,27.170000,11.973259,19100
2002-02-20,27.190001,28.750000,27.180000,28.750000,12.669530,30600
2002-02-21,28.740000,28.969999,27.900000,28.309999,12.475634,45900
2002-02-22,28.500000,29.280001,27.900000,29.110001,12.828176,29200
2002-02-25,29.000000,29.000000,28.139999,28.580000,12.594614,37900
2002-02-26,28.450001,28.610001,28.230000,28.330000,12.484448,17100
2002-02-27,28.240000,28.600000,28.080000,28.459999,12.541738,14300
2002-02-28,28.459999,28.600000,28.070000,28.070000,12.369871,15200
2002-03-01,28.490000,28.920000,28.230000,28.910000,12.740039,33900
2002-03-04,28.900000,28.920000,28.200001,28.200001,12.427156,29800
2002-03-05,28.750000,29.000000,28.440001,28.990000,12.775290,24400
2002-03-06,28.950001,29.330000,28.570000,29.330000,12.925128,35500
2002-03-07,29.219999,29.250000,28.950001,29.000000,12.779700,35000
2002-03-08,28.980000,29.490000,28.959999,29.490000,12.995633,14300
2002-03-11,29.500000,29.549999,29.100000,29.549999,13.022073,30500
2002-03-12,29.570000,29.700001,29.200001,29.700001,13.088180,28100
2002-03-13,29.389999,29.980000,29.389999,29.980000,13.211565,12400
2002-03-14,30.000000,30.000000,29.120001,29.790001,13.127834,18800
2002-03-15,29.250000,29.950001,28.900000,29.889999,13.171906,47300
2002-03-18,29.500000,30.000000,29.360001,30.000000,13.220382,17100
2002-03-19,30.000000,30.000000,29.900000,29.990000,13.215976,10600
2002-03-20,30.000000,30.000000,29.500000,29.530001,13.013265,12600
2002-03-21,29.660000,30.000000,29.420000,30.000000,13.220382,16400
2002-03-22,30.000000,30.240000,29.610001,29.980000,13.211565,22900
2002-03-25,30.100000,30.100000,29.600000,29.670000,13.074955,23100
2002-03-26,29.660000,30.900000,29.059999,30.340000,13.370214,32200
2002-03-27,30.870001,31.629999,30.309999,31.629999,13.938688,24200
2002-03-28,31.490000,31.799999,30.660000,30.870001,13.603772,47000
2002-04-01,30.990000,31.370001,30.400000,31.260000,13.775639,37900
2002-04-02,31.010000,32.520000,30.620001,31.010000,13.665462,50500
2002-04-03,31.250000,32.459999,31.250000,32.360001,14.260382,19300
2002-04-04,32.259998,32.439999,31.420000,31.719999,13.978347,18600
2002-04-05,31.799999,32.139999,31.430000,31.490000,13.876992,20200
2002-04-08,31.820000,31.820000,30.860001,31.790001,14.009198,29800
2002-04-09,31.740000,31.740000,30.520000,30.700001,13.528856,16800
2002-04-10,31.000000,31.809999,30.660000,31.690001,13.965130,22500
2002-04-11,31.790001,31.950001,31.010000,31.010000,13.665462,18400
2002-04-12,31.020000,33.040001,30.740000,32.900002,14.498348,50700
2002-04-15,32.500000,32.770000,31.670000,31.990000,14.097324,21300
2002-04-16,32.000000,33.400002,31.670000,33.380001,14.709875,29200
2002-04-17,32.500000,33.230000,32.500000,33.189999,14.626152,12700
2002-04-18,32.349998,33.000000,31.379999,32.490002,14.317672,29800
2002-04-19,32.139999,32.689999,32.009998,32.619999,14.374961,22200
2002-04-22,32.720001,32.720001,31.110001,31.490000,13.876992,22500
2002-04-23,31.740000,32.200001,31.500000,31.750000,13.991566,16200
2002-04-24,31.879999,32.549999,31.360001,31.379999,13.828520,20600
2002-04-25,31.959999,32.459999,31.459999,32.459999,14.304455,12600
2002-04-26,31.879999,32.450001,31.570000,31.590000,13.921058,22400
2002-04-29,31.580000,33.000000,31.510000,33.000000,14.542416,33900
2002-04-30,32.939999,34.020000,32.700001,34.000000,14.983104,42200
2002-05-01,34.000000,34.900002,33.119999,34.110001,15.031573,39100
2002-05-02,33.750000,33.990002,32.660000,33.660000,14.833268,51700
2002-05-03,33.689999,33.689999,31.650000,32.549999,14.344114,50500
2002-05-06,32.200001,32.650002,31.540001,31.540001,13.899029,16300
2002-05-07,32.189999,32.430000,31.010000,31.250000,13.771228,22000
2002-05-08,31.350000,32.340000,31.049999,32.180000,14.181066,19100
2002-05-09,32.080002,32.490002,31.200001,31.200001,13.749194,17100
2002-05-10,31.270000,31.270000,29.700001,29.940001,13.193947,27100
2002-05-13,29.750000,30.730000,29.610001,30.559999,13.587423,31700
2002-05-14,30.920000,33.400002,30.920000,32.570000,14.481097,67700
2002-05-15,32.500000,32.770000,31.059999,32.770000,14.570031,41400
2002-05-16,31.750000,32.570000,31.059999,31.379999,13.952009,35300
2002-05-17,31.969999,31.969999,31.100000,31.360001,13.943117,20600
2002-05-20,31.209999,31.309999,30.780001,31.129999,13.840853,11900
2002-05-21,31.150000,31.809999,29.959999,30.690001,13.645226,18900
2002-05-22,30.700001,30.700001,30.000000,30.059999,13.365123,22300
2002-05-23,30.100000,31.650000,29.879999,31.540001,14.023149,30700
2002-05-24,30.330000,31.480000,29.879999,30.000000,13.338437,26400
2002-05-28,29.870001,30.440001,29.870001,30.430000,13.529624,18500
2002-05-29,30.309999,30.410000,29.950001,30.100000,13.382902,22900
2002-05-30,30.020000,30.430000,29.760000,30.430000,13.529624,21900
2002-05-31,30.430000,30.959999,29.950001,30.000000,13.338437,42100
2002-06-03,30.000000,30.049999,29.750000,29.809999,13.253963,38300
2002-06-04,29.900000,30.730000,29.840000,30.500000,13.560752,19600
2002-06-05,30.730000,30.750000,29.900000,30.270000,13.458486,14800
2002-06-06,30.520000,30.520000,29.950001,29.950001,13.316213,62200
2002-06-07,30.340000,30.469999,29.900000,30.250000,13.449589,18500
2002-06-10,30.250000,30.940001,30.049999,30.809999,13.698577,27900
2002-06-11,30.900000,31.100000,30.410000,30.500000,13.560752,20100
2002-06-12,31.200001,31.200001,30.500000,30.900000,13.738593,24100
2002-06-13,30.799999,31.020000,30.059999,30.059999,13.365123,32100
2002-06-14,30.000000,30.559999,29.500000,29.790001,13.245071,23600
2002-06-17,29.950001,30.280001,29.000000,30.200001,13.427360,22500
2002-06-18,30.209999,30.940001,29.850000,29.950001,13.316213,20900
2002-06-19,29.950001,30.450001,28.910000,28.950001,12.871594,29700
2002-06-20,28.959999,29.530001,28.750000,28.760000,12.787119,44600
2002-06-21,29.000000,29.740000,28.900000,29.299999,13.027207,84800
2002-06-24,29.200001,29.879999,28.500000,29.459999,13.098351,32400
2002-06-25,29.290001,30.400000,29.290001,29.990000,13.333993,30100
2002-06-26,29.250000,31.790001,29.250000,31.790001,14.134299,40000
2002-06-27,31.290001,32.000000,31.280001,31.430000,13.974239,39600
2002-06-28,31.280001,32.000000,31.170000,31.520000,14.014255,108700
2002-07-01,31.150000,31.500000,30.400000,30.889999,13.734147,51300
2002-07-02,31.230000,31.299999,29.320000,29.320000,13.036100,24400
2002-07-03,29.340000,29.980000,28.980000,29.420000,13.080560,21400
2002-07-05,29.420000,30.270000,29.420000,30.170000,13.414020,9200
2002-07-08,30.250000,30.680000,29.320000,29.690001,13.200613,34800
2002-07-09,29.700001,30.190001,29.350000,29.639999,13.178377,23500
2002-07-10,29.400000,29.889999,28.910000,29.400000,13.071672,23400
2002-07-11,28.870001,30.270000,28.760000,29.240000,13.000528,19300
2002-07-12,29.530001,29.540001,28.330000,28.330000,12.595934,21500
2002-07-15,28.250000,29.180000,27.730000,27.870001,12.391414,34300
2002-07-16,27.860001,27.889999,26.490000,26.879999,11.951240,31600
2002-07-17,26.520000,27.740000,26.190001,27.660000,12.298044,35800
2002-07-18,27.650000,27.840000,26.049999,26.049999,11.582215,19300
2002-07-19,26.299999,26.570000,25.049999,25.049999,11.137588,53100
2002-07-22,25.270000,25.980000,24.820000,25.340000,11.266535,34000
2002-07-23,25.820000,25.830000,23.209999,24.000000,10.670752,68300
2002-07-24,24.200001,26.129999,22.820000,26.129999,11.617780,46000
2002-07-25,26.180000,28.430000,25.500000,27.870001,12.391414,33400
2002-07-26,26.900000,28.299999,26.900000,28.299999,12.582592,23100
2002-07-29,27.650000,29.459999,27.469999,29.459999,13.098351,44600
2002-07-30,29.459999,29.670000,27.670000,29.080000,12.929393,38600
2002-07-31,28.230000,29.100000,28.040001,28.110001,12.498116,31300
2002-08-01,28.400000,28.799999,27.870001,28.160000,12.520350,11700
2002-08-02,28.000000,29.090000,28.000000,28.500000,12.671515,35700
2002-08-05,28.510000,28.719999,27.480000,27.700001,12.315826,18900
2002-08-06,27.520000,28.910000,27.520000,28.620001,12.724870,20000
2002-08-07,28.010000,28.750000,27.629999,28.750000,12.782674,22200
2002-08-08,28.740000,28.740000,27.900000,28.490000,12.667069,10800
2002-08-09,27.930000,28.980000,27.900000,28.100000,12.493668,22100
2002-08-12,28.100000,28.730000,27.790001,28.730000,12.773774,7500
2002-08-13,27.400000,27.760000,26.110001,26.120001,11.721448,26300
2002-08-14,27.000000,28.000000,25.650000,28.000000,12.565107,29600
2002-08-15,28.040001,28.250000,27.020000,27.230000,12.219573,11000
2002-08-16,27.240000,27.900000,27.049999,27.629999,12.399070,12500
2002-08-19,27.090000,27.770000,26.959999,27.500000,12.340733,17700
2002-08-20,27.490000,27.690001,26.799999,26.799999,12.026605,8800
2002-08-21,27.000000,27.500000,25.850000,26.290001,11.797735,28700
2002-08-22,26.010000,26.299999,25.760000,26.000000,11.667602,22800
2002-08-23,26.000000,26.209999,25.430000,25.660000,11.515023,31800
2002-08-26,26.219999,26.940001,25.760000,26.580000,11.927883,27400
2002-08-27,27.160000,27.370001,26.150000,26.860001,12.053531,20900
2002-08-28,26.309999,26.969999,25.580000,25.600000,11.488096,15300
2002-08-29,26.209999,26.809999,25.820000,26.809999,12.031091,20500
2002-08-30,26.809999,27.379999,26.180000,26.379999,11.838131,41400
2002-09-03,26.680000,26.680000,23.410000,23.969999,10.756632,52700
2002-09-04,24.049999,25.280001,23.969999,24.980000,11.209871,44600
2002-09-05,25.020000,26.049999,25.000000,25.600000,11.488096,27100
2002-09-06,25.990000,27.500000,25.600000,27.490000,12.336242,22700
2002-09-09,27.480000,27.490000,26.900000,27.129999,12.174686,39600
2002-09-10,27.250000,27.500000,24.610001,25.070000,11.250258,164700
2002-09-11,25.750000,25.830000,23.230000,23.799999,10.680340,332600
2002-09-12,24.250000,24.500000,23.900000,23.900000,10.725220,29600
2002-09-13,24.240000,25.240000,24.000000,25.080000,11.254745,33800
2002-09-16,25.030001,25.320000,24.500000,25.010000,11.223331,42400
2002-09-17,25.420000,25.520000,24.559999,24.750000,11.106657,43900
2002-09-18,24.410000,25.990000,24.410000,25.610001,11.492588,26100
2002-09-19,25.410000,25.480000,24.750000,24.750000,11.106657,27200
2002-09-20,24.900000,25.240000,24.490000,25.180000,11.299618,103200
2002-09-23,24.620001,25.299999,24.030001,24.670000,11.070763,39900
2002-09-24,24.250000,24.959999,23.650000,24.770000,11.115634,35300
2002-09-25,24.840000,26.120001,24.110001,26.120001,11.721448,46800
2002-09-26,25.709999,27.100000,25.700001,27.100000,12.161235,31600
2002-09-27,27.090000,27.090000,25.000000,26.160000,11.739396,46300
2002-09-30,25.170000,26.400000,25.049999,26.340000,11.820178,37300
2002-10-01,26.120001,27.299999,25.450001,27.000000,12.116355,45300
2002-10-02,27.000000,28.440001,26.900000,27.180000,12.197132,87500
2002-10-03,27.000000,28.209999,27.000000,27.280001,12.242006,25200
2002-10-04,27.070000,27.840000,26.740000,27.379999,12.286881,17900
2002-10-07,27.150000,27.860001,27.150000,27.500000,12.340733,17200
2002-10-08,27.330000,27.840000,27.150000,27.610001,12.390097,31000
2002-10-09,27.350000,27.730000,27.120001,27.120001,12.170204,38800
2002-10-10,27.080000,27.570000,26.750000,27.379999,12.286881,17900
2002-10-11,27.260000,27.440001,26.549999,26.959999,12.098404,24100
2002-10-14,26.559999,27.000000,25.530001,25.530001,11.456685,59600
2002-10-15,26.020000,27.500000,26.020000,26.700001,11.981730,38500
2002-10-16,26.740000,27.000000,25.219999,25.240000,11.326547,38600
2002-10-17,25.420000,26.510000,25.420000,26.510000,11.896462,27500
2002-10-18,26.170000,26.990000,26.170000,26.889999,12.066990,12800
2002-10-21,26.760000,27.500000,26.750000,27.240000,12.224058,15100
2002-10-22,27.250000,27.440001,26.709999,27.049999,12.138792,17200
2002-10-23,27.059999,27.990000,26.709999,27.969999,12.551643,14300
2002-10-24,27.990000,27.990000,26.910000,26.910000,12.075966,19500
2002-10-25,27.520000,27.830000,27.010000,27.830000,12.488818,14300
2002-10-28,27.139999,27.950001,27.139999,27.350000,12.273412,29000
2002-10-29,27.740000,27.790001,27.110001,27.740000,12.448431,16900
2002-10-30,27.129999,28.040001,27.129999,28.000000,12.565107,24200
2002-10-31,27.950001,28.459999,27.950001,28.059999,12.592033,34400
2002-11-01,28.000000,29.000000,28.000000,29.000000,13.013860,47800
2002-11-04,28.790001,29.000000,28.420000,28.940001,12.986938,22700
2002-11-05,28.889999,29.000000,28.350000,29.000000,13.013860,15800
2002-11-06,29.000000,29.219999,28.650000,29.129999,13.072202,29700
2002-11-07,28.959999,28.959999,28.299999,28.299999,12.699734,14600
2002-11-08,28.889999,28.889999,28.270000,28.290001,12.695246,12100
2002-11-11,28.340000,28.340000,27.440001,27.900000,12.520230,18000
2002-11-12,27.910000,28.469999,27.610001,27.920000,12.529200,16900
2002-11-13,27.910000,28.600000,27.260000,27.490000,12.454453,18500
2002-11-14,27.200001,28.240000,27.160000,28.020000,12.694576,16900
2002-11-15,28.010000,28.360001,28.000000,28.000000,12.685511,9000
2002-11-18,28.000000,28.540001,26.360001,26.559999,12.033117,24300
2002-11-19,26.559999,27.290001,26.170000,26.270000,11.901727,12800
2002-11-20,26.110001,27.790001,26.110001,27.790001,12.590368,16700
2002-11-21,27.709999,28.990000,27.389999,28.850000,13.070609,36500
2002-11-22,28.870001,29.000000,28.610001,29.000000,13.138563,19200
2002-11-25,29.000000,29.000000,28.200001,28.700001,13.002651,16800
2002-11-26,28.059999,28.379999,27.299999,27.730000,12.563192,27000
2002-11-27,27.580000,28.860001,27.580000,28.860001,13.075136,20200
2002-11-29,28.780001,28.790001,27.940001,28.000000,12.685511,20100
2002-12-02,28.950001,28.969999,26.910000,27.049999,12.255105,41500
2002-12-03,27.049999,27.600000,26.230000,26.600000,12.051232,33700
2002-12-04,26.510000,27.040001,26.510000,26.540001,12.024053,13600
2002-12-05,27.059999,27.100000,26.600000,27.010000,12.236985,23900
2002-12-06,26.620001,27.889999,26.620001,27.889999,12.635677,20100
2002-12-09,27.889999,27.900000,26.840000,27.180000,12.314012,95800
2002-12-10,27.910000,28.059999,27.320000,27.709999,12.554128,22900
2002-12-11,27.900000,28.110001,27.540001,28.010000,12.690046,14700
2002-12-12,28.090000,28.120001,27.719999,28.100000,12.730814,11800
2002-12-13,28.120001,28.120001,27.540001,27.559999,12.486165,10700
2002-12-16,27.549999,28.090000,27.549999,28.080000,12.721751,20700
2002-12-17,28.000000,28.400000,27.799999,28.309999,12.825959,20500
2002-12-18,28.260000,28.350000,27.850000,28.209999,12.780655,13300
2002-12-19,28.150000,28.360001,28.010000,28.280001,12.812362,15500
2002-12-20,27.750000,28.889999,27.719999,28.790001,13.043423,60100
2002-12-23,28.080000,29.000000,28.080000,28.980000,13.129504,31400
2002-12-24,28.750000,29.049999,28.750000,28.809999,13.052485,16100
2002-12-26,28.799999,29.040001,28.500000,28.780001,13.038891,8000
2002-12-27,28.700001,28.700001,27.549999,27.690001,12.545065,24700
2002-12-30,27.500000,27.740000,26.850000,26.870001,12.173564,32300
2002-12-31,26.930000,27.230000,26.469999,26.900000,12.187154,42600
2003-01-02,27.000000,27.139999,26.120001,27.090000,12.273233,49100
2003-01-03,27.490000,28.010000,26.549999,27.959999,12.667391,34400
2003-01-06,27.990000,28.590000,27.940001,28.500000,12.912040,23400
2003-01-07,28.010000,28.240000,27.950001,28.129999,12.744407,22700
2003-01-08,27.990000,27.990000,26.219999,27.059999,12.259642,111100
2003-01-09,26.930000,27.340000,26.900000,27.000000,12.232457,27200
2003-01-10,27.090000,27.160000,26.660000,26.959999,12.214332,15800
2003-01-13,26.950001,27.250000,26.940001,26.950001,12.209805,36500
2003-01-14,26.809999,27.010000,26.809999,26.940001,12.205275,23800
2003-01-15,27.379999,27.379999,26.500000,26.750000,12.119197,35000
2003-01-16,27.250000,27.290001,26.540001,26.870001,12.173564,32100
2003-01-17,26.750000,27.100000,26.500000,26.610001,12.055771,16600
2003-01-21,26.510000,26.530001,25.100000,25.450001,11.530222,45800
2003-01-22,25.889999,25.950001,25.100000,25.799999,11.688793,30900
2003-01-23,25.799999,26.830000,25.500000,26.730000,12.110138,29800
2003-01-24,26.730000,26.730000,25.629999,25.629999,11.611773,31700
2003-01-27,25.730000,25.730000,24.950001,24.990000,11.321817,23700
2003-01-28,24.950001,25.980000,24.730000,25.850000,11.711445,21700
2003-01-29,25.120001,26.150000,24.910000,25.969999,11.765813,19400
2003-01-30,26.000000,26.010000,25.150000,25.150000,11.394309,28900
2003-01-31,25.010000,26.500000,25.000000,26.480000,11.996866,21900
2003-02-03,26.070000,26.510000,25.200001,25.799999,11.688793,22800
2003-02-04,25.799999,26.450001,25.000000,26.299999,11.915319,36500
2003-02-05,26.030001,26.340000,25.410000,25.700001,11.643491,26200
2003-02-06,25.510000,26.309999,25.400000,25.840000,11.706915,32400
2003-02-07,26.500000,26.610001,24.730000,24.740000,11.208559,46100
2003-02-10,25.080000,25.219999,24.520000,25.139999,11.389778,34200
2003-02-11,25.160000,25.180000,24.500000,24.500000,11.099825,30800
2003-02-12,24.980000,24.980000,24.000000,24.000000,10.994459,32400
2003-02-13,24.250000,24.930000,23.760000,24.770000,11.347204,22100
2003-02-14,24.770000,24.990000,24.030001,24.370001,11.163959,22900
2003-02-18,24.520000,24.990000,24.080000,24.780001,11.351780,14100
2003-02-19,24.980000,25.250000,23.780001,24.600000,11.269319,33900
2003-02-20,24.850000,24.850000,24.200001,24.330000,11.145636,19600
2003-02-21,24.809999,25.500000,24.490000,25.490000,11.677032,25600
2003-02-24,25.510000,25.510000,24.450001,24.469999,11.209769,21700
2003-02-25,24.660000,24.980000,24.000000,24.980000,11.443400,33300
2003-02-26,24.940001,25.049999,24.080000,24.650000,11.292227,21500
2003-02-27,24.730000,24.860001,24.170000,24.620001,11.278483,35300
2003-02-28,24.360001,24.830000,24.240000,24.240000,11.104405,18900
2003-03-03,24.610001,24.610001,24.080000,24.520000,11.232674,24300
2003-03-04,24.370001,24.770000,24.320000,24.389999,11.173119,12300
2003-03-05,24.809999,25.150000,24.540001,24.750000,11.338036,15900
2003-03-06,24.950001,25.190001,24.379999,24.500000,11.223506,39300
2003-03-07,24.350000,24.950001,24.350000,24.660000,11.296803,32900
2003-03-10,24.639999,24.959999,24.480000,24.590000,11.264741,46700
2003-03-11,24.950001,25.790001,24.750000,25.639999,11.745746,39000
2003-03-12,25.260000,25.950001,25.260000,25.950001,11.887764,39400
2003-03-13,25.600000,26.900000,25.500000,26.870001,12.309216,45400
2003-03-14,26.900000,26.990000,26.180000,26.299999,12.048095,32800
2003-03-17,26.160000,27.030001,25.950001,27.030001,12.382507,38900
2003-03-18,26.600000,27.290001,26.469999,26.750000,12.254243,22500
2003-03-19,26.500000,27.000000,26.299999,27.000000,12.368770,19900
2003-03-20,26.299999,27.420000,26.299999,27.389999,12.547433,25500
2003-03-21,27.900000,27.950001,27.049999,27.690001,12.684859,45800
2003-03-24,26.620001,27.500000,26.610001,26.950001,12.345862,24400
2003-03-25,27.000000,27.330000,26.670000,27.330000,12.519943,25000
2003-03-26,27.000000,27.290001,26.459999,26.820000,12.286304,36900
2003-03-27,26.030001,26.870001,25.950001,26.469999,12.125973,33300
2003-03-28,26.490000,26.719999,26.000000,26.340000,12.066416,20300
2003-03-31,26.840000,26.840000,25.850000,25.900000,11.864851,46800
2003-04-01,25.850000,26.620001,25.500000,26.620001,12.194689,47200
2003-04-02,26.070000,27.350000,26.070000,27.200001,12.460384,37400
2003-04-03,27.120001,27.350000,26.820000,26.820000,12.286304,16700
2003-04-04,26.990000,27.209999,26.760000,26.860001,12.304635,25300
2003-04-07,27.080000,27.680000,27.080000,27.629999,12.657373,30100
2003-04-08,27.570000,27.889999,27.299999,27.639999,12.661948,37300
2003-04-09,27.020000,27.900000,26.809999,27.180000,12.451226,23700
2003-04-10,27.389999,27.700001,26.910000,27.360001,12.533683,18700
2003-04-11,27.400000,27.650000,26.900000,26.959999,12.350438,17100
2003-04-14,27.500000,27.670000,26.820000,27.549999,12.620724,23300
2003-04-15,27.690001,27.690001,27.100000,27.440001,12.570333,20400
2003-04-16,27.940001,27.940001,26.600000,26.940001,12.341283,17200
2003-04-17,27.879999,27.879999,26.809999,27.150000,12.437476,21500
2003-04-21,27.059999,27.549999,27.059999,27.540001,12.616141,10700
2003-04-22,27.730000,27.930000,27.490000,27.910000,12.785639,10900
2003-04-23,27.900000,28.000000,27.350000,28.000000,12.826870,12100
2003-04-24,27.990000,28.000000,27.760000,27.760000,12.716925,9000
2003-04-25,27.950001,27.950001,27.410000,27.719999,12.698602,5500
2003-04-28,27.760000,28.500000,27.469999,28.490000,13.051343,23000
2003-04-29,28.340000,28.469999,27.730000,27.750000,12.712343,38100
2003-04-30,27.719999,27.990000,27.400000,27.400000,12.552009,22300
2003-05-01,27.400000,27.490000,27.000000,27.100000,12.414571,28700
2003-05-02,27.129999,27.370001,26.450001,27.209999,12.464962,42000
2003-05-05,27.250000,27.250000,26.250000,26.709999,12.235916,38900
2003-05-06,26.850000,27.360001,26.760000,27.129999,12.428317,30800
2003-05-07,26.959999,27.170000,26.480000,26.510000,12.144296,28700
2003-05-08,26.520000,26.820000,26.459999,26.500000,12.139714,10800
2003-05-09,26.790001,27.250000,26.790001,26.910000,12.327536,11500
2003-05-12,26.900000,27.590000,26.900000,27.340000,12.524518,15300
2003-05-13,27.420000,27.790001,27.000000,27.610001,12.774364,16700
2003-05-14,27.670000,27.850000,27.430000,27.450001,12.700340,19100
2003-05-15,27.459999,28.250000,27.450001,28.139999,13.019579,19000
2003-05-16,27.330000,28.190001,27.330000,27.760000,12.843766,16900
2003-05-19,27.750000,28.049999,27.610001,27.629999,12.783621,14400
2003-05-20,27.650000,28.120001,27.049999,27.350000,12.654074,27800
2003-05-21,27.490000,27.490000,26.780001,27.299999,12.630936,33300
2003-05-22,27.200001,27.389999,26.900000,27.250000,12.607805,28600
2003-05-23,27.160000,27.320000,26.780001,27.309999,12.635564,49000
2003-05-27,27.200001,27.270000,27.000000,27.180000,12.575417,59800
2003-05-28,27.020000,27.420000,27.020000,27.350000,12.654074,33900
2003-05-29,27.400000,28.000000,27.150000,28.000000,12.954808,42300
2003-05-30,27.990000,28.360001,27.790001,28.139999,13.019579,38100
2003-06-02,28.200001,28.650000,28.200001,28.410000,13.144499,64600
2003-06-03,28.540001,28.540001,27.760000,28.000000,12.954808,24500
2003-06-04,28.480000,28.480000,27.790001,28.340000,13.112112,24500
2003-06-05,28.490000,28.500000,28.190001,28.379999,13.130621,19500
2003-06-06,28.580000,28.900000,28.129999,28.129999,13.014948,32900
2003-06-09,28.639999,28.639999,27.790001,27.990000,12.950181,38800
2003-06-10,28.450001,28.549999,27.879999,28.000000,12.954808,46100
2003-06-11,28.490000,28.490000,27.700001,28.190001,13.042717,38300
2003-06-12,28.000000,28.389999,27.690001,27.860001,12.890033,32800
2003-06-13,27.990000,28.000000,27.500000,27.500000,12.723471,26400
2003-06-16,27.920000,28.240000,27.600000,28.240000,13.065845,31200
2003-06-17,28.190001,28.230000,27.700001,28.150000,13.024210,16300
2003-06-18,28.000000,28.000000,27.620001,27.830000,12.876149,16400
2003-06-19,27.450001,28.000000,27.370001,27.410000,12.681828,24700
2003-06-20,28.000000,28.010000,27.309999,27.690001,12.811382,26000
2003-06-23,27.250000,27.910000,27.000000,27.000000,12.492137,26400
2003-06-24,27.110001,27.700001,26.820000,27.200001,12.584667,56000
2003-06-25,26.910000,27.500000,26.910000,27.430000,12.691084,19500
2003-06-26,27.500000,28.090000,27.010000,27.990000,12.950181,35200
2003-06-27,27.340000,28.170000,27.200001,27.240000,12.603181,27800
2003-06-30,27.900000,27.900000,25.270000,26.969999,12.478253,82400
2003-07-01,27.299999,27.490000,26.629999,26.920000,12.455126,45700
2003-07-02,27.480000,28.000000,26.950001,27.639999,12.788240,54600
2003-07-03,27.540001,27.950001,27.540001,27.790001,12.857642,8800
2003-07-07,28.000000,28.000000,27.549999,28.000000,12.954808,42300
2003-07-08,27.990000,28.410000,27.750000,28.280001,13.084354,55000
2003-07-09,28.270000,28.350000,27.469999,28.010000,12.959430,63400
2003-07-10,27.620001,28.100000,27.530001,27.610001,12.774364,18500
2003-07-11,27.520000,27.990000,27.520000,27.950001,12.931673,16900
2003-07-14,27.600000,28.090000,27.600000,27.770000,12.848394,19600
2003-07-15,27.980000,27.990000,27.650000,27.760000,12.843766,12900
2003-07-16,27.760000,27.969999,27.660000,27.760000,12.843766,17000
2003-07-17,27.760000,27.980000,27.240000,27.240000,12.603181,18700
2003-07-18,27.639999,27.639999,27.080000,27.309999,12.635564,18400
2003-07-21,27.080000,27.160000,26.730000,26.780001,12.390344,27600
2003-07-22,27.040001,27.500000,26.950001,27.500000,12.723471,17200
2003-07-23,27.299999,27.700001,26.959999,27.110001,12.543028,20300
2003-07-24,27.340000,27.740000,27.000000,27.010000,12.496758,25300
2003-07-25,27.030001,27.309999,26.980000,27.270000,12.617054,23300
2003-07-28,27.219999,27.740000,26.920000,27.629999,12.783621,18500
2003-07-29,27.000000,27.250000,26.260000,26.410000,12.219161,65200
2003-07-30,27.150000,27.150000,26.000000,26.500000,12.260798,27700
2003-07-31,26.639999,26.639999,26.010000,26.200001,12.121998,25900
2003-08-01,26.150000,26.389999,25.600000,26.000000,12.029463,52000
2003-08-04,26.010000,26.059999,25.799999,25.900000,11.983192,43500
2003-08-05,25.950001,26.860001,25.910000,25.990000,12.024834,41400
2003-08-06,26.250000,26.490000,25.930000,26.000000,12.029463,27400
2003-08-07,26.000000,26.500000,25.920000,26.350000,12.191396,28500
2003-08-08,26.299999,26.700001,26.000000,26.000000,12.029463,21500
2003-08-11,26.000000,26.120001,25.750000,26.110001,12.080356,43900
2003-08-12,25.860001,26.600000,25.860001,26.600000,12.307067,21300
2003-08-13,26.600000,26.600000,26.090000,26.440001,12.358480,23000
2003-08-14,26.070000,26.440001,25.850000,26.290001,12.288371,35000
2003-08-15,26.350000,26.500000,26.070000,26.070000,12.185540,12600
2003-08-18,26.170000,26.750000,26.040001,26.750000,12.503386,29700
2003-08-19,26.990000,27.600000,26.500000,27.600000,12.900680,51700
2003-08-20,27.590000,27.740000,27.330000,27.530001,12.867970,14500
2003-08-21,27.270000,27.750000,27.020000,27.440001,12.825901,24100
2003-08-22,26.930000,27.500000,26.200001,26.250000,12.269676,28400
2003-08-25,26.010000,26.430000,25.980000,26.160000,12.227607,19600
2003-08-26,26.000000,27.250000,25.950001,27.200001,12.713716,44100
2003-08-27,27.290001,27.290001,26.570000,27.080000,12.657627,15400
2003-08-28,27.190001,27.190001,26.530001,26.920000,12.582849,14500
2003-08-29,26.940001,26.950001,26.500000,26.620001,12.442617,9000
2003-09-02,26.500000,27.400000,26.440001,27.370001,12.793180,42300
2003-09-03,27.360001,27.370001,26.920000,26.950001,12.596866,23400
2003-09-04,27.340000,27.340000,26.670000,26.850000,12.550124,25700
2003-09-05,27.080000,27.080000,26.559999,26.590000,12.428596,22700
2003-09-08,26.850000,27.530001,26.719999,27.500000,12.853939,60700
2003-09-09,27.540001,27.540001,26.900000,27.469999,12.839916,29200
2003-09-10,27.530001,27.580000,27.000000,27.090000,12.662301,40500
2003-09-11,27.250000,27.740000,27.170000,27.600000,12.900680,27100
2003-09-12,27.590000,27.950001,27.350000,27.850000,13.017536,41000
2003-09-15,27.879999,27.900000,27.260000,27.260000,12.741766,30000
2003-09-16,27.250000,27.809999,27.250000,27.799999,12.994164,25800
2003-09-17,27.540001,27.770000,27.370001,27.370001,12.793180,6000
2003-09-18,27.639999,27.950001,27.379999,27.799999,12.994164,24900
2003-09-19,27.420000,27.980000,27.330000,27.840000,13.012865,40000
2003-09-22,27.920000,27.920000,27.250000,27.350000,12.783832,32600
2003-09-23,27.510000,27.520000,27.230000,27.520000,12.863287,16400
2003-09-24,27.280001,27.520000,26.590000,26.719999,12.489357,25300
2003-09-25,26.670000,26.840000,25.980000,25.990000,12.148146,50600
2003-09-26,26.600000,26.600000,25.879999,25.879999,12.096724,30400
2003-09-29,26.129999,26.680000,25.799999,26.670000,12.465987,34400
2003-09-30,26.700001,26.740000,25.920000,26.059999,12.180867,46400
2003-10-01,26.379999,27.280001,25.920000,27.200001,12.713716,57500
2003-10-02,27.110001,27.379999,26.850000,27.040001,12.638932,18100
2003-10-03,27.200001,27.410000,26.840000,27.280001,12.751117,24100
2003-10-06,26.930000,27.510000,26.900000,27.510000,12.858615,20800
2003-10-07,27.379999,27.510000,27.240000,27.500000,12.853939,16000
2003-10-08,27.520000,27.520000,26.770000,26.809999,12.531425,23100
2003-10-09,26.820000,27.430000,26.690001,27.240000,12.732419,23200
2003-10-10,26.980000,27.010000,26.500000,26.700001,12.480009,17100
2003-10-13,26.290001,27.139999,26.250000,27.059999,12.648281,30000
2003-10-14,27.040001,27.299999,26.900000,27.250000,12.737092,17900
2003-10-15,27.000000,27.250000,26.760000,26.770000,12.512729,14800
2003-10-16,26.879999,27.020000,26.690001,27.020000,12.629583,8500
2003-10-17,26.959999,27.070000,26.430000,26.430000,12.353802,38800
2003-10-20,26.490000,26.959999,26.250000,26.959999,12.601534,35900
2003-10-21,27.120001,27.299999,26.690001,26.950001,12.596866,25800
2003-10-22,26.540001,26.990000,26.160000,26.160000,12.227607,44200
2003-10-23,26.250000,26.790001,26.160000,26.309999,12.297722,16100
2003-10-24,26.090000,26.490000,26.000000,26.330000,12.307069,30100
2003-10-27,26.330000,26.889999,26.209999,26.879999,12.564142,17400
2003-10-28,26.750000,27.090000,26.480000,27.090000,12.662301,25700
2003-10-29,27.110001,27.150000,26.400000,26.950001,12.596866,38800
2003-10-30,26.940001,27.240000,26.480000,26.500000,12.386524,20800
2003-10-31,26.670000,27.020000,26.610001,26.690001,12.475340,19100
2003-11-03,26.620001,27.230000,26.620001,27.230000,12.727749,34100
2003-11-04,27.240000,27.330000,26.980000,27.250000,12.737092,36000
2003-11-05,27.100000,27.280001,26.889999,27.139999,12.685672,32000
2003-11-06,27.010000,27.490000,27.010000,27.490000,12.849265,20500
2003-11-07,27.500000,27.510000,27.219999,27.500000,12.853939,28000
2003-11-10,27.520000,27.520000,26.900000,26.900000,12.573494,44800
2003-11-11,27.090000,27.139999,26.600000,26.780001,12.517400,28400
2003-11-12,26.520000,27.480000,26.520000,27.200001,12.843201,20600
2003-11-13,26.770000,27.240000,26.620001,26.850000,12.677947,20800
2003-11-14,26.959999,27.090000,26.500000,26.500000,12.512677,23600
2003-11-17,26.230000,26.680000,26.230000,26.680000,12.597672,34900
2003-11-18,26.490000,26.959999,26.190001,26.190001,12.366307,25400
2003-11-19,26.209999,26.889999,26.000000,26.719999,12.616554,41000
2003-11-20,26.250000,26.709999,26.170000,26.170000,12.356861,26100
2003-11-21,26.580000,26.580000,26.170000,26.450001,12.489071,18800
2003-11-24,26.450001,27.190001,26.110001,27.150000,12.819593,59800
2003-11-25,27.200001,27.200001,26.709999,26.980000,12.739323,22300
2003-11-26,27.040001,27.299999,26.809999,27.240000,12.862091,23600
2003-11-28,27.420000,27.420000,26.809999,27.240000,12.862091,36200
2003-12-01,26.860001,27.340000,26.860001,27.250000,12.866815,43800
2003-12-02,27.500000,27.500000,27.070000,27.150000,12.819593,31900
2003-12-03,27.260000,27.260000,26.400000,26.400000,12.465461,30300
2003-12-04,26.400000,26.930000,26.400000,26.719999,12.616554,31800
2003-12-05,26.889999,26.950001,26.459999,26.610001,12.564624,34900
2003-12-08,26.549999,27.120001,26.549999,27.120001,12.805430,34800
2003-12-09,27.219999,27.219999,26.780001,27.010000,12.753491,35000
2003-12-10,27.150000,27.230000,26.799999,27.080000,12.786543,32000
2003-12-11,27.570000,27.580000,27.219999,27.490000,12.980135,74800
2003-12-12,27.450001,27.629999,27.100000,27.600000,13.032073,40000
2003-12-15,28.500000,28.500000,26.809999,26.870001,12.687388,32200
2003-12-16,26.700001,27.110001,26.700001,27.080000,12.786543,34400
2003-12-17,26.719999,27.100000,26.709999,26.910000,12.706269,15600
2003-12-18,27.250000,27.290001,26.709999,27.139999,12.814876,18500
2003-12-19,27.379999,27.389999,26.719999,26.990000,12.744043,23800
2003-12-22,26.709999,27.100000,26.600000,27.100000,12.795983,16800
2003-12-23,26.500000,27.290001,26.500000,27.190001,12.838482,32900
2003-12-24,26.920000,27.180000,26.820000,27.180000,12.833760,6500
2003-12-26,27.260000,27.290001,27.100000,27.260000,12.871535,5900
2003-12-29,27.490000,27.570000,26.959999,27.530001,12.999023,25200
2003-12-30,27.180000,27.660000,27.000000,27.420000,12.947085,26300
2003-12-31,27.580000,27.580000,26.730000,26.730000,12.621284,81400
2004-01-02,26.370001,27.500000,26.360001,26.950001,12.725160,75100
2004-01-05,26.950001,27.490000,26.680000,27.000000,12.748773,37900
2004-01-06,27.000000,27.139999,26.750000,26.820000,12.663776,22900
2004-01-07,26.750000,27.090000,26.600000,26.900000,12.701550,43700
2004-01-08,26.620001,26.930000,26.620001,26.930000,12.715721,25600
2004-01-09,26.549999,26.950001,26.520000,26.520000,12.522120,27100
2004-01-12,26.740000,26.750000,26.500000,26.650000,12.583510,27200
2004-01-13,26.639999,26.740000,26.440001,26.600000,12.559901,31300
2004-01-14,26.750000,26.850000,26.600000,26.850000,12.677947,24700
2004-01-15,26.850000,26.850000,26.450001,26.700001,12.607115,23400
2004-01-16,26.570000,26.820000,26.400000,26.420000,12.474912,35600
2004-01-20,26.660000,27.000000,26.500000,27.000000,12.748773,43400
2004-01-21,26.799999,27.000000,26.650000,26.719999,12.616554,27800
2004-01-22,26.719999,26.879999,26.500000,26.510000,12.517401,29100
2004-01-23,26.420000,26.889999,26.420000,26.850000,12.677947,25600
2004-01-26,26.730000,26.920000,26.549999,26.910000,12.706269,30700
2004-01-27,27.000000,27.000000,26.600000,26.760000,12.635448,27700
2004-01-28,26.850000,26.959999,26.440001,26.850000,12.677947,25400
2004-01-29,27.059999,27.059999,26.510000,26.709999,12.611834,30800
2004-01-30,26.500000,26.870001,26.410000,26.549999,12.536291,41700
2004-02-02,26.400000,26.629999,26.260000,26.520000,12.522120,38300
2004-02-03,26.730000,26.879999,26.500000,26.770000,12.640168,28300
2004-02-04,26.700001,26.920000,26.350000,26.350000,12.441854,46300
2004-02-05,26.719999,26.750000,26.430000,26.440001,12.484349,22800
2004-02-06,26.730000,26.770000,26.370001,26.760000,12.635448,37100
2004-02-09,26.790001,26.889999,26.500000,26.889999,12.696828,28200
2004-02-10,26.760000,27.000000,26.690001,27.000000,12.748773,31900
2004-02-11,26.879999,27.000000,26.750000,26.980000,12.870417,34100
2004-02-12,26.980000,26.980000,26.680000,26.680000,12.727300,19300
2004-02-13,26.690001,26.770000,26.500000,26.650000,12.712993,39400
2004-02-17,26.530001,26.910000,26.400000,26.889999,12.827481,35400
2004-02-18,26.719999,26.959999,26.680000,26.790001,12.779780,30900
2004-02-19,26.870001,26.910000,26.400000,26.400000,12.593734,30000
2004-02-20,26.379999,26.500000,26.190001,26.250000,12.522180,28200
2004-02-23,26.469999,26.469999,26.180000,26.250000,12.522180,42800
2004-02-24,26.160000,26.570000,26.160000,26.450001,12.617582,25600
2004-02-25,26.770000,26.770000,26.250000,26.719999,12.746385,23200
2004-02-26,26.910000,26.910000,26.389999,26.540001,12.660520,20900
2004-02-27,26.400000,26.850000,26.400000,26.680000,12.727300,29100
2004-03-01,26.799999,26.900000,26.580000,26.820000,12.794086,27900
2004-03-02,26.770000,26.900000,26.600000,26.700001,12.736850,22600
2004-03-03,26.799999,26.799999,26.480000,26.650000,12.712993,21800
2004-03-04,26.580000,26.799999,26.530001,26.799999,12.784545,34500
2004-03-05,26.830000,26.840000,26.600000,26.780001,12.775003,35700
2004-03-08,26.590000,26.840000,26.520000,26.540001,12.660520,32800
2004-03-09,26.830000,26.830000,26.520000,26.520000,12.650978,26400
2004-03-10,26.680000,26.830000,26.320000,26.320000,12.555567,33000
2004-03-11,26.580000,26.690001,26.200001,26.240000,12.517401,64700
2004-03-12,26.379999,26.680000,26.209999,26.680000,12.727300,51000
2004-03-15,26.250000,26.799999,26.250000,26.250000,12.522180,44600
2004-03-16,26.270000,26.490000,26.180000,26.410000,12.598500,42100
2004-03-17,26.570000,26.809999,26.440001,26.670000,12.722531,33100
2004-03-18,26.420000,26.740000,26.299999,26.540001,12.660520,32100
2004-03-19,26.730000,26.830000,26.299999,26.309999,12.550798,33800
2004-03-22,26.520000,26.520000,26.160000,26.160000,12.479243,48600
2004-03-23,26.430000,26.430000,26.219999,26.400000,12.593734,17100
2004-03-24,26.260000,26.430000,26.000000,26.020000,12.412457,39000
2004-03-25,26.120001,26.330000,26.049999,26.290001,12.541257,41100
2004-03-26,26.400000,26.600000,26.120001,26.440001,12.612820,16600
2004-03-29,26.459999,26.520000,26.000000,26.490000,12.636671,27800
2004-03-30,26.700001,26.700001,26.309999,26.549999,12.665282,20400
2004-03-31,26.379999,26.580000,26.240000,26.420000,12.603272,34400
2004-04-01,26.320000,26.610001,26.320000,26.600000,12.689141,31800
2004-04-02,26.750000,26.799999,26.559999,26.670000,12.722531,42100
2004-04-05,26.690001,26.850000,26.500000,26.799999,12.784545,34200
2004-04-06,26.820000,26.820000,26.639999,26.719999,12.746385,20700
2004-04-07,26.750000,26.770000,26.430000,26.700001,12.736850,38800
2004-04-08,26.790001,26.790001,26.270000,26.350000,12.569880,56600
2004-04-12,26.370001,26.670000,26.320000,26.340000,12.565112,26600
2004-04-13,26.350000,26.540001,25.950001,26.030001,12.417233,60900
2004-04-14,26.000000,26.350000,25.740000,25.950001,12.379072,36700
2004-04-15,26.350000,26.389999,25.840000,26.010000,12.407688,33200
2004-04-16,26.129999,26.629999,26.020000,26.420000,12.603272,54800
2004-04-19,26.379999,26.490000,26.170000,26.440001,12.612820,35800
2004-04-20,26.240000,26.530001,25.719999,25.760000,12.288428,40900
2004-04-21,26.020000,26.160000,25.690001,25.969999,12.388607,46100
2004-04-22,26.180000,26.490000,25.900000,26.459999,12.622356,42300
2004-04-23,26.299999,26.510000,26.240000,26.459999,12.622356,46000
2004-04-26,26.620001,26.639999,26.400000,26.600000,12.689141,73600
2004-04-27,26.580000,26.870001,26.510000,26.840000,12.803625,60900
2004-04-28,26.950001,26.950001,26.480000,26.530001,12.655747,37800
2004-04-29,26.750000,26.850000,26.250000,26.250000,12.522180,30600
2004-04-30,26.740000,26.740000,26.180000,26.360001,12.574655,35200
2004-05-03,26.260000,26.610001,26.219999,26.549999,12.665282,35900
2004-05-04,26.700001,26.740000,26.320000,26.420000,12.603272,34000
2004-05-05,26.330000,26.889999,26.330000,26.420000,12.603272,32300
2004-05-06,26.340000,26.690001,25.930000,26.059999,12.431540,47200
2004-05-07,26.040001,26.420000,25.480000,25.500000,12.164406,47200
2004-05-10,25.410000,25.500000,24.520000,24.520000,11.696907,60600
2004-05-11,24.860001,25.370001,24.510000,25.330000,12.083302,35900
2004-05-12,25.430000,25.430000,24.070000,25.240000,12.172523,53000
2004-05-13,25.000000,25.290001,24.700001,24.780001,11.950683,29100
2004-05-14,24.910000,25.059999,24.469999,24.830000,11.974795,36300
2004-05-17,24.639999,24.760000,24.250000,24.450001,11.791532,50000
2004-05-18,24.500000,24.799999,24.309999,24.750000,11.936218,16800
2004-05-19,24.930000,25.500000,24.549999,25.030001,12.071247,55500
2004-05-20,24.860001,25.190001,24.750000,24.950001,12.032667,20500
2004-05-21,25.110001,25.120001,24.820000,25.000000,12.056779,33500
2004-05-24,25.230000,25.250000,24.850000,25.209999,12.158060,37400
2004-05-25,24.790001,25.840000,24.770000,25.760000,12.423305,46700
2004-05-26,25.850000,25.910000,25.549999,25.799999,12.442597,33900
2004-05-27,25.950001,25.950001,25.549999,25.700001,12.394372,27400
2004-05-28,25.790001,25.790001,25.530001,25.559999,12.326852,34000
2004-06-01,25.150000,25.910000,25.129999,25.900000,12.490821,37800
2004-06-02,25.709999,26.200001,25.500000,26.190001,12.630684,29300
2004-06-03,25.959999,26.160000,25.520000,25.750000,12.418488,32100
2004-06-04,25.980000,26.129999,25.410000,25.670000,12.379900,24100
2004-06-07,25.350000,26.200001,25.350000,26.200001,12.635505,37800
2004-06-08,25.900000,26.200001,25.900000,26.000000,12.539056,19100
2004-06-09,26.160000,26.160000,25.799999,25.900000,12.490821,32600
2004-06-10,25.900000,26.290001,25.770000,26.250000,12.659619,78400
2004-06-14,26.309999,26.320000,25.910000,25.969999,12.524578,66400
2004-06-15,26.219999,26.469999,25.879999,26.330000,12.698203,60600
2004-06-16,26.110001,26.639999,26.110001,26.639999,12.847710,50900
2004-06-17,26.650000,26.650000,26.330000,26.620001,12.838057,21400
2004-06-18,26.309999,26.660000,26.129999,26.650000,12.852528,93200
2004-06-21,26.389999,26.750000,26.360001,26.629999,12.842879,34600
2004-06-22,26.330000,26.540001,26.250000,26.480000,12.770548,39300
2004-06-23,26.350000,26.750000,26.340000,26.639999,12.847710,36900
2004-06-24,26.400000,26.719999,26.309999,26.309999,12.688550,23800
2004-06-25,26.709999,27.110001,26.250000,26.370001,12.717494,166300
2004-06-28,26.440001,26.990000,26.139999,26.900000,12.973097,73000
2004-06-29,26.719999,27.000000,26.709999,27.000000,13.021326,59300
2004-06-30,27.000000,27.190001,26.620001,26.860001,12.953810,77200
2004-07-01,26.740000,26.959999,26.120001,26.120001,12.596927,60700
2004-07-02,26.120001,26.459999,26.120001,26.200001,12.635505,24900
2004-07-06,26.150000,26.350000,25.959999,26.010000,12.543873,42900
2004-07-07,26.230000,26.230000,25.730000,25.830000,12.457064,53500
2004-07-08,25.770000,26.150000,25.510000,25.520000,12.307559,53700
2004-07-09,25.320000,25.830000,25.320000,25.670000,12.379900,23000
2004-07-12,25.510000,25.940001,25.510000,25.530001,12.312383,32100
2004-07-13,26.290001,26.600000,25.549999,25.799999,12.442597,31100
2004-07-14,25.510000,26.129999,25.500000,25.790001,12.437778,38800
2004-07-15,25.860001,26.100000,25.700001,25.750000,12.418488,22700
2004-07-16,25.799999,26.020000,25.590000,25.590000,12.341320,26100
2004-07-19,25.540001,25.910000,25.520000,25.680000,12.384724,24800
2004-07-20,25.670000,26.270000,25.670000,26.250000,12.659619,32100
2004-07-21,26.459999,26.459999,25.309999,25.309999,12.206275,50200
2004-07-22,25.610001,25.610001,24.600000,24.600000,11.863871,59400
2004-07-23,24.559999,25.070000,24.559999,24.830000,11.974795,38100
2004-07-26,24.709999,25.139999,24.690001,24.719999,11.921741,48900
2004-07-27,24.700001,25.250000,24.700001,25.250000,12.177348,33800
2004-07-28,24.750000,25.200001,24.610001,25.090000,12.100183,36100
2004-07-29,25.290001,25.400000,24.920000,25.209999,12.158060,15300
2004-07-30,25.129999,25.280001,24.799999,24.840000,11.979617,24200
2004-08-02,24.660000,25.000000,24.580000,24.770000,11.945853,30500
2004-08-03,24.469999,24.820000,24.250000,24.500000,11.815641,31200
2004-08-04,24.590000,24.940001,24.250000,24.500000,11.815641,41300
2004-08-05,24.400000,24.639999,24.340000,24.340000,11.738482,26600
2004-08-06,24.200001,24.870001,24.100000,24.100000,11.622737,63200
2004-08-09,24.379999,24.379999,23.850000,23.850000,11.502169,45500
2004-08-10,24.250000,24.850000,24.180000,24.850000,11.984441,30200
2004-08-11,24.100000,24.250000,23.770000,24.070000,11.738168,40900
2004-08-12,24.000000,24.209999,23.879999,23.879999,11.645508,25100
2004-08-13,24.290001,24.290001,23.850000,24.000000,11.704028,20800
2004-08-16,24.139999,24.580000,23.910000,24.540001,11.967376,30300
2004-08-17,24.299999,24.790001,24.000000,24.000000,11.704028,26600
2004-08-18,24.180000,24.750000,23.969999,24.680000,12.035642,38300
2004-08-19,24.510000,24.600000,24.280001,24.309999,11.855206,14500
2004-08-20,24.360001,24.750000,24.290001,24.740000,12.064901,27200
2004-08-23,24.750000,24.959999,24.490000,24.750000,12.069786,29900
2004-08-24,24.959999,24.990000,24.600000,24.980000,12.181946,14500
2004-08-25,24.650000,25.190001,24.650000,25.190001,12.284356,26900
2004-08-26,25.190001,25.230000,24.889999,25.230000,12.303860,19400
2004-08-27,24.840000,25.250000,24.730000,25.200001,12.289227,31100
2004-08-30,24.990000,25.340000,24.990000,25.280001,12.328249,39200
2004-08-31,25.100000,25.299999,24.990000,25.299999,12.337998,27300
2004-09-01,25.299999,25.750000,24.910000,25.070000,12.225833,53700
2004-09-02,25.309999,25.650000,25.250000,25.650000,12.508682,22100
2004-09-03,25.740000,25.750000,25.309999,25.580000,12.474543,19500
2004-09-07,25.650000,25.850000,25.350000,25.790001,12.576960,28000
2004-09-08,25.820000,25.860001,25.260000,25.280001,12.328249,34200
2004-09-09,25.690001,26.000000,25.299999,26.000000,12.679371,35600
2004-09-10,26.000000,26.209999,25.730000,26.059999,12.708628,32300
2004-09-13,26.040001,26.280001,25.900000,26.059999,12.708628,26200
2004-09-14,25.860001,25.969999,25.250000,25.299999,12.337998,66700
2004-09-15,25.400000,25.459999,25.049999,25.430000,12.401397,37200
2004-09-16,26.150000,26.150000,25.340000,25.840000,12.601341,23400
2004-09-17,26.280001,26.280001,25.360001,25.459999,12.416025,89100
2004-09-20,25.350000,25.790001,25.350000,25.670000,12.518436,27400
2004-09-21,25.900000,25.990000,25.620001,25.809999,12.586709,32100
2004-09-22,26.000000,26.000000,25.299999,25.299999,12.337998,37100
2004-09-23,25.320000,25.680000,25.219999,25.219999,12.298984,17600
2004-09-24,25.480000,25.700001,25.469999,25.480000,12.425779,23900
2004-09-27,25.379999,25.490000,25.139999,25.150000,12.264849,29200
2004-09-28,25.080000,25.750000,25.080000,25.750000,12.557451,36500
2004-09-29,25.740000,25.870001,25.530001,25.870001,12.615974,26600
2004-09-30,25.299999,25.750000,25.299999,25.500000,12.435529,28700
2004-10-01,25.430000,25.969999,25.410000,25.969999,12.664732,34200
2004-10-04,25.780001,26.170000,25.780001,26.100000,12.728133,42100
2004-10-05,25.889999,26.090000,25.670000,26.030001,12.693998,23200
2004-10-06,25.900000,26.250000,25.740000,26.049999,12.703749,29200
2004-10-07,26.010000,26.260000,25.910000,25.990000,12.674485,26900
2004-10-08,25.680000,26.240000,25.680000,25.719999,12.542820,19300
2004-10-11,25.750000,26.040001,25.680000,26.040001,12.698870,12300
2004-10-12,25.780001,26.170000,25.780001,25.900000,12.630596,19600
2004-10-13,26.200001,26.200001,25.549999,25.600000,12.484293,24900
2004-10-14,25.490000,25.850000,25.209999,25.209999,12.294111,33400
2004-10-15,25.360001,25.830000,25.230000,25.600000,12.484293,29500
2004-10-18,25.469999,25.930000,25.440001,25.879999,12.620843,14700
2004-10-19,25.750000,25.889999,25.379999,25.400000,12.386764,21300
2004-10-20,25.389999,25.629999,25.330000,25.629999,12.498929,16000
2004-10-21,25.440001,25.830000,25.290001,25.799999,12.581830,26700
2004-10-22,25.790001,25.790001,25.370001,25.370001,12.372136,16700
2004-10-25,25.320000,25.850000,25.299999,25.670000,12.518436,31400
2004-10-26,25.660000,26.030001,25.459999,26.030001,12.693998,39400
2004-10-27,26.040001,26.250000,25.860001,26.250000,12.801283,41100
2004-10-28,26.070000,26.070000,25.690001,25.980000,12.669615,17500
2004-10-29,25.820000,26.340000,25.750000,25.870001,12.615974,29700
2004-11-01,25.900000,26.389999,25.860001,26.389999,12.869555,36700
2004-11-02,26.270000,26.400000,25.840000,25.850000,12.606218,29700
2004-11-03,26.000000,26.400000,25.959999,26.350000,12.850050,27700
2004-11-04,26.049999,26.500000,26.049999,26.320000,12.835417,35200
2004-11-05,26.440001,26.650000,26.299999,26.650000,12.996351,27800
2004-11-08,26.620001,26.639999,26.530001,26.530001,12.937831,11900
2004-11-09,26.500000,26.700001,26.490000,26.530001,12.937831,20500
2004-11-10,26.219999,26.900000,26.219999,26.799999,13.206390,29300
2004-11-11,26.660000,27.040001,26.660000,27.040001,13.324660,70100
2004-11-12,26.950001,26.950001,26.690001,26.930000,13.270450,22800
2004-11-15,26.740000,26.850000,26.520000,26.850000,13.231031,24500
2004-11-16,26.879999,26.889999,26.420000,26.420000,13.019133,25000
2004-11-17,26.549999,26.790001,26.400000,26.660000,13.137408,36700
2004-11-18,26.260000,26.680000,26.260000,26.680000,13.147259,21000
2004-11-19,26.389999,26.500000,26.110001,26.110001,12.866379,21300
2004-11-22,26.059999,26.980000,26.059999,26.980000,13.295092,52100
2004-11-23,26.990000,26.990000,26.610001,26.990000,13.300022,45200
2004-11-24,26.990000,27.080000,26.719999,26.719999,13.166972,35700
2004-11-26,26.650000,27.000000,26.650000,26.879999,13.245816,4500
2004-11-29,27.000000,27.000000,26.520000,26.870001,13.240885,62700
2004-11-30,26.950001,26.950001,26.660000,26.930000,13.270450,27600
2004-12-01,26.799999,27.360001,26.799999,27.360001,13.482344,62700
2004-12-02,27.010000,27.180000,26.360001,26.389999,13.004353,82600
2004-12-03,26.400000,26.639999,25.809999,25.809999,12.718545,46500
2004-12-06,25.750000,26.410000,25.709999,26.219999,12.920581,54300
2004-12-07,26.150000,26.330000,25.400000,25.450001,12.541145,154700
2004-12-08,25.450001,25.549999,25.180000,25.219999,12.427806,734600
2004-12-09,25.219999,25.400000,25.000000,25.150000,12.393311,112600
2004-12-10,25.180000,25.340000,25.000000,25.280001,12.457377,84300
2004-12-13,25.450001,25.500000,25.190001,25.219999,12.427806,101200
2004-12-14,25.309999,25.440001,25.170000,25.389999,12.511579,88700
2004-12-15,25.389999,25.400000,25.160000,25.299999,12.467228,91500
2004-12-16,25.139999,25.320000,25.000000,25.000000,12.319395,107300
2004-12-17,25.150000,25.150000,24.990000,25.090000,12.363743,87800
2004-12-20,25.000000,25.110001,25.000000,25.010000,12.324326,56800
2004-12-21,25.000000,25.370001,25.000000,25.299999,12.467228,91600
2004-12-22,25.469999,25.500000,25.180000,25.309999,12.472152,57600
2004-12-23,25.500000,25.500000,25.030001,25.230000,12.432734,34000
2004-12-27,25.280001,25.370001,25.000000,25.270000,12.452444,86600
2004-12-28,25.040001,25.370001,25.030001,25.090000,12.363743,75300
2004-12-29,25.040001,25.389999,25.040001,25.299999,12.467228,62300
2004-12-30,25.299999,25.400000,25.100000,25.400000,12.516506,98200
2004-12-31,25.400000,25.530001,25.080000,25.530001,12.580567,175100
2005-01-03,25.540001,25.559999,25.020000,25.320000,12.477083,154200
2005-01-04,25.320000,25.490000,25.000000,25.000000,12.319395,124800
2005-01-05,25.000000,25.170000,24.549999,24.600000,12.122283,141200
2005-01-06,24.549999,24.840000,24.549999,24.570000,12.107504,71100
2005-01-07,24.760000,24.760000,24.170000,24.170000,11.910390,95400
2005-01-10,24.540001,25.270000,24.219999,24.959999,12.299686,141600
2005-01-11,25.250000,25.290001,24.600000,25.049999,12.344038,105500
2005-01-12,25.250000,25.250000,24.559999,24.959999,12.299686,74500
2005-01-13,24.980000,25.040001,24.389999,24.600000,12.122283,108600
2005-01-14,24.950001,24.990000,24.500000,24.900000,12.270121,54500
2005-01-18,24.799999,25.200001,24.650000,25.040001,12.339107,86600
2005-01-19,25.240000,25.240000,24.540001,24.670000,12.156784,84300
2005-01-20,24.799999,25.100000,24.480000,24.540001,12.092724,80200
2005-01-21,24.740000,24.820000,24.350000,24.690001,12.166637,74900
2005-01-24,24.940001,24.940001,24.330000,24.330000,11.989234,45800
2005-01-25,24.549999,24.650000,24.200001,24.500000,12.073003,59400
2005-01-26,24.700001,24.700001,24.299999,24.660000,12.151855,62700
2005-01-27,24.690001,24.940001,24.559999,24.820000,12.230694,50300
2005-01-28,24.730000,25.000000,24.459999,24.760000,12.201128,69800
2005-01-31,24.959999,25.469999,24.770000,25.000000,12.319395,67300
2005-02-01,24.750000,25.030001,24.650000,24.990000,12.314463,48900
2005-02-02,24.900000,25.049999,24.690001,25.049999,12.344038,45100
2005-02-03,25.180000,25.180000,24.620001,24.930000,12.284904,45900
2005-02-04,24.780001,25.240000,24.750000,25.230000,12.432734,59100
2005-02-07,25.240000,25.240000,24.910000,25.100000,12.368670,54800
2005-02-08,24.830000,25.240000,24.770000,25.240000,12.437661,65700
2005-02-09,25.030001,25.209999,24.799999,24.860001,12.250408,79100
2005-02-10,24.840000,25.200001,24.760000,24.940001,12.289830,119400
2005-02-11,24.650000,25.389999,24.639999,25.209999,12.563934,100100
2005-02-14,25.080000,25.549999,25.080000,25.389999,12.653640,106600
2005-02-15,25.219999,25.500000,25.160000,25.450001,12.683541,77700
2005-02-16,25.200001,25.400000,25.059999,25.309999,12.613767,104500
2005-02-17,25.070000,25.389999,25.070000,25.100000,12.509111,63500
2005-02-18,25.340000,25.360001,24.980000,25.030001,12.474224,67700
2005-02-22,24.930000,25.190001,24.850000,24.910000,12.414422,74300
2005-02-23,25.100000,25.139999,24.860001,24.959999,12.439342,65600
2005-02-24,25.139999,25.340000,24.959999,25.340000,12.628726,59500
2005-02-25,25.110001,25.389999,25.090000,25.340000,12.628726,45700
2005-02-28,25.309999,25.330000,25.090000,25.280001,12.598825,62800
2005-03-01,25.120001,25.379999,25.110001,25.340000,12.628726,69800
2005-03-02,25.190001,25.389999,25.160000,25.160000,12.539017,67700
2005-03-03,25.250000,25.500000,25.160000,25.500000,12.708460,90000
2005-03-04,25.490000,25.549999,25.260000,25.549999,12.733377,52900
2005-03-07,25.610001,25.650000,25.450001,25.490000,12.703480,72600
2005-03-08,25.670000,25.680000,25.459999,25.559999,12.738364,74900
2005-03-09,25.559999,25.730000,25.400000,25.400000,12.658624,89600
2005-03-10,25.559999,25.870001,25.549999,25.559999,12.738364,132200
2005-03-11,25.709999,25.870001,25.559999,25.650000,12.783216,50900
2005-03-14,25.799999,25.870001,25.540001,25.650000,12.783216,56400
2005-03-15,25.590000,25.850000,25.590000,25.620001,12.768268,41600
2005-03-16,25.510000,25.650000,25.280001,25.469999,12.693507,65700
2005-03-17,25.400000,25.490000,25.129999,25.180000,12.548986,53500
2005-03-18,25.360001,25.440001,25.040001,25.290001,12.603806,133400
2005-03-21,25.440001,25.549999,25.209999,25.270000,12.593836,41900
2005-03-22,25.190001,25.549999,25.190001,25.309999,12.613767,63400
2005-03-23,25.430000,25.430000,24.900000,25.040001,12.479211,54200
2005-03-24,25.260000,25.290001,25.020000,25.030001,12.474224,28600
2005-03-28,24.900000,25.200001,24.850000,25.100000,12.509111,36900
2005-03-29,24.950001,25.250000,24.780001,24.900000,12.409442,32800
2005-03-30,25.120001,25.280001,24.950001,25.219999,12.568916,34900
2005-03-31,25.240000,25.240000,24.770000,25.040001,12.479211,102700
2005-04-01,25.100000,25.100000,24.740000,24.940001,12.429372,69700
2005-04-04,25.000000,25.209999,24.799999,25.049999,12.484197,45100
2005-04-05,24.889999,25.240000,24.889999,25.129999,12.524068,27400
2005-04-06,25.219999,25.400000,25.090000,25.360001,12.638692,46800
2005-04-07,25.170000,25.459999,25.100000,25.420000,12.668590,26900
2005-04-08,25.290001,25.299999,24.900000,24.959999,12.439342,45800
2005-04-11,25.070000,25.070000,24.790001,24.809999,12.364584,38900
2005-04-12,24.799999,25.200001,24.730000,25.059999,12.489178,101200
2005-04-13,25.000000,25.190001,24.610001,24.920000,12.419405,65500
2005-04-14,24.930000,25.090000,24.750000,24.809999,12.364584,38500
2005-04-15,24.900000,24.930000,24.600000,24.730000,12.324716,55700
2005-04-18,24.740000,25.049999,24.580000,24.900000,12.409442,66500
2005-04-19,24.700001,25.049999,24.500000,24.700001,12.309768,61400
2005-04-20,24.790001,24.790001,24.219999,24.260000,12.090482,37600
2005-04-21,24.500000,24.950001,24.299999,24.480000,12.200122,74300
2005-04-22,24.420000,24.629999,24.120001,24.450001,12.185172,72100
2005-04-25,24.680000,24.780001,24.360001,24.750000,12.334687,45200
2005-04-26,24.790001,24.940001,24.250000,24.330000,12.125364,52700
2005-04-27,24.250000,24.660000,24.150000,24.309999,12.115400,36300
2005-04-28,24.430000,24.650000,24.200001,24.430000,12.175205,61200
2005-04-29,24.370001,24.680000,24.150000,24.540001,12.230028,43200
2005-05-02,24.450001,24.830000,24.450001,24.799999,12.359605,46600
2005-05-03,24.610001,24.910000,24.600000,24.860001,12.389505,67200
2005-05-04,24.990000,25.129999,24.740000,24.969999,12.444328,97000
2005-05-05,25.129999,25.139999,24.549999,24.889999,12.404450,119500
2005-05-06,25.000000,25.000000,24.520000,24.820000,12.369567,49900
2005-05-09,24.590000,24.940001,24.520000,24.940001,12.429372,74700
2005-05-10,24.940001,24.940001,24.500000,24.570000,12.244978,118500
2005-05-11,24.540001,24.639999,24.160000,24.469999,12.335720,91700
2005-05-12,24.600000,24.680000,24.180000,24.219999,12.209689,55300
2005-05-13,24.200001,24.370001,24.020000,24.129999,12.164318,31800
2005-05-16,24.299999,24.590000,24.049999,24.580000,12.391167,46000
2005-05-17,24.440001,24.780001,24.350000,24.730000,12.466788,41200
2005-05-18,24.540001,24.770000,24.379999,24.500000,12.350837,61400
2005-05-19,24.330000,24.590000,24.290001,24.559999,12.381089,51200
2005-05-20,24.379999,24.780001,24.379999,24.709999,12.456704,40500
2005-05-23,24.770000,24.799999,24.639999,24.730000,12.466788,83000
2005-05-24,24.840000,24.900000,24.610001,24.740000,12.471824,38900
2005-05-25,24.580000,24.870001,24.570000,24.680000,12.441579,59600
2005-05-26,24.790001,25.000000,24.700001,25.000000,12.602896,43000
2005-05-27,25.040001,25.049999,24.820000,24.920000,12.562568,35000
2005-05-31,24.830000,25.459999,24.830000,25.459999,12.834795,96500
2005-06-01,25.270000,25.540001,25.170000,25.540001,12.875123,76600
2005-06-02,25.320000,26.320000,25.240000,26.129999,13.172554,185400
2005-06-03,26.370001,27.379999,26.320000,27.219999,13.722034,264200
2005-06-06,27.000000,27.090000,26.740000,26.980000,13.601046,128300
2005-06-07,27.129999,27.260000,26.590000,26.629999,13.424603,81500
2005-06-08,26.580000,26.920000,26.500000,26.730000,13.475018,63800
2005-06-09,26.860001,26.930000,26.299999,26.920000,13.570802,64300
2005-06-10,26.620001,27.010000,26.570000,26.790001,13.505267,42900
2005-06-13,26.900000,27.250000,26.760000,27.250000,13.737154,79500
2005-06-14,27.250000,27.350000,27.030001,27.350000,13.787572,56300
2005-06-15,27.090000,27.350000,26.650000,27.200001,13.711953,79800
2005-06-16,27.000000,27.639999,26.900000,27.639999,13.933764,66600
2005-06-17,27.770000,27.770000,27.260000,27.690001,13.958969,134500
2005-06-20,27.340000,27.660000,27.270000,27.309999,13.767402,47200
2005-06-21,27.290001,27.670000,27.290001,27.420000,13.822861,36900
2005-06-22,27.450001,27.520000,27.100000,27.299999,13.762365,49200
2005-06-23,27.129999,27.209999,26.379999,26.420000,13.318734,78800
2005-06-24,26.379999,26.830000,26.299999,26.690001,13.454854,80000
2005-06-27,26.830000,27.100000,26.570000,27.100000,13.661544,74200
2005-06-28,27.000000,27.520000,26.990000,27.500000,13.863193,65500
2005-06-29,27.590000,27.590000,27.370001,27.540001,13.883348,42100
2005-06-30,27.309999,27.650000,27.219999,27.330000,13.777486,59000
2005-07-01,27.400000,27.790001,27.200001,27.629999,13.928720,131700
2005-07-05,27.559999,28.000000,27.490000,28.000000,14.115245,63200
2005-07-06,27.990000,28.070000,27.870001,28.010000,14.120286,78200
2005-07-07,27.459999,28.250000,27.370001,28.040001,14.135414,53700
2005-07-08,28.080000,28.980000,27.879999,28.820000,14.528622,111900
2005-07-11,28.750000,29.299999,28.740000,29.200001,14.720191,150300
2005-07-12,29.049999,29.299999,28.389999,29.010000,14.624399,108400
2005-07-13,28.799999,28.950001,28.620001,28.910000,14.573992,86600
2005-07-14,29.000000,29.000000,27.760000,28.290001,14.261438,71000
2005-07-15,28.070000,28.350000,27.820000,28.270000,14.251361,63200
2005-07-18,28.240000,28.430000,28.000000,28.030001,14.130367,40600
2005-07-19,28.280001,28.400000,27.920000,28.330000,14.281597,36700
2005-07-20,28.000000,28.990000,27.969999,28.889999,14.563912,60600
2005-07-21,28.690001,28.879999,27.889999,28.010000,14.120286,60500
2005-07-22,27.889999,28.969999,27.889999,28.930000,14.584074,75400
2005-07-25,28.920000,28.959999,28.209999,28.209999,14.221111,44100
2005-07-26,28.260000,28.969999,28.190001,28.830000,14.533658,42100
2005-07-27,29.000000,29.110001,28.600000,29.110001,14.674818,38500
2005-07-28,28.980000,29.389999,28.450001,29.389999,14.815968,74900
2005-07-29,29.100000,29.440001,28.799999,28.900000,14.568954,124700
2005-08-01,29.440001,29.590000,28.760000,28.809999,14.523582,59900
2005-08-02,28.990000,30.000000,28.809999,30.000000,15.123478,95200
2005-08-03,30.000000,30.100000,29.639999,29.980000,15.113395,64400
2005-08-04,29.850000,29.870001,29.100000,29.139999,14.689939,56200
2005-08-05,29.070000,29.480000,28.190001,28.490000,14.362261,66900
2005-08-08,28.629999,28.959999,27.889999,28.059999,14.145494,54300
2005-08-09,28.200001,28.420000,27.719999,28.000000,14.115245,104500
2005-08-10,28.129999,28.360001,27.700001,28.000000,14.115245,60600
2005-08-11,28.080000,28.129999,27.450001,28.129999,14.324018,43500
2005-08-12,28.000000,28.110001,27.700001,27.879999,14.196716,41600
2005-08-15,27.950001,29.059999,27.719999,28.500000,14.512429,83400
2005-08-16,28.180000,28.760000,28.010000,28.200001,14.359671,73800
2005-08-17,28.129999,28.730000,28.120001,28.340000,14.430952,59200
2005-08-18,28.350000,28.530001,28.000000,28.090000,14.303656,37700
2005-08-19,28.000000,28.270000,27.860001,28.049999,14.283283,18700
2005-08-22,28.040001,28.250000,27.680000,27.900000,14.206906,48600
2005-08-23,27.969999,28.639999,27.680000,28.170000,14.344388,58200
2005-08-24,28.309999,29.760000,28.059999,29.070000,14.802675,205900
2005-08-25,28.910000,30.719999,28.139999,30.680000,15.622503,392800
2005-08-26,30.639999,30.700001,29.660000,29.740000,15.143849,130800
2005-08-29,29.980000,30.150000,29.700001,30.059999,15.306794,111100
2005-08-30,29.910000,29.920000,29.200001,29.620001,15.082745,151100
2005-08-31,29.840000,30.000000,29.030001,30.000000,15.276242,117000
2005-09-01,29.889999,30.070000,29.820000,30.000000,15.276242,75700
2005-09-02,29.950001,29.950001,29.540001,29.610001,15.077653,49600
2005-09-06,29.730000,30.940001,29.549999,30.889999,15.729433,176000
2005-09-07,30.950001,30.950001,30.200001,30.219999,15.388263,101800
2005-09-08,30.070000,30.799999,30.040001,30.480000,15.520658,99500
2005-09-09,30.700001,30.790001,30.420000,30.709999,15.637776,68000
2005-09-12,30.850000,30.940001,30.700001,30.900000,15.734532,75800
2005-09-13,30.900000,31.950001,30.500000,30.860001,15.714161,270800
2005-09-14,30.940001,31.150000,30.500000,30.809999,15.688702,79600
2005-09-15,30.889999,31.320000,30.760000,31.049999,15.810908,79200
2005-09-16,31.290001,31.750000,30.540001,31.750000,16.167355,174500
2005-09-19,31.670000,31.670000,30.670000,31.059999,15.816002,76800
2005-09-20,31.309999,31.629999,30.400000,30.540001,15.551217,62300
2005-09-21,30.660000,30.920000,29.930000,30.110001,15.332251,74700
2005-09-22,29.959999,30.559999,29.610001,30.260000,15.408634,53500
2005-09-23,30.469999,30.860001,30.070000,30.389999,15.474832,35000
2005-09-26,30.629999,31.000000,30.020000,30.950001,15.759986,74100
2005-09-27,30.889999,31.080000,30.010000,30.750000,15.658146,46300
2005-09-28,30.940001,30.940001,30.219999,30.719999,15.642862,53000
2005-09-29,30.680000,31.049999,30.280001,31.000000,15.785446,58200
2005-09-30,31.110001,31.150000,30.610001,30.940001,15.754894,40200
2005-10-03,30.719999,31.400000,30.719999,31.340000,15.958576,44800
2005-10-04,31.490000,31.950001,30.719999,30.719999,15.642862,76800
2005-10-05,30.490000,30.719999,28.809999,29.190001,14.863783,153700
2005-10-06,29.400000,29.600000,28.270000,28.719999,14.624454,78600
2005-10-07,29.010000,29.410000,28.309999,29.270000,14.904519,45300
2005-10-10,29.469999,29.469999,28.610001,28.780001,14.655009,25300
2005-10-11,28.840000,28.969999,27.100000,27.250000,13.875916,274600
2005-10-12,27.120001,27.790001,26.760000,27.570000,14.038866,121400
2005-10-13,27.709999,27.719999,27.000000,27.350000,13.926842,61400
2005-10-14,27.570000,28.000000,27.010000,27.930000,14.222182,77900
2005-10-17,28.629999,29.500000,28.629999,29.200001,14.868872,239600
2005-10-18,29.180000,29.389999,28.559999,28.690001,14.609181,85200
2005-10-19,28.559999,29.870001,28.559999,29.760000,15.154025,136200
2005-10-20,29.690001,29.830000,29.070000,29.549999,15.047099,79100
2005-10-21,29.340000,30.180000,29.340000,29.920000,15.235508,73400
2005-10-24,29.920000,30.639999,29.910000,30.420000,15.490102,61000
2005-10-25,30.309999,30.620001,29.540001,30.270000,15.413723,48100
2005-10-26,30.190001,30.590000,29.629999,29.770000,15.159122,54300
2005-10-27,29.900000,30.049999,28.920000,29.010000,14.772124,43800
2005-10-28,29.129999,30.090000,29.129999,30.040001,15.296607,56100
2005-10-31,30.190001,30.690001,29.799999,29.850000,15.199859,141900
2005-11-01,30.020000,30.740000,29.379999,29.809999,15.179493,93300
2005-11-02,30.020000,30.870001,29.799999,30.870001,15.719256,87000
2005-11-03,31.000000,31.010000,30.360001,30.360001,15.459558,67000
2005-11-04,30.650000,30.719999,30.059999,30.590000,15.576673,52000
2005-11-07,30.799999,31.000000,30.540001,30.690001,15.627598,51900
2005-11-08,30.760000,30.770000,29.900000,30.290001,15.423907,89200
2005-11-09,30.469999,31.070000,30.160000,30.709999,15.637776,74100
2005-11-10,30.520000,30.870001,29.740000,30.490000,15.668612,65300
2005-11-11,30.450001,30.580000,29.790001,30.209999,15.524728,72400
2005-11-14,30.209999,30.330000,29.450001,29.709999,15.267775,73500
2005-11-15,29.879999,30.160000,29.430000,29.559999,15.190694,49600
2005-11-16,29.730000,29.740000,28.860001,29.370001,15.093054,82900
2005-11-17,29.370001,29.990000,29.270000,29.959999,15.396247,59900
2005-11-18,30.190001,30.190001,29.750000,29.950001,15.391108,53100
2005-11-21,29.950001,30.240000,29.910000,30.049999,15.442502,56000
2005-11-22,29.900000,30.459999,29.900000,30.059999,15.447638,53500
2005-11-23,30.020000,30.309999,30.020000,30.110001,15.473333,49400
2005-11-25,30.330000,30.420000,30.160000,30.230000,15.535003,19200
2005-11-28,30.400000,30.400000,29.620001,29.820000,15.324300,148300
2005-11-29,30.040001,30.290001,29.709999,30.000000,15.416805,50900
2005-11-30,30.030001,30.170000,29.820000,30.049999,15.442502,99000
2005-12-01,30.260000,30.740000,30.160000,30.570000,15.709721,125800
2005-12-02,30.860001,30.860001,29.840000,29.969999,15.401389,127600
2005-12-05,29.799999,30.110001,29.230000,29.320000,15.067357,129300
2005-12-06,29.459999,30.129999,29.330000,29.860001,15.344857,99600
2005-12-07,30.030001,30.120001,29.309999,29.370001,15.093054,82500
2005-12-08,29.420000,29.879999,29.420000,29.770000,15.298602,77700
2005-12-09,29.620001,30.180000,29.620001,29.990000,15.411664,64900
2005-12-12,30.290001,30.350000,29.889999,29.930000,15.380831,66000
2005-12-13,29.799999,30.219999,29.799999,30.150000,15.493890,55600
2005-12-14,30.260000,30.260000,29.950001,30.030001,15.432222,68200
2005-12-15,30.000000,30.500000,29.709999,30.020000,15.427078,168700
2005-12-16,30.150000,30.230000,29.760000,30.010000,15.421937,216200
2005-12-19,30.120001,30.120001,29.430000,29.490000,15.154720,77600
2005-12-20,29.670000,30.040001,29.450001,29.990000,15.411664,119400
2005-12-21,29.870001,30.110001,29.639999,29.680000,15.252357,29200
2005-12-22,29.600000,29.950001,29.450001,29.620001,15.221523,47200
2005-12-23,29.730000,30.129999,29.000000,29.510000,15.164990,115900
2005-12-27,29.360001,29.740000,29.020000,29.040001,14.923468,66600
2005-12-28,29.370001,29.750000,29.070000,29.440001,15.129015,52800
2005-12-29,29.570000,29.570000,29.090000,29.170000,14.990269,36300
2005-12-30,29.010000,29.100000,28.719999,28.980000,14.892632,49500
2006-01-03,28.809999,29.570000,28.270000,29.500000,15.159857,76900
2006-01-04,29.500000,29.500000,29.129999,29.250000,15.031384,42600
2006-01-05,29.080000,29.430000,29.080000,29.320000,15.067357,39100
2006-01-06,29.340000,29.450001,29.150000,29.420000,15.118751,35900
2006-01-09,29.230000,29.450001,29.209999,29.330000,15.072497,51000
2006-01-10,29.389999,29.709999,29.209999,29.590000,15.206105,53400
2006-01-11,29.400000,29.459999,29.040001,29.340000,15.077632,75000
2006-01-12,29.170000,29.440001,29.120001,29.260000,15.036528,64400
2006-01-13,29.230000,29.299999,29.190001,29.270000,15.041664,61700
2006-01-17,29.129999,29.200001,28.930000,29.170000,14.990269,89400
2006-01-18,28.940001,29.580000,28.940001,29.559999,15.190694,133100
2006-01-19,29.530001,30.049999,29.370001,29.969999,15.401389,100600
2006-01-20,30.129999,30.129999,29.600000,29.760000,15.293465,115300
2006-01-23,29.959999,29.980000,29.549999,29.670000,15.247219,79500
2006-01-24,29.770000,30.059999,29.700001,30.000000,15.416805,83500
2006-01-25,29.770000,30.040001,29.500000,29.959999,15.396247,80500
2006-01-26,29.990000,30.139999,29.820000,30.049999,15.442502,63600
2006-01-27,30.000000,30.639999,29.879999,30.639999,15.745695,68900
2006-01-30,30.719999,30.750000,30.450001,30.590000,15.720000,68000
2006-01-31,30.420000,30.610001,29.840000,30.600000,15.725136,94900
2006-02-01,30.360001,30.889999,30.260000,30.840000,15.848475,109100
2006-02-02,30.670000,30.770000,30.000000,30.360001,15.601809,85400
2006-02-03,30.440001,30.459999,30.010000,30.110001,15.473333,37600
2006-02-06,29.969999,30.299999,29.809999,30.049999,15.442502,59000
2006-02-07,30.260000,31.340000,30.000000,30.540001,15.694306,115100
2006-02-08,30.750000,30.750000,29.870001,29.910000,15.370553,84100
2006-02-09,29.900000,30.639999,29.889999,29.889999,15.360278,75900
2006-02-10,29.709999,30.049999,29.440001,29.549999,15.185552,85800
2006-02-13,29.250000,29.510000,28.980000,29.379999,15.246788,61900
2006-02-14,29.299999,29.639999,29.150000,29.520000,15.319446,56400
2006-02-15,29.379999,30.000000,29.299999,30.000000,15.568542,74800
2006-02-16,30.000000,30.170000,29.820000,30.139999,15.641190,58500
2006-02-17,30.190001,30.600000,29.700001,30.240000,15.693087,86000
2006-02-21,30.400000,30.580000,29.770000,30.000000,15.568542,84000
2006-02-22,30.190001,30.190001,29.740000,29.879999,15.506261,71100
2006-02-23,29.809999,30.190001,29.559999,29.840000,15.485500,48700
2006-02-24,29.750000,30.250000,29.500000,30.250000,15.698276,82400
2006-02-27,30.139999,30.750000,30.129999,30.590000,15.874722,62400
2006-02-28,30.639999,31.150000,29.790001,31.150000,16.165331,207900
2006-03-01,31.150000,31.150000,30.750000,30.959999,16.066725,98100
2006-03-02,30.799999,30.889999,29.660000,29.950001,15.542589,163000
2006-03-03,29.840000,29.930000,29.200001,29.200001,15.153382,114400
2006-03-06,29.190001,29.260000,28.629999,28.850000,14.971745,80300
2006-03-07,28.910000,28.959999,28.430000,28.469999,14.774542,41600
2006-03-08,28.520000,29.020000,28.100000,28.840000,14.966547,53000
2006-03-09,28.990000,29.200001,28.270000,28.320000,14.696702,64400
2006-03-10,28.540001,29.040001,28.379999,29.000000,15.049584,68800
2006-03-13,28.889999,29.200001,28.570000,28.620001,14.852383,87600
2006-03-14,28.469999,28.959999,28.469999,28.590000,14.836813,66300
2006-03-15,28.400000,28.990000,28.400000,28.990000,15.044395,35400
2006-03-16,28.850000,29.100000,28.750000,28.940001,15.018453,29200
2006-03-17,29.059999,29.059999,28.639999,28.690001,14.888716,229400
2006-03-20,28.790001,28.790001,28.180000,28.280001,14.675939,66900
2006-03-21,27.410000,28.420000,27.320000,27.410000,14.224451,74600
2006-03-22,27.459999,28.190001,27.389999,28.100000,14.582536,109400
2006-03-23,28.100000,28.290001,27.639999,28.250000,14.660377,36700
2006-03-24,28.469999,28.650000,28.309999,28.440001,14.758974,59500
2006-03-27,28.459999,28.500000,28.280001,28.360001,14.717463,49900
2006-03-28,28.320000,28.400000,28.030001,28.190001,14.629242,47200
2006-03-29,28.180000,28.670000,28.100000,28.650000,14.867958,83700
2006-03-30,28.670000,28.670000,28.320000,28.639999,14.862765,48900
2006-03-31,28.889999,28.889999,28.330000,28.690001,14.888716,75200
2006-04-03,28.870001,29.000000,28.590000,28.809999,14.950983,90700
2006-04-04,28.900000,29.059999,28.750000,28.770000,14.930231,79000
2006-04-05,28.930000,29.070000,28.780001,29.010000,15.054775,55500
2006-04-06,28.920000,29.010000,28.510000,28.740000,14.914660,52600
2006-04-07,28.870001,29.000000,28.049999,28.160000,14.613672,72500
2006-04-10,28.059999,28.459999,28.010000,28.100000,14.582536,37200
2006-04-11,28.180000,28.420000,27.760000,28.389999,14.733026,117100
2006-04-12,28.480000,29.490000,28.260000,29.459999,15.288301,148300
2006-04-13,29.500000,29.969999,29.110001,29.639999,15.381712,84100
2006-04-17,29.549999,29.820000,28.940001,29.280001,15.194892,77600
2006-04-18,29.480000,29.820000,29.330000,29.820000,15.475131,82900
2006-04-19,29.790001,29.950001,29.719999,29.900000,15.516641,46100
2006-04-20,29.969999,29.990000,29.530001,29.780001,15.454365,38300
2006-04-21,29.790001,30.049999,29.730000,30.030001,15.584106,75900
2006-04-24,29.920000,29.980000,29.240000,29.500000,15.309061,65500
2006-04-25,29.500000,29.540001,28.950001,29.450001,15.283114,156700
2006-04-26,29.370001,29.790001,29.299999,29.500000,15.309061,94500
2006-04-27,29.410000,29.820000,29.070000,29.200001,15.153382,80800
2006-04-28,29.139999,29.850000,29.139999,29.850000,15.490699,98300
2006-05-01,29.430000,29.950001,29.090000,29.280001,15.194892,85200
2006-05-02,29.150000,29.790001,29.150000,29.670000,15.397279,143000
2006-05-03,29.500000,29.620001,29.230000,29.500000,15.309061,67800
2006-05-04,29.420000,29.900000,29.379999,29.850000,15.490699,62900
2006-05-05,29.940001,30.070000,29.770000,29.920000,15.527026,61700
2006-05-08,29.930000,30.090000,29.730000,30.059999,15.599674,59800
2006-05-09,29.950001,30.080000,29.750000,29.850000,15.490699,40800
2006-05-10,29.750000,29.980000,29.500000,29.639999,15.381712,76200
2006-05-11,29.549999,29.549999,28.440001,28.709999,15.045277,96600
2006-05-12,28.510000,28.950001,28.230000,28.230000,14.793736,80500
2006-05-15,28.070000,28.389999,27.750000,28.070000,14.709888,57500
2006-05-16,28.180000,28.590000,28.110001,28.219999,14.788498,38700
2006-05-17,28.020000,28.190001,27.500000,27.690001,14.510756,61800
2006-05-18,27.639999,27.830000,27.320000,27.370001,14.343061,60400
2006-05-19,27.260000,28.030001,27.180000,27.780001,14.557919,60900
2006-05-22,27.639999,28.120001,27.180000,27.719999,14.526476,110200
2006-05-23,27.600000,28.100000,27.290001,27.340000,14.327339,89900
2006-05-24,27.250000,27.740000,27.070000,27.520000,14.421672,156500
2006-05-25,27.660000,28.059999,27.309999,27.990000,14.667968,56400
2006-05-26,27.990000,28.150000,27.840000,28.059999,14.704655,53000
2006-05-30,28.020000,28.120001,26.450001,26.490000,13.881904,209100
2006-05-31,26.650000,27.080000,26.090000,26.090000,13.672283,248400
2006-06-01,26.240000,27.680000,26.200001,27.670000,14.500273,120400
2006-06-02,27.770000,27.780001,27.270000,27.670000,14.500273,83900
2006-06-05,27.639999,27.740000,26.650000,26.670000,13.976235,127800
2006-06-06,26.850000,27.030001,26.330000,26.650000,13.965747,93400
2006-06-07,26.809999,27.910000,26.490000,27.059999,14.180614,87200
2006-06-08,26.990000,27.059999,26.559999,26.930000,14.112485,116100
2006-06-09,27.100000,27.100000,26.650000,26.740000,14.012914,46900
2006-06-12,26.879999,27.040001,26.500000,26.540001,13.908108,79400
2006-06-13,26.879999,27.010000,26.250000,26.350000,13.808540,94400
2006-06-14,26.340000,26.610001,26.139999,26.440001,13.855700,70500
2006-06-15,26.770000,27.150000,26.639999,27.059999,14.180614,84800
2006-06-16,27.020000,27.150000,26.469999,26.660000,13.970990,369400
2006-06-19,26.549999,26.549999,25.780001,25.990000,13.619878,62700
2006-06-20,26.000000,26.430000,25.799999,25.980000,13.614649,55800
2006-06-21,25.889999,26.430000,25.879999,26.129999,13.693254,67200
2006-06-22,26.030001,26.190001,25.820000,26.150000,13.703735,54400
2006-06-23,26.200001,26.320000,26.030001,26.080000,13.667048,36000
2006-06-26,26.280001,26.520000,26.110001,26.500000,13.887146,45100
2006-06-27,26.629999,26.850000,25.950001,25.950001,13.598920,52000
2006-06-28,26.160000,26.160000,25.850000,26.080000,13.667048,37500
2006-06-29,26.290001,27.629999,26.150000,27.590000,14.458353,125000
2006-06-30,27.400000,28.020000,27.059999,27.330000,14.322100,128100
2006-07-03,27.420000,27.740000,27.070000,27.719999,14.526476,35400
2006-07-05,27.440001,27.719999,27.309999,27.530001,14.426905,53100
2006-07-06,27.660000,27.680000,27.379999,27.650000,14.489796,72700
2006-07-07,27.540001,27.740000,27.400000,27.639999,14.484555,48400
2006-07-10,27.629999,28.049999,27.600000,27.879999,14.610323,44700
2006-07-11,27.719999,28.320000,27.570000,28.309999,14.835658,63900
2006-07-12,28.290001,28.299999,27.540001,27.610001,14.468831,68200
2006-07-13,27.480000,27.770000,27.030001,27.040001,14.170128,55100
2006-07-14,27.049999,27.280001,26.500000,27.080000,14.191089,68000
2006-07-17,27.030001,27.540001,26.950001,27.440001,14.379745,64100
2006-07-18,27.580000,27.980000,26.830000,27.670000,14.500273,71500
2006-07-19,27.700001,28.629999,27.700001,28.309999,14.835658,119000
2006-07-20,28.450001,28.670000,27.760000,27.820000,14.578881,75300
2006-07-21,27.650000,28.010000,27.410000,27.719999,14.526476,70400
2006-07-24,27.910000,28.830000,27.910000,28.799999,15.092442,85300
2006-07-25,28.830000,29.290001,28.670000,29.110001,15.254894,85300
2006-07-26,28.910000,29.230000,28.590000,29.010000,15.202489,46100
2006-07-27,29.260000,29.309999,28.690001,28.879999,15.134372,78600
2006-07-28,29.090000,29.299999,28.940001,29.059999,15.228695,72500
2006-07-31,28.900000,29.680000,28.850000,29.660000,15.543117,117900
2006-08-01,29.129999,29.650000,28.610001,29.510000,15.464508,100600
2006-08-02,29.530001,29.760000,29.420000,29.639999,15.532642,93500
2006-08-03,29.450001,29.750000,29.230000,29.559999,15.490716,47600
2006-08-04,29.750000,29.790001,28.620001,28.990000,15.192011,70000
2006-08-07,28.790001,29.110001,28.400000,28.629999,15.003357,41100
2006-08-08,28.650000,29.080000,28.250000,28.420000,14.893306,59600
2006-08-09,28.670000,28.750000,28.150000,28.160000,14.757060,71800
2006-08-10,28.139999,29.020000,28.139999,28.590000,14.982390,67400
2006-08-11,28.410000,28.530001,27.840000,28.000000,14.822518,77100
2006-08-14,28.260000,29.190001,28.120001,28.820000,15.256612,98800
2006-08-15,29.170000,29.719999,29.020000,29.700001,15.722463,81300
2006-08-16,29.770000,29.900000,29.459999,29.570000,15.653644,60100
2006-08-17,29.400000,29.650000,29.280001,29.389999,15.558353,63000
2006-08-18,29.590000,29.730000,29.370001,29.700001,15.722463,37100
2006-08-21,29.490000,29.730000,29.200001,29.270000,15.494826,64100
2006-08-22,29.129999,29.730000,29.100000,29.730000,15.738344,72900
2006-08-23,29.750000,29.750000,28.830000,29.070000,15.388958,68800
2006-08-24,29.270000,29.280001,28.680000,28.980000,15.341311,53800
2006-08-25,28.719999,29.400000,28.719999,29.370001,15.547766,30700
2006-08-28,29.400000,29.980000,29.330000,29.980000,15.870686,135600
2006-08-29,29.930000,30.330000,29.840000,30.330000,16.055967,390700
2006-08-30,30.240000,30.389999,29.730000,29.900000,15.828337,67400
2006-08-31,30.030001,30.370001,30.030001,30.150000,15.960679,62400
2006-09-01,29.770000,30.480000,29.770000,30.309999,16.045382,57700
2006-09-05,30.400000,30.500000,30.150000,30.340000,16.061264,78500
2006-09-06,30.180000,30.200001,29.690001,29.690001,15.717161,43000
2006-09-07,29.670000,29.780001,29.430000,29.430000,15.579526,60400
2006-09-08,29.639999,30.170000,29.620001,30.129999,15.950091,112800
2006-09-11,30.010000,30.400000,29.910000,30.340000,16.061264,55200
2006-09-12,30.299999,30.600000,30.150000,30.459999,16.124783,102600
2006-09-13,30.360001,30.799999,30.110001,30.270000,16.024204,111500
2006-09-14,30.049999,30.330000,29.520000,29.879999,15.817743,112100
2006-09-15,30.100000,30.400000,29.940001,30.309999,16.045382,177300
2006-09-18,30.320000,30.320000,29.830000,30.160000,15.965971,55300
2006-09-19,30.250000,30.250000,29.520000,29.900000,15.828337,53800
2006-09-20,30.020000,30.240000,29.780001,30.000000,15.881273,64300
2006-09-21,30.160000,30.160000,29.430000,29.639999,15.690697,47100
2006-09-22,29.500000,29.530001,28.629999,29.129999,15.420717,86600
2006-09-25,29.360001,29.910000,28.969999,29.740000,15.743635,70300
2006-09-26,29.809999,29.900000,29.330000,29.600000,15.669525,61800
2006-09-27,29.379999,29.860001,29.379999,29.730000,15.738344,45800
2006-09-28,29.700001,29.860001,29.590000,29.719999,15.733046,48100
2006-09-29,29.660000,29.809999,29.240000,29.240000,15.478952,72900
2006-10-02,29.139999,29.400000,29.010000,29.320000,15.521297,72400
2006-10-03,29.170000,29.809999,29.170000,29.469999,15.600703,70800
2006-10-04,29.280001,29.870001,29.280001,29.780001,15.764808,73800
2006-10-05,29.830000,29.870001,29.620001,29.750000,15.748935,75300
2006-10-06,29.600000,29.910000,29.520000,29.680000,15.711872,42300
2006-10-09,29.639999,29.690001,29.360001,29.629999,15.685405,54500
2006-10-10,29.559999,29.799999,29.299999,29.780001,15.764808,52900
2006-10-11,29.660000,29.799999,29.389999,29.600000,15.669525,53200
2006-10-12,29.690001,29.870001,29.400000,29.799999,15.775398,79900
2006-10-13,29.980000,29.980000,29.709999,29.790001,15.770104,88000
2006-10-16,29.900000,29.990000,29.750000,29.940001,15.849506,62900
2006-10-17,29.740000,29.850000,29.670000,29.750000,15.748935,90900
2006-10-18,29.780001,29.900000,29.680000,29.809999,15.780695,92500
2006-10-19,29.820000,30.240000,29.680000,30.000000,15.881273,93500
2006-10-20,30.209999,30.559999,29.940001,30.450001,16.119493,77200
2006-10-23,30.240000,30.770000,30.209999,30.760000,16.283596,58100
2006-10-24,30.709999,30.980000,30.610001,30.969999,16.394766,50300
2006-10-25,30.990000,31.250000,30.410000,30.969999,16.394766,53100
2006-10-26,31.090000,31.360001,30.840000,31.150000,16.490055,69200
2006-10-27,31.080000,31.230000,30.490000,30.910000,16.363012,37300
2006-10-30,30.760000,31.370001,30.629999,31.209999,16.521820,73200
2006-10-31,31.129999,31.129999,29.879999,29.940001,15.849506,121100
2006-11-01,30.000000,30.000000,28.850000,28.940001,15.320130,149400
2006-11-02,28.840000,29.040001,28.600000,28.910000,15.304255,90200
2006-11-03,29.150000,29.209999,28.820000,29.150000,15.431299,86500
2006-11-06,28.959999,29.389999,28.959999,29.280001,15.500121,80500
2006-11-07,29.209999,29.549999,29.209999,29.500000,15.616585,82900
2006-11-08,29.240000,30.080000,29.240000,29.950001,15.854804,76800
2006-11-09,30.080000,30.080000,29.700001,29.840000,15.796576,198600
2006-11-10,29.770000,30.090000,29.719999,30.090000,15.928915,47500
2006-11-13,29.959999,30.110001,29.650000,30.030001,16.050781,98300
2006-11-14,29.930000,30.879999,29.930000,30.860001,16.494408,84800
2006-11-15,30.860001,31.070000,30.570000,30.980000,16.558554,102500
2006-11-16,31.070000,31.190001,30.750000,30.809999,16.467682,65900
2006-11-17,30.809999,30.860001,30.620001,30.690001,16.403543,117200
2006-11-20,30.559999,31.090000,30.520000,31.030001,16.585274,219400
2006-11-21,30.990000,31.150000,30.750000,31.010000,16.574583,58200
2006-11-22,30.980000,31.049999,30.799999,31.000000,16.569239,81300
2006-11-24,30.650000,31.049999,30.650000,31.000000,16.569239,20500
2006-11-27,30.969999,31.090000,30.200001,30.450001,16.275267,181700
2006-11-28,29.580000,30.440001,29.580000,30.150000,16.114923,274000
2006-11-29,30.350000,30.830000,30.209999,30.690001,16.403543,69700
2006-11-30,30.639999,30.959999,30.420000,30.750000,16.435616,78300
2006-12-01,30.670000,30.950001,30.480000,30.879999,16.505104,74800
2006-12-04,30.950001,31.360001,30.730000,31.309999,16.734928,77300
2006-12-05,31.410000,31.680000,31.200001,31.510000,16.841827,68600
2006-12-06,31.540001,31.590000,31.340000,31.520000,16.847181,41300
2006-12-07,31.540001,31.610001,30.879999,31.000000,16.569239,62100
2006-12-08,30.980000,31.400000,30.900000,31.170000,16.660103,32900
2006-12-11,31.100000,31.500000,31.100000,31.480000,16.825794,42000
2006-12-12,31.500000,31.719999,31.309999,31.600000,16.889931,76000
2006-12-13,31.730000,31.740000,31.379999,31.639999,16.911312,53200
2006-12-14,31.570000,31.799999,31.129999,31.510000,16.841827,90300
2006-12-15,31.450001,31.559999,31.280001,31.469999,16.820446,155000
2006-12-18,31.610001,31.620001,30.610001,30.830000,16.478373,65000
2006-12-19,30.639999,30.959999,30.549999,30.820000,16.473032,43500
2006-12-20,30.860001,30.950001,30.370001,30.639999,16.376825,31300
2006-12-21,30.730000,31.000000,30.549999,30.740000,16.430271,36800
2006-12-22,30.799999,31.000000,30.660000,31.000000,16.569239,33200
2006-12-26,30.900000,31.450001,30.719999,31.379999,16.772346,51100
2006-12-27,31.480000,31.889999,31.240000,31.870001,17.034248,66000
2006-12-28,31.750000,31.920000,31.610001,31.650000,16.916655,47200
2006-12-29,31.700001,31.830000,31.110001,31.160000,16.654762,74000
2007-01-03,31.200001,31.730000,31.200001,31.559999,16.868557,91600
2007-01-04,31.410000,31.799999,31.270000,31.629999,16.905970,76100
2007-01-05,31.650000,31.650000,31.129999,31.309999,16.734928,123700
2007-01-08,31.480000,31.620001,31.240000,31.500000,16.836491,103100
2007-01-09,31.549999,31.629999,31.340000,31.510000,16.841827,107800
2007-01-10,31.160000,31.520000,31.129999,31.480000,16.825794,84600
2007-01-11,31.440001,31.969999,31.440001,31.790001,16.991482,86500
2007-01-12,31.719999,31.840000,31.500000,31.549999,16.863207,33000
2007-01-16,31.610001,31.790001,31.510000,31.670000,16.927341,55600
2007-01-17,31.580000,31.629999,31.120001,31.400000,16.783039,56600
2007-01-18,31.219999,31.459999,31.110001,31.209999,16.681484,58900
2007-01-19,31.090000,31.620001,31.059999,31.459999,16.815107,39600
2007-01-22,31.430000,31.580000,31.230000,31.500000,16.836491,109900
2007-01-23,31.410000,32.070000,31.400000,32.040001,17.125116,91200
2007-01-24,32.000000,32.209999,31.889999,32.209999,17.215967,52000
2007-01-25,32.090000,32.250000,31.840000,31.959999,17.082338,140300
2007-01-26,32.040001,32.250000,31.799999,32.230000,17.226664,53600
2007-01-29,32.070000,32.250000,31.940001,32.139999,17.178560,74100
2007-01-30,32.099998,32.270000,31.990000,32.150002,17.183901,64200
2007-01-31,32.040001,32.790001,31.900000,32.330002,17.280113,179200
2007-02-01,32.520000,32.570000,32.160000,32.450001,17.344259,38800
2007-02-02,32.430000,33.080002,32.369999,32.950001,17.611498,163200
2007-02-05,33.060001,33.180000,32.380001,33.180000,17.734432,116200
2007-02-06,32.549999,33.200001,31.980000,33.029999,17.654257,72800
2007-02-07,32.830002,33.180000,32.619999,33.160000,17.723745,103800
2007-02-08,33.020000,33.130001,32.980000,33.040001,17.659605,81200
2007-02-09,33.000000,33.090000,32.400002,32.549999,17.397701,87900
2007-02-12,32.410000,32.990002,32.410000,32.980000,17.627533,68800
2007-02-13,32.950001,33.139999,32.830002,33.110001,17.855648,65000
2007-02-14,33.000000,33.299999,32.880001,33.230000,17.920368,209000
2007-02-15,33.110001,33.230000,32.869999,32.959999,17.774761,67900
2007-02-16,32.959999,33.340000,32.580002,33.220001,17.914967,106400
2007-02-20,33.270000,33.599998,33.070000,33.520000,18.076754,88000
2007-02-21,33.549999,33.810001,33.349998,33.810001,18.233150,78700
2007-02-22,33.779999,34.430000,33.750000,34.419998,18.562113,129800
2007-02-23,34.270000,34.410000,33.610001,34.000000,18.335615,101200
2007-02-26,34.270000,34.270000,33.869999,34.060001,18.367964,114900
2007-02-27,33.560001,33.619999,32.610001,32.660000,17.612970,154700
2007-02-28,32.590000,33.000000,32.209999,32.720001,17.645334,119900
2007-03-01,32.250000,32.740002,31.950001,32.389999,17.467367,58300
2007-03-02,32.169998,32.389999,31.920000,32.009998,17.262436,138200
2007-03-05,31.660000,32.130001,31.080000,31.090000,16.766291,157800
2007-03-06,31.500000,31.840000,31.110001,31.760000,17.127619,66000
2007-03-07,31.820000,32.009998,31.139999,31.670000,17.079079,87400
2007-03-08,31.740000,32.250000,31.520000,31.690001,17.089869,76300
2007-03-09,31.690001,32.009998,31.629999,31.889999,17.197725,66800
2007-03-12,31.879999,32.779999,31.840000,32.669998,17.618361,90200
2007-03-13,32.570000,32.810001,32.139999,32.419998,17.483545,121200
2007-03-14,32.290001,32.939999,32.209999,32.770000,17.672289,99200
2007-03-15,32.570000,33.099998,32.540001,33.099998,17.850254,120100
2007-03-16,33.090000,33.270000,32.790001,33.020000,17.807116,231800
2007-03-19,33.169998,33.740002,33.020000,33.730000,18.190002,109600
2007-03-20,33.790001,33.889999,33.380001,33.880001,18.270895,63400
2007-03-21,33.970001,34.660000,33.790001,34.660000,18.691540,65900
2007-03-22,34.340000,34.619999,33.830002,34.560001,18.637606,81500
2007-03-23,34.480000,34.849998,34.480000,34.770000,18.750856,53100
2007-03-26,34.869999,35.000000,34.599998,34.990002,18.869505,50300
2007-03-27,34.820000,34.820000,34.430000,34.509998,18.610638,31000
2007-03-28,34.240002,34.560001,34.169998,34.230000,18.459646,52300
2007-03-29,34.360001,34.470001,33.930000,34.279999,18.486614,39500
2007-03-30,34.330002,34.450001,33.779999,34.240002,18.465038,82000
2007-04-02,34.330002,35.080002,34.230000,35.070000,18.912640,64600
2007-04-03,35.090000,35.650002,34.900002,35.599998,19.198460,111800
2007-04-04,35.310001,35.700001,34.750000,34.799999,18.767035,66500
2007-04-05,34.939999,35.450001,34.720001,35.020000,18.885681,123000
2007-04-09,35.160000,35.200001,34.889999,35.000000,18.874893,85700
2007-04-10,35.009998,35.400002,34.770000,35.330002,19.052858,47800
2007-04-11,35.400002,35.419998,34.790001,35.099998,18.928816,63400
2007-04-12,35.009998,35.520000,35.009998,35.500000,19.144533,62300
2007-04-13,35.490002,35.599998,34.889999,35.599998,19.198460,239900
2007-04-16,35.700001,36.049999,35.560001,36.000000,19.414175,60800
2007-04-17,35.900002,36.299999,35.599998,36.099998,19.468103,82200
2007-04-18,36.119999,36.119999,35.459999,35.490002,19.139143,55900
2007-04-19,35.130001,35.320000,34.849998,34.939999,18.842533,68700
2007-04-20,35.410000,35.610001,34.990002,35.540001,19.166109,90600
2007-04-23,35.349998,35.799999,35.340000,35.799999,19.306322,50600
2007-04-24,35.849998,36.200001,35.240002,35.950001,19.387217,92800
2007-04-25,35.990002,37.060001,35.840000,36.970001,19.937284,176900
2007-04-26,36.860001,36.980000,36.349998,36.610001,19.743134,95400
2007-04-27,36.490002,36.520000,36.029999,36.029999,19.430347,82700
2007-04-30,36.000000,36.139999,34.139999,34.200001,18.443464,169600
2007-05-01,34.480000,35.000000,34.299999,35.000000,18.874893,97400
2007-05-02,35.110001,35.830002,35.009998,35.650002,19.225430,80900
2007-05-03,35.700001,35.700001,35.349998,35.349998,19.063643,53100
2007-05-04,35.290001,35.529999,35.169998,35.509998,19.149927,55800
2007-05-07,34.869999,35.799999,34.869999,35.180000,18.971968,55000
2007-05-08,34.810001,34.860001,33.869999,34.500000,18.605255,189200
2007-05-09,34.400002,34.680000,33.720001,34.410000,18.556711,82900
2007-05-10,34.430000,34.430000,33.779999,33.849998,18.254715,154600
2007-05-11,33.520000,34.169998,33.480000,34.029999,18.512026,101400
2007-05-14,34.060001,34.110001,33.549999,33.599998,18.278111,126300
2007-05-15,33.689999,33.840000,33.250000,33.299999,18.114918,139800
2007-05-16,33.340000,33.950001,33.250000,33.930000,18.457624,112400
2007-05-17,33.750000,33.840000,32.820000,33.000000,17.951712,148000
2007-05-18,33.139999,33.180000,32.450001,32.869999,17.880997,88500
2007-05-21,32.759998,33.160000,32.700001,32.930000,17.913637,124600
2007-05-22,32.840000,33.040001,32.500000,32.880001,17.886440,107600
2007-05-23,33.000000,33.099998,32.400002,32.740002,17.810278,134200
2007-05-24,32.639999,32.720001,31.700001,31.760000,17.277172,194800
2007-05-25,31.959999,32.509998,31.490000,31.660000,17.222765,76000
2007-05-29,31.549999,32.099998,31.360001,32.099998,17.462124,172100
2007-05-30,31.870001,32.360001,31.730000,32.299999,17.570917,172700
2007-05-31,32.430000,32.810001,32.430000,32.700001,17.788517,171800
2007-06-01,32.950001,33.080002,32.580002,32.820000,17.853802,112300
2007-06-04,32.619999,33.040001,32.619999,32.860001,17.875551,91400
2007-06-05,32.650002,32.880001,32.500000,32.730000,17.804836,121600
2007-06-06,32.630001,32.680000,32.049999,32.439999,17.647074,257900
2007-06-07,32.220001,32.279999,31.600000,31.610001,17.195564,181200
2007-06-08,31.480000,32.040001,31.430000,31.860001,17.331570,98600
2007-06-11,31.740000,31.870001,31.540001,31.709999,17.249969,95800
2007-06-12,31.590000,31.629999,31.129999,31.260000,17.005171,111100
2007-06-13,31.260000,31.809999,31.180000,31.709999,17.249969,60200
2007-06-14,31.790001,32.049999,31.639999,31.700001,17.244532,41500
2007-06-15,32.230000,32.869999,32.110001,32.540001,17.701485,206400
2007-06-18,32.560001,32.869999,32.200001,32.259998,17.549164,65100
2007-06-19,32.060001,32.290001,31.940001,32.230000,17.532848,42200
2007-06-20,32.250000,32.250000,31.690001,31.730000,17.260845,93900
2007-06-21,31.549999,31.580000,31.059999,31.389999,17.075893,78100
2007-06-22,31.260000,31.459999,30.740000,30.860001,16.787573,314800
2007-06-25,30.770000,31.139999,30.530001,30.870001,16.793018,87300
2007-06-26,31.040001,31.330000,30.559999,30.709999,16.705973,74000
2007-06-27,30.530001,31.240000,30.219999,31.160000,16.950771,62700
2007-06-28,31.240000,31.889999,31.240000,31.600000,17.190123,69800
2007-06-29,31.780001,32.220001,31.600000,32.070000,17.445801,147600
2007-07-02,32.349998,32.599998,32.200001,32.560001,17.712357,79300
2007-07-03,32.660000,33.340000,32.590000,33.320000,18.125792,49200
2007-07-05,33.290001,33.349998,33.000000,33.290001,18.109474,87600
2007-07-06,33.209999,33.480000,33.000000,33.310001,18.120356,62400
2007-07-09,33.400002,33.430000,32.959999,33.000000,17.951712,109400
2007-07-10,32.790001,33.130001,31.680000,31.700001,17.244532,104500
2007-07-11,31.620001,31.889999,31.260000,31.820000,17.309809,74500
2007-07-12,32.000000,33.060001,31.850000,33.040001,17.973475,87300
2007-07-13,32.900002,33.070000,32.410000,32.939999,17.919079,76800
2007-07-16,32.910000,32.930000,32.310001,32.430000,17.641636,102900
2007-07-17,32.450001,33.110001,32.330002,32.450001,17.652521,70500
2007-07-18,32.189999,32.630001,31.870001,32.369999,17.609001,54400
2007-07-19,32.570000,32.869999,32.490002,32.720001,17.799404,53500
2007-07-20,32.650002,32.849998,32.200001,32.330002,17.587236,138700
2007-07-23,32.520000,32.950001,32.180000,32.400002,17.625320,62100
2007-07-24,32.009998,32.430000,30.799999,30.870001,16.793018,143700
2007-07-25,31.160000,31.850000,30.760000,31.080000,16.907251,135300
2007-07-26,30.600000,30.840000,29.600000,30.150000,16.401339,136900
2007-07-27,29.980000,30.570000,29.420000,29.420000,16.004234,102600
2007-07-30,30.150000,30.250000,28.959999,29.549999,16.074944,98000
2007-07-31,29.870001,30.020000,29.370001,29.459999,16.025984,123900
2007-08-01,29.330000,30.660000,29.000000,30.610001,16.651573,259600
2007-08-02,30.730000,31.219999,30.580000,31.049999,16.890928,112200
2007-08-03,31.139999,31.459999,30.400000,31.059999,16.896370,179000
2007-08-06,31.100000,32.150002,30.780001,31.990000,17.402281,168600
2007-08-07,32.349998,38.419998,32.310001,36.029999,19.600002,1013700
2007-08-08,36.000000,36.980000,33.939999,35.389999,19.251844,499900
2007-08-09,34.570000,36.779999,34.419998,35.200001,19.148495,318000
2007-08-10,34.450001,37.000000,34.450001,36.619999,19.920965,328800
2007-08-13,36.799999,36.799999,34.290001,34.889999,19.132948,225800
2007-08-14,35.000000,35.029999,33.730000,33.779999,18.524240,110600
2007-08-15,33.759998,35.020000,33.500000,33.520000,18.381666,120200
2007-08-16,33.689999,37.250000,33.660000,36.570000,20.054222,279600
2007-08-17,37.849998,39.389999,37.320000,37.919998,20.794525,366500
2007-08-20,37.930000,38.480000,35.820000,36.389999,19.955523,165300
2007-08-21,36.509998,36.849998,35.369999,35.619999,19.533262,116500
2007-08-22,35.619999,36.290001,35.330002,36.000000,19.741638,86000
2007-08-23,36.169998,36.189999,35.490002,35.720001,19.588100,77500
2007-08-24,35.810001,36.250000,35.419998,36.000000,19.741638,74100
2007-08-27,35.810001,36.099998,34.970001,35.299999,19.357773,80600
2007-08-28,35.209999,35.480000,34.610001,34.610001,18.979395,95200
2007-08-29,35.009998,36.980000,35.009998,36.910000,20.240675,179100
2007-08-30,36.590000,36.900002,36.060001,36.369999,19.944540,84100
2007-08-31,36.959999,36.959999,35.889999,36.500000,20.015827,99500
2007-09-04,36.419998,36.639999,35.939999,36.419998,19.971962,54400
2007-09-05,36.200001,36.279999,35.720001,36.000000,19.741638,61400
2007-09-06,36.049999,36.299999,35.660000,36.290001,19.900677,47800
2007-09-07,35.740002,35.770000,35.049999,35.290001,19.352297,81000
2007-09-10,35.590000,35.669998,34.500000,35.160000,19.281010,60700
2007-09-11,35.419998,35.660000,34.830002,35.410000,19.418097,75800
2007-09-12,35.209999,35.650002,34.610001,34.840000,19.105522,44100
2007-09-13,35.070000,36.099998,34.549999,35.189999,19.297453,71000
2007-09-14,34.820000,35.090000,34.270000,35.080002,19.237135,62600
2007-09-17,34.910000,35.119999,34.500000,34.580002,18.962946,238400
2007-09-18,34.700001,35.320000,33.799999,35.180000,19.291973,161400
2007-09-19,35.360001,36.310001,35.320000,36.009998,19.747128,116800
2007-09-20,35.910000,36.490002,35.880001,36.119999,19.807447,72000
2007-09-21,36.459999,36.480000,35.770000,36.160000,19.829388,182400
2007-09-24,36.080002,36.680000,35.919998,36.220001,19.862280,71800
2007-09-25,35.919998,36.139999,35.799999,35.990002,19.736164,35100
2007-09-26,36.000000,36.790001,36.000000,36.320000,19.917133,42700
2007-09-27,36.410000,36.520000,36.070000,36.150002,19.823902,29100
2007-09-28,36.049999,36.480000,35.500000,35.650002,19.549717,114700
2007-10-01,35.570000,36.910000,35.570000,36.730000,20.141958,102400
2007-10-02,36.750000,37.000000,36.520000,36.869999,20.218742,55600
2007-10-03,36.509998,36.950001,35.889999,36.369999,19.944540,71100
2007-10-04,36.590000,36.740002,36.040001,36.490002,20.010355,27800
2007-10-05,36.810001,37.000000,36.660000,36.959999,20.268089,102900
2007-10-08,36.799999,36.980000,36.290001,36.419998,19.971962,45700
2007-10-09,36.439999,36.810001,36.119999,36.639999,20.092609,76300
2007-10-10,36.490002,36.720001,36.099998,36.299999,19.906158,50600
2007-10-11,36.340000,36.980000,35.830002,35.950001,19.714226,95900
2007-10-12,35.900002,36.810001,35.900002,36.810001,20.185831,65600
2007-10-15,36.750000,36.750000,35.099998,35.700001,19.577133,102800
2007-10-16,35.529999,36.080002,35.259998,36.000000,19.741638,63800
2007-10-17,35.990002,36.110001,34.900002,35.419998,19.423584,92400
2007-10-18,35.259998,35.560001,34.810001,35.520000,19.478416,50400
2007-10-19,35.520000,35.520000,34.000000,34.270000,18.792955,119700
2007-10-22,34.000000,35.459999,33.939999,35.189999,19.297453,96800
2007-10-23,35.490002,35.590000,34.570000,35.509998,19.472937,85000
2007-10-24,35.180000,35.439999,34.549999,35.270000,19.341328,84300
2007-10-25,35.240002,36.000000,35.070000,35.599998,19.522293,70800
2007-10-26,36.029999,36.360001,35.360001,36.139999,19.818417,59400
2007-10-29,36.209999,36.380001,35.299999,35.610001,19.527781,49700
2007-10-30,35.520000,35.540001,34.759998,34.849998,19.111008,83300
2007-10-31,34.919998,35.500000,34.560001,34.639999,18.995850,184700
2007-11-01,34.500000,34.610001,32.900002,33.400002,18.315853,200200
2007-11-02,32.820000,34.180000,32.820000,33.730000,18.496822,149000
2007-11-05,33.230000,33.939999,33.180000,33.520000,18.381666,103200
2007-11-06,33.570000,34.110001,33.040001,34.090000,18.694241,98000
2007-11-07,33.610001,33.860001,33.049999,33.259998,18.239082,122200
2007-11-08,33.529999,33.790001,32.930000,33.590000,18.420048,91100
2007-11-09,33.119999,33.799999,33.119999,33.459999,18.348763,75000
2007-11-12,33.490002,34.750000,33.349998,34.380001,18.853266,109300
2007-11-13,34.730000,35.130001,34.020000,35.070000,19.396965,182700
2007-11-14,35.230000,35.639999,34.529999,34.889999,19.297405,101200
2007-11-15,34.650002,35.029999,34.340000,34.770000,19.231030,153900
2007-11-16,34.860001,35.299999,34.330002,34.700001,19.192318,93600
2007-11-19,34.400002,34.400002,33.389999,34.009998,18.810682,81200
2007-11-20,34.139999,34.720001,33.900002,34.720001,19.203377,80600
2007-11-21,34.590000,34.919998,34.200001,34.410000,19.031914,71200
2007-11-23,34.750000,34.900002,34.310001,34.590000,19.131475,25300
2007-11-26,34.570000,34.700001,33.330002,33.349998,18.445639,88900
2007-11-27,33.470001,34.250000,33.380001,33.840000,18.716660,82100
2007-11-28,34.310001,35.000000,33.830002,34.939999,19.325052,97000
2007-11-29,34.660000,35.000000,33.959999,34.009998,18.810682,66700
2007-11-30,34.419998,34.639999,33.080002,33.509998,18.534136,166700
2007-12-03,33.450001,33.689999,33.009998,33.009998,18.257591,74500
2007-12-04,33.080002,33.970001,33.049999,33.560001,18.561790,118100
2007-12-05,34.000000,34.570000,33.959999,34.360001,19.004267,75700
2007-12-06,34.220001,35.290001,34.169998,35.250000,19.496515,123400
2007-12-07,35.290001,35.450001,34.599998,34.849998,19.275280,65000
2007-12-10,35.000000,35.580002,34.599998,34.810001,19.253162,66400
2007-12-11,35.049999,35.669998,34.040001,34.040001,18.827272,107000
2007-12-12,34.750000,34.880001,34.000000,34.549999,19.109352,65900
2007-12-13,34.230000,34.849998,34.110001,34.669998,19.175714,68800
2007-12-14,34.330002,34.730000,33.549999,33.599998,18.583914,83000
2007-12-17,33.320000,33.689999,33.060001,33.070000,18.290775,97400
2007-12-18,33.430000,34.369999,33.080002,34.369999,19.009796,85400
2007-12-19,34.279999,34.380001,33.720001,34.299999,18.971081,75300
2007-12-20,34.740002,35.340000,33.880001,35.340000,19.546291,135500
2007-12-21,35.959999,36.950001,35.700001,36.570000,20.226593,321900
2007-12-24,36.849998,37.000000,36.540001,36.990002,20.458900,33400
2007-12-26,36.619999,37.880001,36.279999,36.980000,20.453369,106500
2007-12-27,37.020000,37.119999,36.040001,36.070000,19.950050,138700
2007-12-28,36.529999,36.919998,34.919998,34.919998,19.313997,102900
2007-12-31,34.820000,34.910000,34.240002,34.599998,19.137001,90200
2008-01-02,34.480000,34.910000,33.169998,33.389999,18.467754,104600
2008-01-03,33.529999,34.459999,33.529999,34.060001,18.838339,90300
2008-01-04,33.599998,33.970001,33.200001,33.270000,18.401390,90500
2008-01-07,33.500000,34.360001,33.360001,34.119999,18.871519,139100
2008-01-08,34.200001,34.869999,33.009998,33.020000,18.263117,154000
2008-01-09,33.060001,34.080002,33.060001,33.500000,18.528603,173600
2008-01-10,33.180000,34.279999,33.160000,33.980000,18.794085,155800
2008-01-11,33.650002,33.910000,32.930000,33.180000,18.351614,206300
2008-01-14,33.200001,33.790001,33.110001,33.470001,18.512007,101100
2008-01-15,33.130001,33.930000,33.099998,33.680000,18.628159,138600
2008-01-16,33.650002,35.189999,33.650002,34.779999,19.236559,234700
2008-01-17,34.830002,34.830002,33.430000,33.430000,18.489891,185300
2008-01-18,33.430000,34.160000,33.029999,33.139999,18.329489,177300
2008-01-22,32.849998,33.720001,32.500000,32.520000,17.986576,117200
2008-01-23,32.230000,34.189999,31.750000,34.189999,18.910238,192500
2008-01-24,34.209999,34.209999,32.180000,32.180000,17.798521,202800
2008-01-25,32.580002,32.820000,31.510000,31.700001,17.533035,93700
2008-01-28,31.570000,32.209999,31.280001,31.940001,17.665787,101700
2008-01-29,32.200001,32.290001,31.600000,32.259998,17.842768,94100
2008-01-30,31.959999,32.560001,31.610001,31.790001,17.582819,139900
2008-01-31,31.719999,33.200001,31.650000,32.570000,18.014225,229900
2008-02-01,32.740002,33.400002,32.619999,33.040001,18.274187,83600
2008-02-04,32.779999,33.570000,32.720001,33.310001,18.423521,82800
2008-02-05,32.580002,33.480000,32.540001,32.540001,17.997633,89800
2008-02-06,33.860001,35.439999,33.299999,34.270000,18.954491,372400
2008-02-07,34.139999,35.209999,34.049999,35.080002,19.402496,128400
2008-02-08,35.070000,35.139999,34.330002,34.470001,19.065107,97500
2008-02-11,34.430000,34.580002,33.820000,34.060001,18.838339,101300
2008-02-12,34.180000,34.570000,33.900002,34.169998,18.899178,104300
2008-02-13,34.450001,34.790001,34.250000,34.650002,19.333267,90200
2008-02-14,34.799999,34.799999,33.360001,33.630001,18.764149,86400
2008-02-15,33.450001,33.730000,32.900002,33.250000,18.552122,162000
2008-02-19,33.630001,33.630001,32.860001,33.150002,18.496332,98600
2008-02-20,32.980000,33.389999,32.799999,33.360001,18.613504,73600
2008-02-21,33.490002,33.779999,32.770000,32.880001,18.345678,119600
2008-02-22,32.910000,33.320000,32.459999,33.259998,18.557711,120800
2008-02-25,33.200001,33.759998,32.910000,33.689999,18.797628,131900
2008-02-26,33.529999,34.240002,33.509998,34.200001,19.082190,122600
2008-02-27,33.799999,34.099998,33.369999,33.439999,18.658134,79000
2008-02-28,33.240002,33.610001,32.849998,33.000000,18.412630,97600
2008-02-29,32.669998,33.169998,32.279999,32.450001,18.105753,150400
2008-03-03,32.410000,32.779999,32.000000,32.529999,18.150398,96800
2008-03-04,32.119999,32.689999,32.049999,32.660000,18.222931,155400
2008-03-05,32.880001,32.930000,32.330002,32.820000,18.312206,80900
2008-03-06,32.580002,32.820000,31.889999,31.889999,17.793304,88800
2008-03-07,31.809999,32.169998,31.420000,31.950001,17.826777,115900
2008-03-10,32.130001,32.480000,31.870001,31.959999,17.832357,93600
2008-03-11,32.720001,33.639999,32.169998,33.639999,18.769728,149000
2008-03-12,33.599998,33.650002,32.759998,32.910000,18.362423,209400
2008-03-13,32.470001,33.830002,32.020000,33.660000,18.780891,102700
2008-03-14,33.869999,33.869999,32.369999,33.049999,18.440531,163700
2008-03-17,32.180000,33.830002,31.910000,33.080002,18.457279,142000
2008-03-18,33.790001,34.209999,33.080002,34.209999,19.087769,229300
2008-03-19,34.240002,34.959999,33.689999,33.689999,18.797628,107000
2008-03-20,34.040001,34.849998,33.599998,34.330002,19.154716,406200
2008-03-24,34.540001,34.700001,34.000000,34.220001,19.093349,119700
2008-03-25,34.169998,34.290001,33.660000,33.790001,18.853422,87000
2008-03-26,33.610001,34.529999,33.570000,34.529999,19.266314,195200
2008-03-27,34.639999,34.980000,34.150002,34.410000,19.199356,139600
2008-03-28,34.490002,34.860001,34.310001,34.610001,19.310944,158500
2008-03-31,34.750000,35.680000,34.509998,35.389999,19.746153,170700
2008-04-01,35.700001,36.000000,35.540001,35.970001,20.069778,133800
2008-04-02,35.889999,36.599998,35.169998,36.509998,20.371073,158900
2008-04-03,36.040001,36.450001,35.580002,35.689999,19.913542,86200
2008-04-04,35.790001,36.330002,35.200001,35.730000,19.935860,82600
2008-04-07,35.750000,36.590000,35.470001,35.740002,19.941435,51000
2008-04-08,35.380001,35.919998,35.369999,35.709999,19.924706,55000
2008-04-09,35.830002,36.049999,35.220001,35.470001,19.790802,51300
2008-04-10,35.529999,35.900002,35.020000,35.580002,19.852175,86900
2008-04-11,35.410000,35.830002,34.930000,34.959999,19.506231,67900
2008-04-14,35.020000,35.730000,34.959999,35.349998,19.723839,77300
2008-04-15,35.520000,35.980000,35.279999,35.980000,20.075348,57500
2008-04-16,36.009998,36.799999,35.830002,36.790001,20.527300,93100
2008-04-17,36.619999,36.770000,36.259998,36.349998,20.281796,50400
2008-04-18,36.830002,36.830002,36.290001,36.529999,20.382227,77300
2008-04-21,36.240002,36.240002,35.770000,36.000000,20.086514,76500
2008-04-22,35.900002,36.230000,35.090000,35.430000,19.768475,86200
2008-04-23,35.610001,35.889999,35.180000,35.459999,19.785215,57100
2008-04-24,35.410000,36.119999,34.980000,36.009998,20.092098,95100
2008-04-25,37.060001,37.810001,37.009998,37.490002,20.917883,333000
2008-04-28,37.599998,37.599998,37.209999,37.290001,20.806284,117800
2008-04-29,37.160000,37.779999,37.000000,37.090000,20.694681,63400
2008-04-30,37.349998,37.689999,36.830002,37.080002,20.689108,86300
2008-05-01,37.790001,39.549999,37.520000,39.150002,21.844084,239600
2008-05-02,40.930000,40.930000,37.110001,37.700001,21.035036,493400
2008-05-05,37.930000,38.660000,37.000000,38.560001,21.514893,444800
2008-05-06,36.450001,37.709999,36.000000,37.200001,20.756065,456600
2008-05-07,37.000000,37.119999,36.099998,36.160000,20.175789,235000
2008-05-08,36.349998,36.630001,35.849998,36.299999,20.253899,214700
2008-05-09,36.320000,36.320000,35.549999,35.930000,20.047461,182200
2008-05-12,36.119999,36.500000,35.700001,36.180000,20.186937,147700
2008-05-13,36.220001,36.310001,35.590000,36.290001,20.416483,158200
2008-05-14,36.299999,36.470001,35.840000,36.139999,20.332092,142800
2008-05-15,36.250000,36.889999,36.020000,36.700001,20.647146,209200
2008-05-16,36.910000,37.130001,36.099998,36.750000,20.675276,221000
2008-05-19,36.660000,37.349998,36.450001,36.779999,20.692154,250000
2008-05-20,36.689999,37.209999,36.250000,36.869999,20.742788,144100
2008-05-21,37.040001,37.660000,36.730000,36.970001,20.799051,156100
2008-05-22,37.150002,37.549999,36.950001,37.259998,20.962194,113200
2008-05-23,37.070000,37.130001,36.500000,36.669998,20.630268,110600
2008-05-27,37.040001,37.250000,36.540001,37.209999,20.934067,151500
2008-05-28,36.560001,37.380001,36.430000,36.700001,20.647146,153400
2008-05-29,37.009998,38.330002,36.970001,37.730000,21.226616,208500
2008-05-30,38.040001,38.040001,37.520000,37.540001,21.119722,202300
2008-06-02,37.509998,37.660000,36.590000,37.110001,20.877808,163400
2008-06-03,37.180000,37.279999,36.599998,36.810001,20.709030,236200
2008-06-04,37.060001,37.500000,36.860001,37.500000,21.097216,182500
2008-06-05,37.520000,39.639999,37.439999,39.560001,22.256153,285800
2008-06-06,39.180000,39.189999,38.360001,38.380001,21.592306,176800
2008-06-09,38.560001,38.869999,38.099998,38.700001,21.772331,183100
2008-06-10,38.490002,40.150002,38.439999,39.700001,22.334921,237000
2008-06-11,39.549999,39.770000,39.000000,39.150002,22.025503,165800
2008-06-12,39.279999,39.970001,39.180000,39.610001,22.284294,218900
2008-06-13,39.880001,40.000000,38.770000,39.549999,22.250532,187900
2008-06-16,39.560001,40.000000,39.009998,39.849998,22.419310,223400
2008-06-17,39.889999,39.919998,39.150002,39.459999,22.199900,96500
2008-06-18,39.340000,40.490002,39.340000,40.189999,22.610598,195400
2008-06-19,40.169998,40.919998,40.009998,40.709999,22.903137,111100
2008-06-20,40.500000,40.880001,40.220001,40.500000,22.784994,265600
2008-06-23,40.669998,40.980000,40.459999,40.779999,22.942520,98900
2008-06-24,40.840000,40.980000,40.500000,40.730000,22.914389,173600
2008-06-25,40.680000,40.970001,40.410000,40.750000,22.925644,157100
2008-06-26,40.110001,40.459999,39.009998,39.049999,21.969236,156600
2008-06-27,39.040001,39.270000,38.130001,38.139999,21.457273,347900
2008-06-30,38.080002,39.610001,38.080002,38.830002,21.845472,252300
2008-07-01,38.349998,40.349998,38.250000,40.299999,22.672485,241700
2008-07-02,40.189999,40.189999,38.810001,38.919998,21.896095,190800
2008-07-03,38.919998,39.070000,38.509998,38.930000,21.901733,110700
2008-07-07,39.320000,39.520000,38.689999,39.270000,22.093010,170000
2008-07-08,39.450001,41.250000,39.450001,41.250000,23.206936,295500
2008-07-09,41.000000,41.169998,39.029999,39.369999,22.149269,288600
2008-07-10,39.240002,40.410000,39.240002,40.299999,22.672485,172900
2008-07-11,40.099998,42.150002,40.099998,41.919998,23.583879,242300
2008-07-14,42.590000,42.849998,41.509998,42.360001,23.831419,191200
2008-07-15,41.610001,43.209999,41.419998,42.580002,23.955183,213600
2008-07-16,43.330002,43.820000,43.020000,43.540001,24.495268,357400
2008-07-17,43.810001,43.810001,42.799999,43.750000,24.613428,227700
2008-07-18,43.790001,44.720001,43.230000,44.529999,25.052250,276200
2008-07-21,44.610001,45.770000,43.650002,45.369999,25.524834,270300
2008-07-22,44.639999,45.250000,44.580002,44.860001,25.237907,239300
2008-07-23,44.889999,44.889999,43.279999,43.389999,24.410885,237000
2008-07-24,43.590000,43.889999,43.000000,43.580002,24.517773,222700
2008-07-25,43.959999,44.490002,43.750000,44.080002,24.799084,169000
2008-07-28,44.119999,44.439999,43.419998,44.290001,24.917229,199800
2008-07-29,44.560001,45.619999,44.009998,45.529999,25.614838,206000
2008-07-30,45.650002,46.150002,44.840000,45.980000,25.867996,285100
2008-07-31,45.419998,45.980000,45.049999,45.340000,25.507944,154100
2008-08-01,45.369999,45.590000,44.840000,45.090000,25.367296,184200
2008-08-04,45.259998,45.650002,44.080002,44.720001,25.159145,287000
2008-08-05,37.410000,38.570000,34.630001,36.160000,20.343348,1306200
2008-08-06,35.540001,37.830002,35.520000,37.169998,20.911564,590100
2008-08-07,37.099998,38.320000,36.849998,38.320000,21.558542,286100
2008-08-08,38.360001,39.830002,38.270000,39.500000,22.222406,236900
2008-08-11,39.500000,41.200001,38.299999,40.849998,22.981909,273000
2008-08-12,40.750000,40.860001,39.779999,40.860001,22.987539,178200
2008-08-13,40.549999,41.549999,40.320000,40.770000,23.105406,201900
2008-08-14,40.459999,41.180000,39.889999,40.650002,23.037405,108100
2008-08-15,41.060001,41.060001,39.270000,40.090000,22.720037,218500
2008-08-18,40.130001,41.049999,40.029999,40.529999,22.969398,122200
2008-08-19,39.930000,40.310001,39.349998,39.580002,22.431019,163500
2008-08-20,39.660000,40.250000,39.049999,39.580002,22.431019,168500
2008-08-21,41.000000,41.000000,38.509998,38.869999,22.028624,140600
2008-08-22,39.139999,39.939999,38.970001,39.740002,22.521679,173000
2008-08-25,39.560001,39.560001,38.119999,38.490002,21.813274,142100
2008-08-26,38.349998,39.119999,38.169998,38.970001,22.085302,113800
2008-08-27,38.840000,40.160000,38.459999,39.799999,22.555689,125200
2008-08-28,39.279999,40.270000,39.220001,40.220001,22.793713,103400
2008-08-29,40.110001,40.400002,39.480000,39.709999,22.504683,95800
2008-09-02,39.180000,39.430000,38.009998,38.410000,21.767937,197100
2008-09-03,38.209999,39.200001,38.139999,38.840000,22.011631,114400
2008-09-04,38.660000,38.919998,37.810001,38.169998,21.631927,121700
2008-09-05,38.279999,38.349998,37.060001,37.279999,21.127537,177800
2008-09-08,37.639999,39.080002,37.549999,39.020000,22.113642,151200
2008-09-09,39.000000,39.119999,38.169998,38.200001,21.648926,199800
2008-09-10,38.660000,39.000000,38.459999,38.830002,22.005976,241400
2008-09-11,38.849998,39.139999,38.119999,38.959999,22.079639,197400
2008-09-12,38.849998,40.139999,38.849998,39.950001,22.640690,121100
2008-09-15,37.169998,38.939999,36.330002,36.459999,20.662817,315700
2008-09-16,36.700001,37.389999,36.099998,37.389999,21.189880,568600
2008-09-17,36.169998,36.970001,35.669998,35.950001,20.373789,531900
2008-09-18,35.599998,35.930000,32.400002,33.000000,18.701948,1562200
2008-09-19,31.120001,31.330000,29.709999,30.010000,17.007441,3931600
2008-09-22,30.600000,31.100000,30.000000,30.750000,17.426821,1344500
2008-09-23,30.510000,31.090000,30.209999,30.770000,17.438158,530900
2008-09-24,30.690001,31.040001,30.110001,30.670000,17.381479,407700
2008-09-25,30.690001,31.500000,30.500000,31.059999,17.602499,441000
2008-09-26,30.500000,31.480000,30.200001,31.190001,17.676170,460800
2008-09-29,30.750000,30.750000,30.200001,30.200001,17.115122,538300
2008-09-30,30.309999,30.840000,30.309999,30.730000,17.415480,886600
2008-10-01,30.540001,30.840000,30.270000,30.670000,17.381479,477500
2008-10-02,30.360001,30.540001,30.020000,30.020000,17.013105,449200
2008-10-03,30.299999,30.500000,28.280001,28.570000,16.191357,415600
2008-10-06,28.040001,28.360001,24.969999,25.740000,14.587527,735400
2008-10-07,24.730000,26.889999,24.290001,24.309999,13.777105,340700
2008-10-08,23.320000,23.870001,21.910000,22.190001,12.575645,745000
2008-10-09,22.740000,23.610001,20.760000,20.760000,11.765224,338200
2008-10-10,20.420000,22.219999,19.290001,22.000000,12.467971,569100
2008-10-13,23.020000,24.000000,22.590000,23.799999,13.488073,479900
2008-10-14,24.500000,24.760000,22.469999,23.200001,13.148038,333300
2008-10-15,23.230000,23.299999,21.500000,21.500000,12.184602,280700
2008-10-16,21.719999,22.670000,20.680000,22.559999,12.785335,375400
2008-10-17,22.129999,23.570000,21.809999,22.250000,12.609645,302400
2008-10-20,23.000000,23.000000,22.070000,22.930000,12.995023,249000
2008-10-21,22.790001,23.799999,22.530001,23.139999,13.114032,207700
2008-10-22,22.610001,22.940001,20.600000,21.230000,12.031591,257300
2008-10-23,21.629999,22.540001,20.280001,21.280001,12.059928,549700
2008-10-24,20.750000,21.510000,20.600000,21.010000,11.906908,247600
2008-10-27,21.020000,21.480000,20.219999,20.250000,11.476195,234200
2008-10-28,20.440001,22.049999,19.750000,21.959999,12.445298,317300
2008-10-29,22.420000,22.820000,21.799999,22.049999,12.496305,231900
2008-10-30,22.600000,22.969999,22.100000,22.900000,12.978019,342000
2008-10-31,22.900000,23.490000,22.280001,23.480000,13.306726,360000
2008-11-03,23.750000,24.570000,23.500000,23.959999,13.578750,261900
2008-11-04,22.930000,24.360001,21.049999,21.200001,12.014586,690700
2008-11-05,21.469999,22.260000,20.549999,21.230000,12.031591,421100
2008-11-06,21.299999,21.320000,19.610001,19.950001,11.306184,387000
2008-11-07,20.139999,20.870001,19.940001,20.760000,11.765224,216200
2008-11-10,21.129999,21.469999,20.080000,20.350000,11.532873,243300
2008-11-11,20.209999,20.969999,20.010000,20.330000,11.521533,250500
2008-11-12,20.160000,20.299999,18.750000,18.760000,10.789933,303400
2008-11-13,18.870001,19.469999,16.900000,18.260000,10.502358,680100
2008-11-14,18.030001,18.379999,17.200001,17.320000,9.961713,450100
2008-11-17,17.120001,17.500000,16.389999,17.030001,9.794916,467800
2008-11-18,16.990000,17.320000,16.129999,16.870001,9.702889,366500
2008-11-19,16.959999,17.139999,16.110001,16.379999,9.421065,419500
2008-11-20,16.219999,16.379999,15.210000,15.310000,8.805645,529600
2008-11-21,15.460000,16.200001,14.990000,16.049999,9.231261,526100
2008-11-24,16.219999,17.590000,15.900000,17.450001,10.036480,483500
2008-11-25,17.790001,17.830000,17.020000,17.629999,10.140010,438100
2008-11-26,17.260000,18.680000,17.000000,18.450001,10.611638,371100
2008-11-28,18.250000,18.790001,18.250000,18.790001,10.807196,104400
2008-12-01,18.530001,18.780001,16.850000,16.959999,9.754653,337700
2008-12-02,17.120001,18.260000,16.830000,18.190001,10.462100,383600
2008-12-03,17.780001,18.879999,17.559999,18.820000,10.824443,407300
2008-12-04,18.740000,19.120001,17.670000,18.170000,10.450596,278800
2008-12-05,17.910000,19.059999,17.620001,18.950001,10.899217,293400
2008-12-08,19.280001,20.719999,19.090000,20.510000,11.796459,432200
2008-12-09,20.270000,21.440001,20.270000,21.030001,12.095541,441900
2008-12-10,21.340000,22.129999,21.200001,21.650000,12.452138,359900
2008-12-11,21.580000,21.969999,20.520000,20.799999,11.963252,288200
2008-12-12,20.410000,21.900000,20.070000,21.840000,12.561415,200700
2008-12-15,22.000000,22.230000,20.700001,21.090000,12.130048,205800
2008-12-16,21.440001,22.230000,21.389999,22.129999,12.728208,299200
2008-12-17,21.680000,23.389999,21.680000,23.230000,13.360886,432100
2008-12-18,23.240000,24.230000,22.590000,22.969999,13.211342,313100
2008-12-19,23.559999,24.100000,23.000000,23.559999,13.550684,434600
2008-12-22,23.540001,23.670000,22.379999,23.010000,13.234353,206800
2008-12-23,23.219999,23.400000,22.290001,22.500000,12.941026,143300
2008-12-24,22.680000,23.260000,22.299999,23.090000,13.280363,94000
2008-12-26,23.100000,23.410000,22.799999,23.080000,13.274612,73700
2008-12-29,23.090000,23.129999,22.139999,22.370001,12.866249,158800
2008-12-30,22.549999,23.500000,21.660000,23.350000,13.429906,256600
2008-12-31,23.290001,23.760000,22.540001,23.330000,13.418401,299300
2009-01-02,23.610001,24.500000,23.309999,24.260000,13.953300,206100
2009-01-05,24.320000,24.320000,22.450001,22.930000,13.188340,538800
2009-01-06,23.080000,23.480000,22.389999,22.559999,12.975533,312900
2009-01-07,22.129999,22.270000,21.080000,21.500000,12.365862,249100
2009-01-08,21.400000,22.150000,21.000000,21.969999,12.636189,221500
2009-01-09,21.900000,22.450001,21.000000,21.080000,12.124299,218600
2009-01-12,21.150000,21.280001,20.719999,20.889999,12.015021,221100
2009-01-13,20.790001,21.049999,20.510000,20.700001,11.905738,110700
2009-01-14,20.469999,20.690001,20.030001,20.209999,11.623919,169700
2009-01-15,20.150000,20.500000,19.530001,20.500000,11.790709,330900
2009-01-16,20.780001,20.889999,20.010000,20.350000,11.704436,207100
2009-01-20,20.340000,20.820000,19.209999,19.330000,11.117776,328000
2009-01-21,19.500000,19.950001,18.969999,19.879999,11.434110,317300
2009-01-22,19.500000,20.070000,19.080000,19.709999,11.336333,316400
2009-01-23,19.230000,19.600000,18.990000,19.350000,11.129279,171500
2009-01-26,19.469999,20.180000,19.250000,20.000000,11.503133,192600
2009-01-27,19.959999,20.950001,19.840000,20.639999,11.871229,169000
2009-01-28,20.980000,21.150000,20.700001,21.020000,12.089793,173200
2009-01-29,20.860001,21.150000,20.280001,20.490000,11.784955,162100
2009-01-30,20.600000,20.920000,20.010000,20.270000,11.658423,246000
2009-02-02,20.000000,20.309999,18.600000,18.799999,10.812943,653300
2009-02-03,17.980000,19.889999,17.510000,19.760000,11.365094,817800
2009-02-04,19.639999,19.950001,18.730000,19.090000,10.979737,507100
2009-02-05,18.920000,20.500000,18.920000,20.219999,11.629666,250600
2009-02-06,20.139999,21.200001,20.139999,21.030001,12.095541,157700
2009-02-09,21.059999,21.370001,20.750000,21.290001,12.245078,165500
2009-02-10,21.200001,21.590000,20.510000,20.540001,11.813713,217700
2009-02-11,20.570000,21.150000,20.290001,20.990000,12.250263,187100
2009-02-12,20.650000,20.709999,19.709999,20.420000,11.917598,243100
2009-02-13,20.500000,20.959999,20.280001,20.559999,11.999307,114100
2009-02-17,20.100000,20.160000,19.450001,19.639999,11.462373,210800
2009-02-18,20.000000,20.090000,19.559999,19.680000,11.485716,246600
2009-02-19,19.920000,20.139999,19.400000,19.410000,11.328138,118800
2009-02-20,19.090000,19.299999,18.400000,18.750000,10.942945,160700
2009-02-23,18.940001,19.129999,17.420000,17.510000,10.219255,196900
2009-02-24,17.629999,18.450001,17.530001,18.230000,10.639463,167900
2009-02-25,18.280001,18.510000,17.590000,17.870001,10.429358,190500
2009-02-26,18.059999,18.280001,17.570000,17.620001,10.283453,111100
2009-02-27,17.480000,17.620001,17.170000,17.410000,10.160892,257400
2009-03-02,17.120001,17.219999,16.750000,16.850000,9.834065,266600
2009-03-03,17.040001,17.110001,15.500000,15.520000,9.057842,302000
2009-03-04,15.830000,17.760000,15.470000,17.370001,10.137548,605900
2009-03-05,17.080000,17.350000,16.070000,16.139999,9.419690,291700
2009-03-06,16.360001,17.180000,16.330000,16.770000,9.787374,359500
2009-03-09,16.670000,17.410000,16.200001,16.299999,9.513072,381100
2009-03-10,16.719999,17.750000,16.670000,17.709999,10.335979,383200
2009-03-11,17.889999,18.740000,17.790001,18.500000,10.797042,234100
2009-03-12,18.480000,19.610001,18.110001,19.580000,11.427352,237500
2009-03-13,19.620001,19.719999,19.139999,19.650000,11.468207,130200
2009-03-16,19.860001,20.980000,19.660000,20.370001,11.888421,271900
2009-03-17,19.900000,20.770000,19.900000,20.760000,12.116035,230400
2009-03-18,20.770000,21.889999,20.250000,21.540001,12.571258,333000
2009-03-19,21.850000,22.549999,21.260000,21.870001,12.763852,666700
2009-03-20,22.000000,22.219999,20.860001,20.930000,12.215246,292500
2009-03-23,21.469999,22.700001,21.240000,22.680000,13.236589,281900
2009-03-24,22.469999,22.469999,21.820000,21.920000,12.793036,170100
2009-03-25,21.990000,22.740000,21.290001,22.160000,12.933106,262800
2009-03-26,22.600000,23.010000,21.940001,23.010000,13.429187,263800
2009-03-27,23.000000,23.209999,22.160000,22.309999,13.020646,354800
2009-03-30,21.959999,22.230000,21.129999,21.900000,12.781365,359100
2009-03-31,21.930000,22.600000,21.730000,22.049999,12.868901,236800
2009-04-01,21.740000,22.350000,21.360001,21.959999,12.816377,250600
2009-04-02,22.450001,23.719999,22.260000,23.600000,13.773525,364100
2009-04-03,23.600000,24.049999,23.080000,23.930000,13.966123,226400
2009-04-06,23.600000,23.850000,22.840000,23.170000,13.522561,329200
2009-04-07,22.830000,23.520000,22.750000,22.830000,13.324129,276300
2009-04-08,22.860001,23.200001,22.620001,22.969999,13.405836,273400
2009-04-09,23.260000,23.570000,22.969999,23.309999,13.604268,424200
2009-04-13,23.270000,23.270000,22.600000,23.020000,13.435020,333400
2009-04-14,22.969999,23.000000,22.120001,22.330000,13.032319,149100
2009-04-15,22.129999,22.680000,22.129999,22.500000,13.131537,268400
2009-04-16,22.600000,22.820000,22.290001,22.600000,13.189898,232600
2009-04-17,22.680000,22.770000,22.440001,22.670000,13.230752,185300
2009-04-20,22.320000,22.680000,21.620001,21.799999,12.723000,206400
2009-04-21,21.620001,22.330000,21.340000,22.209999,12.962283,219700
2009-04-22,21.850000,22.900000,21.830000,22.160000,12.933106,253900
2009-04-23,22.240000,22.379999,21.629999,21.920000,12.793036,210800
2009-04-24,21.959999,22.330000,21.629999,22.000000,12.839723,247100
2009-04-27,21.700001,22.080000,21.160000,21.330000,12.448699,290100
2009-04-28,21.120001,22.170000,21.120001,21.809999,12.728838,359400
2009-04-29,22.000000,22.340000,21.840000,22.240000,12.979795,265600
2009-04-30,22.500000,22.870001,22.080000,22.180000,12.944781,242400
2009-05-01,22.200001,22.850000,22.070000,22.590000,13.184063,222500
2009-05-04,22.680000,23.020000,22.350000,22.830000,13.324129,198000
2009-05-05,20.520000,21.389999,20.260000,20.639999,12.045996,721100
2009-05-06,20.400000,20.940001,20.160000,20.730000,12.098525,483800
2009-05-07,21.000000,21.000000,20.379999,20.680000,12.069342,282700
2009-05-08,20.879999,21.340000,20.580000,21.100000,12.314463,340200
2009-05-11,20.639999,20.920000,20.139999,20.459999,11.940943,190000
2009-05-12,20.110001,20.600000,19.900000,20.230000,11.806711,205900
2009-05-13,20.070000,20.100000,19.719999,19.780001,11.716672,327800
2009-05-14,19.920000,19.959999,19.230000,19.490000,11.544889,282900
2009-05-15,19.389999,19.580000,18.950001,19.100000,11.313873,291400
2009-05-18,19.370001,19.559999,19.080000,19.430000,11.509350,171900
2009-05-19,19.480000,19.690001,19.200001,19.290001,11.426421,220000
2009-05-20,19.370001,19.840000,19.180000,19.260000,11.408649,273400
2009-05-21,19.240000,19.440001,18.629999,18.910000,11.201329,187500
2009-05-22,18.950001,19.260000,18.670000,18.690001,11.071013,100600
2009-05-26,18.920000,19.889999,18.820000,19.780001,11.716672,243000
2009-05-27,19.870001,19.870001,19.299999,19.360001,11.467887,243800
2009-05-28,19.330000,19.629999,18.840000,19.020000,11.266488,211800
2009-05-29,19.080000,19.450001,18.750000,18.950001,11.225024,284100
2009-06-01,19.400000,19.930000,19.209999,19.900000,11.787754,185300
2009-06-02,19.870001,20.459999,19.650000,20.260000,12.001002,251600
2009-06-03,20.059999,20.230000,19.900000,20.190001,11.959538,168500
2009-06-04,20.230000,20.379999,20.000000,20.219999,11.977308,176800
2009-06-05,20.400000,20.549999,19.990000,20.150000,11.935841,264900
2009-06-08,20.209999,20.440001,19.799999,20.160000,11.941763,181700
2009-06-09,20.469999,20.610001,20.110001,20.219999,11.977308,253800
2009-06-10,20.500000,20.750000,20.209999,20.530001,12.160938,276900
2009-06-11,20.709999,21.670000,20.650000,21.250000,12.587422,259300
2009-06-12,21.209999,22.000000,21.070000,21.790001,12.907295,210500
2009-06-15,21.719999,21.719999,21.020000,21.200001,12.557808,177800
2009-06-16,21.200001,21.410000,20.870001,20.950001,12.409722,110400
2009-06-17,21.010000,21.340000,21.010000,21.200001,12.557808,117800
2009-06-18,21.240000,21.549999,21.070000,21.389999,12.670357,110900
2009-06-19,21.760000,21.790001,21.129999,21.320000,12.628894,206900
2009-06-22,21.299999,21.389999,20.799999,20.809999,12.326795,154400
2009-06-23,20.870001,21.150000,20.309999,20.400000,12.083927,143100
2009-06-24,20.610001,20.969999,20.270000,20.680000,12.249786,112700
2009-06-25,20.559999,21.129999,20.420000,21.129999,12.516342,103200
2009-06-26,21.090000,21.600000,20.860001,21.549999,12.765134,340400
2009-06-29,21.600000,21.950001,21.200001,21.830000,12.930991,170000
2009-06-30,21.780001,22.040001,21.379999,21.840000,12.936914,128600
2009-07-01,22.040001,22.450001,21.480000,22.309999,13.215317,135300
2009-07-02,21.940001,22.020000,21.590000,21.629999,12.812524,149200
2009-07-06,21.620001,22.000000,21.480000,21.930000,12.990227,150300
2009-07-07,22.000000,22.129999,21.410000,21.410000,12.682200,127100
2009-07-08,21.379999,21.500000,20.740000,21.080000,12.486728,143400
2009-07-09,21.240000,21.240000,20.760000,20.959999,12.415644,82800
2009-07-10,20.799999,21.240000,20.730000,21.160000,12.534116,68000
2009-07-13,21.340000,21.809999,21.010000,21.790001,12.907295,164300
2009-07-14,21.750000,22.320000,21.700001,22.230000,13.167932,142300
2009-07-15,22.500000,23.299999,22.219999,23.230000,13.760278,214200
2009-07-16,23.200001,23.590000,22.850000,23.480000,13.908366,119500
2009-07-17,23.559999,23.709999,23.139999,23.490000,13.914287,191700
2009-07-20,23.660000,23.680000,23.320000,23.500000,13.920213,111900
2009-07-21,23.530001,23.660000,23.180000,23.620001,13.991295,100900
2009-07-22,23.600000,23.980000,23.600000,23.879999,14.145306,92700
2009-07-23,23.799999,25.129999,23.709999,24.860001,14.725813,238900
2009-07-24,24.660000,24.990000,24.440001,24.950001,14.779126,117000
2009-07-27,24.790001,24.990000,24.530001,24.809999,14.696193,199400
2009-07-28,24.590000,24.799999,23.980000,24.219999,14.346709,245300
2009-07-29,24.129999,24.219999,23.600000,23.870001,14.139380,185600
2009-07-30,24.190001,24.440001,23.639999,23.950001,14.186772,233100
2009-07-31,23.799999,23.820000,23.160000,23.320000,13.813591,240100
2009-08-03,23.540001,23.540001,22.930000,23.400000,13.860979,213100
2009-08-04,22.950001,24.379999,22.680000,24.000000,14.216386,209700
2009-08-05,24.129999,24.400000,23.940001,24.040001,14.240085,237300
2009-08-06,24.250000,24.299999,23.680000,23.930000,14.174926,110800
2009-08-07,24.280001,25.000000,23.879999,24.639999,14.595489,133400
2009-08-10,24.440001,24.730000,24.209999,24.730000,14.648805,165300
2009-08-11,24.700001,24.770000,24.320000,24.469999,14.494796,88300
2009-08-12,24.500000,25.170000,24.500000,24.670000,14.793420,137200
2009-08-13,24.860001,24.990000,24.510000,24.660000,14.787431,86400
2009-08-14,24.559999,24.670000,23.900000,24.230000,14.529572,123000
2009-08-17,24.040001,24.040001,23.500000,23.760000,14.247740,124800
2009-08-18,23.830000,24.030001,23.230000,23.389999,14.025860,190200
2009-08-19,23.219999,23.639999,23.160000,23.580000,14.139803,91000
2009-08-20,23.459999,23.760000,23.389999,23.690001,14.205760,63100
2009-08-21,24.030001,24.309999,23.930000,24.209999,14.517578,195500
2009-08-24,24.379999,24.889999,24.309999,24.719999,14.823401,163400
2009-08-25,24.420000,25.139999,24.420000,24.780001,14.859385,98300
2009-08-26,24.799999,24.879999,24.400000,24.670000,14.793420,84500
2009-08-27,24.450001,24.510000,23.559999,24.450001,14.661493,123400
2009-08-28,24.549999,24.610001,23.820000,24.010000,14.397652,66600
2009-08-31,23.830000,23.930000,23.500000,23.590000,14.145795,111800
2009-09-01,23.379999,23.959999,22.980000,23.020000,13.803992,126200
2009-09-02,22.950001,23.010000,22.799999,22.870001,13.714045,70800
2009-09-03,23.000000,23.049999,22.600000,23.010000,13.797997,71600
2009-09-04,23.070000,23.559999,22.950001,23.559999,14.127804,107400
2009-09-08,23.709999,24.010000,23.559999,23.930000,14.349679,113000
2009-09-09,23.860001,24.480000,23.860001,24.240000,14.535566,92000
2009-09-10,24.410000,24.490000,24.110001,24.379999,14.619520,65800
2009-09-11,24.480000,24.480000,23.900000,23.940001,14.355675,98700
2009-09-14,23.799999,24.450001,23.750000,24.360001,14.607524,83400
2009-09-15,24.270000,24.690001,24.270000,24.540001,14.715469,65500
2009-09-16,24.549999,25.000000,24.500000,25.000000,14.991305,57700
2009-09-17,24.990000,25.389999,24.959999,25.180000,15.099238,111800
2009-09-18,25.270000,25.400000,25.010000,25.330000,15.189188,165300
2009-09-21,25.250000,25.340000,24.930000,25.000000,14.991305,91700
2009-09-22,25.219999,25.219999,24.840000,24.870001,14.913349,72400
2009-09-23,24.900000,25.389999,24.760000,24.850000,14.901358,93700
2009-09-24,24.860001,25.200001,24.360001,24.540001,14.715469,155700
2009-09-25,24.500000,24.709999,24.309999,24.500000,14.691478,89200
2009-09-28,24.309999,25.010000,24.309999,24.680000,14.799413,106800
2009-09-29,24.740000,24.900000,23.920000,23.920000,14.343684,342700
2009-09-30,23.969999,24.209999,23.629999,23.930000,14.349679,197000
2009-10-01,23.879999,24.030001,22.820000,23.139999,13.875958,249200
2009-10-02,22.870001,23.139999,22.370001,22.650000,13.582123,201000
2009-10-05,22.820000,23.260000,22.400000,23.250000,13.941913,213800
2009-10-06,23.320000,23.840000,23.010000,23.620001,14.163784,125300
2009-10-07,23.459999,23.590000,23.230000,23.379999,14.019870,77000
2009-10-08,23.660000,24.170000,23.500000,23.799999,14.271719,153900
2009-10-09,23.690001,24.139999,23.500000,24.100000,14.451623,79600
2009-10-12,24.389999,24.650000,24.219999,24.280001,14.559558,95300
2009-10-13,24.309999,24.490000,24.049999,24.260000,14.547568,73700
2009-10-14,24.469999,24.639999,24.260000,24.330000,14.589540,129300
2009-10-15,24.150000,24.490000,24.150000,24.480000,14.679482,87300
2009-10-16,24.370001,24.469999,24.010000,24.120001,14.463610,126800
2009-10-19,24.299999,24.580000,24.020000,24.400000,14.631514,138000
2009-10-20,24.510000,24.590000,23.930000,24.170000,14.493592,105400
2009-10-21,24.180000,24.540001,23.680000,23.740000,14.235745,142700
2009-10-22,23.730000,24.110001,23.500000,24.059999,14.427636,100200
2009-10-23,24.180000,24.410000,23.799999,23.910000,14.337683,138700
2009-10-26,24.080000,24.350000,23.570000,23.580000,14.139803,98500
2009-10-27,23.730000,24.020000,23.500000,23.549999,14.121807,99800
2009-10-28,23.440001,23.660000,22.760000,22.760000,13.648084,126000
2009-10-29,23.049999,23.469999,22.840000,23.350000,14.001882,210000
2009-10-30,23.250000,23.330000,22.799999,23.260000,13.947909,309000
2009-11-02,23.330000,23.490000,22.750000,23.150000,13.881945,229200
2009-11-03,22.950001,23.330000,22.950001,23.160000,13.887941,198600
2009-11-04,23.400000,23.590000,23.000000,23.000000,13.792000,198600
2009-11-05,23.160000,23.629999,23.040001,23.510000,14.097824,157900
2009-11-06,23.320000,23.700001,23.270000,23.549999,14.121807,113600
2009-11-09,23.820000,23.889999,23.559999,23.780001,14.259728,115500
2009-11-10,23.480000,23.540001,23.120001,23.400000,14.209933,93100
2009-11-11,23.680000,23.700001,23.240000,23.549999,14.301023,85700
2009-11-12,23.549999,23.889999,23.250000,23.420000,14.222075,122800
2009-11-13,23.480000,23.750000,23.299999,23.610001,14.337461,76200
2009-11-16,23.730000,24.610001,23.730000,24.490000,14.871852,137000
2009-11-17,24.450001,24.530001,24.110001,24.410000,14.823271,61500
2009-11-18,24.430000,24.430000,24.049999,24.180000,14.683598,55800
2009-11-19,23.889999,23.990000,23.280001,23.410000,14.216007,131900
2009-11-20,23.219999,23.719999,23.080000,23.219999,14.100627,93500
2009-11-23,23.590000,23.959999,23.540001,23.690001,14.386039,96600
2009-11-24,23.639999,23.879999,23.370001,23.629999,14.349604,71800
2009-11-25,23.670000,23.900000,23.670000,23.750000,14.422478,78600
2009-11-27,23.230000,23.400000,23.110001,23.110001,14.033829,66800
2009-11-30,23.049999,23.120001,22.500000,23.030001,13.985251,174700
2009-12-01,23.299999,23.410000,23.100000,23.270000,14.130989,116600
2009-12-02,23.360001,23.809999,23.350000,23.719999,14.404256,124500
2009-12-03,23.950001,24.000000,23.530001,23.590000,14.325315,78300
2009-12-04,23.980000,23.980000,23.459999,23.719999,14.404256,209900
2009-12-07,23.830000,23.950001,23.600000,23.719999,14.404256,120000
2009-12-08,23.629999,23.700001,23.209999,23.389999,14.203859,176400
2009-12-09,23.400000,23.469999,23.059999,23.180000,14.076342,68700
2009-12-10,23.459999,23.540001,23.030001,23.150000,14.058118,106900
2009-12-11,23.340000,23.670000,23.190001,23.620001,14.343531,91200
2009-12-14,23.700001,23.709999,23.410000,23.520000,14.282804,108400
2009-12-15,23.500000,23.600000,23.280001,23.430000,14.228153,140700
2009-12-16,23.680000,23.740000,23.330000,23.490000,14.264591,110300
2009-12-17,23.410000,23.660000,23.200001,23.600000,14.331383,112300
2009-12-18,23.610001,24.090000,23.150000,24.080000,14.622875,336900
2009-12-21,24.139999,24.580000,24.090000,24.500000,14.877924,206300
2009-12-22,24.469999,24.830000,24.360001,24.620001,14.950789,110400
2009-12-23,24.730000,24.950001,24.590000,24.840000,15.084387,66300
2009-12-24,24.930000,25.040001,24.889999,24.959999,15.157261,91000
2009-12-28,24.990000,25.100000,24.900000,25.040001,15.205843,170900
2009-12-29,25.090000,25.190001,24.920000,24.990000,15.175481,143600
2009-12-30,24.969999,25.299999,24.860001,25.129999,15.260491,134600
2009-12-31,25.190001,25.340000,24.770000,24.820000,15.072250,95000
2010-01-04,25.000000,25.389999,24.830000,25.250000,15.333372,88300
2010-01-05,25.200001,25.260000,24.510000,24.520000,14.890069,117600
2010-01-06,24.450001,24.500000,23.879999,23.980000,14.562150,167600
2010-01-07,24.000000,24.139999,23.750000,24.120001,14.647161,65800
2010-01-08,24.110001,24.190001,23.879999,24.110001,14.641094,63000
2010-01-11,24.170000,24.219999,23.790001,24.059999,14.610728,61700
2010-01-12,23.889999,24.030001,23.770000,23.950001,14.543927,102200
2010-01-13,24.000000,24.139999,23.709999,23.980000,14.562150,89700
2010-01-14,23.850000,24.090000,23.850000,23.959999,14.550001,97400
2010-01-15,24.080000,24.080000,23.469999,23.620001,14.343531,146100
2010-01-19,23.740000,24.090000,23.620001,24.090000,14.628946,91500
2010-01-20,23.950001,23.950001,23.360001,23.790001,14.446770,146100
2010-01-21,23.889999,23.940001,23.000000,23.100000,14.027758,182400
2010-01-22,23.120001,23.280001,22.650000,22.799999,13.845572,189200
2010-01-25,22.920000,23.059999,22.629999,22.780001,13.833431,134700
2010-01-26,22.760000,22.840000,22.400000,22.459999,13.639103,154200
2010-01-27,22.400000,22.760000,22.209999,22.719999,13.796991,124500
2010-01-28,22.830000,22.840000,21.910000,22.049999,13.390131,188600
2010-01-29,22.059999,22.480000,21.600000,21.600000,13.116867,439200
2010-02-01,21.709999,21.809999,21.350000,21.490000,13.050062,326200
2010-02-02,21.549999,21.650000,21.200001,21.400000,12.995408,427100
2010-02-03,21.260000,21.420000,20.860001,21.410000,13.001484,232400
2010-02-04,21.309999,21.320000,20.719999,20.760000,12.606760,212000
2010-02-05,20.879999,21.129999,20.280001,20.690001,12.564251,237500
2010-02-08,20.760000,20.760000,20.389999,20.559999,12.485307,162800
2010-02-09,20.370001,20.690001,19.969999,20.330000,12.345641,397800
2010-02-10,20.150000,20.309999,19.830000,20.059999,12.362896,279700
2010-02-11,20.020000,20.230000,19.700001,20.010000,12.332084,394000
2010-02-12,19.889999,20.129999,19.760000,20.090000,12.381382,213800
2010-02-16,20.150000,20.379999,20.010000,20.370001,12.553946,309500
2010-02-17,20.500000,20.889999,20.150000,20.180000,12.436850,197400
2010-02-18,20.200001,20.600000,20.110001,20.549999,12.664877,392500
2010-02-19,20.559999,20.719999,20.389999,20.709999,12.763488,301700
2010-02-22,20.830000,21.000000,20.500000,20.549999,12.664877,117000
2010-02-23,20.580000,20.850000,20.260000,20.370001,12.553946,105500
2010-02-24,20.490000,20.510000,20.240000,20.320000,12.523133,134800
2010-02-25,20.100000,20.209999,19.850000,20.209999,12.455340,185800
2010-02-26,19.980000,20.440001,19.870001,19.990000,12.319752,174800
2010-03-01,20.100000,20.459999,20.100000,20.360001,12.547786,151200
2010-03-02,20.450001,20.520000,20.299999,20.450001,12.603251,191400
2010-03-03,20.549999,20.719999,20.219999,20.330000,12.529294,386900
2010-03-04,20.400000,20.440001,20.270000,20.420000,12.584763,112000
2010-03-05,20.629999,20.760000,20.430000,20.760000,12.794301,273100
2010-03-08,20.650000,21.129999,20.620001,21.090000,12.997679,206400
2010-03-09,21.100000,21.420000,21.040001,21.350000,13.157920,166000
2010-03-10,21.440001,21.940001,21.389999,21.910000,13.503041,256800
2010-03-11,21.920000,22.170000,21.820000,22.170000,13.663279,221000
2010-03-12,22.250000,22.350000,22.030001,22.170000,13.663279,203200
2010-03-15,22.200001,22.200001,22.010000,22.100000,13.620147,112400
2010-03-16,22.150000,22.200001,22.049999,22.190001,13.675606,89800
2010-03-17,22.299999,22.420000,22.250000,22.360001,13.780374,87400
2010-03-18,22.040001,22.350000,21.900000,22.209999,13.687933,104600
2010-03-19,22.360001,22.360001,21.830000,21.920000,13.509210,231500
2010-03-22,22.170000,22.340000,21.540001,22.120001,13.632463,109500
2010-03-23,22.190001,22.400000,21.980000,22.379999,13.792696,90900
2010-03-24,22.340000,22.379999,22.219999,22.260000,13.718750,118100
2010-03-25,22.400000,22.490000,22.000000,22.080000,13.607815,358100
2010-03-26,22.219999,22.330000,22.030001,22.120001,13.632463,120800
2010-03-29,22.240000,22.250000,22.010000,22.150000,13.650952,76600
2010-03-30,22.070000,22.250000,21.860001,22.059999,13.595489,129100
2010-03-31,22.000000,22.219999,21.940001,21.959999,13.533854,190600
2010-04-01,22.139999,22.250000,21.980000,22.180000,13.669443,120900
2010-04-05,22.350000,22.430000,22.110001,22.250000,13.712584,121100
2010-04-06,22.110001,22.190001,22.000000,22.139999,13.644788,114400
2010-04-07,22.180000,22.180000,21.950001,22.090000,13.613979,87700
2010-04-08,21.940001,22.180000,21.580000,21.879999,13.484557,209400
2010-04-09,21.770000,21.879999,21.459999,21.870001,13.478391,139300
2010-04-12,21.840000,22.000000,21.670000,21.730000,13.392109,170000
2010-04-13,21.730000,21.760000,21.490000,21.750000,13.404436,143300
2010-04-14,21.850000,22.290001,21.730000,22.290001,13.737235,111300
2010-04-15,22.049999,22.559999,21.930000,22.540001,13.891309,280100
2010-04-16,22.540001,22.620001,22.270000,22.340000,13.768048,125200
2010-04-19,22.170000,22.420000,22.020000,22.360001,13.780374,75300
2010-04-20,22.530001,22.530001,22.379999,22.500000,13.866656,87900
2010-04-21,22.610001,22.610001,22.340000,22.440001,13.829677,112500
2010-04-22,22.309999,22.760000,22.190001,22.730000,14.008406,237100
2010-04-23,22.680000,22.870001,22.650000,22.830000,14.070039,112300
2010-04-26,22.770000,23.070000,22.770000,22.809999,14.057710,123300
2010-04-27,22.730000,23.100000,22.420000,22.440001,13.829677,111900
2010-04-28,22.520000,22.730000,22.309999,22.389999,13.798864,95100
2010-04-29,22.610001,22.629999,22.400000,22.549999,13.897471,130700
2010-04-30,22.530001,22.540001,22.200001,22.219999,13.694089,185700
2010-05-03,22.260000,22.540001,22.200001,22.500000,13.866656,138800
2010-05-04,22.180000,22.940001,21.950001,22.590000,13.922127,283900
2010-05-05,22.170000,22.350000,21.389999,21.610001,13.318155,310400
2010-05-06,21.540001,21.629999,19.670000,20.690001,12.751160,202300
2010-05-07,20.690001,21.040001,20.000000,20.100000,12.387546,253800
2010-05-10,20.990000,21.200001,20.549999,21.100000,13.003840,182000
2010-05-11,20.920000,21.620001,20.820000,21.389999,13.182569,153500
2010-05-12,21.100000,21.629999,21.040001,21.590000,13.493822,212000
2010-05-13,21.490000,21.670000,21.340000,21.430000,13.393825,111600
2010-05-14,21.260000,21.309999,20.850000,21.139999,13.212574,108100
2010-05-17,21.240000,21.440001,20.639999,20.969999,13.106318,134800
2010-05-18,21.240000,21.389999,20.500000,20.629999,12.893818,105000
2010-05-19,20.480000,20.820000,20.340000,20.580000,12.862568,148300
2010-05-20,20.070000,20.120001,19.500000,19.500000,12.187560,244800
2010-05-21,19.299999,19.680000,19.020000,19.530001,12.206315,204600
2010-05-24,19.540001,19.610001,19.270000,19.290001,12.056317,104000
2010-05-25,19.049999,19.270000,18.459999,19.190001,11.993814,236100
2010-05-26,19.340000,19.629999,19.209999,19.290001,12.056317,151300
2010-05-27,19.750000,20.049999,19.500000,20.040001,12.525063,134500
2010-05-28,20.040001,20.090000,19.600000,19.790001,12.368819,124000
2010-06-01,19.500000,19.809999,19.299999,19.299999,12.062563,161300
2010-06-02,19.430000,19.799999,19.260000,19.799999,12.375064,123000
2010-06-03,19.780001,19.879999,19.520000,19.760000,12.350068,138600
2010-06-04,19.420000,19.480000,18.850000,18.910000,11.818810,236200
2010-06-07,19.030001,19.280001,18.830000,18.870001,11.793813,137000
2010-06-08,18.969999,19.290001,18.770000,19.209999,12.006310,151800
2010-06-09,19.430000,19.500000,19.010000,19.139999,11.962565,97800
2010-06-10,19.410000,19.780001,19.410000,19.719999,12.325065,152400
2010-06-11,19.559999,20.010000,19.309999,20.010000,12.506316,124200
2010-06-14,20.270000,20.559999,20.110001,20.160000,12.600067,133600
2010-06-15,20.250000,20.740000,20.129999,20.700001,12.937569,131400
2010-06-16,20.520000,20.549999,20.270000,20.320000,12.700064,111900
2010-06-17,20.320000,20.549999,20.230000,20.389999,12.743814,91300
2010-06-18,20.510000,20.580000,20.180000,20.400000,12.750069,251300
2010-06-21,20.719999,20.760000,20.020000,20.070000,12.543815,215400
2010-06-22,20.200001,20.400000,19.480000,19.510000,12.193815,151400
2010-06-23,19.450001,19.610001,19.250000,19.250000,12.031314,107600
2010-06-24,19.110001,19.760000,19.030001,19.059999,11.912563,154500
2010-06-25,19.230000,19.670000,19.049999,19.639999,12.275067,278800
2010-06-28,19.650000,19.740000,19.410000,19.530001,12.206315,113300
2010-06-29,19.190001,19.360001,19.059999,19.230000,12.018813,125900
2010-06-30,19.290001,19.570000,19.230000,19.330000,12.081311,172100
2010-07-01,19.410000,19.410000,19.020000,19.219999,12.012565,122900
2010-07-02,19.410000,19.490000,19.080000,19.170000,11.981312,130900
2010-07-06,19.480000,19.590000,19.000000,19.049999,11.906312,116500
2010-07-07,19.190001,19.490000,19.120001,19.480000,12.175064,162000
2010-07-08,19.670000,19.709999,19.240000,19.520000,12.200062,148000
2010-07-09,19.500000,19.690001,19.490000,19.650000,12.281312,95700
2010-07-12,19.620001,19.719999,19.320000,19.360001,12.100060,101300
2010-07-13,19.500000,19.830000,19.500000,19.719999,12.325065,231900
2010-07-14,19.690001,19.830000,19.520000,19.639999,12.275067,179200
2010-07-15,19.680000,19.700001,19.280001,19.430000,12.143811,124400
2010-07-16,19.219999,19.360001,18.920000,18.959999,11.850063,245200
2010-07-19,19.080000,19.379999,18.820000,19.370001,12.106318,126200
2010-07-20,19.150000,19.730000,19.020000,19.700001,12.312563,122400
2010-07-21,19.740000,19.799999,19.320000,19.350000,12.093814,110900
2010-07-22,19.680000,20.030001,19.549999,20.010000,12.506316,135900
2010-07-23,19.879999,20.500000,19.790001,20.400000,12.750069,121500
2010-07-26,20.500000,20.770000,20.420000,20.670000,12.918818,156900
2010-07-27,20.790001,21.049999,20.620001,20.980000,13.112567,112800
2010-07-28,20.959999,21.190001,20.780001,20.840000,13.025073,157000
2010-07-29,21.040001,21.150000,20.520000,20.750000,12.968820,70700
2010-07-30,20.450001,20.980000,20.410000,20.549999,12.843817,106300
2010-08-02,20.889999,21.080000,20.610001,21.059999,13.162567,106400
2010-08-03,20.580000,20.580000,19.590000,19.620001,12.262565,278800
2010-08-04,19.690001,20.150000,19.500000,20.090000,12.556312,192000
2010-08-05,19.900000,20.150000,19.889999,19.920000,12.450065,126600
2010-08-06,19.730000,19.990000,19.500000,19.860001,12.412564,150900
2010-08-09,20.020000,20.400000,19.980000,20.350000,12.718813,127500
2010-08-10,20.090000,20.389999,19.969999,20.139999,12.587567,120600
2010-08-11,19.559999,19.590000,19.200001,19.219999,12.192977,202900
2010-08-12,19.030001,19.290001,19.030001,19.200001,12.180287,126500
2010-08-13,19.139999,19.190001,18.889999,18.910000,11.996310,208300
2010-08-16,18.889999,19.200001,18.799999,19.000000,12.053410,120400
2010-08-17,19.200001,19.290001,19.040001,19.059999,12.091472,199000
2010-08-18,19.129999,19.309999,18.830000,19.120001,12.129537,197400
2010-08-19,18.980000,19.030001,18.650000,18.660000,11.837719,195600
2010-08-20,18.610001,18.799999,18.500000,18.790001,11.920188,144500
2010-08-23,18.840000,18.980000,18.510000,18.510000,11.742558,145700
2010-08-24,18.309999,18.719999,18.250000,18.440001,11.698150,184500
2010-08-25,18.400000,19.030001,18.290001,18.990000,12.047064,190600
2010-08-26,19.059999,19.100000,18.610001,18.639999,11.825028,97500
2010-08-27,18.879999,18.879999,18.530001,18.770000,11.907500,208900
2010-08-30,18.730000,18.820000,18.480000,18.480000,11.723526,141500
2010-08-31,18.450001,18.629999,18.240000,18.530001,11.755245,189300
2010-09-01,18.700001,19.250000,18.700001,19.240000,12.205665,188700
2010-09-02,19.280001,19.370001,19.139999,19.299999,12.243728,159600
2010-09-03,19.430000,19.610001,19.240000,19.450001,12.338883,118400
2010-09-07,19.410000,19.469999,19.120001,19.170000,12.161255,136300
2010-09-08,19.180000,19.480000,19.129999,19.180000,12.167602,142500
2010-09-09,19.420000,19.480000,19.230000,19.389999,12.300822,102900
2010-09-10,19.510000,19.580000,19.360001,19.400000,12.307165,116900
2010-09-13,19.610001,19.950001,19.530001,19.770000,12.541889,184300
2010-09-14,19.730000,19.840000,19.330000,19.760000,12.535548,131900
2010-09-15,19.719999,19.860001,19.530001,19.750000,12.529201,92400
2010-09-16,19.750000,19.820000,19.350000,19.600000,12.434042,90500
2010-09-17,19.820000,19.820000,19.330000,19.670000,12.478452,159200
2010-09-20,19.770000,20.240000,19.629999,20.240000,12.840053,163500
2010-09-21,20.260000,20.410000,20.020000,20.180000,12.801990,117800
2010-09-22,20.030001,20.350000,20.030001,20.139999,12.776616,90400
2010-09-23,20.020000,20.250000,19.820000,19.840000,12.586293,93600
2010-09-24,20.170000,20.350000,19.990000,20.350000,12.909836,147500
2010-09-27,20.350000,20.459999,20.240000,20.430000,12.960585,166300
2010-09-28,20.500000,20.570000,20.180000,20.540001,13.030368,144200
2010-09-29,20.400000,20.540001,20.270000,20.370001,12.922525,129400
2010-09-30,20.540001,20.590000,20.250000,20.389999,12.935208,155700
2010-10-01,20.500000,20.620001,20.309999,20.410000,12.947901,177800
2010-10-04,20.370001,20.370001,20.030001,20.209999,12.821020,111400
2010-10-05,20.309999,20.740000,20.150000,20.639999,13.093808,164200
2010-10-06,20.629999,20.889999,20.600000,20.790001,13.188970,76800
2010-10-07,20.850000,20.850000,20.580000,20.650000,13.100154,61300
2010-10-08,20.600000,21.000000,20.590000,20.940001,13.284124,82900
2010-10-11,20.980000,21.129999,20.870001,21.020000,13.334878,78400
2010-10-12,20.889999,21.059999,20.750000,20.980000,13.309500,70800
2010-10-13,20.990000,21.400000,20.950001,21.290001,13.506162,148400
2010-10-14,21.230000,21.450001,21.120001,21.270000,13.493476,75700
2010-10-15,21.520000,21.629999,21.320000,21.360001,13.550567,156500
2010-10-18,21.350000,21.570000,21.260000,21.480000,13.626697,90700
2010-10-19,21.270000,21.540001,21.120001,21.230000,13.468101,115500
2010-10-20,21.379999,21.540001,21.230000,21.379999,13.563257,135000
2010-10-21,21.520000,21.639999,20.900000,21.129999,13.404663,114400
2010-10-22,21.200001,21.200001,20.969999,21.090000,13.379284,59300
2010-10-25,21.230000,21.469999,21.110001,21.180000,13.436378,54500
2010-10-26,21.070000,21.299999,21.049999,21.090000,13.379284,64200
2010-10-27,20.940001,21.000000,20.670000,20.930000,13.277787,107900
2010-10-28,21.059999,21.120001,20.690001,20.910000,13.265098,79300
2010-10-29,20.799999,20.799999,20.299999,20.549999,13.036712,162900
2010-11-01,20.559999,20.639999,20.090000,20.180000,12.801990,188400
2010-11-02,20.450001,20.549999,20.180000,20.540001,13.030368,122200
2010-11-03,20.559999,20.610001,20.190001,20.500000,13.004998,127600
2010-11-04,20.719999,21.000000,20.719999,20.889999,13.252406,131900
2010-11-05,21.000000,21.129999,20.870001,20.969999,13.303156,108900
2010-11-08,20.840000,21.100000,20.540001,21.070000,13.366598,134600
2010-11-09,21.080000,21.400000,21.020000,21.100000,13.385629,127800
2010-11-10,20.770000,20.950001,20.650000,20.889999,13.442251,92500
2010-11-11,20.620001,20.840000,20.620001,20.740000,13.345732,74300
2010-11-12,20.510000,20.760000,20.500000,20.600000,13.255647,78400
2010-11-15,20.670000,20.799999,20.620001,20.650000,13.287817,67600
2010-11-16,20.500000,20.799999,20.230000,20.480000,13.178429,184400
2010-11-17,20.510000,20.610001,20.330000,20.510000,13.197735,112500
2010-11-18,20.650000,20.850000,20.459999,20.780001,13.371469,169000
2010-11-19,20.780001,20.920000,20.559999,20.760000,13.358603,82900
2010-11-22,20.760000,20.889999,20.629999,20.860001,13.422952,90900
2010-11-23,20.660000,20.740000,20.500000,20.600000,13.255647,110100
2010-11-24,20.690001,20.830000,20.549999,20.650000,13.287817,112600
2010-11-26,20.480000,20.650000,20.459999,20.510000,13.197735,40800
2010-11-29,20.500000,20.690001,20.230000,20.580000,13.242776,137100
2010-11-30,20.469999,20.629999,20.270000,20.559999,13.229902,190700
2010-12-01,20.860001,20.950001,20.790001,20.879999,13.435824,157200
2010-12-02,20.879999,21.040001,20.620001,20.980000,13.500168,103100
2010-12-03,20.840000,21.100000,20.809999,21.070000,13.558080,73300
2010-12-06,20.959999,21.270000,20.950001,21.190001,13.635297,62200
2010-12-07,21.400000,21.580000,21.309999,21.410000,13.776867,139500
2010-12-08,21.500000,21.570000,21.330000,21.350000,13.738256,106500
2010-12-09,21.520000,21.559999,21.170000,21.510000,13.841212,91100
2010-12-10,21.620001,21.990000,21.420000,21.969999,14.137216,120800
2010-12-13,22.000000,22.420000,22.000000,22.299999,14.349559,167600
2010-12-14,22.340000,22.570000,22.190001,22.530001,14.497562,138000
2010-12-15,22.469999,22.799999,22.469999,22.559999,14.516860,133000
2010-12-16,22.510000,22.969999,22.459999,22.860001,14.709908,134600
2010-12-17,22.840000,22.959999,22.610001,22.920000,14.748514,257500
2010-12-20,22.969999,23.110001,22.850000,22.889999,14.729204,128100
2010-12-21,22.980000,23.040001,22.780001,22.889999,14.729204,92900
2010-12-22,22.920000,23.059999,22.840000,23.000000,14.799990,60700
2010-12-23,22.980000,23.120001,22.980000,23.070000,14.845037,42600
2010-12-27,22.990000,23.330000,22.930000,23.180000,14.915818,64200
2010-12-28,23.170000,23.170000,22.920000,23.040001,14.825732,133500
2010-12-29,23.040001,23.080000,22.850000,22.860001,14.709908,76100
2010-12-30,22.809999,22.969999,22.590000,22.670000,14.587648,118500
2010-12-31,22.549999,22.680000,22.490000,22.540001,14.503991,88600
2011-01-03,22.700001,22.940001,22.500000,22.709999,14.613382,107200
2011-01-04,22.820000,22.820000,22.360001,22.620001,14.555470,98500
2011-01-05,22.600000,22.760000,22.490000,22.660000,14.581209,102500
2011-01-06,22.730000,22.730000,22.320000,22.540001,14.503991,72900
2011-01-07,22.469999,22.520000,22.000000,22.410000,14.420337,128600
2011-01-10,22.420000,22.650000,22.090000,22.610001,14.549029,124800
2011-01-11,22.610001,22.620001,22.360001,22.510000,14.484691,77000
2011-01-12,22.629999,22.950001,22.520000,22.920000,14.748514,97000
2011-01-13,22.889999,22.990000,22.770000,22.830000,14.690601,94600
2011-01-14,22.680000,22.980000,22.680000,22.950001,14.767822,75600
2011-01-18,22.820000,22.950001,22.610001,22.920000,14.748514,78500
2011-01-19,22.860001,22.950001,22.730000,22.850000,14.703472,119300
2011-01-20,22.730000,22.900000,22.629999,22.690001,14.600516,85500
2011-01-21,22.740000,22.740000,22.400000,22.510000,14.484691,147000
2011-01-24,22.500000,22.750000,22.400000,22.670000,14.587648,83900
2011-01-25,22.549999,22.740000,22.430000,22.719999,14.619817,72300
2011-01-26,22.750000,23.080000,22.660000,22.980000,14.787118,116300
2011-01-27,22.950001,23.209999,22.940001,23.139999,14.890079,107600
2011-01-28,23.059999,23.190001,22.629999,22.690001,14.600516,137500
2011-01-31,22.760000,22.940001,22.590000,22.670000,14.587648,114100
2011-02-01,22.750000,23.219999,22.670000,23.180000,14.915818,88600
2011-02-02,23.040001,23.250000,23.000000,23.100000,14.864342,63800
2011-02-03,22.950001,23.090000,22.799999,23.010000,14.806426,69000
2011-02-04,22.969999,23.129999,22.820000,22.910000,14.742080,67800
2011-02-07,22.980000,23.190001,22.940001,23.110001,14.870777,70300
2011-02-08,22.860001,23.209999,22.860001,23.209999,14.935123,126900
2011-02-09,23.180000,23.320000,22.910000,23.290001,14.986600,107700
2011-02-10,22.860001,23.430000,22.750000,23.200001,14.928687,198400
2011-02-11,22.670000,22.799999,22.500000,22.650000,14.764422,153200
2011-02-14,22.549999,22.629999,22.480000,22.520000,14.679686,72200
2011-02-15,22.450001,22.610001,22.450001,22.520000,14.679686,69100
2011-02-16,22.540001,22.559999,22.240000,22.379999,14.588412,95500
2011-02-17,22.260000,22.440001,22.250000,22.440001,14.627530,82600
2011-02-18,22.570000,22.570000,22.340000,22.540001,14.692716,86600
2011-02-22,22.379999,22.580000,22.270000,22.320000,14.549309,112200
2011-02-23,22.299999,22.350000,21.930000,21.950001,14.308127,100200
2011-02-24,21.940001,22.040001,21.690001,21.980000,14.327682,111000
2011-02-25,21.950001,22.350000,21.309999,22.340000,14.562349,84400
2011-02-28,22.459999,22.680000,22.459999,22.520000,14.679686,79500
2011-03-01,22.500000,22.650000,22.049999,22.049999,14.373307,113200
2011-03-02,22.139999,22.240000,21.930000,22.150000,14.438495,96200
2011-03-03,22.250000,22.580000,22.049999,22.469999,14.647089,85700
2011-03-04,22.440001,22.469999,22.090000,22.290001,14.529760,66100
2011-03-07,22.420000,22.450001,21.889999,22.150000,14.438495,121700
2011-03-08,22.120001,22.620001,22.100000,22.490000,14.660128,80300
2011-03-09,22.520000,22.639999,22.379999,22.620001,14.744866,80800
2011-03-10,22.549999,22.610001,22.120001,22.200001,14.471087,151300
2011-03-11,22.240000,22.389999,22.010000,22.020000,14.353757,110500
2011-03-14,21.879999,22.049999,21.670000,21.950001,14.308127,88300
2011-03-15,21.580000,21.790001,21.010000,21.639999,14.106051,99600
2011-03-16,21.570000,21.700001,21.230000,21.320000,13.897463,135900
2011-03-17,21.410000,21.490000,21.250000,21.260000,13.858351,102500
2011-03-18,21.370001,21.639999,21.270000,21.629999,14.099531,169400
2011-03-21,21.780001,22.100000,21.780001,22.100000,14.405910,89200
2011-03-22,22.070000,22.170000,21.940001,22.020000,14.353757,51300
2011-03-23,21.950001,22.160000,21.850000,22.090000,14.399384,58000
2011-03-24,22.110001,22.250000,22.000000,22.190001,14.464570,88300
2011-03-25,22.240000,22.500000,22.200001,22.360001,14.575385,103000
2011-03-28,22.389999,22.549999,22.280001,22.280001,14.523239,69000
2011-03-29,22.230000,22.450001,22.219999,22.440001,14.627530,52400
2011-03-30,22.459999,22.760000,22.420000,22.760000,14.836123,123100
2011-03-31,22.650000,22.780001,22.580000,22.730000,14.816573,93700
2011-04-01,22.790001,22.920000,22.730000,22.879999,14.914348,113700
2011-04-04,22.910000,23.120001,22.799999,22.969999,14.973012,108900
2011-04-05,22.900000,23.100000,22.780001,22.950001,14.959975,68600
2011-04-06,22.959999,23.100000,22.930000,23.020000,15.005610,71100
2011-04-07,22.980000,23.090000,22.820000,22.830000,14.881756,71000
2011-04-08,23.010000,23.010000,22.650000,22.690001,14.790498,65300
2011-04-11,22.559999,22.680000,22.340000,22.389999,14.594941,77700
2011-04-12,22.370001,22.500000,22.090000,22.090000,14.399384,64000
2011-04-13,22.180000,22.260000,21.990000,22.049999,14.373307,67900
2011-04-14,21.910000,22.320000,21.910000,22.309999,14.542790,65500
2011-04-15,22.200001,22.760000,22.200001,22.650000,14.764422,278400
2011-04-18,22.490000,22.559999,22.230000,22.420000,14.614498,131200
2011-04-19,22.420000,22.559999,22.270000,22.350000,14.568871,169800
2011-04-20,22.629999,22.740000,22.520000,22.740000,14.823084,96300
2011-04-21,22.760000,22.850000,22.600000,22.700001,14.797013,64800
2011-04-25,22.610001,22.740000,22.610001,22.709999,14.803529,49000
2011-04-26,22.750000,23.150000,22.700001,23.070000,15.038199,103400
2011-04-27,22.980000,23.209999,22.980000,23.190001,15.116422,56000
2011-04-28,23.129999,23.330000,23.000000,23.320000,15.201160,67000
2011-04-29,23.389999,23.430000,23.219999,23.379999,15.240273,100000
2011-05-02,23.350000,23.480000,23.049999,23.049999,15.025164,87000
2011-05-03,23.010000,23.260000,22.920000,23.000000,14.992564,64000
2011-05-04,23.010000,23.070000,22.780001,22.780001,14.849165,72800
2011-05-05,22.629999,22.930000,22.600000,22.680000,14.783980,99900
2011-05-06,22.900000,23.080000,22.700001,22.790001,14.855686,54000
2011-05-09,22.860001,22.969999,22.660000,22.910000,14.933902,88000
2011-05-10,23.049999,23.049999,22.690001,22.799999,14.862195,151100
2011-05-11,22.620001,22.700001,22.320000,22.389999,14.788226,173400
2011-05-12,22.260000,22.639999,22.240000,22.600000,14.926927,79700
2011-05-13,22.600000,22.680000,22.070000,22.209999,14.669337,87000
2011-05-16,22.049999,22.270000,22.030001,22.080000,14.583474,108100
2011-05-17,22.049999,22.209999,21.900000,21.940001,14.491012,172900
2011-05-18,21.930000,21.950001,21.700001,21.860001,14.438171,163000
2011-05-19,21.870001,22.100000,21.650000,21.969999,14.510823,206500
2011-05-20,21.820000,22.200001,21.770000,21.959999,14.504217,176600
2011-05-23,21.639999,21.790001,21.530001,21.590000,14.259839,98500
2011-05-24,21.670000,21.680000,21.219999,21.219999,14.015458,166000
2011-05-25,21.170000,21.500000,21.080000,21.450001,14.167371,84000
2011-05-26,21.379999,21.510000,21.160000,21.469999,14.180580,87300
2011-05-27,21.510000,21.650000,21.420000,21.490000,14.193792,53800
2011-05-31,21.600000,21.930000,21.510000,21.920000,14.477796,368800
2011-06-01,21.760000,21.889999,21.400000,21.400000,14.134342,174000
2011-06-02,21.360001,21.549999,21.240000,21.340000,14.094718,106700
2011-06-03,21.129999,21.309999,21.010000,21.120001,13.949410,191000
2011-06-06,21.040001,21.180000,20.990000,21.020000,13.883362,91700
2011-06-07,21.150000,21.150000,20.889999,20.900000,13.804108,116300
2011-06-08,20.900000,21.080000,20.870001,20.950001,13.837128,115800
2011-06-09,21.000000,21.129999,20.870001,20.900000,13.804108,86700
2011-06-10,20.850000,20.879999,20.639999,20.730000,13.691824,130000
2011-06-13,20.879999,20.920000,20.719999,20.719999,13.685215,111800
2011-06-14,20.850000,21.080000,20.799999,20.959999,13.843732,106600
2011-06-15,20.719999,20.959999,20.540001,20.629999,13.625773,102600
2011-06-16,20.629999,21.150000,20.629999,21.000000,13.870155,120500
2011-06-17,21.110001,21.290001,20.920000,20.969999,13.850339,172500
2011-06-20,20.850000,21.280001,20.850000,21.219999,14.015458,56800
2011-06-21,21.360001,21.420000,20.990000,21.230000,14.022062,185500
2011-06-22,21.100000,21.209999,20.940001,20.969999,13.850339,76200
2011-06-23,20.840000,20.950001,20.600000,20.889999,13.797496,93100
2011-06-24,20.930000,21.059999,20.730000,20.820000,13.751266,194200
2011-06-27,20.820000,21.070000,20.820000,21.030001,13.889968,79900
2011-06-28,21.020000,21.120001,20.990000,21.110001,13.942806,78400
2011-06-29,21.100000,21.100000,20.940001,20.969999,13.850339,85100
2011-06-30,20.969999,21.120001,20.930000,21.100000,13.936200,162000
2011-07-01,21.129999,21.370001,21.090000,21.309999,14.074903,211800
2011-07-05,21.250000,21.389999,21.150000,21.260000,14.041882,104800
2011-07-06,21.190001,21.500000,21.190001,21.469999,14.180580,96700
2011-07-07,21.540001,21.799999,21.389999,21.790001,14.391937,125100
2011-07-08,21.469999,21.850000,21.469999,21.719999,14.345701,99400
2011-07-11,21.469999,21.620001,21.410000,21.440001,14.160766,104900
2011-07-12,21.389999,21.700001,21.260000,21.510000,14.207003,87600
2011-07-13,21.500000,21.820000,21.490000,21.620001,14.279651,131000
2011-07-14,21.610001,21.709999,21.480000,21.510000,14.207003,121600
2011-07-15,21.540001,21.840000,21.540001,21.690001,14.325889,145600
2011-07-18,21.600000,21.690001,21.350000,21.410000,14.140955,88400
2011-07-19,21.559999,21.780001,21.410000,21.760000,14.372122,85100
2011-07-20,21.799999,21.840000,21.540001,21.570000,14.246628,80600
2011-07-21,21.660000,22.070000,21.660000,21.940001,14.491012,182700
2011-07-22,21.990000,21.990000,21.730000,21.760000,14.372122,77000
2011-07-25,21.559999,21.889999,21.559999,21.620001,14.279651,108500
2011-07-26,21.559999,21.680000,21.340000,21.350000,14.101324,56600
2011-07-27,21.250000,21.250000,20.930000,20.950001,13.837128,168900
2011-07-28,20.879999,21.049999,20.830000,20.889999,13.797496,93900
2011-07-29,20.650000,20.950001,20.510000,20.780001,13.724843,129300
2011-08-01,20.990000,21.020000,20.750000,20.940001,13.830524,137300
2011-08-02,20.830000,21.000000,20.400000,20.420000,13.487069,96300
2011-08-03,20.520000,20.830000,20.170000,20.629999,13.625773,89500
2011-08-04,20.420000,20.690001,19.990000,19.990000,13.203065,158800
2011-08-05,20.170000,20.650000,19.700001,19.980000,13.196456,162300
2011-08-08,19.500000,20.290001,18.700001,18.700001,12.351041,281700
2011-08-09,19.280001,21.549999,18.950001,21.440001,14.160766,376000
2011-08-10,20.879999,20.879999,19.670000,19.959999,13.183246,455700
2011-08-11,19.840000,20.600000,19.309999,20.260000,13.584209,273300
2011-08-12,20.440001,20.700001,19.980000,20.280001,13.597615,126400
2011-08-15,20.420000,20.809999,20.299999,20.780001,13.932858,99900
2011-08-16,20.510000,20.900000,20.350000,20.770000,13.926155,135700
2011-08-17,20.850000,21.030001,20.639999,20.750000,13.912750,121400
2011-08-18,20.299999,20.500000,19.969999,20.110001,13.483633,175700
2011-08-19,19.730000,20.340000,19.629999,19.920000,13.356237,146100
2011-08-22,20.299999,20.440001,19.760000,19.850000,13.309307,138800
2011-08-23,19.889999,20.230000,19.870001,20.200001,13.543976,237600
2011-08-24,20.250000,20.559999,20.129999,20.330000,13.631138,192400
2011-08-25,20.459999,20.510000,19.790001,19.889999,13.336123,123900
2011-08-26,19.799999,20.129999,19.510000,19.990000,13.403172,136100
2011-08-29,20.209999,20.650000,20.209999,20.600000,13.812172,174000
2011-08-30,20.559999,20.629999,20.290001,20.530001,13.765241,132600
2011-08-31,20.690001,20.770000,20.350000,20.559999,13.785351,185600
2011-09-01,20.620001,20.770000,20.090000,20.180000,13.530565,169100
2011-09-02,19.910000,20.080000,19.639999,19.750000,13.242250,176500
2011-09-06,19.410000,19.730000,19.299999,19.660000,13.181913,181100
2011-09-07,19.959999,20.100000,19.690001,20.059999,13.450106,153800
2011-09-08,20.020000,20.160000,19.799999,19.950001,13.376353,165800
2011-09-09,19.730000,19.940001,19.299999,19.510000,13.081335,295900
2011-09-12,19.420000,19.709999,19.309999,19.700001,13.208728,172100
2011-09-13,19.870001,20.070000,19.700001,19.980000,13.396464,167500
2011-09-14,20.190001,20.309999,19.780001,19.980000,13.396464,245800
2011-09-15,20.120001,20.150000,19.770000,20.040001,13.436697,152400
2011-09-16,20.150000,20.330000,20.030001,20.219999,13.557385,195100
2011-09-19,19.969999,20.129999,19.780001,20.000000,13.409881,123900
2011-09-20,20.059999,20.340000,19.860001,19.860001,13.316007,111400
2011-09-21,19.879999,20.000000,19.410000,19.440001,13.034396,138600
2011-09-22,19.010000,19.340000,18.889999,19.100000,12.806431,203200
2011-09-23,19.100000,19.620001,19.100000,19.330000,12.960644,175400
2011-09-26,19.469999,19.520000,19.040001,19.340000,12.967349,135700
2011-09-27,19.709999,19.799999,19.190001,19.450001,13.041104,185300
2011-09-28,19.350000,19.530001,18.840000,18.850000,12.638808,125600
2011-09-29,19.059999,19.120001,18.440001,18.799999,12.605285,321500
2011-09-30,18.549999,18.910000,18.280001,18.299999,12.270037,340600
2011-10-03,18.260000,18.549999,17.700001,17.700001,11.867742,331900
2011-10-04,17.600000,18.309999,17.530001,18.260000,12.243217,371600
2011-10-05,18.340000,18.549999,18.120001,18.400000,12.337087,150900
2011-10-06,18.440001,18.980000,18.320000,18.940001,12.699153,179500
2011-10-07,19.040001,19.049999,18.459999,18.510000,12.410842,127900
2011-10-10,18.750000,18.959999,18.700001,18.920000,12.685742,196300
2011-10-11,18.860001,19.280001,18.809999,19.200001,12.873484,151500
2011-10-12,19.440001,19.440001,19.080000,19.209999,12.880188,174600
2011-10-13,19.059999,19.219999,18.860001,19.200001,12.873484,116300
2011-10-14,19.440001,19.580000,19.110001,19.520000,13.088040,97200
2011-10-17,19.389999,19.440001,18.900000,18.930000,12.692448,129800
2011-10-18,18.990000,19.680000,18.990000,19.530001,13.094746,146400
2011-10-19,19.500000,19.760000,19.219999,19.290001,12.933829,114400
2011-10-20,19.280001,19.360001,18.920000,19.260000,12.913713,78100
2011-10-21,19.570000,19.639999,19.290001,19.620001,13.155088,128700
2011-10-24,19.600000,20.139999,19.580000,20.129999,13.497042,215300
2011-10-25,20.100000,20.129999,19.740000,19.750000,13.242250,186700
2011-10-26,19.950001,19.950001,19.600000,19.820000,13.289190,149300
2011-10-27,20.270000,20.450001,20.020000,20.440001,13.704895,252600
2011-10-28,20.370001,20.370001,20.110001,20.170000,13.523861,135100
2011-10-31,19.959999,20.040001,19.400000,19.410000,13.014287,196000
2011-11-01,19.049999,19.280001,18.900000,18.959999,12.712566,243600
2011-11-02,19.290001,19.559999,19.219999,19.480000,13.061222,158600
2011-11-03,19.639999,20.080000,19.410000,19.850000,13.309307,240300
2011-11-04,20.000000,20.040001,19.580000,19.980000,13.396464,136500
2011-11-07,19.920000,20.650000,19.840000,20.590000,13.805465,288300
2011-11-08,20.610001,20.680000,20.230000,20.629999,13.832291,147300
2011-11-09,20.260000,20.750000,20.260000,20.520000,13.758538,289400
2011-11-10,20.330000,20.549999,20.150000,20.410000,13.886443,193300
2011-11-11,20.450001,20.590000,20.389999,20.490000,13.940874,139900
2011-11-14,20.440001,20.500000,20.000000,20.090000,13.668721,153600
2011-11-15,20.020000,20.650000,20.020000,20.610001,14.022524,188000
2011-11-16,20.469999,20.830000,20.389999,20.600000,14.015715,136700
2011-11-17,20.590000,20.830000,20.270000,20.389999,13.872837,126900
2011-11-18,20.389999,20.660000,20.389999,20.590000,14.008909,119000
2011-11-21,20.370001,20.709999,20.200001,20.480000,13.934070,139200
2011-11-22,20.510000,20.510000,20.170000,20.170000,13.723153,96400
2011-11-23,20.090000,20.100000,19.740000,19.969999,13.587078,160100
2011-11-25,19.900000,20.049999,19.660000,19.670000,13.382968,58300
2011-11-28,20.219999,20.459999,20.049999,20.440001,13.906857,135500
2011-11-29,20.420000,20.850000,20.320000,20.650000,14.049739,155000
2011-11-30,21.010000,21.690001,21.010000,21.680000,14.750520,364400
2011-12-01,21.570000,21.750000,21.290001,21.299999,14.491979,137000
2011-12-02,21.520000,21.600000,21.139999,21.170000,14.403528,69600
2011-12-05,21.490000,21.629999,21.270000,21.549999,14.662069,130300
2011-12-06,21.620001,21.719999,21.450001,21.490000,14.621249,97900
2011-12-07,21.440001,21.700001,21.219999,21.570000,14.675681,104300
2011-12-08,21.459999,21.530001,20.920000,20.940001,14.247045,108900
2011-12-09,21.020000,21.580000,21.020000,21.510000,14.634858,124800
2011-12-12,21.500000,21.610001,21.049999,21.350000,14.525999,128500
2011-12-13,21.590000,21.940001,21.180000,21.299999,14.491979,134100
2011-12-14,21.200001,21.480000,20.900000,20.950001,14.253847,114500
2011-12-15,21.270000,21.490000,21.010000,21.190001,14.417133,142700
2011-12-16,21.360001,21.410000,21.059999,21.150000,14.389923,242200
2011-12-19,21.250000,21.500000,20.920000,20.920000,14.233437,125300
2011-12-20,21.240000,21.740000,21.219999,21.700001,14.764129,152300
2011-12-21,21.700001,21.879999,21.410000,21.830000,14.852580,78100
2011-12-22,21.870001,22.129999,21.750000,21.889999,14.893397,124200
2011-12-23,21.900000,22.000000,21.760000,21.840000,14.859381,71000
2011-12-27,21.770000,22.250000,21.730000,22.180000,15.090714,116700
2011-12-28,22.209999,22.280001,21.879999,21.940001,14.927422,130300
2011-12-29,22.000000,22.250000,22.000000,22.049999,15.002258,84600
2011-12-30,22.010000,22.250000,22.000000,22.020000,14.981847,152600
2012-01-03,22.280001,22.290001,22.010000,22.240000,15.131534,179900
2012-01-04,22.129999,22.440001,22.010000,22.209999,15.111118,169000
2012-01-05,22.200001,22.389999,21.940001,22.270000,15.151944,93200
2012-01-06,22.240000,22.299999,21.980000,22.110001,15.043082,87400
2012-01-09,22.260000,22.330000,21.990000,22.070000,15.015863,107800
2012-01-10,22.230000,22.250000,21.969999,22.090000,15.029473,160000
2012-01-11,21.990000,22.250000,21.820000,22.240000,15.131534,75700
2012-01-12,22.250000,22.330000,22.129999,22.320000,15.185961,62000
2012-01-13,22.010000,22.190001,22.010000,22.090000,15.029473,73100
2012-01-17,22.240000,22.240000,21.660000,21.850000,14.866184,125600
2012-01-18,21.780001,21.930000,21.549999,21.930000,14.920612,99100
2012-01-19,21.930000,21.930000,21.549999,21.650000,14.730111,80100
2012-01-20,21.570000,22.030001,21.570000,22.000000,14.968243,91900
2012-01-23,21.950001,22.250000,21.930000,21.990000,14.961439,52900
2012-01-24,21.870001,22.070000,21.770000,21.980000,14.954631,84700
2012-01-25,21.980000,22.040001,21.840000,22.000000,14.968243,122400
2012-01-26,22.059999,22.340000,21.930000,22.190001,15.097511,106900
2012-01-27,22.129999,22.500000,22.129999,22.469999,15.288018,103300
2012-01-30,22.360001,22.570000,22.299999,22.420000,15.254004,91500
2012-01-31,22.459999,22.459999,21.959999,22.090000,15.029473,181100
2012-02-01,22.180000,22.180000,22.000000,22.080000,15.022672,261600
2012-02-02,22.180000,22.200001,22.020000,22.090000,15.029473,163600
2012-02-03,22.410000,22.559999,22.049999,22.450001,15.274409,189400
2012-02-06,22.389999,22.430000,22.180000,22.280001,15.158744,109100
2012-02-07,22.080000,22.190001,21.889999,21.950001,14.934221,192200
2012-02-08,21.940001,22.480000,21.940001,22.450001,15.274409,177600
2012-02-09,22.450001,22.450001,22.100000,22.360001,15.213179,139500
2012-02-10,22.230000,22.280001,22.100000,22.190001,15.097511,129600
2012-02-13,22.040001,22.040001,21.629999,21.820000,15.047858,138600
2012-02-14,21.730000,21.750000,21.490000,21.700001,14.965102,113900
2012-02-15,21.750000,21.799999,21.370001,21.450001,14.792690,148600
2012-02-16,21.520000,21.860001,21.520000,21.840000,15.061650,101800
2012-02-17,21.980000,22.000000,21.750000,22.000000,15.171995,127500
2012-02-21,21.940001,22.000000,21.690001,21.700001,14.965102,224800
2012-02-22,21.730000,21.969999,21.680000,21.700001,14.965102,108300
2012-02-23,21.680000,21.910000,21.639999,21.900000,15.103026,140800
2012-02-24,21.860001,21.900000,21.750000,21.809999,15.040961,51300
2012-02-27,21.690001,21.719999,21.459999,21.700001,14.965102,58800
2012-02-28,21.760000,21.860001,21.400000,21.540001,14.854755,52400
2012-02-29,21.559999,21.610001,21.219999,21.240000,14.647869,113700
2012-03-01,21.290001,21.469999,21.160000,21.160000,14.592699,99500
2012-03-02,21.180000,21.240000,20.900000,20.959999,14.454769,142000
2012-03-05,20.860001,21.230000,20.700001,21.230000,14.640973,83400
2012-03-06,21.080000,21.100000,20.930000,21.000000,14.482356,84200
2012-03-07,21.150000,21.280001,21.000000,21.280001,14.675453,110500
2012-03-08,21.410000,21.410000,21.020000,21.350000,14.723730,105700
2012-03-09,21.309999,21.730000,21.270000,21.629999,14.916830,110800
2012-03-12,21.639999,21.870001,21.549999,21.790001,15.027162,135500
2012-03-13,21.920000,21.980000,21.790001,21.889999,15.096129,142700
2012-03-14,21.860001,21.900000,21.540001,21.559999,14.868554,99200
2012-03-15,21.490000,21.840000,21.440001,21.840000,15.061650,84900
2012-03-16,21.860001,21.930000,21.730000,21.910000,15.109920,176700
2012-03-19,21.900000,21.930000,21.780001,21.850000,15.068547,163900
2012-03-20,21.670000,21.809999,21.620001,21.660000,14.937518,79500
2012-03-21,21.680000,21.719999,21.540001,21.600000,14.896139,66400
2012-03-22,21.500000,21.590000,21.309999,21.469999,14.806485,74200
2012-03-23,21.420000,21.639999,21.299999,21.620001,14.909927,90600
2012-03-26,21.809999,22.280001,21.719999,22.270000,15.358197,178200
2012-03-27,22.309999,22.389999,22.139999,22.320000,15.392677,102600
2012-03-28,22.309999,22.309999,22.020000,22.120001,15.254748,85000
2012-03-29,22.000000,22.120001,21.670000,21.719999,14.978896,233300
2012-03-30,21.930000,22.000000,21.700001,21.700001,14.965102,178400
2012-04-02,21.690001,22.240000,21.629999,22.230000,15.330613,138400
2012-04-03,22.170000,22.170000,21.860001,22.040001,15.199577,95700
2012-04-04,21.920000,21.980000,21.719999,21.850000,15.068547,71900
2012-04-05,21.889999,21.900000,21.680000,21.840000,15.061650,122900
2012-04-09,21.520000,21.740000,21.520000,21.620001,14.909927,88400
2012-04-10,21.670000,21.799999,21.110001,21.209999,14.627173,129500
2012-04-11,21.400000,21.400000,21.090000,21.190001,14.613383,112300
2012-04-12,21.280001,21.490000,21.160000,21.420000,14.772000,79500
2012-04-13,21.270000,21.379999,21.150000,21.180000,14.606491,79400
2012-04-16,21.190001,21.490000,21.150000,21.440001,14.785794,89400
2012-04-17,21.540001,22.000000,21.540001,21.770000,15.013374,132000
2012-04-18,21.629999,21.760000,21.379999,21.480000,14.813376,94300
2012-04-19,21.520000,21.590000,21.160000,21.270000,14.668559,95000
2012-04-20,21.610001,21.760000,21.360001,21.680000,14.951308,104400
2012-04-23,21.330000,21.530001,21.150000,21.299999,14.689246,119600
2012-04-24,21.260000,21.590000,21.200001,21.590000,14.889241,96000
2012-04-25,21.830000,21.920000,21.650000,21.860001,15.075441,88900
2012-04-26,21.780001,21.950001,21.750000,21.910000,15.109920,62500
2012-04-27,21.910000,22.090000,21.740000,21.950001,15.137510,108000
2012-04-30,21.870001,22.240000,21.870001,21.959999,15.144405,113000
2012-05-01,21.959999,22.200001,21.889999,21.900000,15.103026,122000
2012-05-02,21.790001,21.830000,21.660000,21.780001,15.020272,66700
2012-05-03,21.790001,21.830000,21.600000,21.620001,14.909927,77000
2012-05-04,21.500000,21.650000,21.410000,21.410000,14.765112,95100
2012-05-07,21.370001,21.540001,21.350000,21.469999,14.806485,78000
2012-05-08,21.400000,22.040001,21.370001,22.010000,15.178884,82600
2012-05-09,21.760000,22.020000,21.750000,21.840000,15.061650,98000
2012-05-10,21.930000,22.090000,21.809999,21.980000,15.158197,222000
2012-05-11,21.469999,21.760000,21.270000,21.510000,15.037948,120800
2012-05-14,21.360001,21.740000,21.299999,21.500000,15.030962,130500
2012-05-15,21.469999,21.639999,21.320000,21.440001,14.989013,75000
2012-05-16,21.459999,21.650000,21.370001,21.590000,15.093881,72500
2012-05-17,21.580000,21.780001,21.320000,21.320000,14.905121,85300
2012-05-18,21.260000,21.690001,21.040001,21.100000,14.751316,119200
2012-05-21,21.150000,21.250000,20.940001,21.250000,14.856184,98700
2012-05-22,21.170000,21.340000,21.070000,21.160000,14.793265,119000
2012-05-23,20.920000,21.150000,20.900000,21.120001,14.765296,87000
2012-05-24,21.170000,21.280001,20.870001,21.139999,14.779282,55300
2012-05-25,21.080000,21.240000,21.080000,21.150000,14.786271,45400
2012-05-29,21.250000,21.410000,21.080000,21.280001,14.877156,51200
2012-05-30,21.139999,21.410000,21.000000,21.000000,14.681403,65100
2012-05-31,20.990000,21.260000,20.959999,21.129999,14.772288,96800
2012-06-01,20.860001,21.320000,20.860001,21.260000,14.863175,113400
2012-06-04,21.320000,21.469999,21.280001,21.400000,14.961052,84800
2012-06-05,21.260000,21.790001,21.260000,21.670000,15.149812,132900
2012-06-06,21.820000,22.190001,21.650000,22.190001,15.513349,149200
2012-06-07,22.389999,22.389999,22.209999,22.280001,15.576270,135200
2012-06-08,22.160000,22.370001,22.049999,22.219999,15.534326,111400
2012-06-11,22.530001,22.530001,21.910000,21.930000,15.331579,153700
2012-06-12,22.080000,22.170000,21.840000,22.049999,15.415474,113800
2012-06-13,21.959999,22.340000,21.889999,22.299999,15.590251,130700
2012-06-14,22.340000,22.500000,22.230000,22.360001,15.632196,119000
2012-06-15,22.270000,22.430000,22.150000,22.320000,15.604237,165300
2012-06-18,22.049999,22.430000,22.049999,22.320000,15.604237,126900
2012-06-19,22.330000,23.000000,22.330000,22.879999,15.995742,161000
2012-06-20,22.820000,22.940001,22.480000,22.639999,15.827951,98000
2012-06-21,22.670000,22.670000,22.219999,22.290001,15.583263,129700
2012-06-22,22.240000,22.559999,22.240000,22.430000,15.681137,224000
2012-06-25,22.160000,22.410000,22.160000,22.250000,15.555294,82300
2012-06-26,22.400000,22.400000,22.160000,22.160000,15.492373,85800
2012-06-27,22.160000,22.620001,22.160000,22.540001,15.758034,112700
2012-06-28,22.469999,22.600000,22.270000,22.570000,15.779011,54300
2012-06-29,22.969999,22.990000,22.709999,22.809999,15.946805,117000
2012-07-02,22.809999,23.160000,22.780001,23.160000,16.191486,150200
2012-07-03,23.040001,23.219999,23.010000,23.170000,16.198479,65500
2012-07-05,23.000000,23.190001,23.000000,23.080000,16.135561,57900
2012-07-06,22.860001,23.100000,22.860001,23.010000,16.086624,61900
2012-07-09,23.040001,23.070000,22.910000,23.049999,16.114584,48500
2012-07-10,23.200001,23.200001,22.870001,22.990000,16.072634,76100
2012-07-11,23.080000,23.420000,22.930000,23.389999,16.352285,108900
2012-07-12,23.240000,23.450001,23.170000,23.440001,16.387245,98200
2012-07-13,23.450001,23.959999,23.400000,23.920000,16.722820,98000
2012-07-16,23.930000,23.930000,23.610001,23.660000,16.541048,54400
2012-07-17,23.879999,23.900000,23.620001,23.790001,16.631931,84600
2012-07-18,23.860001,23.930000,23.700001,23.860001,16.680874,92500
2012-07-19,23.940001,23.950001,23.730000,23.910000,16.715826,86300
2012-07-20,23.680000,23.900000,23.600000,23.670000,16.548037,94100
2012-07-23,23.389999,23.459999,23.120001,23.219999,16.233435,110900
2012-07-24,23.290001,23.290001,22.910000,22.980000,16.065643,78700
2012-07-25,23.139999,23.190001,22.920000,23.080000,16.135561,71300
2012-07-26,23.280001,23.400000,23.100000,23.150000,16.184504,66000
2012-07-27,23.230000,23.629999,23.190001,23.580000,16.485119,100800
2012-07-30,23.670000,23.889999,23.510000,23.780001,16.624941,93900
2012-07-31,23.709999,23.900000,23.430000,23.469999,16.408215,124600
2012-08-01,23.639999,23.830000,23.110001,23.110001,16.156536,151200
2012-08-02,23.070000,23.250000,22.930000,23.000000,16.079632,81300
2012-08-03,23.160000,23.469999,23.160000,23.350000,16.324327,84700
2012-08-06,23.330000,23.670000,23.309999,23.340000,16.317331,96300
2012-08-07,22.990000,23.610001,22.969999,23.400000,16.359278,147800
2012-08-08,23.389999,23.629999,23.350000,23.510000,16.436180,59000
2012-08-09,23.500000,23.740000,23.340000,23.590000,16.492111,90100
2012-08-10,23.580000,23.790001,23.459999,23.719999,16.582994,88200
2012-08-13,23.379999,23.379999,22.850000,23.080000,16.340853,80700
2012-08-14,23.260000,23.490000,23.040001,23.129999,16.376257,160300
2012-08-15,23.010000,23.010000,22.900000,22.969999,16.262978,65500
2012-08-16,23.230000,23.230000,22.750000,23.059999,16.326700,79700
2012-08-17,22.980000,23.110001,22.900000,23.100000,16.355015,60000
2012-08-20,22.969999,23.049999,22.850000,22.900000,16.213411,86400
2012-08-21,23.000000,23.180000,22.850000,22.980000,16.270050,79800
2012-08-22,23.010000,23.040001,22.870001,22.990000,16.277130,67900
2012-08-23,22.879999,22.990000,22.549999,22.620001,16.015169,54500
2012-08-24,22.559999,22.920000,22.500000,22.860001,16.185099,52300
2012-08-27,22.889999,23.100000,22.760000,23.059999,16.326700,63100
2012-08-28,22.969999,23.100000,22.910000,22.940001,16.241734,63700
2012-08-29,23.010000,23.100000,22.820000,22.980000,16.270050,45400
2012-08-30,22.930000,22.930000,22.750000,22.770000,16.121374,27000
2012-08-31,22.950001,22.950001,22.540001,22.639999,16.029329,79500
2012-09-04,22.600000,23.090000,22.570000,23.070000,16.333780,78000
2012-09-05,23.160000,23.270000,22.730000,22.799999,16.142611,170700
2012-09-06,22.959999,23.000000,22.690001,22.889999,16.206329,207300
2012-09-07,23.010000,23.190001,22.889999,23.190001,16.418745,111500
2012-09-10,23.280001,23.389999,23.170000,23.320000,16.510778,103500
2012-09-11,23.350000,23.490000,23.299999,23.379999,16.553259,71500
2012-09-12,23.440001,23.459999,23.209999,23.360001,16.539097,62000
2012-09-13,23.299999,23.840000,23.070000,23.660000,16.751501,129800
2012-09-14,23.600000,23.900000,23.280001,23.700001,16.779819,114200
2012-09-17,23.590000,23.740000,23.510000,23.690001,16.772745,62100
2012-09-18,23.740000,23.940001,23.500000,23.930000,16.942661,73100
2012-09-19,23.950001,23.950001,23.700001,23.730000,16.801060,75000
2012-09-20,23.709999,24.000000,23.590000,23.900000,16.921415,71100
2012-09-21,24.000000,24.000000,23.760000,23.920000,16.935579,172300
2012-09-24,23.799999,24.110001,23.799999,23.959999,16.963911,101900
2012-09-25,24.000000,24.350000,23.889999,23.940001,16.949743,105700
2012-09-26,23.900000,24.200001,23.840000,23.940001,16.949743,58700
2012-09-27,23.959999,24.209999,23.820000,24.120001,17.077183,78300
2012-09-28,23.990000,24.070000,23.790001,23.860001,16.893101,68000
2012-10-01,24.030001,24.180000,23.680000,23.760000,16.822302,83600
2012-10-02,23.900000,23.980000,23.670000,23.820000,16.864790,50400
2012-10-03,23.770000,24.059999,23.760000,23.770000,16.829386,56900
2012-10-04,23.820000,24.000000,23.760000,23.850000,16.886021,66300
2012-10-05,23.840000,24.150000,23.700001,23.799999,16.850622,46400
2012-10-08,23.770000,23.980000,23.639999,23.940001,16.949743,44800
2012-10-09,23.889999,23.889999,23.660000,23.790001,16.843546,42400
2012-10-10,23.860001,23.930000,23.690001,23.840000,16.878944,42700
2012-10-11,23.900000,23.920000,23.760000,23.850000,16.886021,40900
2012-10-12,23.840000,23.950001,23.620001,23.760000,16.822302,33000
2012-10-15,23.750000,24.040001,23.620001,24.010000,16.999302,46000
2012-10-16,24.139999,24.139999,23.750000,24.120001,17.077183,66900
2012-10-17,24.129999,24.299999,24.020000,24.250000,17.169228,62000
2012-10-18,24.250000,24.320000,24.040001,24.049999,17.027620,76500
2012-10-19,23.870001,24.080000,23.760000,23.830000,16.871859,79700
2012-10-22,23.870001,23.930000,23.670000,23.879999,16.907259,56800
2012-10-23,23.790001,24.000000,23.600000,23.969999,16.970984,62800
2012-10-24,24.080000,24.090000,23.780001,23.830000,16.871859,50900
2012-10-25,24.000000,24.200001,23.850000,24.010000,16.999302,37300
2012-10-26,23.950001,24.129999,23.830000,24.000000,16.992228,39700
2012-10-31,23.889999,24.129999,23.879999,24.100000,17.063026,79600
2012-11-01,24.100000,24.309999,23.930000,23.950001,16.956820,80700
2012-11-02,24.059999,24.190001,23.940001,23.969999,16.970984,98900
2012-11-05,24.040001,24.200001,23.850000,24.010000,16.999302,95500
2012-11-06,24.100000,24.990000,23.980000,24.840000,17.586946,106400
2012-11-07,24.490000,24.639999,24.049999,24.049999,17.027620,138600
2012-11-08,24.049999,24.240000,23.959999,23.959999,16.963911,110600
2012-11-09,23.889999,24.100000,23.820000,23.910000,16.928505,73500
2012-11-12,23.889999,23.950001,23.629999,23.760000,16.822302,47000
2012-11-13,23.299999,23.750000,23.200001,23.480000,16.835203,90100
2012-11-14,23.469999,23.590000,23.100000,23.150000,16.598598,104700
2012-11-15,23.260000,23.299999,22.860001,23.120001,16.577085,96900
2012-11-16,23.020000,23.370001,22.920000,23.340000,16.734823,101200
2012-11-19,23.490000,23.570000,23.290001,23.559999,16.892569,89000
2012-11-20,23.480000,23.680000,23.240000,23.420000,16.792181,57800
2012-11-21,23.510000,23.660000,23.250000,23.660000,16.964270,53800
2012-11-23,23.750000,23.750000,23.520000,23.700001,16.992947,31300
2012-11-26,23.730000,23.920000,23.549999,23.900000,17.136343,62100
2012-11-27,23.959999,24.080000,23.870001,23.900000,17.136343,64600
2012-11-28,23.730000,24.040001,23.510000,23.980000,17.193707,49400
2012-11-29,24.139999,24.270000,23.650000,24.200001,17.351450,69500
2012-11-30,24.250000,24.250000,24.000000,24.230000,17.372957,100500
2012-12-03,24.420000,24.500000,24.200001,24.469999,17.545036,76600
2012-12-04,24.500000,24.600000,24.240000,24.299999,17.423151,96700
2012-12-05,24.440001,24.600000,24.320000,24.510000,17.573719,117900
2012-12-06,24.420000,24.600000,24.309999,24.469999,17.545036,51200
2012-12-07,24.620001,24.690001,24.370001,24.660000,17.681269,73700
2012-12-10,24.750000,24.959999,24.600000,24.930000,17.874863,99800
2012-12-11,25.000000,25.200001,24.910000,25.080000,17.982407,111300
2012-12-12,25.180000,25.209999,24.889999,24.910000,17.860519,80400
2012-12-13,25.000000,25.040001,24.690001,24.790001,17.774475,62400
2012-12-14,24.809999,25.010000,24.610001,24.730000,17.731461,70800
2012-12-17,24.820000,25.030001,24.799999,25.010000,17.932217,95100
2012-12-18,25.000000,25.230000,25.000000,25.139999,18.025433,126500
2012-12-19,25.120001,25.219999,25.000000,25.070000,17.975243,86800
2012-12-20,25.100000,25.200001,24.969999,25.180000,18.054111,137100
2012-12-21,25.049999,25.250000,24.500000,25.180000,18.054111,293100
2012-12-24,24.770000,25.049999,24.700001,25.040001,17.953733,43400
2012-12-26,25.030001,25.080000,24.760000,24.809999,17.788822,55800
2012-12-27,24.770000,24.799999,24.320000,24.719999,17.724289,92900
2012-12-28,24.580000,24.889999,24.070000,24.530001,17.588058,64700
2012-12-31,24.440001,25.059999,24.350000,25.000000,17.925053,118900
2013-01-02,25.250000,25.790001,25.190001,25.740000,18.455635,185000
2013-01-03,25.740000,25.740000,25.350000,25.469999,18.262039,89600
2013-01-04,25.600000,25.629999,25.440001,25.450001,18.247704,88000
2013-01-07,25.290001,25.520000,25.170000,25.459999,18.254869,81900
2013-01-08,25.520000,25.660000,25.379999,25.620001,18.369593,64100
2013-01-09,25.690001,25.840000,25.559999,25.660000,18.398268,62000
2013-01-10,25.850000,25.879999,25.590000,25.870001,18.548843,64000
2013-01-11,25.910000,25.910000,25.590000,25.840000,18.527328,68200
2013-01-14,25.860001,26.000000,25.830000,25.940001,18.599037,47800
2013-01-15,25.799999,26.010000,25.610001,25.959999,18.613367,39500
2013-01-16,25.850000,25.950001,25.709999,25.770000,18.477146,37300
2013-01-17,25.799999,26.100000,25.750000,26.070000,18.692236,53000
2013-01-18,26.040001,26.270000,25.940001,26.260000,18.828470,58900
2013-01-22,26.299999,26.400000,26.200001,26.389999,18.921682,134400
2013-01-23,26.420000,26.500000,26.200001,26.459999,18.971870,60100
2013-01-24,26.430000,26.629999,26.020000,26.520000,19.014893,71900
2013-01-25,26.549999,26.709999,26.280001,26.459999,18.971870,67100
2013-01-28,26.320000,26.780001,26.320000,26.690001,19.136786,62400
2013-01-29,26.740000,27.170000,26.740000,27.110001,19.437927,95000
2013-01-30,27.090000,27.190001,26.700001,26.750000,19.179806,77700
2013-01-31,26.780001,26.950001,26.719999,26.879999,19.273020,84800
2013-02-01,27.150000,27.450001,27.000000,27.340000,19.602837,86000
2013-02-04,27.209999,27.340000,26.760000,26.830000,19.237164,64900
2013-02-05,27.000000,27.309999,27.000000,27.090000,19.423584,50800
2013-02-06,27.040001,27.420000,27.010000,27.389999,19.638685,68000
2013-02-07,27.350000,27.420000,27.150000,27.320000,19.588495,64100
2013-02-08,27.320000,27.490000,27.110001,27.299999,19.574154,61600
2013-02-11,27.360001,27.500000,27.200001,27.209999,19.509624,63900
2013-02-12,27.750000,27.750000,27.230000,27.500000,19.717556,165300
2013-02-13,27.420000,27.830000,27.290001,27.719999,20.092299,144100
2013-02-14,27.580000,28.090000,27.400000,28.030001,20.316992,105100
2013-02-15,28.200001,28.200001,27.889999,28.030001,20.316992,119000
2013-02-19,27.980000,28.540001,27.940001,28.530001,20.679407,135900
2013-02-20,28.459999,28.770000,28.240000,28.280001,20.498198,154400
2013-02-21,28.280001,28.490000,27.940001,28.110001,20.374977,83300
2013-02-22,28.370001,28.719999,28.280001,28.650000,20.766382,116500
2013-02-25,28.709999,28.820000,27.969999,27.980000,20.280750,99200
2013-02-26,28.030001,28.379999,28.030001,28.160000,20.411219,95300
2013-02-27,28.200001,28.700001,28.200001,28.450001,20.621422,125500
2013-02-28,28.490000,29.209999,28.410000,28.889999,20.940342,174100
2013-03-01,28.620001,29.139999,28.270000,29.070000,21.070808,142200
2013-03-04,29.090000,29.389999,28.770000,29.340000,21.266516,109900
2013-03-05,29.400000,29.700001,29.299999,29.570000,21.433224,110000
2013-03-06,29.650000,29.920000,29.650000,29.830000,21.621685,141900
2013-03-07,29.830000,29.850000,29.650000,29.780001,21.585447,105800
2013-03-08,29.950001,30.280001,29.809999,30.260000,21.933365,167000
2013-03-11,30.299999,30.299999,30.000000,30.250000,21.926113,120400
2013-03-12,30.200001,30.549999,30.080000,30.340000,21.991350,104400
2013-03-13,30.270000,30.639999,30.150000,30.500000,22.107319,64600
2013-03-14,30.490000,30.719999,30.450001,30.709999,22.259535,88300
2013-03-15,30.870001,30.900000,30.549999,30.870001,22.375507,229000
2013-03-18,30.440001,30.889999,30.400000,30.709999,22.259535,98900
2013-03-19,30.750000,30.870001,30.350000,30.610001,22.187054,90000
2013-03-20,30.700001,30.900000,30.660000,30.799999,22.324768,67600
2013-03-21,30.639999,30.690001,30.410000,30.559999,22.150810,120000
2013-03-22,30.700001,30.709999,30.299999,30.570000,22.158060,137700
2013-03-25,30.570000,30.980000,30.530001,30.889999,22.390003,85200
2013-03-26,30.879999,31.000000,30.700001,31.000000,22.469738,90200
2013-03-27,30.900000,31.129999,30.700001,31.000000,22.469738,72700
2013-03-28,31.059999,31.340000,31.000000,31.139999,22.571215,188100
2013-04-01,31.150000,31.480000,30.680000,31.030001,22.491488,167300
2013-04-02,31.219999,31.340000,30.900000,30.959999,22.440744,68500
2013-04-03,30.920000,30.930000,30.490000,30.500000,22.107319,116700
2013-04-04,30.690001,31.010000,30.510000,31.010000,22.476984,93100
2013-04-05,30.540001,31.030001,30.510000,30.930000,22.418999,74200
2013-04-08,30.930000,31.250000,30.809999,31.230000,22.636442,46100
2013-04-09,31.040001,31.160000,30.840000,30.840000,22.353764,126500
2013-04-10,30.820000,31.549999,30.820000,31.480000,22.817648,116000
2013-04-11,31.370001,31.700001,31.299999,31.590000,22.897387,100800
2013-04-12,31.379999,31.629999,31.350000,31.450001,22.795912,74500
2013-04-15,31.250000,31.350000,30.230000,30.280001,21.947857,157400
2013-04-16,30.420000,30.940001,30.290001,30.860001,22.368259,106100
2013-04-17,30.629999,30.750000,29.840000,30.090000,21.810141,165100
2013-04-18,30.100000,30.370001,29.980000,30.200001,21.889875,113700
2013-04-19,30.190001,30.809999,30.059999,30.770000,22.303022,79200
2013-04-22,30.790001,30.790001,30.260000,30.700001,22.252285,93500
2013-04-23,30.930000,31.400000,30.879999,31.379999,22.745173,102700
2013-04-24,31.309999,31.379999,31.110001,31.379999,22.745173,74700
2013-04-25,31.389999,31.590000,31.110001,31.219999,22.629200,64500
2013-04-26,31.180000,31.180000,30.870001,30.920000,22.411751,75800
2013-04-29,31.000000,31.190001,30.930000,31.160000,22.585712,56900
2013-04-30,31.010000,31.200001,30.850000,31.200001,22.614706,113300
2013-05-01,31.010000,31.049999,30.280001,30.280001,21.947857,175900
2013-05-02,30.370001,30.690001,30.299999,30.530001,22.129068,53200
2013-05-03,30.940001,31.230000,30.590000,30.990000,22.462488,74200
2013-05-06,31.070000,31.240000,30.740000,30.910000,22.404505,61800
2013-05-07,31.000000,31.110001,30.500000,30.930000,22.418999,85300
2013-05-08,30.840000,31.030001,30.510000,30.670000,22.230541,56400
2013-05-09,30.639999,30.770000,29.420000,29.639999,21.483965,191300
2013-05-10,29.680000,30.090000,29.629999,29.980000,21.730404,92100
2013-05-13,29.570000,29.620001,29.219999,29.400000,21.523232,86400
2013-05-14,29.350000,29.610001,29.219999,29.440001,21.552515,135700
2013-05-15,29.280001,29.910000,29.219999,29.790001,21.808743,105400
2013-05-16,29.760000,29.760000,29.360001,29.480000,21.581799,57600
2013-05-17,29.540001,29.670000,29.240000,29.620001,21.684288,90800
2013-05-20,29.629999,29.719999,29.260000,29.379999,21.508581,137800
2013-05-21,29.299999,29.600000,29.190001,29.520000,21.611076,154700
2013-05-22,29.480000,29.840000,28.590000,28.750000,21.047382,108400
2013-05-23,28.430000,28.670000,27.180000,28.570000,20.915600,218100
2013-05-24,28.350000,28.459999,28.070000,28.389999,20.783823,83100
2013-05-28,28.610001,29.000000,28.299999,28.459999,20.835072,90700
2013-05-29,28.309999,28.410000,27.500000,27.580000,20.190840,92200
2013-05-30,27.580000,28.230000,27.510000,27.620001,20.220123,146800
2013-05-31,27.420000,27.760000,27.090000,27.320000,20.000498,85200
2013-06-03,27.309999,28.260000,27.100000,28.150000,20.608124,231100
2013-06-04,28.270000,28.450001,27.709999,27.860001,20.395824,81400
2013-06-05,27.900000,27.900000,27.309999,27.370001,20.037102,68100
2013-06-06,27.450001,27.920000,27.389999,27.910000,20.432425,89700
2013-06-07,28.040001,28.250000,27.750000,28.090000,20.564201,95800
2013-06-10,28.280001,28.330000,27.809999,28.190001,20.637415,83400
2013-06-11,27.900000,28.350000,27.900000,28.010000,20.505640,66900
2013-06-12,28.219999,28.490000,27.740000,27.799999,20.351892,158000
2013-06-13,27.850000,28.240000,27.510000,28.190001,20.637415,73700
2013-06-14,28.090000,28.139999,27.660000,27.760000,20.322617,94400
2013-06-17,27.969999,28.170000,27.910000,28.090000,20.564201,81200
2013-06-18,28.190001,28.740000,27.770000,28.680000,20.996132,108900
2013-06-19,28.760000,28.780001,27.950001,27.950001,20.461710,49300
2013-06-20,27.549999,27.700001,26.900000,27.010000,19.773550,115700
2013-06-21,27.100000,27.370001,26.500000,27.309999,19.993177,246100
2013-06-24,27.129999,27.629999,27.000000,27.290001,19.978535,106700
2013-06-25,27.510000,27.850000,27.190001,27.770000,20.329933,77500
2013-06-26,28.000000,28.000000,27.600000,27.620001,20.220123,40800
2013-06-27,27.750000,28.309999,27.750000,28.230000,20.666691,93200
2013-06-28,28.090000,28.580000,27.900000,28.400000,20.791143,311200
2013-07-01,28.440001,28.440001,28.049999,28.330000,20.739899,99400
2013-07-02,28.230000,28.700001,28.020000,28.440001,20.820431,56700
2013-07-03,28.240000,28.750000,28.230000,28.570000,20.915600,35100
2013-07-05,28.959999,29.260000,28.420000,29.240000,21.406097,79100
2013-07-08,29.280001,29.629999,28.930000,28.950001,21.193800,96300
2013-07-09,29.020000,29.410000,28.760000,29.389999,21.515902,86400
2013-07-10,29.290001,29.620001,29.080000,29.570000,21.647678,62800
2013-07-11,29.910000,30.080000,29.360001,30.049999,21.999084,86200
2013-07-12,29.920000,30.129999,29.750000,30.070000,22.013727,77900
2013-07-15,30.000000,30.670000,29.870001,30.570000,22.379768,79000
2013-07-16,30.540001,30.990000,30.330000,30.930000,22.643316,103700
2013-07-17,31.000000,31.370001,30.780001,31.320000,22.928825,63600
2013-07-18,31.280001,31.650000,31.230000,31.629999,23.155777,80300
2013-07-19,31.459999,31.700001,31.209999,31.700001,23.207016,60900
2013-07-22,31.500000,31.850000,31.469999,31.660000,23.177736,53500
2013-07-23,31.700001,31.879999,31.340000,31.639999,23.163095,61400
2013-07-24,31.719999,31.719999,30.799999,30.930000,22.643316,64300
2013-07-25,30.770000,31.660000,30.370001,31.629999,23.155777,99800
2013-07-26,31.299999,31.650000,31.260000,31.510000,23.067919,36500
2013-07-29,31.480000,31.480000,30.930000,31.190001,22.833654,67400
2013-07-30,31.230000,31.230000,30.690001,31.049999,22.731161,70600
2013-07-31,31.070000,31.219999,30.370001,30.590000,22.394403,99200
2013-08-01,30.879999,31.250000,30.790001,31.209999,22.848297,77600
2013-08-02,31.139999,31.320000,31.000000,31.209999,22.848297,42800
2013-08-05,31.070000,31.330000,30.840000,31.200001,22.840981,56200
2013-08-06,30.000000,31.790001,29.030001,29.240000,21.406097,120100
2013-08-07,29.100000,29.580000,28.660000,28.809999,21.091299,129200
2013-08-08,29.080000,29.299999,28.840000,29.190001,21.369497,49600
2013-08-09,29.080000,29.260000,28.930000,28.950001,21.193800,47500
2013-08-12,28.750000,29.180000,28.750000,29.160000,21.347534,66500
2013-08-13,28.969999,29.100000,28.580000,28.860001,21.345316,70700
2013-08-14,28.860001,29.000000,28.600000,28.930000,21.397081,63200
2013-08-15,28.549999,28.870001,27.940001,28.010000,20.716642,83800
2013-08-16,27.809999,27.900000,27.250000,27.770000,20.539127,106300
2013-08-19,27.680000,27.709999,26.639999,27.250000,20.154530,121300
2013-08-20,27.350000,28.090000,27.030001,27.950001,20.672260,85000
2013-08-21,27.850000,28.110001,27.480000,27.629999,20.435587,66600
2013-08-22,27.750000,28.000000,27.330000,27.809999,20.568716,45400
2013-08-23,27.799999,27.940001,27.500000,27.910000,20.642673,55400
2013-08-26,28.000000,28.000000,27.230000,27.330000,20.213696,45100
2013-08-27,26.920000,27.250000,26.809999,26.879999,19.880871,62400
2013-08-28,26.850000,27.049999,26.660000,26.809999,19.829094,64000
2013-08-29,26.830000,26.950001,26.709999,26.910000,19.903057,59500
2013-08-30,26.809999,26.910000,26.100000,26.280001,19.437107,91900
2013-09-03,26.650000,26.650000,26.010000,26.209999,19.385326,65700
2013-09-04,26.200001,26.330000,26.049999,26.240000,19.407520,61200
2013-09-05,26.320000,26.559999,25.840000,26.260000,19.422304,144000
2013-09-06,26.430000,26.610001,26.129999,26.400000,19.525856,52500
2013-09-09,26.450001,26.860001,26.340000,26.850000,19.858679,62100
2013-09-10,26.930000,27.250000,26.740000,27.240000,20.147137,87500
2013-09-11,27.139999,27.469999,27.070000,27.129999,20.065775,73100
2013-09-12,27.110001,27.320000,26.860001,26.889999,19.888269,42800
2013-09-13,27.040001,27.260000,26.889999,27.090000,20.036190,37900
2013-09-16,27.590000,27.719999,27.200001,27.270000,20.169317,51500
2013-09-17,27.270000,27.610001,27.129999,27.320000,20.206303,76300
2013-09-18,27.299999,28.389999,27.160000,28.240000,20.886751,114900
2013-09-19,28.250000,28.270000,27.809999,28.000000,20.709242,62600
2013-09-20,28.000000,28.160000,27.700001,28.059999,20.753620,143400
2013-09-23,27.969999,28.660000,27.969999,28.450001,21.042072,55900
2013-09-24,28.450001,28.930000,28.190001,28.590000,21.145620,54800
2013-09-25,28.690001,28.719999,28.200001,28.200001,20.857170,39300
2013-09-26,28.240000,28.400000,27.990000,28.180000,20.842371,32100
2013-09-27,27.920000,28.180000,27.750000,27.770000,20.539127,38000
2013-09-30,27.350000,27.680000,27.129999,27.600000,20.413395,85300
2013-10-01,27.549999,27.820000,27.520000,27.660000,20.457771,63300
2013-10-02,27.510000,27.629999,27.360001,27.490000,20.332037,56500
2013-10-03,27.370001,27.559999,26.879999,27.010000,19.977020,81900
2013-10-04,26.940001,27.190001,26.930000,27.030001,19.991817,38400
2013-10-07,26.799999,27.230000,26.799999,27.020000,19.984417,56700
2013-10-08,26.980000,27.250000,26.900000,26.900000,19.895666,87600
2013-10-09,27.000000,27.799999,26.950001,27.680000,20.472565,102500
2013-10-10,28.080000,28.250000,27.799999,28.160000,20.827579,49900
2013-10-11,28.040001,28.820000,27.870001,28.760000,21.271347,62600
2013-10-14,28.650000,28.700001,28.190001,28.680000,21.212181,47500
2013-10-15,28.670000,28.670000,27.910000,28.000000,20.709242,66400
2013-10-16,28.180000,28.350000,28.000000,28.270000,20.908939,52800
2013-10-17,28.080000,28.920000,28.080000,28.879999,21.360102,68400
2013-10-18,29.209999,29.410000,28.969999,29.400000,21.744705,97900
2013-10-21,29.320000,29.559999,29.090000,29.309999,21.678141,56600
2013-10-22,29.660000,29.990000,29.160000,29.830000,22.062737,57000
2013-10-23,29.590000,30.000000,29.530001,29.809999,22.047945,65800
2013-10-24,29.790001,29.940001,29.420000,29.500000,21.818663,77000
2013-10-25,29.620001,29.879999,29.410000,29.879999,22.099716,44900
2013-10-28,29.910000,29.980000,29.510000,29.950001,22.151491,59900
2013-10-29,30.000000,30.000000,29.719999,29.940001,22.144094,38200
2013-10-30,30.000000,30.000000,29.620001,29.639999,21.922207,51500
2013-10-31,29.639999,30.040001,29.250000,29.830000,22.062737,130700
2013-11-01,29.700001,29.950001,29.209999,29.670000,21.944397,152700
2013-11-04,29.670000,29.959999,29.360001,29.709999,21.973986,92300
2013-11-05,29.750000,30.870001,29.719999,30.520000,22.573074,134500
2013-11-06,30.700001,30.950001,30.580000,30.740000,22.735786,60300
2013-11-07,30.799999,30.889999,30.170000,30.180000,22.321602,83400
2013-11-08,30.160000,30.700001,29.780001,30.639999,22.661825,88700
2013-11-11,30.549999,30.830000,30.309999,30.389999,22.476927,84300
2013-11-12,30.360001,30.379999,29.830000,29.900000,22.114513,102400
2013-11-13,29.340000,29.760000,29.209999,29.760000,22.231792,61500
2013-11-14,29.690001,29.809999,29.510000,29.639999,22.142149,46800
2013-11-15,29.590000,29.719999,29.440001,29.700001,22.186974,109400
2013-11-18,29.740000,29.840000,29.480000,29.600000,22.112274,60800
2013-11-19,29.700001,29.809999,29.299999,29.440001,21.992748,47700
2013-11-20,29.490000,29.610001,29.100000,29.200001,21.813459,50000
2013-11-21,29.240000,29.680000,29.200001,29.370001,21.940454,79600
2013-11-22,29.370001,29.610001,29.160000,29.520000,22.052505,80000
2013-11-25,29.520000,29.820000,29.520000,29.700001,22.186974,75000
2013-11-26,29.680000,29.790001,29.370001,29.549999,22.074924,45100
2013-11-27,29.660000,29.770000,29.410000,29.639999,22.142149,40800
2013-11-29,29.850000,29.900000,29.500000,29.559999,22.082388,29600
2013-12-02,29.610001,29.620001,28.059999,29.000000,21.664047,187400
2013-12-03,28.889999,29.070000,28.410000,28.610001,21.372702,104900
2013-12-04,28.370001,28.760000,28.090000,28.549999,21.327883,46700
2013-12-05,28.530001,28.620001,28.230000,28.430000,21.238239,83700
2013-12-06,28.600000,28.840000,28.250000,28.709999,21.447405,88200
2013-12-09,28.709999,28.709999,28.299999,28.629999,21.387650,92000
2013-12-10,28.469999,28.709999,28.200001,28.440001,21.245710,102400
2013-12-11,28.580000,28.639999,27.780001,27.969999,20.894602,108400
2013-12-12,27.980000,28.809999,27.980000,28.559999,21.335352,91900
2013-12-13,28.650000,28.969999,28.540001,28.559999,21.335352,71600
2013-12-16,28.620001,29.000000,28.620001,28.959999,21.634171,77000
2013-12-17,29.000000,29.000000,28.549999,28.660000,21.410057,41300
2013-12-18,28.780001,29.370001,28.459999,29.280001,21.873222,98800
2013-12-19,29.200001,29.200001,28.570000,28.760000,21.484760,54100
2013-12-20,28.900000,29.660000,28.889999,29.530001,22.059982,334100
2013-12-23,29.590000,29.940001,29.590000,29.799999,22.261677,71400
2013-12-24,29.750000,30.000000,29.570000,29.850000,22.299025,26400
2013-12-26,29.910000,30.030001,29.760000,29.879999,22.321438,57000
2013-12-27,30.010000,30.040001,29.549999,29.889999,22.328905,36600
2013-12-30,29.790001,29.790001,29.250000,29.480000,22.022627,41500
2013-12-31,29.549999,29.650000,29.209999,29.270000,21.865746,80500
2014-01-02,29.240000,29.240000,28.559999,28.780001,21.499699,62000
2014-01-03,28.809999,28.990000,28.629999,28.740000,21.469818,114000
2014-01-06,28.900000,28.900000,28.510000,28.670000,21.417526,111100
2014-01-07,28.809999,29.070000,28.549999,28.760000,21.484760,45400
2014-01-08,28.809999,28.879999,28.330000,28.700001,21.439938,133400
2014-01-09,28.879999,28.879999,28.400000,28.730000,21.462351,53200
2014-01-10,28.790001,29.129999,28.200001,28.629999,21.387650,75700
2014-01-13,28.570000,28.740000,28.110001,28.340000,21.171005,73300
2014-01-14,28.500000,28.900000,28.260000,28.610001,21.372702,53800
2014-01-15,28.610001,28.850000,28.350000,28.400000,21.215822,66800
2014-01-16,28.480000,28.700001,28.139999,28.370001,21.193413,48000
2014-01-17,28.420000,28.420000,28.110001,28.240000,21.096304,43100
2014-01-21,28.320000,28.430000,28.049999,28.410000,21.223299,83700
2014-01-22,28.370001,28.469999,28.129999,28.389999,21.208357,49600
2014-01-23,28.350000,28.719999,28.200001,28.670000,21.417526,90200
2014-01-24,28.420000,28.670000,28.090000,28.340000,21.171005,104600
2014-01-27,28.360001,28.459999,28.200001,28.320000,21.156063,61300
2014-01-28,28.309999,28.309999,28.000000,28.110001,20.999187,106900
2014-01-29,28.000000,28.250000,27.740000,27.930000,20.864719,77700
2014-01-30,28.160000,28.719999,28.020000,28.340000,21.171005,90700
2014-01-31,27.879999,28.459999,27.770000,27.840000,20.797483,101600
2014-02-03,27.850000,28.100000,26.959999,27.320000,20.409027,135400
2014-02-04,27.389999,27.600000,27.030001,27.280001,20.379143,99400
2014-02-05,27.250000,27.490000,27.010000,27.059999,20.214798,97900
2014-02-06,27.190001,27.500000,27.010000,27.209999,20.326859,105800
2014-02-07,27.209999,27.340000,27.000000,27.230000,20.341791,82900
2014-02-10,27.350000,27.770000,27.030001,27.670000,20.670488,167800
2014-02-11,29.139999,30.500000,29.139999,29.990000,22.403610,350100
2014-02-12,29.990000,29.990000,29.150000,29.320000,22.126656,155800
2014-02-13,29.049999,30.350000,28.709999,30.290001,22.858675,128500
2014-02-14,30.290001,30.750000,29.860001,30.620001,23.107714,106800
2014-02-18,30.879999,30.980000,30.610001,30.840000,23.273733,140700
2014-02-19,30.830000,30.950001,30.330000,30.360001,22.911495,72500
2014-02-20,30.240000,30.780001,30.240000,30.620001,23.107714,76900
2014-02-21,30.780001,30.860001,30.450001,30.600000,23.092617,98700
2014-02-24,30.540001,30.910000,30.540001,30.610001,23.100166,102600
2014-02-25,30.680000,30.719999,30.230000,30.420000,22.956779,77000
2014-02-26,30.320000,30.879999,30.219999,30.580000,23.077520,94200
2014-02-27,30.469999,30.690001,30.260000,30.510000,23.024702,68800
2014-02-28,30.450001,30.799999,30.200001,30.219999,22.805849,97500
2014-03-03,30.000000,30.209999,29.650000,29.889999,22.556808,65700
2014-03-04,30.260000,31.000000,30.260000,30.709999,23.175629,194700
2014-03-05,30.719999,30.850000,30.240000,30.450001,22.979420,68900
2014-03-06,30.500000,30.510000,29.920000,30.030001,22.662464,82000
2014-03-07,30.230000,30.889999,29.900000,30.740000,23.198273,131500
2014-03-10,30.639999,30.860001,30.370001,30.740000,23.198273,104900
2014-03-11,30.860001,30.860001,30.290001,30.570000,23.069981,83800
2014-03-12,30.379999,30.990000,30.360001,30.980000,23.379391,81800
2014-03-13,31.000000,31.200001,30.850000,31.049999,23.432213,109700
2014-03-14,30.900000,31.299999,30.900000,31.110001,23.477495,69100
2014-03-17,31.190001,31.450001,31.080000,31.320000,23.635973,74700
2014-03-18,31.400000,31.719999,31.219999,31.450001,23.734081,125900
2014-03-19,31.350000,31.400000,30.170000,30.420000,22.956779,120100
2014-03-20,30.370001,30.410000,30.010000,30.290001,22.858675,74400
2014-03-21,30.330000,30.790001,30.190001,30.290001,22.858675,168600
2014-03-24,30.180000,30.629999,30.049999,30.450001,22.979420,103400
2014-03-25,30.520000,30.639999,30.270000,30.490000,23.009602,128200
2014-03-26,30.770000,30.799999,30.139999,30.150000,22.753021,131000
2014-03-27,30.209999,30.590000,30.059999,30.490000,23.009602,81400
2014-03-28,30.410000,30.840000,30.120001,30.290001,22.858675,71800
2014-03-31,30.360001,31.100000,30.260000,30.790001,23.236006,133900
2014-04-01,30.950001,31.080000,30.549999,30.670000,23.145447,117300
2014-04-02,30.639999,30.730000,30.450001,30.670000,23.145447,49100
2014-04-03,30.590000,30.650000,30.260000,30.280001,22.851131,76800
2014-04-04,30.530001,30.850000,29.860001,29.910000,22.571901,109700
2014-04-07,29.879999,30.030001,29.610001,29.780001,22.473799,77300
2014-04-08,29.750000,30.320000,29.629999,30.230000,22.813391,76500
2014-04-09,30.219999,30.320000,29.780001,30.170000,22.768116,66100
2014-04-10,30.160000,30.260000,29.459999,29.540001,22.292675,105500
2014-04-11,29.219999,29.770000,29.000000,29.320000,22.126656,85900
2014-04-14,29.660000,29.709999,29.110001,29.309999,22.119106,75700
2014-04-15,29.480000,29.680000,28.950001,29.590000,22.330410,91200
2014-04-16,29.809999,29.830000,29.480000,29.680000,22.398331,43700
2014-04-17,29.680000,29.820000,29.480000,29.610001,22.345507,58400
2014-04-21,29.559999,29.709999,29.309999,29.450001,22.224764,52200
2014-04-22,29.379999,29.980000,29.299999,29.959999,22.609636,109300
2014-04-23,29.799999,30.090000,29.340000,29.540001,22.292675,96800
2014-04-24,29.629999,29.740000,29.299999,29.459999,22.232309,51700
2014-04-25,29.350000,29.730000,29.270000,29.450001,22.224764,84400
2014-04-28,29.469999,29.690001,29.270000,29.480000,22.247395,88100
2014-04-29,29.490000,29.680000,29.250000,29.250000,22.073832,77900
2014-04-30,29.250000,29.440001,29.010000,29.299999,22.111563,125700
2014-05-01,29.370001,29.520000,29.049999,29.360001,22.156837,154500
2014-05-02,29.430000,29.430000,28.520000,28.610001,21.590843,109100
2014-05-05,28.500000,28.820000,28.440001,28.629999,21.605936,87100
2014-05-06,29.320000,29.320000,28.440001,28.450001,21.470097,174400
2014-05-07,28.600000,29.420000,28.500000,29.040001,21.915352,98400
2014-05-08,29.129999,29.160000,28.500000,28.540001,21.538015,104900
2014-05-09,28.459999,28.740000,28.459999,28.650000,21.621035,95300
2014-05-12,28.740000,29.090000,28.740000,28.790001,21.726683,108800
2014-05-13,28.549999,28.730000,28.250000,28.270000,21.561176,131200
2014-05-14,28.190001,28.500000,28.090000,28.139999,21.462029,119700
2014-05-15,28.000000,28.020000,27.480000,27.540001,21.004419,138700
2014-05-16,27.440001,27.809999,27.190001,27.799999,21.202715,137900
2014-05-19,27.760000,27.870001,27.580000,27.670000,21.103571,76000
2014-05-20,27.530001,27.809999,27.290001,27.610001,21.057804,176500
2014-05-21,27.680000,28.049999,27.459999,27.980000,21.340000,154000
2014-05-22,28.040001,28.270000,27.959999,28.030001,21.378138,75900
2014-05-23,28.090000,28.379999,27.920000,28.190001,21.500164,113300
2014-05-27,28.410000,28.510000,28.200001,28.400000,21.660328,108600
2014-05-28,28.290001,28.660000,28.209999,28.320000,21.599316,108800
2014-05-29,28.469999,28.490000,28.209999,28.430000,21.683214,74400
2014-05-30,28.520000,28.629999,28.389999,28.580000,21.797611,107500
2014-06-02,28.520000,28.610001,28.400000,28.559999,21.782362,105300
2014-06-03,28.480000,28.600000,28.389999,28.480000,21.721342,114100
2014-06-04,28.260000,28.600000,28.260000,28.480000,21.721342,103000
2014-06-05,28.620001,29.350000,28.430000,29.350000,22.384878,113600
2014-06-06,29.549999,29.629999,29.080000,29.530001,22.522163,137100
2014-06-09,29.440001,29.750000,29.440001,29.620001,22.590807,165200
2014-06-10,29.700001,29.760000,29.200001,29.540001,22.529799,90300
2014-06-11,29.490000,29.510000,28.700001,28.719999,21.904394,145100
2014-06-12,28.590000,28.830000,28.389999,28.690001,21.881510,90700
2014-06-13,28.820000,28.820000,28.469999,28.590000,21.805243,65300
2014-06-16,28.709999,28.959999,28.379999,28.780001,21.950153,73900
2014-06-17,28.760000,29.030001,28.620001,28.740000,21.919640,71500
2014-06-18,28.840000,29.160000,28.620001,29.150000,22.232342,85800
2014-06-19,29.309999,29.430000,29.219999,29.320000,22.362003,54500
2014-06-20,29.490000,29.600000,29.209999,29.580000,22.560301,179000
2014-06-23,29.559999,29.650000,29.290001,29.590000,22.567930,90800
2014-06-24,29.520000,30.000000,29.490000,29.620001,22.590807,86600
2014-06-25,29.410000,29.879999,29.410000,29.830000,22.750977,102600
2014-06-26,29.840000,29.950001,29.469999,29.680000,22.636574,57100
2014-06-27,29.459999,30.030001,29.459999,29.980000,22.865374,271300
2014-06-30,29.959999,30.299999,29.620001,30.290001,23.101812,102400
2014-07-01,30.209999,30.430000,29.510000,30.160000,23.002657,145100
2014-07-02,30.150000,30.150000,29.799999,29.969999,22.857748,110800
2014-07-03,30.010000,30.110001,29.660000,29.850000,22.766226,48700
2014-07-07,29.639999,30.010000,29.440001,29.570000,22.552668,88700
2014-07-08,29.490000,29.910000,29.490000,29.820000,22.743341,142200
2014-07-09,29.809999,29.920000,29.520000,29.709999,22.659451,65000
2014-07-10,29.360001,29.660000,29.340000,29.500000,22.499287,83200
2014-07-11,29.360001,29.559999,29.100000,29.120001,22.209465,58600
2014-07-14,29.370001,29.500000,28.709999,28.799999,21.965401,86900
2014-07-15,28.910000,28.969999,28.540001,28.639999,21.843380,59600
2014-07-16,28.709999,28.920000,28.500000,28.770000,21.942526,64600
2014-07-17,28.559999,28.830000,28.320000,28.360001,21.629826,84300
2014-07-18,28.260000,28.860001,28.260000,28.790001,21.957779,78200
2014-07-21,28.600000,28.600000,28.350000,28.459999,21.706095,71300
2014-07-22,28.500000,28.799999,28.420000,28.660000,21.858625,73500
2014-07-23,28.629999,28.639999,28.420000,28.559999,21.782362,75700
2014-07-24,28.639999,28.670000,28.270000,28.400000,21.660328,88300
2014-07-25,28.230000,28.559999,28.000000,28.030001,21.378138,76500
2014-07-28,28.030001,29.530001,28.030001,28.549999,21.774731,114900
2014-07-29,28.549999,28.629999,28.330000,28.330000,21.606941,65400
2014-07-30,28.570000,28.570000,28.110001,28.190001,21.500164,154700
2014-07-31,28.000000,28.459999,27.900000,27.959999,21.324739,124400
2014-08-01,27.870001,28.170000,27.830000,28.020000,21.370506,89300
2014-08-04,28.080000,28.209999,27.750000,28.129999,21.454399,131700
2014-08-05,28.330000,28.430000,27.160000,27.440001,20.928143,129400
2014-08-06,27.250000,27.969999,27.250000,27.650000,21.088314,109200
2014-08-07,27.670000,27.990000,27.520000,27.750000,21.164587,48100
2014-08-08,27.760000,28.549999,27.760000,28.500000,21.736601,96100
2014-08-11,28.700001,28.910000,28.510000,28.590000,21.805243,100400
2014-08-12,28.549999,28.590000,28.290001,28.440001,21.690836,83500
2014-08-13,28.330000,28.350000,28.020000,28.270000,21.793367,61700
2014-08-14,28.270000,28.389999,28.080000,28.270000,21.793367,62400
2014-08-15,28.540001,28.540001,27.930000,28.299999,21.816496,85100
2014-08-18,28.530001,28.540001,28.219999,28.410000,21.901295,70400
2014-08-19,28.350000,28.670000,28.190001,28.620001,22.063181,68100
2014-08-20,28.570000,28.570000,28.280001,28.450001,21.932131,43500
2014-08-21,28.389999,28.570000,28.230000,28.500000,21.970671,72700
2014-08-22,28.549999,28.620001,28.219999,28.370001,21.870461,49300
2014-08-25,28.480000,28.580000,28.480000,28.490000,21.962965,69700
2014-08-26,28.480000,28.639999,28.440001,28.490000,21.962965,101100
2014-08-27,28.549999,28.590000,28.480000,28.540001,22.001509,48300
2014-08-28,28.500000,28.790001,28.379999,28.450001,21.932131,77200
2014-08-29,28.450001,28.549999,28.370001,28.490000,21.962965,70800
2014-09-02,28.400000,28.700001,28.280001,28.440001,21.924423,67900
2014-09-03,28.410000,28.600000,28.240000,28.340000,21.847338,71100
2014-09-04,28.250000,28.480000,28.070000,28.080000,21.646900,82600
2014-09-05,28.110001,28.500000,28.110001,28.480000,21.955256,59500
2014-09-08,28.480000,28.480000,28.090000,28.240000,21.770248,39600
2014-09-09,28.110001,28.110001,27.809999,27.850000,21.469591,94800
2014-09-10,28.020000,28.230000,27.760000,27.990000,21.577517,81600
2014-09-11,27.920000,28.280001,27.900000,28.110001,21.670025,91500
2014-09-12,28.200001,28.200001,27.620001,27.680000,21.338535,97500
2014-09-15,27.600000,27.770000,27.480000,27.580000,21.261446,75600
2014-09-16,27.500000,27.719999,27.500000,27.590000,21.269152,68300
2014-09-17,27.549999,27.719999,27.370001,27.469999,21.176651,111800
2014-09-18,27.490000,27.530001,27.360001,27.480000,21.184357,88600
2014-09-19,27.450001,27.730000,27.240000,27.680000,21.338535,295700
2014-09-22,27.510000,27.639999,27.299999,27.469999,21.176651,85700
2014-09-23,27.309999,27.840000,27.000000,27.010000,20.822027,110900
2014-09-24,27.129999,27.250000,26.830000,27.090000,20.883705,106600
2014-09-25,27.000000,27.100000,26.809999,26.820000,20.675562,82800
2014-09-26,26.850000,27.070000,26.760000,27.030001,20.837452,66300
2014-09-29,26.830000,27.070000,26.790001,26.969999,20.791195,87600
2014-09-30,27.030001,27.170000,26.670000,26.670000,20.559917,146700
2014-10-01,26.750000,26.969999,26.530001,26.639999,20.536800,103100
2014-10-02,26.639999,27.030001,26.629999,26.860001,20.706400,74700
2014-10-03,27.150000,27.360001,26.680000,27.299999,21.045591,91000
2014-10-06,27.230000,27.590000,27.209999,27.389999,21.114975,81100
2014-10-07,27.170000,27.490000,27.070000,27.120001,20.906834,88600
2014-10-08,27.049999,28.080000,27.049999,28.000000,21.585226,108100
2014-10-09,27.930000,28.000000,27.180000,27.200001,20.968502,78800
2014-10-10,27.290001,27.969999,27.270000,27.559999,21.246023,85000
2014-10-13,27.490000,28.410000,27.280001,28.190001,21.731699,187900
2014-10-14,28.430000,29.190001,28.160000,28.809999,22.209650,200500
2014-10-15,28.700001,28.950001,28.230000,28.549999,22.009222,147800
2014-10-16,28.290001,29.110001,28.150000,28.889999,22.271324,157600
2014-10-17,29.309999,29.309999,28.600000,28.680000,22.109440,93700
2014-10-20,28.629999,29.170000,28.629999,29.170000,22.487179,136400
2014-10-21,29.190001,29.200001,28.940001,29.059999,22.402380,78800
2014-10-22,29.110001,29.330000,28.910000,29.059999,22.402380,81400
2014-10-23,29.230000,29.459999,29.110001,29.400000,22.664484,116900
2014-10-24,29.309999,29.420000,29.080000,29.129999,22.456339,117600
2014-10-27,29.010000,29.549999,28.940001,29.459999,22.710739,88800
2014-10-28,29.629999,29.799999,29.600000,29.780001,22.957428,198100
2014-10-29,29.700001,30.000000,29.600000,30.000000,23.127029,90200
2014-10-30,29.990000,30.840000,29.990000,30.820000,23.759171,144300
2014-10-31,31.040001,31.200001,30.610001,31.000000,23.897926,151100
2014-11-03,31.000000,31.100000,30.379999,30.830000,23.766872,115200
2014-11-04,29.500000,30.879999,29.500000,30.799999,23.743746,79200
2014-11-05,30.950001,31.400000,30.480000,31.180000,24.036690,114100
2014-11-06,31.240000,31.240000,30.680000,30.760000,23.712906,67800
2014-11-07,30.790001,30.950001,30.719999,30.940001,23.851671,48000
2014-11-10,30.870001,31.260000,30.680000,31.240000,24.082943,69700
2014-11-11,31.240000,31.360001,31.120001,31.139999,24.005856,131000
2014-11-12,30.740000,30.740000,30.049999,30.150000,23.471045,77100
2014-11-13,30.080000,30.230000,29.370001,29.389999,22.879402,110000
2014-11-14,29.430000,29.490000,29.030001,29.170000,22.708134,65500
2014-11-17,29.190001,29.400000,29.020000,29.190001,22.723705,75900
2014-11-18,29.330000,29.540001,29.230000,29.330000,22.832695,54200
2014-11-19,29.370001,29.450001,29.010000,29.100000,22.653646,81600
2014-11-20,29.000000,29.129999,28.680000,29.120001,22.669209,79300
2014-11-21,29.530001,29.830000,29.000000,29.200001,22.731491,63400
2014-11-24,29.360001,29.570000,29.030001,29.190001,22.723705,56500
2014-11-25,29.200001,29.230000,28.660000,29.180000,22.715923,66700
2014-11-26,29.290001,29.450001,28.900000,29.290001,22.801552,70600
2014-11-28,29.160000,29.540001,28.719999,28.780001,22.404530,63000
2014-12-01,28.790001,28.930000,28.400000,28.410000,22.116491,129300
2014-12-02,28.490000,29.020000,28.469999,28.969999,22.552441,79100
2014-12-03,28.930000,29.250000,28.870001,29.080000,22.638069,80600
2014-12-04,29.059999,29.480000,28.840000,29.030001,22.599154,70500
2014-12-05,29.040001,29.270000,28.809999,29.180000,22.715923,80500
2014-12-08,29.290001,29.510000,29.049999,29.420000,22.902752,139400
2014-12-09,29.230000,30.000000,28.840000,29.900000,23.276426,94900
2014-12-10,29.980000,29.980000,29.340000,29.510000,22.972811,105600
2014-12-11,29.580000,30.230000,29.270000,29.580000,23.027308,65200
2014-12-12,29.200001,29.440001,28.799999,29.180000,22.715923,112100
2014-12-15,29.219999,29.520000,28.799999,29.320000,22.824907,185000
2014-12-16,29.360001,30.070000,28.809999,29.820000,23.214146,173400
2014-12-17,29.900000,30.500000,29.559999,30.480000,23.727938,151900
2014-12-18,30.700001,30.750000,30.430000,30.670000,23.875851,131500
2014-12-19,30.580000,30.930000,30.270000,30.719999,23.914768,332800
2014-12-22,30.549999,31.209999,30.549999,31.190001,24.280651,106500
2014-12-23,31.360001,31.480000,31.000000,31.250000,24.327370,112600
2014-12-24,31.000000,31.590000,30.680000,31.389999,24.436354,82400
2014-12-26,31.570000,31.969999,31.400000,31.670000,24.654325,69900
2014-12-29,31.809999,32.599998,31.670000,32.529999,25.323814,147100
2014-12-30,32.599998,32.720001,31.750000,31.790001,24.747742,74900
2014-12-31,31.950001,31.950001,30.930000,30.959999,24.101603,78100
2015-01-02,31.219999,31.250000,30.730000,31.000000,24.132744,83500
2015-01-05,30.740000,31.059999,30.610001,30.850000,24.015976,102300
2015-01-06,31.020000,31.330000,30.600000,30.889999,24.047115,133400
2015-01-07,30.940001,31.260000,30.690001,31.150000,24.249517,57300
2015-01-08,31.280001,31.650000,31.150000,31.170000,24.265087,53400
2015-01-09,30.969999,31.100000,30.620001,30.969999,24.109385,90100
2015-01-12,31.100000,31.100000,30.610001,30.920000,24.070471,53100
2015-01-13,31.129999,31.620001,30.780001,31.120001,24.226164,66600
2015-01-14,30.969999,31.530001,30.820000,31.410000,24.451920,68500
2015-01-15,31.629999,31.629999,30.969999,31.240000,24.319582,81700
2015-01-16,31.200001,31.879999,31.110001,31.750000,24.716600,90300
2015-01-20,31.940001,31.969999,31.440001,31.730000,24.701029,70600
2015-01-21,31.840000,32.000000,31.500000,31.680000,24.662106,94500
2015-01-22,31.940001,31.940001,31.540001,31.670000,24.654325,88400
2015-01-23,31.700001,32.160000,31.520000,32.090000,24.981285,92800
2015-01-26,31.950001,32.040001,31.639999,31.879999,24.817804,71000
2015-01-27,31.530001,32.000000,31.530001,31.680000,24.662106,53100
2015-01-28,31.860001,32.009998,31.120001,31.209999,24.296225,62200
2015-01-29,31.230000,31.860001,31.120001,31.809999,24.763311,66900
2015-01-30,31.510000,31.840000,30.850000,30.920000,24.070471,119000
2015-02-02,31.100000,31.379999,30.879999,31.260000,24.335146,61100
2015-02-03,31.500000,31.940001,31.410000,31.799999,24.755524,73300
2015-02-04,31.860001,32.139999,31.299999,31.430000,24.467491,70800
2015-02-05,31.680000,32.259998,31.559999,32.169998,25.043566,63500
2015-02-06,32.330002,32.330002,31.020000,31.090000,24.202810,68400
2015-02-09,31.190001,31.490000,30.900000,30.980000,24.117176,96200
2015-02-10,31.340000,31.510000,30.990000,31.379999,24.428564,102100
2015-02-11,31.110001,31.570000,30.950001,31.250000,24.567719,129600
2015-02-12,31.280001,31.360001,30.809999,31.270000,24.583445,140800
2015-02-13,31.150000,31.320000,31.100000,31.270000,24.583445,124800
2015-02-17,31.150000,31.629999,31.080000,31.250000,24.567719,129300
2015-02-18,31.250000,31.879999,31.090000,31.870001,25.055147,72400
2015-02-19,31.889999,32.419998,31.719999,32.389999,25.463949,123900
2015-02-20,32.490002,32.490002,31.799999,32.419998,25.487528,87500
2015-02-23,32.299999,32.480000,32.099998,32.380001,25.456089,86900
2015-02-24,32.299999,33.240002,32.299999,33.070000,25.998543,101700
2015-02-25,33.150002,33.169998,32.790001,32.869999,25.841301,144400
2015-02-26,32.919998,33.139999,32.529999,33.049999,25.982819,65300
2015-02-27,32.970001,33.040001,32.580002,32.720001,25.723379,78200
2015-03-02,32.840000,32.840000,32.139999,32.529999,25.574013,85600
2015-03-03,32.369999,32.470001,31.780001,32.400002,25.471815,88300
2015-03-04,32.380001,32.529999,32.000000,32.150002,25.275269,79200
2015-03-05,32.450001,32.730000,32.110001,32.430000,25.495394,57800
2015-03-06,32.130001,32.180000,31.230000,31.520000,24.779985,131300
2015-03-09,31.500000,31.900000,31.059999,31.770000,24.976522,77700
2015-03-10,31.740000,32.020000,31.540001,31.950001,25.118032,72600
2015-03-11,31.959999,32.330002,31.879999,32.000000,25.157347,230000
2015-03-12,32.070000,33.040001,32.070000,32.990002,25.935650,171200
2015-03-13,33.000000,33.000000,32.200001,32.369999,25.448225,112800
2015-03-16,32.549999,32.759998,32.139999,32.330002,25.416779,138100
2015-03-17,32.299999,32.410000,31.600000,31.959999,25.125895,102500
2015-03-18,31.809999,32.980000,31.760000,32.639999,25.660486,108500
2015-03-19,32.470001,32.650002,31.860001,32.009998,25.165205,106900
2015-03-20,32.259998,32.689999,31.920000,32.430000,25.495394,195400
2015-03-23,32.340000,32.490002,32.119999,32.160000,25.283131,116300
2015-03-24,32.000000,32.340000,32.000000,32.330002,25.416779,66900
2015-03-25,32.959999,33.439999,32.779999,33.060001,25.990683,162200
2015-03-26,33.029999,33.200001,32.310001,32.340000,25.424643,87700
2015-03-27,32.340000,32.439999,31.620001,31.830000,25.023695,97700
2015-03-30,31.879999,32.500000,31.820000,32.279999,25.377468,75300
2015-03-31,32.040001,32.389999,32.009998,32.169998,25.290989,60300
2015-04-01,32.020000,32.369999,31.860001,32.220001,25.330301,86600
2015-04-02,32.259998,32.630001,32.259998,32.349998,25.432505,43800
2015-04-06,32.060001,32.759998,31.889999,32.490002,25.542562,39100
2015-04-07,32.540001,32.540001,32.009998,32.020000,25.173069,55600
2015-04-08,31.920000,32.080002,31.610001,31.950001,25.118032,42900
2015-04-09,31.809999,32.000000,31.190001,31.459999,24.732815,48400
2015-04-10,31.719999,31.990000,31.580000,31.900000,25.078730,41300
2015-04-13,31.990000,31.990000,31.559999,31.610001,24.850739,27300
2015-04-14,31.690001,31.969999,31.570000,31.820000,25.015835,30400
2015-04-15,31.889999,32.169998,31.840000,31.950001,25.118032,53800
2015-04-16,31.820000,32.360001,31.620001,31.820000,25.015835,36800
2015-04-17,31.580000,31.790001,31.180000,31.370001,24.662060,58800
2015-04-20,31.610001,32.380001,31.610001,32.070000,25.212374,53600
2015-04-21,32.040001,32.189999,31.510000,31.629999,24.866463,31700
2015-04-22,31.590000,31.639999,31.139999,31.420000,24.701368,43200
2015-04-23,31.270000,31.400000,31.200001,31.299999,24.607019,35500
2015-04-24,31.360001,31.650000,31.299999,31.500000,24.764257,37800
2015-04-27,31.500000,31.709999,31.000000,31.320000,24.622749,66500
2015-04-28,31.290001,31.980000,31.200001,31.940001,25.110178,43700
2015-04-29,31.719999,31.719999,31.190001,31.230000,24.551992,48700
2015-04-30,31.000000,31.510000,29.799999,29.910000,23.514252,135300
2015-05-01,29.879999,30.100000,29.500000,29.750000,23.388468,70500
2015-05-04,29.879999,30.280001,29.680000,29.809999,23.435637,65700
2015-05-05,28.930000,29.389999,27.879999,28.260000,22.217079,171800
2015-05-06,27.690001,28.120001,27.200001,27.820000,21.871166,256800
2015-05-07,27.389999,27.850000,27.379999,27.570000,21.674629,138100
2015-05-08,27.469999,28.120001,27.379999,27.730000,21.800411,159200
2015-05-11,27.730000,28.090000,27.530001,27.709999,21.784693,103300
2015-05-12,27.660000,27.670000,27.209999,27.389999,21.533115,73400
2015-05-13,27.139999,27.299999,26.700001,26.760000,21.277084,84300
2015-05-14,26.700001,27.219999,26.700001,27.049999,21.507668,94100
2015-05-15,26.980000,27.240000,26.799999,26.969999,21.444061,86300
2015-05-18,27.030001,27.120001,26.799999,27.000000,21.467915,72500
2015-05-19,27.080000,27.139999,26.830000,27.000000,21.467915,70100
2015-05-20,27.200001,27.230000,27.020000,27.129999,21.571274,54600
2015-05-21,27.230000,27.250000,27.040001,27.129999,21.571274,68100
2015-05-22,27.090000,27.200001,26.870001,26.980000,21.452011,85000
2015-05-26,26.950001,27.000000,26.750000,26.820000,21.324797,98500
2015-05-27,26.760000,27.120001,26.760000,27.040001,21.499722,57200
2015-05-28,27.000000,27.530001,26.910000,27.430000,21.809809,72400
2015-05-29,27.320000,27.389999,26.799999,27.020000,21.483816,76600
2015-06-01,27.010000,27.320000,26.850000,27.180000,21.611036,78200
2015-06-02,27.010000,27.260000,26.959999,26.959999,21.436102,83800
2015-06-03,26.959999,27.080000,26.809999,26.969999,21.444061,113200
2015-06-04,26.799999,26.920000,26.350000,26.440001,21.022654,80900
2015-06-05,26.600000,26.600000,26.150000,26.510000,21.078314,97600
2015-06-08,26.520000,26.530001,26.290001,26.330000,20.935188,52800
2015-06-09,26.290001,26.410000,26.139999,26.170000,20.807980,58600
2015-06-10,26.420000,27.070000,26.360001,27.000000,21.467915,117900
2015-06-11,27.170000,27.170000,26.790001,27.059999,21.515629,70100
2015-06-12,26.940001,27.090000,26.690001,26.920000,21.404308,72500
2015-06-15,26.840000,26.969999,26.540001,26.830000,21.332747,99300
2015-06-16,27.010000,27.150000,26.690001,27.090000,21.539474,68700
2015-06-17,27.219999,27.330000,26.950001,27.150000,21.587183,61400
2015-06-18,27.150000,27.809999,27.049999,27.730000,22.048340,99000
2015-06-19,27.740000,27.920000,27.280001,27.320000,21.722349,170200
2015-06-22,27.530001,27.530001,27.209999,27.389999,21.778006,56800
2015-06-23,27.350000,27.350000,27.020000,27.260000,21.674644,58600
2015-06-24,27.270000,27.290001,26.889999,26.950001,21.428160,76000
2015-06-25,27.080000,27.080000,26.799999,27.000000,21.467915,59000
2015-06-26,26.969999,27.160000,26.840000,27.090000,21.539474,185700
2015-06-29,27.049999,27.320000,26.799999,26.830000,21.332747,98400
2015-06-30,26.940001,27.059999,26.500000,26.600000,21.149870,85700
2015-07-01,26.660000,26.760000,26.500000,26.730000,21.253239,96400
2015-07-02,26.870001,27.190001,26.770000,27.040001,21.499722,61200
2015-07-06,26.770000,27.170000,26.680000,27.049999,21.507668,93500
2015-07-07,27.129999,27.469999,27.010000,27.360001,21.754152,67700
2015-07-08,27.120001,27.450001,26.930000,27.049999,21.507668,58700
2015-07-09,27.240000,27.270000,26.650000,26.760000,21.277084,68500
2015-07-10,26.900000,27.280001,26.900000,27.129999,21.571274,67200
2015-07-13,27.190001,27.459999,27.040001,27.219999,21.642838,60300
2015-07-14,27.139999,27.360001,27.040001,27.160000,21.595131,47900
2015-07-15,27.200001,27.280001,27.040001,27.190001,21.618988,45800
2015-07-16,27.240000,27.620001,27.240000,27.379999,21.770048,52500
2015-07-17,27.450001,27.450001,27.049999,27.059999,21.515629,53400
2015-07-20,27.120001,27.290001,26.610001,26.740000,21.261187,58300
2015-07-21,26.600000,26.920000,26.330000,26.440001,21.022654,59000
2015-07-22,26.430000,26.670000,26.240000,26.299999,20.911337,49600
2015-07-23,26.389999,26.389999,25.549999,25.660000,20.402472,71600
2015-07-24,25.559999,25.889999,25.350000,25.400000,20.195742,110000
2015-07-27,24.900000,26.000000,24.820000,25.889999,20.585339,92900
2015-07-28,25.950001,26.350000,25.650000,25.760000,20.481979,74800
2015-07-29,25.639999,25.879999,25.580000,25.809999,20.521732,51200
2015-07-30,25.690001,26.129999,25.660000,25.820000,20.529688,52500
2015-07-31,25.760000,26.240000,25.730000,25.920000,20.609194,87100
2015-08-03,26.000000,26.059999,25.280001,25.750000,20.474028,105200
2015-08-04,26.200001,28.340000,25.950001,27.990000,22.255070,183500
2015-08-05,28.010000,28.230000,27.719999,27.799999,22.103994,88400
2015-08-06,27.910000,28.080000,27.549999,28.010000,22.270971,66800
2015-08-07,27.780001,28.200001,27.750000,27.860001,22.151709,120300
2015-08-10,27.920000,28.240000,27.809999,27.980000,22.247118,102600
2015-08-11,27.809999,28.219999,27.700001,28.190001,22.414091,66700
2015-08-12,27.820000,28.040001,27.690001,27.950001,22.468761,70000
2015-08-13,27.879999,27.959999,27.490000,27.590000,22.179352,90300
2015-08-14,27.459999,27.820000,27.080000,27.820000,22.364254,98400
2015-08-17,27.650000,27.850000,27.520000,27.760000,22.316023,71600
2015-08-18,27.629999,27.670000,27.230000,27.320000,21.962307,72100
2015-08-19,27.139999,27.469999,26.650000,27.270000,21.922115,79100
2015-08-20,27.080000,27.530001,26.940001,26.980000,21.688980,96100
2015-08-21,26.500000,27.200001,26.430000,26.700001,21.463896,137400
2015-08-24,25.620001,26.670000,25.510000,25.530001,20.523342,127600
2015-08-25,26.330000,26.360001,24.900000,24.900000,20.016891,129600
2015-08-26,25.379999,25.820000,25.090000,25.770000,20.716274,86000
2015-08-27,25.879999,26.209999,25.410000,25.680000,20.643921,88500
2015-08-28,25.520000,25.840000,25.270000,25.820000,20.756470,101600
2015-08-31,25.750000,25.889999,25.309999,25.809999,20.748430,88500
2015-09-01,25.420000,25.580000,25.180000,25.219999,20.274136,103000
2015-09-02,25.450001,25.580000,25.260000,25.410000,20.426872,80000
2015-09-03,25.450001,25.730000,25.240000,25.430000,20.442949,78700
2015-09-04,25.290001,25.670000,25.049999,25.299999,20.338442,98700
2015-09-08,25.639999,25.959999,25.570000,25.830000,20.764509,63200
2015-09-09,25.980000,25.980000,25.420000,25.459999,20.467066,96200
2015-09-10,25.510000,25.820000,25.459999,25.540001,20.531384,69700
2015-09-11,25.370001,25.559999,25.200001,25.510000,20.507265,72100
2015-09-14,25.680000,25.680000,25.219999,25.290001,20.330406,41500
2015-09-15,25.389999,25.620001,25.200001,25.510000,20.507265,62500
2015-09-16,25.559999,25.990000,25.559999,25.830000,20.764509,56300
2015-09-17,25.790001,26.360001,25.700001,25.920000,20.836857,73500
2015-09-18,25.510000,26.110001,25.510000,25.879999,20.804701,154600
2015-09-21,26.010000,26.120001,25.670000,25.850000,20.780586,49600
2015-09-22,25.549999,25.690001,25.320000,25.420000,20.434910,67300
2015-09-23,25.340000,25.670000,25.309999,25.600000,20.579615,58300
2015-09-24,25.490000,26.080000,25.490000,26.020000,20.917244,52600
2015-09-25,26.139999,26.600000,26.010000,26.170000,21.037838,94900
2015-09-28,26.030001,26.340000,25.940001,26.100000,20.981562,126400
2015-09-29,26.080000,26.230000,25.799999,25.840000,20.772547,54500
2015-09-30,25.969999,26.170000,25.740000,26.059999,20.949398,75600
2015-10-01,26.090000,26.200001,25.250000,25.670000,20.635885,73400
2015-10-02,25.540001,25.980000,25.379999,25.969999,20.877054,62600
2015-10-05,26.110001,26.850000,26.070000,26.799999,21.544281,132900
2015-10-06,26.820000,26.820000,26.480000,26.520000,21.319197,45300
2015-10-07,26.559999,27.299999,26.240000,27.200001,21.865841,96700
2015-10-08,27.120001,27.620001,26.950001,27.530001,22.131123,95200
2015-10-09,27.530001,27.620001,27.270000,27.500000,22.107006,56500
2015-10-12,27.580000,27.740000,27.430000,27.520000,22.123087,57200
2015-10-13,27.370001,27.719999,27.340000,27.400000,22.026619,55100
2015-10-14,27.480000,27.740000,27.250000,27.299999,21.946226,42500
2015-10-15,27.290001,28.020000,27.290001,28.020000,22.525028,61000
2015-10-16,28.139999,28.139999,27.650000,27.980000,22.492878,61400
2015-10-19,27.930000,28.100000,27.629999,27.809999,22.356216,37900
2015-10-20,27.730000,28.360001,27.730000,28.250000,22.709923,118000
2015-10-21,28.490000,28.490000,28.090000,28.129999,22.613459,87100
2015-10-22,28.350000,28.760000,28.209999,28.549999,22.951094,96000
2015-10-23,28.629999,28.629999,27.920000,28.330000,22.774235,62100
2015-10-26,28.350000,28.350000,28.000000,28.120001,22.605421,40800
2015-10-27,28.000000,28.170000,27.629999,27.639999,22.219555,66400
2015-10-28,27.639999,28.360001,27.299999,27.940001,22.460718,114400
2015-10-29,27.830000,27.889999,27.250000,27.780001,22.332096,90800
2015-10-30,27.719999,27.740000,27.360001,27.440001,22.058773,90200
2015-11-02,27.420000,27.740000,27.030001,27.670000,22.243668,86300
2015-11-03,27.100000,27.360001,26.000000,26.420000,21.238804,208500
2015-11-04,26.450001,27.070000,26.320000,26.730000,21.488010,103900
2015-11-05,26.860001,26.910000,26.639999,26.750000,21.504089,56100
2015-11-06,26.580000,26.580000,26.110001,26.530001,21.327234,79400
2015-11-09,26.340000,26.610001,26.110001,26.340000,21.174494,81800
2015-11-10,26.000000,26.530001,26.000000,26.510000,21.563303,71800
2015-11-11,26.450001,26.660000,26.170000,26.299999,21.392488,51300
2015-11-12,26.209999,26.379999,26.049999,26.139999,21.262337,86100
2015-11-13,26.010000,26.389999,25.910000,26.010000,21.156595,66300
2015-11-16,25.940001,26.360001,25.930000,26.260000,21.359949,68100
2015-11-17,26.160000,26.580000,25.809999,25.850000,21.026457,91300
2015-11-18,25.889999,26.160000,25.549999,26.100000,21.229805,88800
2015-11-19,26.049999,26.230000,26.010000,26.150000,21.270473,67000
2015-11-20,26.160000,26.590000,26.160000,26.549999,21.595835,77800
2015-11-23,26.700001,26.780001,26.350000,26.469999,21.530760,52900
2015-11-24,26.320000,26.580000,26.040001,26.520000,21.571436,55400
2015-11-25,26.510000,26.549999,26.240000,26.459999,21.522631,45700
2015-11-27,26.440001,26.730000,26.440001,26.570000,21.612103,21700
2015-11-30,26.620001,26.920000,26.559999,26.629999,21.660908,76400
2015-12-01,26.690001,26.900000,26.610001,26.870001,21.856127,34400
2015-12-02,26.879999,26.879999,26.350000,26.420000,21.490095,56500
2015-12-03,26.450001,26.450001,25.510000,25.660000,20.871908,91300
2015-12-04,25.790001,26.260000,25.670000,26.209999,21.319277,74100
2015-12-07,26.090000,26.459999,25.980000,26.400000,21.473831,94900
2015-12-08,26.139999,26.620001,25.910000,26.559999,21.603971,60600
2015-12-09,26.600000,26.790001,26.299999,26.490000,21.547029,68700
2015-12-10,26.530001,26.600000,25.639999,25.830000,21.010189,129300
2015-12-11,25.480000,26.250000,25.330000,25.480000,20.725496,101100
2015-12-14,25.490000,25.590000,25.200001,25.520000,20.758028,88200
2015-12-15,25.740000,26.139999,25.580000,26.000000,21.148462,76100
2015-12-16,26.070000,26.730000,26.000000,26.570000,21.612103,89900
2015-12-17,26.650000,26.790001,26.350000,26.650000,21.677174,69500
2015-12-18,26.500000,26.690001,26.180000,26.540001,21.587706,235200
2015-12-21,26.500000,26.740000,26.379999,26.650000,21.677174,53000
2015-12-22,26.520000,26.840000,26.150000,26.820000,21.815454,51000
2015-12-23,26.850000,27.280001,26.820000,27.030001,21.986269,159300
2015-12-24,27.090000,27.190001,26.889999,26.950001,21.921194,38300
2015-12-28,26.889999,27.280001,26.299999,27.180000,22.108276,76400
2015-12-29,27.260000,27.500000,27.260000,27.379999,22.270958,40000
2015-12-30,27.280001,27.450001,27.040001,27.129999,22.067608,64700
2015-12-31,26.990000,27.549999,26.520000,26.629999,21.660908,110900
2016-01-04,26.400000,26.590000,26.110001,26.430000,21.498226,122800
2016-01-05,26.549999,26.730000,26.160000,26.680000,21.701574,49600
2016-01-06,26.350000,26.680000,26.250000,26.670000,21.693439,81100
2016-01-07,26.320000,26.670000,26.320000,26.420000,21.490095,71400
2016-01-08,26.459999,26.520000,26.170000,26.230000,21.335545,79800
2016-01-11,26.430000,26.860001,26.430000,26.799999,21.799187,93600
2016-01-12,26.719999,26.860001,26.299999,26.790001,21.791050,177800
2016-01-13,26.840000,26.920000,26.299999,26.389999,21.465691,99600
2016-01-14,26.450001,27.170000,26.430000,26.980000,21.945595,99600
2016-01-15,26.389999,26.820000,25.799999,26.129999,21.254206,156700
2016-01-19,26.120001,27.209999,26.120001,27.000000,21.961863,143200
2016-01-20,26.830000,27.370001,26.100000,26.900000,21.880522,155200
2016-01-21,27.100000,27.100000,25.860001,26.129999,21.254206,183000
2016-01-22,26.219999,26.600000,26.120001,26.540001,21.587706,160400
2016-01-25,26.520000,26.530001,26.020000,26.100000,21.229805,89300
2016-01-26,26.309999,26.719999,26.309999,26.430000,21.498226,75100
2016-01-27,26.110001,26.750000,26.110001,26.340000,21.425016,125500
2016-01-28,26.580000,27.030001,26.420000,26.900000,21.880522,190500
2016-01-29,27.080000,27.860001,26.809999,27.840000,22.645124,178100
2016-02-01,27.799999,28.510000,27.760000,28.290001,23.011160,113400
2016-02-02,28.100000,28.629999,27.860001,28.600000,23.263311,89700
2016-02-03,28.670000,29.280001,28.480000,29.129999,23.694416,135800
2016-02-04,29.190001,29.389999,28.440001,28.490000,23.173834,104100
2016-02-05,28.559999,28.799999,28.000000,28.389999,23.092493,140100
2016-02-08,28.360001,28.940001,28.250000,28.870001,23.482931,115700
2016-02-09,27.559999,28.990000,27.030001,27.889999,22.685795,178600
2016-02-10,27.590000,27.760000,26.549999,26.650000,21.923210,146200
2016-02-11,26.090000,26.780001,26.090000,26.430000,21.742233,163600
2016-02-12,26.520000,26.790001,26.250000,26.620001,21.898529,107000
2016-02-16,26.930000,27.139999,26.629999,26.830000,22.071283,86700
2016-02-17,27.080000,27.080000,26.719999,26.840000,22.079515,132400
2016-02-18,26.820000,27.459999,26.660000,27.340000,22.490829,91700
2016-02-19,27.379999,27.600000,26.920000,26.980000,22.194675,89900
2016-02-22,27.240000,27.469999,26.950001,27.000000,22.211134,85500
2016-02-23,27.020000,27.309999,26.790001,27.040001,22.244038,92500
2016-02-24,26.940001,27.370001,26.920000,27.309999,22.466148,67900
2016-02-25,27.320000,27.559999,27.090000,27.379999,22.523737,50400
2016-02-26,27.469999,27.469999,26.730000,26.879999,22.112419,98300
2016-02-29,26.780001,27.500000,26.780001,27.360001,22.507286,200400
2016-03-01,27.500000,27.650000,26.680000,27.139999,22.326303,107700
2016-03-02,27.170000,27.170000,26.559999,27.040001,22.244038,153900
2016-03-03,27.059999,27.160000,26.500000,27.100000,22.293396,131700
2016-03-04,26.969999,27.400000,26.770000,27.160000,22.342754,197700
2016-03-07,27.240000,27.870001,27.230000,27.799999,22.869240,157900
2016-03-08,27.790001,27.930000,27.500000,27.820000,22.885696,122100
2016-03-09,28.000000,28.139999,27.540001,28.120001,23.132488,112000
2016-03-10,28.290001,28.340000,27.540001,27.940001,22.984409,121700
2016-03-11,28.150000,28.330000,27.750000,27.959999,23.000866,107500
2016-03-14,27.809999,28.049999,27.150000,27.610001,22.712940,79200
2016-03-15,27.620001,27.940001,27.580000,27.600000,22.704712,64200
2016-03-16,27.330000,27.950001,27.290001,27.840000,22.902149,90400
2016-03-17,27.920000,28.540001,27.900000,28.420000,23.379278,114900
2016-03-18,28.600000,28.730000,28.299999,28.660000,23.576708,242400
2016-03-21,28.670000,28.670000,28.170000,28.320000,23.297009,88600
2016-03-22,28.330000,28.570000,28.150000,28.240000,23.231201,68200
2016-03-23,28.209999,28.480000,28.090000,28.160000,23.165390,99500
2016-03-24,28.190001,28.540001,28.180000,28.530001,23.469763,77500
2016-03-28,28.660000,28.820000,28.190001,28.450001,23.403954,68000
2016-03-29,28.540001,29.330000,28.389999,29.309999,24.111423,164400
2016-03-30,29.370001,29.610001,29.230000,29.330000,24.127874,123400
2016-03-31,29.520000,29.730000,29.250000,29.620001,24.366436,222600
2016-04-01,29.620001,29.620001,29.129999,29.440001,24.218365,97900
2016-04-04,29.500000,29.600000,29.020000,29.240000,24.053835,95200
2016-04-05,29.190001,29.190001,28.270000,28.299999,23.280561,119200
2016-04-06,28.320000,28.610001,28.049999,28.270000,23.255880,77500
2016-04-07,28.219999,28.490000,28.020000,28.200001,23.198294,145400
2016-04-08,28.440001,28.629999,28.200001,28.309999,23.288788,65100
2016-04-11,28.450001,28.920000,28.400000,28.480000,23.428633,86200
2016-04-12,28.330000,28.910000,28.290001,28.700001,23.609615,107800
2016-04-13,28.840000,29.040001,28.459999,29.000000,23.856403,116900
2016-04-14,28.889999,29.059999,28.840000,29.010000,23.864630,78000
2016-04-15,28.830000,29.370001,28.830000,29.290001,24.094969,84800
2016-04-18,29.379999,29.600000,29.219999,29.580000,24.333530,84800
2016-04-19,29.600000,29.799999,29.370001,29.450001,24.226589,105300
2016-04-20,29.490000,29.490000,28.660000,28.680000,23.593161,93000
2016-04-21,28.780001,28.790001,28.290001,28.389999,23.354593,95700
2016-04-22,28.540001,28.820000,28.299999,28.639999,23.560255,81500
2016-04-25,28.590000,28.709999,28.400000,28.510000,23.453314,60600
2016-04-26,28.570000,28.910000,28.570000,28.820000,23.708328,76900
2016-04-27,28.910000,29.120001,28.520000,29.010000,23.864630,83800
2016-04-28,28.799999,29.049999,28.780001,28.860001,23.741234,65100
2016-04-29,28.780001,29.110001,28.709999,28.920000,23.790594,75600
2016-05-02,29.090000,29.309999,28.980000,29.219999,24.037380,70000
2016-05-03,30.000000,30.809999,29.469999,30.139999,24.794207,163600
2016-05-04,30.139999,30.950001,29.840000,30.850000,25.378279,126000
2016-05-05,30.940001,31.150000,30.219999,30.219999,24.860020,116800
2016-05-06,30.000000,30.170000,29.730000,30.010000,24.687263,98300
2016-05-09,29.820000,30.410000,29.820000,30.360001,24.975185,104300
2016-05-10,30.280001,30.350000,30.049999,30.330000,24.950514,98200
2016-05-11,30.120001,30.160000,29.760000,29.879999,24.836634,110000
2016-05-12,29.959999,30.200001,29.780001,30.090000,25.011189,79400
2016-05-13,30.090000,30.090000,29.549999,29.730000,24.711948,99000
2016-05-16,29.900000,29.980000,29.620001,29.840000,24.803381,87600
2016-05-17,29.930000,30.139999,28.639999,28.950001,24.063602,134400
2016-05-18,27.780001,29.309999,27.780001,28.730000,23.880733,103500
2016-05-19,28.760000,28.990000,28.440001,28.910000,24.030355,106800
2016-05-20,29.090000,29.219999,28.809999,29.040001,24.138412,88100
2016-05-23,29.150000,29.150000,28.719999,28.740000,23.889044,47100
2016-05-24,29.020000,29.379999,28.959999,29.330000,24.379467,94100
2016-05-25,29.299999,29.500000,28.940001,29.200001,24.271410,45700
2016-05-26,29.309999,29.559999,29.309999,29.410000,24.445963,42500
2016-05-27,29.500000,29.700001,27.770000,29.590000,24.595583,94700
2016-05-31,29.530001,29.940001,29.410000,29.580000,24.587271,121700
2016-06-01,29.719999,29.910000,29.440001,29.850000,24.811695,74000
2016-06-02,29.910000,29.910000,29.469999,29.910000,24.861563,67000
2016-06-03,30.020000,30.379999,30.020000,30.280001,25.169117,104500
2016-06-06,30.330000,30.709999,30.219999,30.500000,25.351986,93700
2016-06-07,30.650000,30.850000,30.490000,30.590000,25.426792,83400
2016-06-08,30.370001,31.000000,30.299999,30.870001,25.659533,103200
2016-06-09,30.670000,31.250000,30.670000,31.190001,25.925518,114400
2016-06-10,31.139999,31.459999,31.030001,31.360001,26.066832,121100
2016-06-13,31.500000,31.570000,31.150000,31.340000,26.050203,102100
2016-06-14,31.400000,31.709999,31.230000,31.530001,26.208130,81700
2016-06-15,31.590000,31.639999,31.020000,31.230000,25.958773,80300
2016-06-16,31.230000,31.680000,31.230000,31.590000,26.258009,116400
2016-06-17,31.530001,31.799999,31.110001,31.709999,26.357748,311500
2016-06-20,31.809999,31.879999,31.510000,31.760000,26.399311,107100
2016-06-21,31.969999,33.090000,31.690001,32.700001,27.180655,399300
2016-06-22,32.689999,33.090000,32.470001,32.840000,27.297020,843800
2016-06-23,32.790001,32.790001,32.130001,32.520000,27.031031,167400
2016-06-24,31.740000,32.560001,31.490000,32.270000,26.823236,312500
2016-06-27,32.150002,32.590000,31.990000,32.459999,26.981157,144800
2016-06-28,32.439999,32.720001,32.009998,32.430000,26.956226,174300
2016-06-29,32.639999,32.869999,32.259998,32.470001,26.989475,154400
2016-06-30,32.650002,33.500000,32.389999,33.490002,27.837311,160000
2016-07-01,33.660000,33.680000,33.180000,33.680000,27.995245,103800
2016-07-05,33.680000,33.840000,33.450001,33.810001,28.103300,91000
2016-07-06,33.779999,33.980000,33.529999,33.790001,28.086674,102400
2016-07-07,33.700001,33.779999,33.160000,33.209999,27.604567,98500
2016-07-08,33.160000,33.700001,32.889999,33.669998,27.986925,156000
2016-07-11,33.680000,33.939999,33.320000,33.889999,28.169792,126700
2016-07-12,33.770000,33.930000,33.480000,33.669998,27.986925,128000
2016-07-13,33.849998,33.990002,33.700001,33.900002,28.178108,150000
2016-07-14,33.840000,33.910000,33.619999,33.830002,28.119928,131300
2016-07-15,33.770000,33.970001,33.689999,33.900002,28.178108,84900
2016-07-18,33.880001,34.200001,33.790001,33.959999,28.227972,74800
2016-07-19,33.959999,34.209999,33.790001,34.200001,28.427479,96800
2016-07-20,34.330002,34.330002,34.099998,34.240002,28.460716,78600
2016-07-21,34.220001,34.500000,34.060001,34.450001,28.635279,82200
2016-07-22,34.410000,35.369999,34.279999,35.209999,29.266994,149000
2016-07-25,35.209999,35.209999,34.759998,34.889999,29.001011,81200
2016-07-26,34.910000,35.060001,34.590000,34.720001,28.859699,80000
2016-07-27,34.610001,34.730000,34.279999,34.599998,28.759960,205700
2016-07-28,34.509998,34.830002,34.330002,34.680000,28.826454,59100
2016-07-29,34.650002,34.980000,34.490002,34.849998,28.967758,94200
2016-08-01,34.680000,35.240002,34.650002,34.910000,29.017633,73800
2016-08-02,34.770000,34.970001,34.650002,34.660000,28.809828,87500
2016-08-03,34.650002,34.700001,34.000000,34.500000,28.676836,59300
2016-08-04,34.459999,34.849998,34.230000,34.580002,28.743334,65500
2016-08-05,34.520000,34.770000,34.009998,34.599998,28.759960,93500
2016-08-08,34.500000,34.910000,34.389999,34.560001,28.726711,66200
2016-08-09,34.490002,35.419998,34.450001,34.830002,28.951139,98900
2016-08-10,34.889999,34.970001,34.560001,34.720001,28.859699,71000
2016-08-11,34.500000,34.590000,34.189999,34.590000,29.013191,80700
2016-08-12,34.650002,34.799999,34.480000,34.779999,29.172560,91500
2016-08-15,34.669998,34.779999,34.080002,34.139999,28.635752,75600
2016-08-16,34.070000,34.209999,33.439999,33.590000,28.174417,98700
2016-08-17,33.560001,33.930000,32.990002,33.770000,28.325399,108900
2016-08-18,33.849998,34.570000,33.389999,34.570000,28.996418,117700
2016-08-19,34.450001,34.570000,33.799999,33.980000,28.501543,100200
2016-08-22,34.040001,34.450001,33.750000,34.410000,28.862211,78300
2016-08-23,34.470001,34.700001,34.240002,34.279999,28.753174,67100
2016-08-24,34.330002,34.389999,33.919998,34.360001,28.820284,113800
2016-08-25,34.250000,34.790001,34.029999,34.779999,29.172560,97600
2016-08-26,34.779999,35.049999,34.040001,34.110001,28.610586,88400
2016-08-29,34.099998,34.490002,34.040001,34.330002,28.795116,54900
2016-08-30,34.279999,34.360001,33.919998,34.070000,28.577034,80400
2016-08-31,33.959999,34.320000,33.820000,34.240002,28.719624,109700
2016-09-01,34.340000,34.360001,33.910000,34.320000,28.786722,73100
2016-09-02,34.349998,34.889999,34.310001,34.889999,29.264828,72500
2016-09-06,34.930000,35.389999,34.580002,35.310001,29.617115,84100
2016-09-07,35.450001,35.770000,35.060001,35.689999,29.935846,147500
2016-09-08,35.450001,35.880001,35.410000,35.740002,29.977785,92400
2016-09-09,35.470001,35.470001,34.299999,34.330002,28.795116,88100
2016-09-12,34.439999,35.029999,34.000000,35.020000,29.373867,118000
2016-09-13,34.990002,35.040001,34.160000,34.320000,28.786722,108600
2016-09-14,34.560001,34.720001,34.029999,34.169998,28.660913,68000
2016-09-15,34.029999,34.400002,34.000000,34.330002,28.795116,61600
2016-09-16,34.349998,35.000000,34.020000,34.889999,29.264828,242800
2016-09-19,34.970001,35.330002,34.549999,35.320000,29.625498,125500
2016-09-20,35.490002,35.700001,35.110001,35.240002,29.558401,65500
2016-09-21,35.150002,35.900002,35.000000,35.900002,30.111996,104500
2016-09-22,36.000000,36.419998,35.500000,36.360001,30.497828,113700
2016-09-23,36.200001,36.279999,35.860001,36.130001,30.304911,67200
2016-09-26,36.000000,36.279999,35.529999,35.860001,30.078436,88600
2016-09-27,35.840000,36.080002,35.240002,35.459999,29.742931,84800
2016-09-28,35.340000,35.590000,34.889999,35.290001,29.600340,106800
2016-09-29,35.520000,35.520000,34.799999,34.900002,29.273218,73600
2016-09-30,35.099998,35.470001,34.340000,34.590000,29.013191,123700
2016-10-03,34.500000,34.500000,34.060001,34.259998,28.736404,74200
2016-10-04,34.259998,34.330002,33.360001,33.459999,28.065380,70400
2016-10-05,33.520000,33.730000,33.330002,33.430000,28.040213,88900
2016-10-06,33.330002,33.770000,33.080002,33.570000,28.157644,107200
2016-10-07,33.720001,33.970001,33.270000,33.299999,27.931179,60900
2016-10-10,33.299999,33.830002,33.299999,33.770000,28.325399,44800
2016-10-11,33.590000,33.650002,33.139999,33.349998,27.973112,72500
2016-10-12,33.240002,33.900002,33.240002,33.820000,28.367332,90600
2016-10-13,33.660000,34.389999,33.590000,33.779999,28.333786,87400
2016-10-14,33.720001,34.220001,33.419998,33.490002,28.090542,109400
2016-10-17,33.650002,34.049999,33.650002,33.900002,28.434443,51100
2016-10-18,34.049999,34.500000,33.599998,34.200001,28.686073,57200
2016-10-19,34.299999,35.150002,34.299999,34.950001,29.315161,133900
2016-10-20,34.799999,35.049999,34.700001,34.700001,29.105461,75200
2016-10-21,34.549999,35.049999,34.549999,35.000000,29.357090,69000
2016-10-24,35.049999,35.400002,34.950001,35.349998,29.650667,47500
2016-10-25,35.250000,35.450001,35.049999,35.200001,29.524847,59900
2016-10-26,35.150002,35.349998,34.950001,35.000000,29.357090,73500
2016-10-27,35.000000,35.349998,34.950001,35.200001,29.524847,41900
2016-10-28,35.099998,35.450001,34.900002,35.250000,29.566792,46200
2016-10-31,35.250000,36.500000,35.250000,35.950001,30.153933,110900
2016-11-01,35.799999,36.049999,35.150002,35.200001,29.524847,69100
2016-11-02,35.099998,35.209999,34.250000,34.700001,29.105461,82700
2016-11-03,33.700001,34.900002,33.500000,34.599998,29.021587,80900
2016-11-04,34.400002,35.150002,34.049999,34.049999,28.560261,84200
2016-11-07,34.200001,35.599998,34.200001,35.450001,29.734533,90500
2016-11-08,35.549999,35.950001,35.450001,35.650002,29.902300,55400
2016-11-09,34.599998,36.000000,33.849998,36.000000,30.195873,125800
2016-11-10,35.200001,35.799999,33.450001,35.099998,29.699184,166800
2016-11-11,35.099998,36.950001,34.799999,36.750000,31.095308,197000
2016-11-14,36.750000,36.900002,34.049999,36.400002,30.799171,136700
2016-11-15,36.400002,36.910000,36.250000,36.799999,31.137611,92100
2016-11-16,36.650002,37.200001,36.450001,37.200001,31.476068,104500
2016-11-17,37.099998,37.750000,36.900002,36.950001,31.264530,106900
2016-11-18,37.150002,37.450001,36.750000,37.200001,31.476068,101900
2016-11-21,37.299999,37.599998,37.099998,37.549999,31.772207,76700
2016-11-22,37.700001,38.599998,37.450001,38.500000,32.576035,86400
2016-11-23,38.150002,38.500000,38.000000,38.150002,32.279888,117300
2016-11-25,38.299999,38.950001,38.299999,38.950001,32.956795,30100
2016-11-28,38.849998,39.750000,38.849998,39.450001,33.379852,81500
2016-11-29,39.450001,39.750000,38.849998,39.099998,33.083710,80100
2016-11-30,38.849998,39.049999,37.990002,38.349998,32.449116,57100
2016-12-01,38.250000,38.849998,37.750000,38.099998,32.237587,83900
2016-12-02,38.349998,38.750000,38.049999,38.450001,32.533730,54100
2016-12-05,38.250000,38.849998,37.950001,38.799999,32.829880,87000
2016-12-06,38.700001,39.150002,38.599998,38.900002,32.914486,77400
2016-12-07,39.200001,39.500000,38.849998,39.250000,33.210632,107500
2016-12-08,38.950001,40.900002,38.490002,40.849998,34.564445,132700
2016-12-09,40.849998,41.750000,40.549999,41.700001,35.283653,119700
2016-12-12,41.700001,42.549999,38.950001,39.400002,33.337551,366700
2016-12-13,39.549999,41.799999,39.400002,41.400002,35.029819,161100
2016-12-14,41.549999,41.900002,40.450001,40.599998,34.352905,81200
2016-12-15,40.250000,41.599998,40.250000,41.549999,35.156731,116100
2016-12-16,41.700001,42.189999,41.250000,41.299999,34.945206,405800
2016-12-19,41.549999,41.700001,40.880001,41.299999,34.945206,120400
2016-12-20,41.150002,41.599998,41.150002,41.549999,35.156731,98900
2016-12-21,41.450001,41.750000,40.650002,40.650002,34.395222,79100
2016-12-22,40.750000,41.150002,40.400002,40.849998,34.564445,98900
2016-12-23,40.799999,41.000000,40.630001,40.950001,34.649059,34600
2016-12-27,40.750000,41.250000,40.650002,41.150002,34.818283,39800
2016-12-28,40.900002,41.099998,40.349998,40.750000,34.479836,122800
2016-12-29,40.849998,41.150002,40.599998,41.049999,34.733665,148100
2016-12-30,41.250000,41.250000,40.650002,40.799999,34.522144,73700
2017-01-03,40.500000,40.590000,39.400002,39.700001,33.591400,196400
2017-01-04,39.650002,40.799999,39.500000,40.650002,34.395222,117600
2017-01-05,40.700001,40.750000,40.099998,40.099998,33.929832,74200
2017-01-06,39.950001,40.299999,39.750000,39.849998,33.718311,86600
2017-01-09,39.799999,39.830002,38.750000,38.750000,32.787560,98700
2017-01-10,38.799999,38.849998,38.250000,38.750000,32.787560,196400
2017-01-11,38.700001,39.000000,38.509998,38.599998,32.660652,149500
2017-01-12,38.500000,38.650002,37.790001,37.950001,32.110672,132500
2017-01-13,38.000000,38.450001,37.700001,38.400002,32.491421,171300
2017-01-17,38.299999,38.750000,38.049999,38.250000,32.364506,79500
2017-01-18,38.250000,38.599998,38.000000,38.349998,32.449116,81300
2017-01-19,38.299999,38.299999,37.549999,37.650002,31.856821,58000
2017-01-20,37.599998,38.200001,37.349998,37.650002,31.856821,88300
2017-01-23,37.450001,37.849998,37.150002,37.400002,31.645290,85400
2017-01-24,37.400002,38.500000,37.049999,38.349998,32.449116,100300
2017-01-25,38.500000,39.450001,37.950001,38.500000,32.576035,180400
2017-01-26,38.599998,38.650002,38.049999,38.349998,32.449116,90300
2017-01-27,38.200001,38.599998,37.900002,38.150002,32.279888,68600
2017-01-30,38.099998,38.099998,37.349998,37.400002,31.645290,82100
2017-01-31,37.200001,37.900002,37.200001,37.849998,32.026051,117000
2017-02-01,37.950001,38.049999,37.400002,37.450001,31.687601,59400
2017-02-02,37.400002,37.950001,37.349998,37.900002,32.068359,104700
2017-02-03,38.049999,39.049999,37.950001,38.900002,32.914486,102600
2017-02-06,38.750000,38.849998,37.849998,37.900002,32.068359,88500
2017-02-07,38.000000,39.250000,37.900002,38.150002,32.279888,124700
2017-02-08,38.049999,39.250000,38.000000,38.099998,32.237587,84500
2017-02-09,38.049999,38.599998,37.799999,38.049999,32.195274,111900
2017-02-10,38.049999,38.799999,37.970001,38.650002,32.702957,62200
2017-02-13,38.549999,38.700001,38.099998,38.250000,32.634705,82100
2017-02-14,38.049999,38.250000,37.660000,38.150002,32.549377,97200
2017-02-15,37.799999,38.000000,37.400002,37.900002,32.336082,61300
2017-02-16,37.750000,38.150002,37.650002,38.049999,32.464058,55100
2017-02-17,38.099998,38.099998,37.549999,37.750000,32.208111,80700
2017-02-21,37.750000,38.150002,37.549999,38.150002,32.549377,95000
2017-02-22,38.150002,38.150002,37.650002,37.849998,32.293423,55300
2017-02-23,37.849998,38.200001,37.450001,37.950001,32.378750,173400
2017-02-24,37.750000,38.450001,37.750000,38.250000,32.634705,85500
2017-02-27,38.150002,38.400002,37.950001,38.250000,32.634705,80800
2017-02-28,38.049999,38.150002,37.400002,37.599998,32.080124,137200
2017-03-01,37.650002,38.450001,37.650002,38.250000,32.634705,81700
2017-03-02,38.000000,38.700001,37.849998,38.500000,32.847996,123200
2017-03-03,38.500000,38.549999,37.599998,37.950001,32.378750,87300
2017-03-06,37.799999,38.099998,37.650002,37.700001,32.165436,47400
2017-03-07,37.750000,38.529999,37.650002,37.700001,32.165436,59900
2017-03-08,37.700001,37.700001,36.549999,36.580002,31.209862,83700
2017-03-09,36.599998,36.849998,36.150002,36.200001,30.885662,53200
2017-03-10,36.400002,36.750000,36.099998,36.599998,31.226929,81400
2017-03-13,36.299999,36.750000,36.299999,36.400002,31.056299,88700
2017-03-14,36.150002,36.349998,35.900002,36.000000,30.715014,61200
2017-03-15,36.049999,37.000000,36.049999,36.849998,31.440226,83700
2017-03-16,36.849998,36.849998,36.150002,36.400002,31.056299,72000
2017-03-17,36.099998,36.950001,36.000000,36.549999,31.184267,239600
2017-03-20,36.549999,36.799999,35.980000,36.150002,30.842985,90200
2017-03-21,36.299999,36.549999,35.950001,36.000000,30.715014,85900
2017-03-22,35.950001,36.400002,35.650002,36.000000,30.715014,79900
2017-03-23,35.900002,36.799999,35.900002,36.349998,31.013639,65100
2017-03-24,37.099998,38.450001,37.000000,37.650002,32.122776,265000
2017-03-27,37.450001,38.549999,37.450001,38.250000,32.634705,143500
2017-03-28,38.150002,38.700001,37.849998,38.200001,32.592041,182900
2017-03-29,38.099998,38.450001,37.889999,38.099998,32.506721,203200
2017-03-30,38.049999,38.299999,37.799999,38.150002,32.549377,112200
2017-03-31,38.049999,38.599998,37.849998,37.900002,32.336082,183900
2017-04-03,37.900002,38.349998,37.549999,38.250000,32.634705,206900
2017-04-04,38.099998,38.450001,37.779999,37.950001,32.378750,121500
2017-04-05,38.150002,38.349998,37.650002,37.799999,32.250759,103200
2017-04-06,37.849998,38.049999,37.599998,37.900002,32.336082,89400
2017-04-07,37.799999,38.349998,37.799999,37.900002,32.336082,126200
2017-04-10,37.849998,38.000000,37.500000,37.950001,32.378750,80400
2017-04-11,37.849998,38.400002,37.849998,38.349998,32.720020,82600
2017-04-12,37.750000,38.500000,37.750000,38.250000,32.634705,74700
2017-04-13,38.099998,38.250000,37.799999,37.849998,32.293423,80900
2017-04-17,37.900002,38.450001,37.610001,38.400002,32.762672,70400
2017-04-18,38.200001,38.730000,38.099998,38.700001,33.018639,120000
2017-04-19,38.799999,39.000000,38.299999,38.450001,32.805340,97400
2017-04-20,38.500000,39.000000,38.369999,38.849998,33.146614,115200
2017-04-21,38.900002,39.349998,38.599998,39.150002,33.402576,128600
2017-04-24,39.599998,39.799999,39.000000,39.549999,33.743851,95500
2017-04-25,39.700001,40.000000,39.049999,39.650002,33.829178,149700
2017-04-26,39.650002,40.500000,39.500000,40.150002,34.255768,155100
2017-04-27,40.200001,40.700001,40.000000,40.000000,34.127785,78100
2017-04-28,40.000000,40.000000,39.400002,39.500000,33.701191,119700
2017-05-01,39.650002,39.650002,39.049999,39.299999,33.530556,115400
2017-05-02,39.299999,40.400002,39.299999,39.500000,33.701191,132000
2017-05-03,39.200001,39.250000,38.330002,38.599998,32.933319,131200
2017-05-04,38.549999,38.599998,37.900002,38.299999,32.677361,91200
2017-05-05,38.299999,38.750000,38.049999,38.349998,32.720020,137600
2017-05-08,38.349998,38.549999,37.700001,38.150002,32.549377,90000
2017-05-09,38.049999,38.230000,37.450001,37.500000,31.994802,105900
2017-05-10,37.500000,37.779999,37.400002,37.549999,32.037460,80400
2017-05-11,37.150002,37.349998,36.900002,37.250000,32.054676,75900
2017-05-12,37.099998,37.500000,37.099998,37.299999,32.097691,86000
2017-05-15,37.250000,37.599998,37.200001,37.500000,32.269802,100300
2017-05-16,37.450001,37.549999,37.130001,37.150002,31.968622,53800
2017-05-17,36.900002,37.299999,36.750000,36.950001,31.796515,131400
2017-05-18,36.799999,37.299999,36.450001,37.049999,31.882565,100000
2017-05-19,36.950001,37.549999,36.950001,37.549999,32.312828,143700
2017-05-22,37.450001,38.000000,37.299999,38.000000,32.700066,91500
2017-05-23,38.200001,39.000000,38.200001,38.900002,33.474541,155900
2017-05-24,38.950001,39.500000,38.950001,39.500000,33.990860,179200
2017-05-25,39.599998,40.049999,39.450001,39.849998,34.292046,146300
2017-05-26,39.900002,39.900002,39.599998,39.700001,34.162975,57400
2017-05-30,39.599998,39.849998,39.349998,39.700001,34.162975,57300
2017-05-31,39.750000,40.189999,39.500000,39.950001,34.378094,87100
2017-06-01,40.000000,40.250000,39.450001,40.200001,34.593231,87800
2017-06-02,40.299999,41.000000,40.279999,40.799999,35.109558,114400
2017-06-05,40.549999,40.799999,40.400002,40.400002,34.765343,92300
2017-06-06,40.250000,40.500000,39.860001,40.200001,34.593231,117200
2017-06-07,40.500000,40.799999,40.200001,40.750000,35.066528,81700
2017-06-08,40.650002,40.950001,39.900002,40.799999,35.109558,92300
2017-06-09,40.849998,41.750000,40.419998,41.599998,35.797966,113300
2017-06-12,41.549999,41.950001,40.950001,41.500000,35.711914,122700
2017-06-13,41.549999,41.650002,40.950001,41.549999,35.754944,77500
2017-06-14,41.500000,41.700001,40.950001,41.349998,35.582836,73000
2017-06-15,40.900002,41.500000,40.900002,41.450001,35.668896,52900
2017-06-16,41.049999,41.750000,41.049999,41.450001,35.668896,284700
2017-06-19,41.650002,41.650002,41.150002,41.250000,35.496777,53700
2017-06-20,41.250000,41.250000,40.750000,40.900002,35.195606,82600
2017-06-21,40.950001,41.049999,40.500000,40.650002,34.980476,84600
2017-06-22,40.650002,41.450001,40.650002,41.299999,35.539814,83300
2017-06-23,41.299999,41.599998,40.900002,40.900002,35.195606,202600
2017-06-26,41.049999,41.250000,40.750000,40.950001,35.238632,95700
2017-06-27,40.799999,40.849998,40.099998,40.250000,34.636253,107700
2017-06-28,40.500000,40.950001,40.200001,40.349998,34.722313,136200
2017-06-29,40.349998,40.349998,39.599998,39.950001,34.378094,109700
2017-06-30,39.900002,40.150002,39.549999,39.599998,34.076912,86900
2017-07-03,39.700001,39.950001,39.500000,39.750000,34.205990,46600
2017-07-05,39.799999,40.349998,38.849998,39.549999,34.033886,108400
2017-07-06,39.349998,39.450001,39.000000,39.150002,33.689678,79100
2017-07-07,39.250000,39.700001,39.099998,39.450001,33.947830,68400
2017-07-10,39.450001,39.750000,39.099998,39.099998,33.646648,72300
2017-07-11,39.049999,39.400002,38.750000,39.200001,33.732704,83600
2017-07-12,39.400002,40.150002,39.250000,39.700001,34.162975,70200
2017-07-13,39.650002,39.650002,39.000000,39.250000,33.775730,48300
2017-07-14,39.250000,39.700001,38.950001,39.450001,33.947830,143400
2017-07-17,39.450001,39.650002,39.049999,39.500000,33.990860,117600
2017-07-18,39.299999,39.650002,39.099998,39.450001,33.947830,60500
2017-07-19,39.599998,39.900002,39.400002,39.750000,34.205990,40200
2017-07-20,39.849998,40.500000,39.250000,40.299999,34.679279,61200
2017-07-21,40.599998,40.750000,40.200001,40.650002,34.980476,87200
2017-07-24,40.599998,40.650002,39.799999,39.950001,34.378094,71300
2017-07-25,40.000000,40.299999,39.950001,40.130001,34.532993,73400
2017-07-26,39.950001,40.349998,39.849998,40.049999,34.464149,147900
2017-07-27,40.099998,40.500000,40.099998,40.250000,34.636253,70000
2017-07-28,40.200001,40.349998,39.799999,40.299999,34.679279,66200
2017-07-31,40.349998,40.599998,39.919998,40.450001,34.808361,55700
2017-08-01,40.500000,40.599998,40.299999,40.400002,34.765343,131600
2017-08-02,40.450001,40.480000,40.049999,40.250000,34.636253,60500
2017-08-03,40.200001,40.650002,39.950001,40.650002,34.980476,67800
2017-08-04,40.599998,40.900002,40.299999,40.450001,34.808361,58900
2017-08-07,40.500000,40.799999,40.299999,40.500000,34.851387,54000
2017-08-08,41.000000,42.250000,40.770000,41.950001,36.099155,105600
2017-08-09,41.700001,41.849998,40.799999,40.950001,35.238632,70200
2017-08-10,40.950001,41.849998,40.950001,41.599998,35.797966,91200
2017-08-11,41.400002,41.400002,40.849998,41.200001,35.728600,72400
2017-08-14,41.200001,42.099998,41.200001,42.099998,36.509075,86200
2017-08-15,42.099998,42.200001,41.849998,41.900002,36.335644,34900
2017-08-16,41.750000,42.150002,41.529999,42.000000,36.422356,59000
2017-08-17,41.799999,42.200001,41.349998,41.450001,35.945404,62200
2017-08-18,41.200001,41.650002,41.180000,41.450001,35.945404,73900
2017-08-21,41.400002,42.250000,41.349998,42.000000,36.422356,64500
2017-08-22,42.049999,42.349998,41.790001,42.299999,36.682510,66400
2017-08-23,42.200001,42.200001,41.700001,41.950001,36.378994,90300
2017-08-24,41.950001,42.099998,41.599998,41.700001,36.162193,90900
2017-08-25,41.650002,42.099998,41.650002,41.900002,36.335644,56700
2017-08-28,41.849998,42.200001,41.650002,41.849998,36.292271,52400
2017-08-29,41.900002,42.099998,41.650002,41.799999,36.248913,64200
2017-08-30,41.849998,41.900002,41.250000,41.299999,35.815315,56400
2017-08-31,41.500000,42.200001,41.389999,41.799999,36.248913,71300
2017-09-01,41.900002,42.099998,41.700001,42.049999,36.465706,52300
2017-09-05,41.900002,42.250000,41.810001,41.849998,36.292271,55700
2017-09-06,41.900002,42.299999,41.849998,42.049999,36.465706,58200
2017-09-07,42.200001,42.950001,41.869999,42.650002,36.986042,100900
2017-09-08,42.549999,42.950001,42.099998,42.799999,37.116116,65000
2017-09-11,42.849998,43.250000,42.730000,43.200001,37.462990,92700
2017-09-12,43.299999,43.299999,41.880001,42.099998,36.509075,60300
2017-09-13,42.200001,42.340000,41.599998,42.150002,36.552441,67800
2017-09-14,42.200001,42.599998,41.849998,42.599998,36.942680,51500
2017-09-15,42.750000,43.049999,42.509998,43.000000,37.289547,213500
2017-09-18,43.099998,43.200001,42.700001,42.900002,37.202831,62300
2017-09-19,42.900002,43.099998,42.599998,43.049999,37.332909,58000
2017-09-20,43.049999,43.349998,42.599998,42.950001,37.246201,122300
2017-09-21,43.000000,43.299999,42.849998,43.000000,37.289547,58600
2017-09-22,42.950001,43.150002,42.650002,42.799999,37.116116,59000
2017-09-25,42.700001,43.250000,42.599998,43.150002,37.419636,57900
2017-09-26,43.250000,43.700001,43.000000,43.349998,37.593071,77300
2017-09-27,43.349998,44.250000,43.000000,44.049999,38.200108,125100
2017-09-28,44.049999,44.500000,43.500000,44.299999,38.416904,67800
2017-09-29,44.250000,44.250000,43.299999,43.349998,37.593071,79500
2017-10-02,43.349998,44.500000,43.349998,44.450001,38.546993,66100
2017-10-03,44.400002,44.450001,44.049999,44.349998,38.460266,65800
2017-10-04,44.400002,44.900002,44.250000,44.750000,38.807152,44400
2017-10-05,44.750000,44.950001,44.330002,44.849998,38.893875,51900
2017-10-06,44.650002,44.849998,44.400002,44.799999,38.850517,43600
2017-10-09,44.799999,44.900002,44.250000,44.400002,38.503628,63900
2017-10-10,44.549999,45.200001,44.549999,45.200001,39.197395,71500
2017-10-11,45.250000,45.500000,44.950001,45.250000,39.240753,64500
2017-10-12,45.349998,45.599998,45.250000,45.450001,39.414188,39700
2017-10-13,45.450001,45.799999,45.049999,45.299999,39.284107,60300
2017-10-16,45.099998,45.700001,44.750000,45.099998,39.110672,85600
2017-10-17,45.099998,45.750000,45.000000,45.250000,39.240753,48600
2017-10-18,45.299999,45.950001,45.150002,45.799999,39.717709,51400
2017-10-19,45.799999,46.150002,45.500000,45.950001,39.847786,49300
2017-10-20,46.200001,46.950001,46.150002,46.349998,40.194668,68900
2017-10-23,46.400002,46.500000,45.880001,46.150002,40.021233,52300
2017-10-24,46.200001,46.549999,45.750000,46.099998,39.977867,88600
2017-10-25,46.049999,46.549999,45.599998,46.000000,39.891151,80000
2017-10-26,46.299999,46.849998,46.099998,46.200001,40.064594,75900
2017-10-27,46.250000,47.000000,46.049999,46.900002,40.671638,87700
2017-10-30,46.650002,46.750000,45.450001,45.750000,39.674355,72100
2017-10-31,45.849998,46.400002,45.799999,45.950001,39.847786,79600
2017-11-01,46.200001,46.279999,45.000000,45.700001,39.630993,69000
2017-11-02,46.150002,47.450001,45.599998,46.700001,40.498192,78700
2017-11-03,46.750000,47.049999,45.930000,46.099998,39.977867,91900
2017-11-06,46.150002,46.500000,45.049999,45.900002,39.804440,90100
2017-11-07,45.849998,46.299999,45.500000,45.900002,39.804440,54400
2017-11-08,45.650002,46.000000,45.150002,45.900002,39.804440,58500
2017-11-09,45.450001,46.000000,44.450001,45.799999,39.717709,68900
2017-11-10,45.750000,45.950001,45.380001,45.599998,39.544270,51700
2017-11-13,45.549999,45.950001,45.549999,45.900002,39.804440,35700
2017-11-14,45.549999,46.900002,45.549999,46.849998,40.913498,86900
2017-11-15,46.500000,46.500000,45.500000,45.599998,39.821896,381500
2017-11-16,45.599998,46.400002,45.549999,45.849998,40.040215,93700
2017-11-17,45.599998,46.049999,45.400002,45.950001,40.127541,53500
2017-11-20,45.799999,45.900002,45.450001,45.849998,40.040215,78000
2017-11-21,46.049999,47.000000,46.000000,46.950001,41.000832,93100
2017-11-22,46.900002,47.099998,45.490002,46.450001,40.564186,87700
2017-11-24,46.700001,46.950001,46.200001,46.650002,40.738853,39200
2017-11-27,46.700001,47.099998,46.180000,46.950001,41.000832,53700
2017-11-28,46.950001,47.849998,46.900002,47.750000,41.699467,187200
2017-11-29,47.799999,48.650002,47.680000,48.400002,42.267097,91700
2017-11-30,48.400002,48.549999,47.990002,48.299999,42.179764,102200
2017-12-01,48.250000,48.400002,46.900002,47.900002,41.830452,74700
2017-12-04,48.250000,48.650002,47.450001,47.650002,41.612133,45400
2017-12-05,47.650002,47.650002,46.750000,46.750000,40.826180,93600
2017-12-06,46.799999,47.849998,46.799999,47.250000,41.262817,121200
2017-12-07,47.400002,47.400002,46.799999,47.200001,41.219154,91400
2017-12-08,47.049999,47.150002,46.599998,46.750000,40.826180,86900
2017-12-11,46.799999,47.000000,46.099998,46.400002,40.520527,132200
2017-12-12,46.549999,46.549999,45.400002,45.450001,39.690899,80100
2017-12-13,45.450001,46.450001,45.450001,45.750000,39.952892,88400
2017-12-14,45.750000,45.750000,44.700001,44.900002,39.210602,132400
2017-12-15,44.900002,46.150002,44.900002,45.799999,39.996552,259600
2017-12-18,45.900002,46.299999,45.299999,45.349998,39.603577,73900
2017-12-19,45.450001,45.849998,44.299999,44.349998,38.730282,92900
2017-12-20,44.549999,45.099998,44.299999,44.299999,38.686615,71000
2017-12-21,44.299999,44.700001,44.049999,44.049999,38.468296,50900
2017-12-22,44.099998,44.650002,44.099998,44.400002,38.773945,51900
2017-12-26,44.349998,44.650002,44.049999,44.049999,38.468296,38100
2017-12-27,43.950001,44.950001,43.299999,44.549999,38.904945,79400
2017-12-28,44.650002,45.150002,44.349998,45.000000,39.297920,132400
2017-12-29,45.250000,45.250000,44.400002,44.450001,38.817616,88100
2018-01-02,44.400002,44.950001,43.330002,43.799999,38.249977,89100
2018-01-03,43.750000,44.000000,42.950001,43.049999,37.595009,77600
2018-01-04,43.099998,43.650002,42.700001,42.700001,37.289368,73000
2018-01-05,42.950001,43.250000,42.700001,42.799999,37.376694,59700
2018-01-08,42.000000,42.900002,36.650002,42.400002,37.027370,98200
2018-01-09,42.200001,42.200001,40.849998,41.099998,35.892105,114000
2018-01-10,40.750000,41.099998,40.400002,40.799999,35.630116,150000
2018-01-11,40.700001,41.549999,40.700001,41.500000,36.241425,81700
2018-01-12,41.400002,41.849998,41.099998,41.349998,36.110416,71500
2018-01-16,41.349998,42.700001,41.349998,42.150002,36.809059,202900
2018-01-17,42.299999,42.500000,41.849998,42.349998,36.983711,82500
2018-01-18,42.200001,42.349998,41.250000,41.549999,36.285088,78100
2018-01-19,41.500000,42.349998,41.419998,42.049999,36.721718,141700
2018-01-22,42.150002,42.349998,41.849998,41.849998,36.547066,76400
2018-01-23,41.849998,42.849998,41.849998,42.650002,37.245705,72000
2018-01-24,42.700001,42.849998,41.950001,42.099998,36.765392,119200
2018-01-25,42.150002,42.799999,42.099998,42.599998,37.202042,55800
2018-01-26,42.849998,42.849998,41.549999,41.799999,36.503403,130700
2018-01-29,41.799999,41.950001,41.150002,41.700001,36.416073,83300
2018-01-30,41.650002,42.549999,41.580002,42.200001,36.852722,123800
2018-01-31,42.450001,42.700001,41.900002,42.599998,37.202042,119200
2018-02-01,42.549999,42.849998,42.049999,42.349998,36.983711,113100
2018-02-02,42.150002,42.250000,41.599998,42.000000,36.678062,67300
2018-02-05,42.049999,42.299999,40.349998,40.400002,35.280807,111500
2018-02-06,40.150002,40.549999,39.000000,39.919998,34.861633,179400
2018-02-07,39.799999,40.700001,39.700001,40.150002,35.062481,110500
2018-02-08,40.200001,40.849998,39.849998,39.950001,34.887825,206500
2018-02-09,40.099998,41.549999,40.099998,41.299999,36.066761,173100
2018-02-12,41.400002,41.400002,40.000000,40.950001,35.761108,109600
2018-02-13,41.950001,43.450001,40.549999,41.650002,36.372417,108600
2018-02-14,40.900002,41.200001,40.400002,40.599998,35.742950,93400
2018-02-15,40.549999,41.599998,40.549999,41.549999,36.579300,94000
2018-02-16,41.450001,42.299999,41.450001,42.049999,37.019478,121600
2018-02-20,41.900002,41.900002,41.200001,41.349998,36.403217,86200
2018-02-21,41.400002,41.900002,40.950001,40.950001,36.051075,67400
2018-02-22,41.099998,41.450001,40.849998,40.900002,36.007065,79000
2018-02-23,41.200001,42.000000,41.150002,42.000000,36.975464,53100
2018-02-26,41.950001,42.029999,41.299999,41.500000,36.535286,51700
2018-02-27,41.500000,42.049999,40.650002,40.750000,35.875011,69100
2018-02-28,40.750000,41.500000,39.750000,39.799999,35.038651,151100
2018-03-01,39.849998,40.500000,39.650002,39.900002,35.126694,94100
2018-03-02,39.799999,40.400002,39.750000,40.000000,35.214725,92700
2018-03-05,39.849998,40.849998,39.799999,40.599998,35.742950,116400
2018-03-06,40.700001,40.849998,39.950001,40.349998,35.522854,86400
2018-03-07,40.349998,40.849998,39.950001,40.750000,35.875011,79800
2018-03-08,41.000000,41.700001,40.799999,41.450001,36.491268,155700
2018-03-09,41.549999,42.049999,41.200001,41.799999,36.799389,67500
2018-03-12,42.049999,42.450001,41.930000,42.400002,37.327606,71300
2018-03-13,42.549999,42.849998,42.000000,42.250000,37.195560,60200
2018-03-14,42.500000,42.750000,42.099998,42.500000,37.415653,64700
2018-03-15,42.349998,42.849998,42.099998,42.799999,37.679760,191100
2018-03-16,42.750000,43.450001,42.549999,43.349998,38.163963,178500
2018-03-19,43.200001,43.450001,42.750000,43.200001,38.031902,76400
2018-03-20,43.299999,43.599998,42.950001,43.150002,37.987888,77500
2018-03-21,43.250000,43.900002,43.099998,43.500000,38.296013,60300
2018-03-22,43.450001,44.549999,43.000000,43.500000,38.296013,78300
2018-03-23,43.400002,44.000000,42.500000,42.500000,37.415653,89800
2018-03-26,42.950001,43.750000,42.400002,43.000000,37.855827,100400
2018-03-27,43.250000,43.849998,42.880001,43.500000,38.296013,91600
2018-03-28,43.549999,43.700001,43.180000,43.400002,38.207977,90900
2018-03-29,43.650002,44.000000,43.250000,43.349998,38.163963,97800
2018-04-02,43.400002,43.549999,42.299999,42.750000,37.635742,132400
2018-04-03,42.900002,43.599998,42.700001,43.200001,38.031902,121600
2018-04-04,43.049999,43.500000,42.299999,43.349998,38.163963,64800
2018-04-05,43.549999,44.099998,42.950001,44.049999,38.780212,66900
2018-04-06,44.000000,44.099998,43.299999,43.549999,38.340034,80800
2018-04-09,43.400002,43.900002,42.900002,43.549999,38.340034,59900
2018-04-10,43.750000,43.950001,43.349998,43.700001,38.472095,137000
2018-04-11,43.650002,43.799999,43.000000,43.400002,38.207977,74500
2018-04-12,43.450001,43.450001,42.349998,42.549999,37.459660,60800
2018-04-13,42.650002,43.000000,42.549999,42.750000,37.635742,51500
2018-04-16,42.799999,43.400002,42.750000,43.299999,38.119942,187600
2018-04-17,43.349998,44.049999,43.200001,43.900002,38.648163,43800
2018-04-18,44.000000,44.349998,43.599998,43.599998,38.384048,62700
2018-04-19,43.599998,43.700001,43.200001,43.549999,38.340034,48300
2018-04-20,43.299999,43.750000,43.250000,43.700001,38.472095,66100
2018-04-23,43.700001,44.299999,43.549999,43.799999,38.560127,58200
2018-04-24,43.900002,44.400002,43.750000,44.299999,39.000305,53500
2018-04-25,44.250000,44.650002,43.830002,44.000000,38.736198,60200
2018-04-26,44.200001,44.500000,43.849998,44.400002,39.088345,54000
2018-04-27,44.400002,44.750000,44.400002,44.599998,39.264412,37200
2018-04-30,44.700001,44.849998,43.830002,43.849998,38.604153,65500
2018-05-01,43.750000,43.950001,43.500000,43.849998,38.604153,44000
2018-05-02,43.750000,43.950001,43.450001,43.799999,38.560127,48400
2018-05-03,43.700001,44.369999,43.400002,44.099998,38.824234,44200
2018-05-04,44.099998,44.650002,43.799999,44.349998,39.044323,51500
2018-05-07,44.400002,44.730000,43.880001,44.500000,39.176373,54200
2018-05-08,44.799999,44.950001,42.650002,43.900002,38.648163,161800
2018-05-09,44.200001,44.250000,42.549999,43.400002,38.207977,94700
2018-05-10,43.549999,44.570000,43.549999,44.349998,39.044323,97600
2018-05-11,44.450001,44.750000,44.200001,44.250000,38.956291,83000
2018-05-14,44.200001,44.200001,43.400002,43.450001,38.543800,55700
2018-05-15,43.450001,43.799999,43.299999,43.500000,38.588146,81200
2018-05-16,43.650002,43.750000,43.259998,43.599998,38.676857,78500
2018-05-17,43.500000,43.900002,43.450001,43.599998,38.676857,70300
2018-05-18,43.849998,44.349998,43.580002,44.250000,39.253464,94500
2018-05-21,44.450001,45.250000,43.799999,44.950001,39.874428,119200
2018-05-22,45.049999,45.599998,44.400002,45.250000,40.140553,122900
2018-05-23,45.400002,46.049999,45.349998,45.799999,40.628448,87200
2018-05-24,45.849998,46.650002,45.799999,46.549999,41.293755,71000
2018-05-25,46.549999,46.849998,46.250000,46.599998,41.338116,103400
2018-05-29,46.650002,47.250000,46.299999,47.250000,41.914715,86500
2018-05-30,47.250000,48.349998,47.180000,48.099998,42.668736,110600
2018-05-31,46.500000,47.770000,45.500000,46.200001,40.983284,259200
2018-06-01,46.099998,46.270000,45.150002,45.549999,40.406677,146600
2018-06-04,45.549999,45.849998,45.299999,45.700001,40.539738,111700
2018-06-05,45.750000,45.799999,45.299999,45.700001,40.539738,67900
2018-06-06,45.650002,45.750000,44.849998,45.200001,40.096199,96400
2018-06-07,45.349998,46.730000,45.200001,46.000000,40.805862,155200
2018-06-08,46.200001,46.400002,45.450001,45.450001,40.317963,72200
2018-06-11,45.700001,45.939999,44.799999,45.200001,40.096199,171300
2018-06-12,45.150002,45.700001,45.049999,45.450001,40.317963,58500
2018-06-13,45.650002,45.799999,45.150002,45.599998,40.451035,96700
2018-06-14,45.750000,46.599998,45.700001,46.549999,41.293755,108400
2018-06-15,46.500000,46.799999,46.099998,46.299999,41.071991,225800
2018-06-18,46.250000,46.750000,46.200001,46.750000,41.471184,90900
2018-06-19,46.700001,47.299999,46.500000,47.250000,41.914715,133000
2018-06-20,47.349998,48.099998,47.049999,48.049999,42.624390,85900
2018-06-21,48.099998,48.400002,47.709999,48.000000,42.580032,83400
2018-06-22,48.099998,48.650002,47.849998,48.349998,42.890511,232500
2018-06-25,48.400002,48.650002,47.500000,48.549999,43.067924,82100
2018-06-26,48.400002,48.750000,48.150002,48.450001,42.979214,88600
2018-06-27,48.299999,48.549999,48.049999,48.099998,42.668736,176900
2018-06-28,48.150002,48.750000,47.750000,47.799999,42.402622,101400
2018-06-29,47.900002,48.000000,47.299999,47.599998,42.225201,121500
2018-07-02,47.500000,48.200001,47.349998,48.200001,42.757450,51800
2018-07-03,48.150002,48.750000,48.000000,48.650002,43.156635,68700
2018-07-05,48.849998,49.299999,48.500000,49.299999,43.733234,93000
2018-07-06,49.400002,49.750000,49.049999,49.599998,43.999363,79300
2018-07-09,49.650002,49.650002,47.680000,47.849998,42.446968,48100
2018-07-10,47.849998,48.299999,47.500000,48.250000,42.801807,46300
2018-07-11,48.250000,48.849998,47.700001,48.400002,42.934864,48300
2018-07-12,48.549999,48.549999,48.000000,48.549999,43.067924,46100
2018-07-13,48.549999,48.849998,48.250000,48.400002,42.934864,44400
2018-07-16,48.349998,48.400002,47.950001,48.349998,42.890511,65500
2018-07-17,48.450001,48.750000,48.049999,48.450001,42.979214,57100
2018-07-18,48.200001,48.349998,47.650002,47.900002,42.491318,70000
2018-07-19,47.849998,48.799999,47.849998,48.549999,43.067924,59200
2018-07-20,48.500000,48.750000,48.200001,48.400002,42.934864,52500
2018-07-23,48.299999,48.400002,47.750000,47.900002,42.491318,43700
2018-07-24,48.000000,48.000000,47.250000,47.750000,42.358257,64400
2018-07-25,47.650002,48.000000,47.599998,47.900002,42.491318,62900
2018-07-26,48.099998,48.950001,48.099998,48.750000,43.245342,49200
2018-07-27,48.799999,48.849998,47.000000,47.950001,42.535671,58000
2018-07-30,47.900002,48.250000,47.259998,47.599998,42.225201,52300
2018-07-31,47.750000,48.450001,47.700001,48.400002,42.934864,64600
2018-08-01,48.349998,48.349998,47.349998,47.849998,42.446968,55900
2018-08-02,47.799999,48.200001,47.549999,48.200001,42.757450,48300
2018-08-03,48.250000,48.349998,47.840000,48.299999,42.846149,60200
2018-08-06,48.349998,48.750000,48.349998,48.650002,43.156635,31600
2018-08-07,48.650002,48.849998,47.950001,48.500000,43.023571,43800
2018-08-08,48.450001,48.450001,47.750000,48.250000,42.801807,85100
2018-08-09,48.400002,48.700001,48.330002,48.549999,43.067924,33100
2018-08-10,48.500000,49.000000,48.450001,48.450001,42.979214,24000
2018-08-13,48.500000,48.599998,48.000000,48.500000,43.023571,47400
2018-08-14,48.150002,48.950001,48.150002,48.799999,43.590790,37800
2018-08-15,49.000000,49.150002,48.450001,48.500000,43.322815,44700
2018-08-16,48.549999,49.349998,48.500000,49.299999,44.037415,43200
2018-08-17,49.150002,49.599998,48.950001,49.500000,44.216068,43300
2018-08-20,49.650002,49.750000,49.099998,49.200001,43.948097,101000
2018-08-21,49.250000,49.450001,48.849998,49.299999,44.037415,95400
2018-08-22,49.250000,49.349998,48.549999,48.750000,43.546124,50700
2018-08-23,48.750000,49.119999,48.500000,48.549999,43.367470,33900
2018-08-24,48.549999,48.900002,48.299999,48.799999,43.590790,105000
2018-08-27,48.950001,48.950001,48.000000,48.099998,42.965511,56800
2018-08-28,48.250000,48.250000,47.650002,47.700001,42.608219,38700
2018-08-29,47.750000,48.349998,47.750000,48.299999,43.144157,104400
2018-08-30,48.299999,48.299999,48.049999,48.099998,42.965511,62500
2018-08-31,48.049999,48.349998,47.750000,47.900002,42.786861,40000
2018-09-04,47.799999,48.099998,47.049999,47.349998,42.295567,48500
2018-09-05,47.400002,48.299999,47.349998,48.250000,43.099503,41700
2018-09-06,48.400002,49.150002,48.000000,48.950001,43.724773,75500
2018-09-07,48.849998,49.049999,48.450001,48.900002,43.680111,49200
2018-09-10,49.049999,49.349998,48.849998,49.099998,43.858768,55200
2018-09-11,49.150002,49.250000,48.540001,48.750000,43.546124,42800
2018-09-12,48.750000,48.849998,48.299999,48.299999,43.144157,47900
2018-09-13,48.500000,48.750000,48.049999,48.650002,43.456802,35100
2018-09-14,48.549999,49.000000,48.349998,48.599998,43.412132,32600
2018-09-17,48.599998,48.799999,48.450001,48.750000,43.546124,33500
2018-09-18,48.849998,48.849998,48.450001,48.450001,43.278145,36800
2018-09-19,48.450001,48.500000,46.849998,47.049999,42.027596,75400
2018-09-20,47.150002,47.549999,47.000000,47.299999,42.250904,55300
2018-09-21,47.250000,48.299999,47.099998,48.150002,43.010178,235900
2018-09-24,48.000000,48.250000,47.400002,47.900002,42.786861,73000
2018-09-25,48.049999,48.139999,47.500000,47.650002,42.563549,55200
2018-09-26,47.750000,47.930000,46.950001,47.099998,42.072258,76600
2018-09-27,47.000000,47.750000,47.000000,47.349998,42.295567,41000
2018-09-28,47.450001,48.250000,47.450001,47.900002,42.786861,87100
2018-10-01,47.880001,48.450001,47.009998,47.090000,42.063328,56100
2018-10-02,47.049999,47.730000,47.049999,47.610001,42.527821,44200
2018-10-03,47.619999,47.910000,46.980000,47.110001,42.081184,41200
2018-10-04,47.000000,47.439999,46.700001,46.990002,41.973999,72000
2018-10-05,47.000000,47.720001,46.980000,47.509998,42.438484,46800
2018-10-08,47.500000,48.279999,47.320000,48.110001,42.974445,48600
2018-10-09,47.840000,48.740002,47.840000,48.389999,43.224552,96200
2018-10-10,48.419998,48.720001,47.410000,47.580002,42.501022,78500
2018-10-11,47.320000,47.930000,46.049999,46.150002,41.223667,103000
2018-10-12,46.509998,47.279999,44.939999,45.180000,40.357204,107600
2018-10-15,45.169998,45.639999,44.889999,45.209999,40.384003,67200
2018-10-16,45.160000,46.410000,44.820000,46.310001,41.366592,58200
2018-10-17,46.299999,46.430000,45.630001,46.180000,41.250465,87600
2018-10-18,46.209999,46.439999,45.689999,46.070000,41.152203,68000
2018-10-19,45.959999,46.959999,45.959999,46.580002,41.607758,49000
2018-10-22,46.570000,46.860001,46.080002,46.320000,41.375523,38300
2018-10-23,46.270000,46.480000,45.430000,45.770000,40.884235,62200
2018-10-24,45.730000,46.250000,45.380001,45.540001,40.678780,202500
2018-10-25,45.730000,45.759998,45.049999,45.529999,40.669842,84500
2018-10-26,45.419998,46.130001,45.259998,45.910000,41.009289,74900
2018-10-29,46.150002,47.110001,45.720001,46.220001,41.286198,52400
2018-10-30,46.230000,46.689999,45.549999,46.439999,41.482704,65000
2018-10-31,46.470001,46.470001,44.959999,45.070000,40.258953,80700
2018-11-01,45.080002,45.320000,44.500000,44.770000,39.990978,61300
2018-11-02,45.020000,45.029999,44.220001,44.930000,40.133900,40800
2018-11-05,45.020000,45.650002,45.009998,45.090000,40.276821,59400
2018-11-06,47.549999,47.939999,45.380001,47.459999,42.393826,76600
2018-11-07,47.720001,48.009998,47.340000,48.009998,42.885120,54300
2018-11-08,48.049999,48.480000,47.520000,48.430000,43.260281,51800
2018-11-09,48.439999,48.650002,47.900002,48.410000,43.242416,41100
2018-11-12,47.790001,48.669998,47.669998,47.720001,42.626080,55100
2018-11-13,47.840000,48.259998,47.340000,47.779999,42.679672,75700
2018-11-14,47.619999,48.250000,47.029999,47.349998,42.594215,48500
2018-11-15,47.330002,48.080002,46.930000,47.750000,42.954029,44800
2018-11-16,47.830002,48.380001,47.529999,48.369999,43.511757,69500
2018-11-19,48.270000,48.450001,47.220001,47.730000,42.936047,38400
2018-11-20,47.349998,47.869999,47.259998,47.369999,42.612209,48900
2018-11-21,47.430000,47.889999,47.090000,47.250000,42.504257,38400
2018-11-23,47.240002,48.080002,47.240002,47.599998,42.819099,19400
2018-11-26,47.230000,47.849998,47.009998,47.660000,42.873070,60500
2018-11-27,47.660000,48.029999,47.310001,47.549999,42.774128,39500
2018-11-28,47.549999,48.860001,47.549999,48.849998,43.943554,98600
2018-11-29,48.840000,48.889999,48.029999,48.349998,43.493774,52000
2018-11-30,48.450001,49.139999,48.320000,48.919998,44.006523,106100
2018-12-03,49.000000,49.500000,47.660000,49.459999,44.492290,70100
2018-12-04,49.509998,49.740002,47.720001,47.880001,43.070976,76400
2018-12-06,47.910000,48.560001,47.430000,48.439999,43.574730,81100
2018-12-07,48.480000,49.130001,48.150002,48.900002,43.988529,96400
2018-12-10,49.049999,49.990002,48.660000,49.980000,44.960060,108800
2018-12-11,50.049999,51.099998,49.919998,51.020000,45.895599,80200
2018-12-12,51.110001,51.880001,51.110001,51.580002,46.399353,82800
2018-12-13,51.590000,51.650002,50.750000,51.209999,46.066513,82400
2018-12-14,51.000000,51.090000,50.419998,50.669998,45.580757,68000
2018-12-17,50.689999,51.070000,49.549999,49.779999,44.780148,112000
2018-12-18,49.770000,50.330002,49.340000,49.560001,44.582241,98500
2018-12-19,49.779999,50.150002,48.830002,49.020000,44.096478,86300
2018-12-20,49.009998,50.270000,48.470001,49.759998,44.762146,100000
2018-12-21,49.759998,51.080002,49.480000,49.799999,44.798134,246500
2018-12-24,50.060001,50.849998,47.540001,47.570000,42.792114,53900
2018-12-26,47.790001,49.000000,46.900002,48.389999,43.529762,96700
2018-12-27,48.029999,48.490002,46.259998,48.380001,43.520760,146400
2018-12-28,48.389999,49.939999,47.990002,49.529999,44.555252,92300
2018-12-31,50.009998,50.580002,48.020000,49.639999,44.654205,83900
2019-01-02,49.330002,49.330002,47.490002,47.820000,43.017006,135100
2019-01-03,47.810001,48.020000,47.169998,47.389999,42.630188,58300
2019-01-04,47.740002,48.790001,47.240002,48.639999,43.754642,94300
2019-01-07,48.580002,48.590000,47.000000,47.270000,42.522240,88500
2019-01-08,47.669998,48.730000,47.340000,48.639999,43.754642,56500
2019-01-09,48.799999,48.880001,47.590000,47.619999,42.837090,85600
2019-01-10,47.700001,48.439999,47.590000,48.320000,43.466785,47900
2019-01-11,48.230000,48.270000,47.380001,47.490002,42.720150,57000
2019-01-14,47.349998,47.410000,45.939999,46.540001,41.865570,78400
2019-01-15,46.619999,47.509998,46.000000,47.369999,42.612209,68100
2019-01-16,47.380001,48.029999,47.250000,47.930000,43.115959,71800
2019-01-17,47.939999,48.279999,47.799999,48.169998,43.331852,48000
2019-01-18,48.060001,48.500000,48.000000,48.369999,43.511757,64300
2019-01-22,48.380001,48.549999,47.669998,48.209999,43.367825,74700
2019-01-23,48.209999,48.450001,47.900002,48.060001,43.232899,98800
2019-01-24,48.090000,48.490002,47.939999,48.480000,43.610718,94000
2019-01-25,48.470001,48.549999,47.439999,47.480000,42.711155,51100
2019-01-28,47.419998,47.660000,46.630001,47.000000,42.279362,77100
2019-01-29,47.080002,47.720001,47.049999,47.200001,42.459282,60700
2019-01-30,47.310001,47.680000,47.180000,47.490002,42.720150,66800
2019-01-31,47.500000,48.549999,47.130001,48.450001,43.583725,112900
2019-02-01,48.439999,48.439999,47.700001,48.139999,43.304859,48200
2019-02-04,48.150002,48.750000,47.820000,48.720001,43.826618,76400
2019-02-05,48.939999,49.119999,47.860001,48.230000,43.385834,150200
2019-02-06,48.340000,48.340000,47.750000,47.830002,43.025997,94000
2019-02-07,47.750000,49.160000,47.750000,49.099998,44.168438,53800
2019-02-08,49.099998,49.930000,49.099998,49.889999,44.879093,93100
2019-02-11,49.900002,50.189999,47.630001,50.020000,44.996040,160900
2019-02-12,50.189999,50.599998,49.430000,49.849998,44.843121,55700
2019-02-13,49.849998,49.950001,49.299999,49.529999,44.555252,39200
2019-02-14,49.380001,49.610001,49.029999,49.110001,44.491833,61600
2019-02-15,49.369999,50.230000,49.369999,50.230000,45.506512,89800
2019-02-19,50.230000,50.610001,48.369999,50.490002,45.742069,134800
2019-02-20,50.490002,50.490002,49.439999,49.680000,45.008232,63400
2019-02-21,49.660000,50.119999,49.220001,49.950001,45.252846,98100
2019-02-22,50.070000,50.070000,49.520000,49.939999,45.243786,50300
2019-02-25,50.000000,50.369999,50.000000,50.029999,45.325321,77900
2019-02-26,50.119999,50.209999,49.669998,49.700001,45.026356,75500
2019-02-27,49.610001,49.950001,49.509998,49.939999,45.243786,45200
2019-02-28,49.930000,50.430000,49.799999,50.279999,45.551811,73200
2019-03-01,50.189999,50.630001,49.820000,50.630001,45.868904,52000
2019-03-04,50.680000,50.950001,50.320000,50.910000,46.122570,55700
2019-03-05,50.980000,50.980000,50.189999,50.209999,45.488396,61400
2019-03-06,50.279999,50.740002,50.009998,50.060001,45.352505,75200
2019-03-07,50.209999,50.709999,50.139999,50.200001,45.479340,82200
2019-03-08,50.290001,50.549999,50.080002,50.430000,45.687710,60800
2019-03-11,50.610001,51.630001,50.439999,51.540001,46.693325,85500
2019-03-12,51.650002,51.700001,50.930000,51.049999,46.249409,52100
2019-03-13,50.970001,51.169998,50.599998,50.740002,45.968563,56900
2019-03-14,50.650002,50.910000,50.340000,50.410000,45.669582,52900
2019-03-15,50.430000,50.919998,50.000000,50.130001,45.415920,269700
2019-03-18,50.270000,50.730000,49.750000,50.150002,45.434032,78100
2019-03-19,50.150002,50.169998,48.840000,49.110001,44.491833,60100
2019-03-20,49.049999,49.599998,48.689999,49.009998,44.401237,73600
2019-03-21,48.889999,49.889999,48.889999,49.189999,44.564308,62000
2019-03-22,49.200001,49.740002,48.560001,48.580002,44.011673,96300
2019-03-25,48.590000,49.230000,48.200001,48.910000,44.310646,46100
2019-03-26,48.919998,49.860001,48.520000,49.849998,45.162254,72500
2019-03-27,49.790001,50.419998,49.330002,50.290001,45.560871,100100
2019-03-28,50.430000,50.549999,49.419998,49.840000,45.153187,72600
2019-03-29,49.939999,50.130001,49.500000,49.820000,45.135071,102500
2019-04-01,49.939999,49.939999,49.270000,49.599998,44.935760,51400
2019-04-02,49.650002,49.650002,48.720001,48.880001,44.283474,72700
2019-04-03,48.950001,49.220001,48.480000,48.799999,44.210991,56600
2019-04-04,48.830002,49.299999,48.619999,49.180000,44.555252,54000
2019-04-05,49.189999,50.220001,49.189999,50.180000,45.461220,107900
2019-04-08,50.040001,50.040001,49.419998,49.750000,45.071659,42900
2019-04-09,49.610001,49.980000,49.490002,49.730000,45.053539,55800
2019-04-10,49.820000,50.189999,49.279999,49.459999,44.808926,58500
2019-04-11,49.450001,49.869999,49.299999,49.480000,44.827049,49200
2019-04-12,49.580002,50.610001,49.259998,50.570000,45.814537,121200
2019-04-15,50.669998,51.169998,50.669998,51.009998,46.213169,76100
2019-04-16,51.070000,51.189999,50.380001,50.520000,45.769245,72500
2019-04-17,50.590000,50.820000,50.320000,50.549999,45.796417,56000
2019-04-18,50.540001,50.889999,50.400002,50.500000,45.751122,56600
2019-04-22,50.230000,50.500000,49.770000,50.130001,45.415920,71800
2019-04-23,50.189999,50.830002,49.880001,50.410000,45.669582,91600
2019-04-24,50.549999,50.919998,50.290001,50.700001,45.932331,138600
2019-04-25,50.660000,50.930000,50.240002,50.759998,45.986671,52300
2019-04-26,50.830002,51.279999,50.799999,50.939999,46.149754,58600
2019-04-29,50.970001,51.160000,50.689999,50.880001,46.095398,45400
2019-04-30,50.919998,51.369999,50.700001,51.299999,46.475899,95000
2019-05-01,51.320000,51.320000,50.389999,50.470001,45.723949,84200
2019-05-02,50.490002,50.869999,50.099998,50.810001,46.031982,94100
2019-05-03,50.799999,52.369999,50.799999,52.360001,47.436214,87700
2019-05-06,52.250000,53.150002,52.250000,52.380001,47.454342,77100
2019-05-07,52.009998,53.200001,50.560001,50.700001,45.932331,81000
2019-05-08,50.720001,51.150002,50.020000,50.299999,45.569927,82500
2019-05-09,50.380001,50.689999,49.939999,50.490002,45.742069,81700
2019-05-10,50.450001,50.880001,50.160000,50.639999,45.877953,93600
2019-05-13,50.389999,51.169998,50.160000,51.080002,46.276585,70800
2019-05-14,50.740002,51.200001,50.400002,50.509998,46.075897,73200
2019-05-15,50.509998,50.820000,50.380001,50.680000,46.230980,51100
2019-05-16,50.570000,51.340000,50.570000,51.099998,46.614098,45700
2019-05-17,50.950001,51.279999,50.820000,51.009998,46.532001,42200
2019-05-20,51.000000,51.500000,50.430000,51.060001,46.577621,72600
2019-05-21,51.119999,51.590000,50.900002,51.160000,46.668831,50200
2019-05-22,51.200001,51.419998,50.570000,51.240002,46.741814,55900
2019-05-23,51.230000,51.349998,50.830002,51.000000,46.522881,57700
2019-05-24,51.200001,51.599998,51.009998,51.130001,46.641472,46700
2019-05-28,51.040001,51.209999,50.150002,50.270000,45.856960,103400
2019-05-29,50.110001,50.369999,49.599998,49.619999,45.264034,69400
2019-05-30,49.619999,50.009998,48.990002,49.320000,44.990356,134200
2019-05-31,49.230000,49.689999,48.630001,49.669998,45.309631,65900
2019-06-03,49.799999,50.320000,49.500000,50.230000,45.820473,68300
2019-06-04,50.500000,50.990002,49.869999,50.950001,46.477276,65400
2019-06-05,51.080002,51.849998,50.770000,51.540001,47.015476,78200
2019-06-06,51.740002,52.490002,51.529999,52.220001,47.635784,105400
2019-06-07,52.410000,53.349998,52.240002,52.480000,47.872955,114100
2019-06-10,52.520000,52.520000,51.299999,51.880001,47.325623,97900
2019-06-11,51.889999,52.029999,51.169998,51.389999,46.878639,103400
2019-06-12,51.430000,51.869999,51.419998,51.840000,47.289143,110700
2019-06-13,52.020000,52.310001,51.669998,51.900002,47.343868,64700
2019-06-14,51.980000,52.360001,51.709999,51.720001,47.179668,50800
2019-06-17,51.740002,51.950001,51.200001,51.630001,47.097576,42200
2019-06-18,51.889999,52.070000,51.520000,51.770000,47.225281,83300
2019-06-19,51.730000,52.470001,51.560001,52.470001,47.863831,70000
2019-06-20,52.750000,52.849998,51.990002,52.849998,48.210468,65800
2019-06-21,52.580002,52.840000,52.110001,52.290001,47.699638,153000
2019-06-24,52.400002,52.599998,51.910000,52.200001,47.617531,81000
2019-06-25,52.369999,52.680000,51.619999,52.360001,47.763489,68000
2019-06-26,52.360001,52.360001,51.480000,51.500000,46.978985,113400
2019-06-27,51.650002,52.040001,51.459999,52.040001,47.471581,69500
2019-06-28,51.939999,52.880001,51.939999,52.810001,48.173988,755100
2019-07-01,52.799999,52.799999,51.750000,52.230000,47.644905,75400
2019-07-02,52.240002,52.639999,51.919998,52.410000,47.809101,66200
2019-07-03,52.590000,53.060001,52.459999,52.790001,48.155746,39000
2019-07-05,52.560001,52.939999,51.580002,52.750000,48.119251,54000
2019-07-08,52.810001,53.110001,52.639999,52.840000,48.201355,56000
2019-07-09,52.770000,53.020000,52.400002,52.980000,48.329056,45300
2019-07-10,53.090000,53.240002,52.759998,52.869999,48.228725,51900
2019-07-11,52.840000,52.970001,52.139999,52.430000,47.827343,75700
2019-07-12,52.400002,52.639999,52.099998,52.220001,47.635784,70200
2019-07-15,52.349998,52.410000,51.529999,52.070000,47.498947,66700
2019-07-16,51.990002,52.689999,51.740002,52.540001,47.927692,54000
2019-07-17,52.610001,52.990002,52.369999,52.470001,47.863831,69900
2019-07-18,52.480000,52.750000,51.900002,52.740002,48.110134,68800
2019-07-19,52.490002,52.810001,51.910000,51.919998,47.362118,54300
2019-07-22,51.970001,52.119999,51.480000,51.680000,47.143188,58900
2019-07-23,51.669998,51.970001,51.490002,51.820000,47.270893,41200
2019-07-24,51.860001,52.439999,51.490002,52.389999,47.790852,77600
2019-07-25,52.439999,52.580002,52.000000,52.270000,47.681393,52700
2019-07-26,52.279999,53.299999,52.240002,53.209999,48.538872,72000
2019-07-29,53.349998,53.580002,52.889999,53.240002,48.566238,57800
2019-07-30,53.160000,53.860001,52.980000,53.509998,48.812538,73900
2019-07-31,53.520000,54.509998,53.180000,53.380001,48.693951,116500
2019-08-01,53.459999,54.259998,53.150002,53.509998,48.812538,75800
2019-08-02,53.540001,53.540001,52.840000,53.029999,48.374672,49600
2019-08-05,52.650002,53.299999,50.959999,51.279999,46.778297,96100
2019-08-06,49.810001,51.889999,48.090000,51.669998,47.134064,158000
2019-08-07,51.669998,52.750000,50.419998,52.139999,47.562801,86600
2019-08-08,52.360001,53.250000,52.009998,52.990002,48.338188,84600
2019-08-09,53.189999,53.500000,52.290001,52.580002,47.964176,72400
2019-08-12,52.480000,52.480000,51.009998,51.189999,46.696201,75400
2019-08-13,51.360001,51.779999,50.939999,51.730000,47.188801,79600
2019-08-14,51.240002,51.349998,50.520000,50.669998,46.536713,77600
2019-08-15,50.750000,51.250000,50.610001,50.889999,46.738766,59000
2019-08-16,50.930000,51.250000,50.849998,51.230000,47.051029,66400
2019-08-19,51.560001,51.560001,51.049999,51.240002,47.060215,49400
2019-08-20,51.330002,51.330002,50.590000,50.939999,46.784691,32000
2019-08-21,51.139999,51.139999,50.630001,50.779999,46.637737,53300
2019-08-22,50.939999,50.970001,50.029999,50.520000,46.398945,67300
2019-08-23,50.520000,50.790001,49.240002,49.349998,45.324387,77800
2019-08-26,49.619999,50.000000,49.419998,49.939999,45.866261,61900
2019-08-27,50.119999,50.630001,49.750000,49.799999,45.737679,83200
2019-08-28,49.810001,50.209999,49.540001,49.700001,45.645844,80200
2019-08-29,50.080002,50.849998,49.560001,50.840000,46.692844,59700
2019-08-30,51.040001,51.180000,50.200001,50.619999,46.490784,75800
2019-09-03,50.540001,51.380001,50.340000,51.189999,47.014294,71300
2019-09-04,51.450001,51.570000,51.080002,51.529999,47.326557,74300
2019-09-05,51.580002,52.490002,51.360001,52.150002,47.895992,103300
2019-09-06,52.500000,52.560001,51.669998,51.770000,47.546982,65200
2019-09-09,51.810001,52.189999,51.119999,51.700001,47.482697,72300
2019-09-10,51.840000,52.730000,51.080002,52.639999,48.346020,81800
2019-09-11,52.660000,53.689999,51.889999,53.500000,49.135864,108300
2019-09-12,53.599998,54.020000,53.180000,53.900002,49.503239,77900
2019-09-13,53.970001,54.500000,53.520000,53.889999,49.494049,86700
2019-09-16,53.849998,54.000000,53.250000,53.599998,49.227703,58600
2019-09-17,53.419998,54.000000,53.419998,53.639999,49.264442,57700
2019-09-18,53.400002,54.049999,53.360001,53.700001,49.319546,87200
2019-09-19,53.840000,54.599998,53.779999,53.820000,49.429760,82200
2019-09-20,53.820000,54.549999,53.700001,54.340000,49.907333,199600
2019-09-23,54.139999,54.630001,54.020000,54.060001,49.650181,99400
2019-09-24,54.240002,55.099998,53.889999,54.049999,49.640995,121500
2019-09-25,54.040001,54.419998,53.590000,54.250000,49.824680,139100
2019-09-26,54.490002,54.860001,54.090000,54.279999,49.852234,64500
2019-09-27,54.540001,54.660000,53.669998,53.930000,49.530788,43500
2019-09-30,54.040001,54.279999,53.680000,53.750000,49.365475,62900
2019-10-01,53.849998,54.049999,53.160000,53.349998,48.998100,63700
2019-10-02,53.369999,53.619999,52.560001,53.049999,48.722572,73200
2019-10-03,53.169998,53.200001,52.660000,53.000000,48.676651,64400
2019-10-04,53.029999,53.590000,52.860001,53.480000,49.117493,77600
2019-10-07,53.470001,53.990002,52.900002,53.349998,48.998100,67100
2019-10-08,53.189999,53.650002,52.630001,53.200001,48.860340,77900
2019-10-09,53.430000,53.619999,52.889999,53.509998,49.145050,44300
2019-10-10,53.700001,53.779999,53.180000,53.549999,49.181786,57300
2019-10-11,53.889999,54.660000,53.830002,54.150002,49.732838,82200
2019-10-14,54.110001,54.240002,53.810001,53.980000,49.576698,38400
2019-10-15,54.080002,54.709999,53.810001,54.080002,49.668552,45700
2019-10-16,53.919998,54.240002,53.720001,53.959999,49.558338,68100
2019-10-17,53.919998,54.500000,53.700001,54.430000,49.990002,55700
2019-10-18,54.270000,55.200001,54.270000,54.980000,50.495140,124600
2019-10-21,55.189999,55.470001,54.930000,55.240002,50.733932,67500
2019-10-22,55.160000,55.450001,54.849998,54.919998,50.440025,58500
2019-10-23,54.799999,55.490002,54.799999,55.459999,50.935978,59800
2019-10-24,55.389999,55.799999,55.330002,55.380001,50.862511,40800
2019-10-25,55.320000,55.320000,54.750000,55.119999,50.623714,53600
2019-10-28,55.180000,55.330002,54.810001,55.009998,50.522690,48900
2019-10-29,54.799999,55.380001,54.689999,55.130001,50.632904,55200
2019-10-30,55.220001,56.160000,55.139999,56.060001,51.487038,77600
2019-10-31,56.180000,56.689999,55.610001,56.680000,52.056461,91700
2019-11-01,56.900002,57.740002,56.730000,57.430000,52.745281,71500
2019-11-04,57.430000,57.430000,56.349998,56.470001,51.863594,76500
2019-11-05,55.950001,55.950001,50.650002,51.349998,47.161243,155600
2019-11-06,51.639999,52.349998,50.849998,51.119999,46.950001,116200
2019-11-07,51.290001,51.290001,49.630001,49.950001,45.875446,106500
2019-11-08,49.770000,49.950001,49.299999,49.529999,45.489704,87000
2019-11-11,49.459999,49.889999,49.259998,49.720001,45.664211,75200
2019-11-12,49.889999,50.130001,49.470001,49.849998,45.783607,62800
2019-11-13,49.750000,49.970001,49.590000,49.779999,45.719315,104500
2019-11-14,49.200001,49.400002,48.799999,48.860001,45.192108,80100
2019-11-15,48.980000,49.340000,48.650002,49.250000,45.552826,69900
2019-11-18,49.330002,49.669998,48.790001,48.880001,45.210609,49500
2019-11-19,48.860001,49.180000,48.529999,48.580002,44.933121,103000
2019-11-20,48.660000,49.049999,48.439999,48.840000,45.173603,150700
2019-11-21,48.900002,49.220001,48.169998,48.509998,44.868378,71700
2019-11-22,48.509998,49.119999,48.189999,48.990002,45.312344,80700
2019-11-25,48.869999,50.020000,48.869999,50.000000,46.246521,161900
2019-11-26,50.029999,50.290001,49.450001,49.950001,46.200279,171500
2019-11-27,50.070000,50.470001,49.330002,49.480000,45.765560,211100
2019-11-29,49.660000,49.660000,48.950001,49.160000,45.469585,58100
2019-12-02,49.029999,49.299999,48.590000,48.880001,45.210609,98800
2019-12-03,48.869999,49.220001,48.619999,49.160000,45.469585,86100
2019-12-04,49.220001,49.599998,49.220001,49.369999,45.663818,79600
2019-12-05,49.560001,49.599998,49.220001,49.400002,45.691563,84900
2019-12-06,49.430000,50.270000,49.349998,49.669998,45.941292,104100
2019-12-09,49.799999,49.799999,49.189999,49.599998,45.876553,84500
2019-12-10,49.740002,49.950001,49.400002,49.820000,46.080036,86000
2019-12-11,50.070000,50.520000,49.790001,50.090000,46.329765,92900
2019-12-12,50.150002,50.570000,49.669998,49.880001,46.135536,156100
2019-12-13,50.000000,50.450001,49.689999,50.279999,46.505505,99700
2019-12-16,50.840000,51.790001,50.599998,51.730000,47.846653,164600
2019-12-17,51.770000,52.599998,51.730000,52.480000,48.540352,107400
2019-12-18,52.520000,53.099998,51.910000,52.860001,48.891830,146900
2019-12-19,52.880001,53.160000,52.470001,52.630001,48.679089,260000
2019-12-20,52.560001,52.599998,52.049999,52.200001,48.281368,267400
2019-12-23,52.450001,52.450001,50.820000,51.250000,47.402691,123100
2019-12-24,51.180000,51.180000,50.610001,51.049999,47.217701,83500
2019-12-26,50.950001,51.320000,50.689999,51.009998,47.180706,153700
2019-12-27,51.090000,51.230000,50.459999,51.200001,47.356438,111900
2019-12-30,51.169998,51.520000,50.700001,50.990002,47.162212,148600
2019-12-31,51.080002,51.439999,50.930000,51.290001,47.439693,81700
2020-01-02,51.369999,51.730000,50.930000,51.689999,47.809650,176200
2020-01-03,51.459999,51.619999,51.049999,51.400002,47.541428,96400
2020-01-06,51.150002,51.570000,50.889999,51.380001,47.522930,112600
2020-01-07,51.090000,51.380001,50.830002,50.980000,47.152954,84600
2020-01-08,50.990002,51.459999,50.970001,51.130001,47.291695,132100
2020-01-09,51.150002,51.540001,51.099998,51.450001,47.587673,63800
2020-01-10,51.549999,51.959999,51.349998,51.849998,47.957642,76500
2020-01-13,51.869999,52.540001,51.869999,52.439999,48.503349,71500
2020-01-14,52.500000,52.560001,52.020000,52.230000,48.309124,65200
2020-01-15,52.160000,52.919998,52.160000,52.730000,48.771584,74600
2020-01-16,52.990002,53.849998,52.990002,53.820000,49.779755,86700
2020-01-17,54.090000,54.299999,53.020000,53.639999,49.613270,99700
2020-01-21,53.799999,53.799999,53.200001,53.599998,49.576275,82300
2020-01-22,53.750000,53.770000,53.430000,53.590000,49.567024,71300
2020-01-23,53.610001,53.990002,53.340000,53.810001,49.770512,89600
2020-01-24,53.849998,54.040001,53.369999,53.630001,49.604019,58200
2020-01-27,53.320000,53.849998,53.200001,53.619999,49.594776,67800
2020-01-28,53.869999,54.000000,53.450001,53.599998,49.576275,85300
2020-01-29,53.500000,53.500000,53.060001,53.299999,49.298798,142000
2020-01-30,53.160000,54.240002,52.990002,54.200001,50.131233,94400
2020-01-31,54.080002,54.160000,53.320000,53.560001,49.539276,130500
2020-02-03,53.860001,54.529999,53.560001,54.459999,50.371712,118200
2020-02-04,54.650002,54.650002,53.650002,53.720001,49.687260,68300
2020-02-05,54.000000,54.500000,53.849998,54.490002,50.399467,65600
2020-02-06,54.700001,54.700001,54.139999,54.410000,50.325462,62000
2020-02-07,54.520000,54.520000,53.950001,53.950001,49.899998,63300
2020-02-10,54.139999,54.250000,53.840000,54.220001,50.149734,41500
2020-02-11,54.270000,54.520000,54.060001,54.119999,50.057240,64200
2020-02-12,54.049999,54.320000,53.799999,54.130001,50.066490,109300
2020-02-13,53.869999,54.410000,53.459999,54.360001,50.625263,70500
2020-02-14,54.500000,54.840000,54.180000,54.779999,51.016407,65300
2020-02-18,54.990002,54.990002,52.240002,54.450001,50.709087,117000
2020-02-19,54.650002,56.900002,54.419998,56.090000,52.236408,123100
2020-02-20,56.029999,56.230000,55.410000,56.020000,52.171223,77100
2020-02-21,56.130001,56.330002,55.410000,55.410000,51.603127,75700
2020-02-24,54.529999,54.669998,53.279999,53.439999,49.768475,110200
2020-02-25,53.529999,53.570000,51.930000,52.099998,48.520538,119400
2020-02-26,52.099998,53.080002,51.919998,52.169998,48.585728,165100
2020-02-27,51.610001,52.450001,50.209999,50.270000,46.816261,103400
2020-02-28,48.970001,49.340000,47.560001,48.610001,45.270313,212500
2020-03-02,48.820000,50.349998,48.799999,50.000000,46.564812,170900
2020-03-03,50.000000,51.990002,48.980000,49.450001,46.052601,154200
2020-03-04,50.169998,51.540001,49.820000,51.360001,47.831379,194500
2020-03-05,50.669998,50.930000,49.500000,50.200001,46.751072,107900
2020-03-06,49.459999,51.029999,49.080002,50.799999,47.309853,130700
2020-03-09,47.599998,48.790001,45.330002,46.570000,43.370464,129700
2020-03-10,47.709999,48.610001,45.380001,47.400002,44.143444,147500
2020-03-11,46.439999,46.820000,44.450001,45.330002,42.215660,136100
2020-03-12,42.680000,44.410000,38.139999,38.150002,35.528950,176400
2020-03-13,38.570000,41.889999,37.389999,41.799999,38.928185,208900
2020-03-16,35.119999,38.759998,30.950001,33.130001,30.853848,190500
2020-03-17,33.939999,41.380001,33.770000,41.369999,38.527729,218000
2020-03-18,38.730000,41.779999,36.860001,40.320000,37.549866,173700
2020-03-19,39.820000,43.900002,39.130001,43.259998,40.287876,234600
2020-03-20,43.209999,43.500000,35.509998,36.139999,33.657043,298800
2020-03-23,35.980000,37.740002,31.530001,36.980000,34.439335,187600
2020-03-24,39.040001,41.090000,37.709999,40.820000,38.015511,209600
2020-03-25,40.500000,41.509998,38.279999,39.410000,36.702385,198700
2020-03-26,40.020000,44.849998,40.020000,44.090000,41.060852,168600
2020-03-27,42.470001,44.889999,41.820000,43.320000,40.343754,129500
2020-03-30,43.459999,46.400002,43.459999,46.169998,42.997944,110300
2020-03-31,45.919998,46.000000,43.459999,44.459999,41.405430,148000
2020-04-01,42.970001,43.840000,41.070000,42.139999,39.244823,166800
2020-04-02,41.450001,44.160000,41.119999,43.349998,40.371696,197000
2020-04-03,43.080002,43.750000,41.099998,42.860001,39.915359,117500
2020-04-06,44.410000,46.500000,43.360001,46.049999,42.886192,181500
2020-04-07,46.549999,46.939999,43.000000,43.709999,40.706959,169200
2020-04-08,44.340000,45.590000,43.279999,44.680000,41.610317,138300
2020-04-09,44.799999,48.220001,44.799999,47.549999,44.283138,127200
2020-04-13,47.270000,47.369999,44.820000,46.139999,42.970009,106600
2020-04-14,47.209999,47.349998,45.520000,46.860001,43.640541,107900
2020-04-15,45.400002,45.570000,43.180000,43.360001,40.381001,135100
2020-04-16,43.389999,44.419998,42.529999,44.299999,41.256424,137900
2020-04-17,45.580002,46.020000,44.830002,45.529999,42.401920,105800
2020-04-20,44.520000,45.889999,43.820000,43.930000,40.911846,104900
2020-04-21,42.750000,44.849998,42.750000,43.950001,40.930473,107000
2020-04-22,44.630001,45.889999,43.599998,43.709999,40.706959,194200
2020-04-23,43.599998,44.480000,42.980000,43.270000,40.297192,105600
2020-04-24,43.330002,43.759998,41.720001,43.279999,40.306499,91500
2020-04-27,43.680000,44.439999,43.619999,44.020000,40.995663,105000
2020-04-28,45.000000,45.490002,44.459999,45.080002,41.982838,100700
2020-04-29,46.430000,47.349998,45.270000,46.220001,43.044514,162600
2020-04-30,45.560001,46.549999,43.349998,44.380001,41.330929,108800
2020-05-01,43.310001,43.549999,41.980000,42.910000,39.961922,116300
2020-05-04,42.900002,43.580002,41.340000,43.439999,40.455513,136600
2020-05-05,44.169998,44.680000,42.910000,43.150002,40.185432,80700
2020-05-06,41.450001,45.080002,40.750000,41.259998,38.425278,143200
2020-05-07,42.000000,42.480000,41.130001,41.630001,38.769863,106900
2020-05-08,42.470001,43.810001,42.139999,43.459999,40.474133,150800
2020-05-11,42.770000,43.570000,41.119999,42.279999,39.375198,167700
2020-05-12,42.250000,42.540001,40.450001,40.570000,37.782692,127300
2020-05-13,40.119999,41.810001,38.400002,39.349998,36.646503,127800
2020-05-14,38.240002,38.580002,36.700001,38.540001,36.232849,141300
2020-05-15,38.549999,38.759998,37.779999,38.709999,36.392673,181900
2020-05-18,40.290001,41.330002,40.169998,41.240002,38.771217,170200
2020-05-19,41.009998,41.160000,39.560001,39.560001,37.191792,97500
2020-05-20,40.139999,41.380001,39.889999,40.869999,38.423367,200900
2020-05-21,40.939999,41.380001,40.820000,40.900002,38.451576,105900
2020-05-22,41.110001,41.480000,40.889999,41.410000,38.931046,118400
2020-05-26,42.810001,43.090000,42.270000,42.430000,39.889980,123500
2020-05-27,43.240002,43.639999,41.270000,42.580002,40.030998,216600
2020-05-28,43.279999,43.720001,42.799999,43.119999,40.538670,359800
2020-05-29,43.070000,43.119999,41.889999,42.910000,40.341248,151000
2020-06-01,43.029999,43.029999,42.000000,42.000000,39.485722,156500
2020-06-02,42.320000,42.389999,41.639999,42.049999,39.532722,119600
2020-06-03,42.540001,43.660000,42.320000,43.119999,40.538670,118600
2020-06-04,42.720001,42.779999,41.610001,41.840000,39.335300,141400
2020-06-05,42.849998,44.410000,42.480000,43.549999,40.942932,245900
2020-06-08,44.259998,44.610001,43.500000,44.200001,41.554016,162100
2020-06-09,43.680000,43.930000,42.200001,42.770000,40.209621,130700
2020-06-10,43.400002,43.650002,42.400002,42.860001,40.294239,207200
2020-06-11,41.540001,42.430000,39.549999,39.619999,37.248192,153700
2020-06-12,41.000000,41.000000,38.799999,39.900002,37.511436,150800
2020-06-15,38.910000,40.389999,38.610001,40.139999,37.737064,123300
2020-06-16,41.340000,42.000000,39.889999,40.119999,37.718269,115600
2020-06-17,40.410000,40.410000,38.900002,39.119999,36.778130,103500
2020-06-18,39.000000,39.250000,38.610001,38.990002,36.655914,111100
2020-06-19,38.939999,39.320000,38.150002,38.180000,35.894402,231400
2020-06-22,38.180000,39.209999,37.700001,39.080002,36.740524,134700
2020-06-23,39.680000,39.880001,38.340000,38.799999,36.477283,119400
2020-06-24,38.580002,38.810001,37.480000,38.070000,35.790985,218700
2020-06-25,37.919998,37.970001,37.279999,37.820000,35.555943,104800
2020-06-26,37.580002,37.889999,36.799999,36.910000,34.700424,301500
2020-06-29,37.470001,38.849998,37.270000,38.570000,36.261055,122000
2020-06-30,38.419998,39.279999,38.230000,38.790001,36.467880,122800
2020-07-01,38.889999,39.369999,38.680000,39.220001,36.872139,125500
2020-07-02,39.799999,40.029999,39.029999,39.259998,36.909748,92500
2020-07-06,39.790001,39.790001,38.299999,38.660000,36.345665,123500
2020-07-07,38.250000,38.619999,37.770000,38.119999,35.837990,78100
2020-07-08,38.240002,38.740002,37.400002,38.049999,35.772179,135300
2020-07-09,38.049999,38.049999,36.630001,37.389999,35.151684,129500
2020-07-10,37.400002,38.410000,37.389999,38.299999,36.007214,97200
2020-07-13,38.599998,38.849998,38.080002,38.220001,35.932003,94300
2020-07-14,38.270000,38.759998,38.040001,38.619999,36.308064,114500
2020-07-15,39.310001,39.939999,38.790001,38.889999,36.561897,179600
2020-07-16,38.700001,39.060001,38.209999,38.410000,36.110626,109900
2020-07-17,38.419998,39.459999,38.369999,39.180000,36.834541,85300
2020-07-20,39.119999,39.119999,38.090000,38.369999,36.073025,85100
2020-07-21,38.650002,39.349998,38.369999,38.830002,36.505489,128700
2020-07-22,38.540001,39.200001,38.410000,38.990002,36.655914,104400
2020-07-23,39.060001,39.500000,38.830002,39.349998,36.994358,107800
2020-07-24,39.470001,39.740002,38.599998,38.750000,36.430279,72800
2020-07-27,38.700001,38.849998,38.340000,38.509998,36.204643,101300
2020-07-28,38.430000,39.369999,38.430000,38.889999,36.561897,130800
2020-07-29,38.950001,39.590000,38.950001,39.340000,36.984959,248500
2020-07-30,38.889999,39.180000,38.630001,38.869999,36.543091,111400
2020-07-31,38.709999,39.049999,37.730000,38.250000,35.960213,156900
2020-08-03,38.270000,38.619999,37.380001,37.709999,35.452538,129100
2020-08-04,38.250000,38.970001,37.410000,38.770000,36.449078,159800
2020-08-05,40.450001,40.990002,39.119999,39.680000,37.304600,186800
2020-08-06,39.580002,40.400002,39.410000,40.220001,37.812279,124200
2020-08-07,39.959999,41.590000,39.959999,41.570000,39.081467,122200
2020-08-10,41.730000,41.860001,41.360001,41.450001,38.968647,125100
2020-08-11,41.799999,42.020000,40.950001,41.169998,38.705410,130800
2020-08-12,41.459999,41.830002,41.270000,41.610001,39.119064,111500
2020-08-13,40.790001,41.070000,39.830002,40.310001,38.236900,180800
2020-08-14,40.099998,40.380001,39.680000,40.029999,37.971298,84500
2020-08-17,39.900002,40.419998,39.610001,40.040001,37.980785,137100
2020-08-18,40.000000,40.009998,39.560001,39.779999,37.734154,101500
2020-08-19,39.720001,40.119999,38.610001,39.430000,37.402157,190300
2020-08-20,39.040001,39.509998,38.919998,39.200001,37.183983,113900
2020-08-21,39.250000,39.400002,38.959999,39.320000,37.297813,88000
2020-08-24,39.770000,40.290001,39.150002,39.740002,37.696213,77400
2020-08-25,39.740002,39.740002,39.150002,39.349998,37.326271,61400
2020-08-26,39.230000,39.250000,38.279999,38.660000,36.671753,149200
2020-08-27,38.799999,39.410000,38.610001,39.080002,37.070156,107400
2020-08-28,39.259998,39.320000,38.529999,39.090000,37.079643,100900
2020-08-31,38.930000,39.540001,38.759998,38.849998,36.851982,166800
2020-09-01,38.580002,38.650002,37.950001,38.040001,36.083637,100500
2020-09-02,38.009998,39.040001,38.009998,38.790001,36.795063,84000
2020-09-03,38.830002,39.360001,38.290001,38.439999,36.463070,105700
2020-09-04,38.910000,38.910000,37.709999,38.189999,36.225925,81200
2020-09-08,38.200001,38.759998,37.430000,37.889999,35.941349,110300
2020-09-09,38.000000,38.509998,37.750000,37.889999,35.941349,82400
2020-09-10,38.110001,38.150002,36.910000,37.080002,35.173008,161200
2020-09-11,37.099998,37.160000,36.590000,36.770000,34.878960,111100
2020-09-14,37.110001,37.529999,36.930000,37.150002,35.239418,92600
2020-09-15,37.310001,37.520000,36.560001,36.740002,34.850502,99300
2020-09-16,36.610001,37.389999,36.610001,37.040001,35.135071,153500
2020-09-17,36.799999,37.209999,36.549999,36.910000,35.011753,131300
2020-09-18,37.200001,37.200001,36.060001,36.340000,34.471073,307300
2020-09-21,36.000000,36.349998,35.360001,36.279999,34.414154,183200
2020-09-22,36.430000,36.950001,35.980000,36.759998,34.869469,142000
2020-09-23,36.799999,37.240002,35.660000,35.799999,33.958839,375200
2020-09-24,35.820000,36.689999,35.709999,36.090000,34.233929,104200
2020-09-25,35.830002,36.290001,35.610001,36.139999,34.281353,109700
2020-09-28,36.439999,36.799999,36.270000,36.540001,34.660782,129400
2020-09-29,36.570000,36.730000,35.820000,36.040001,34.186493,66100
2020-09-30,36.349998,36.549999,35.910000,36.169998,34.309814,88600
2020-10-01,36.220001,36.639999,35.880001,36.549999,34.670265,118200
2020-10-02,36.119999,37.230000,36.119999,37.049999,35.144554,94900
2020-10-05,37.279999,37.779999,37.220001,37.570000,35.637814,89100
2020-10-06,37.799999,39.090000,37.709999,38.250000,36.282841,123300
2020-10-07,38.450001,38.869999,38.169998,38.669998,36.681236,113000
2020-10-08,38.970001,39.630001,38.849998,39.509998,37.478035,111000
2020-10-09,39.549999,39.650002,38.860001,39.009998,37.003750,74800
2020-10-12,39.060001,39.500000,38.889999,39.340000,37.316784,78400
2020-10-13,39.049999,39.189999,38.270000,38.669998,36.681236,86100
2020-10-14,38.380001,39.060001,38.369999,38.459999,36.482040,38000
2020-10-15,38.060001,39.150002,37.950001,38.959999,36.956322,81200
2020-10-16,38.759998,39.360001,38.709999,38.830002,36.833008,87100
2020-10-19,39.369999,39.369999,38.639999,39.029999,37.022724,72900
2020-10-20,39.320000,39.619999,38.880001,39.480000,37.449581,110600
2020-10-21,39.480000,39.990002,39.330002,39.639999,37.601349,72000
2020-10-22,39.750000,40.520000,39.599998,40.439999,38.360210,99600
2020-10-23,40.740002,41.000000,40.480000,40.830002,38.730160,63900
2020-10-26,40.400002,40.700001,40.080002,40.669998,38.578381,106600
2020-10-27,40.480000,41.060001,40.060001,40.290001,38.217934,182900
2020-10-28,39.450001,40.279999,38.029999,38.240002,36.273357,439100
2020-10-29,38.110001,38.560001,37.520000,38.250000,36.282841,163400
2020-10-30,38.060001,38.630001,38.009998,38.349998,36.377697,132400
2020-11-02,38.740002,39.869999,38.619999,39.660000,37.620323,98900
2020-11-03,40.549999,42.860001,40.549999,42.500000,40.314270,159500
2020-11-04,41.950001,42.299999,39.779999,40.099998,38.037693,120800
2020-11-05,40.310001,41.029999,39.930000,40.220001,38.151527,81800
2020-11-06,40.389999,40.529999,39.570000,39.799999,37.753120,97100
2020-11-09,41.650002,43.060001,40.529999,41.709999,39.564896,180400
2020-11-10,42.200001,43.490002,42.200001,43.349998,41.120552,149200
2020-11-11,43.410000,43.549999,42.220001,43.099998,40.883411,119600
2020-11-12,41.700001,42.490002,39.790001,40.139999,38.405334,228100
2020-11-13,40.240002,41.130001,40.189999,40.919998,39.151627,120000
2020-11-16,41.639999,42.139999,41.040001,41.910000,40.098843,167300
2020-11-17,41.580002,41.650002,41.049999,41.410000,39.620457,134300
2020-11-18,41.500000,42.139999,41.189999,41.279999,39.496071,186100
2020-11-19,41.009998,41.009998,39.860001,40.400002,38.654106,140000
2020-11-20,40.040001,40.439999,39.709999,40.139999,38.405334,129400
2020-11-23,40.389999,41.240002,40.080002,40.889999,39.122925,159300
2020-11-24,41.310001,42.380001,40.810001,41.880001,40.070141,215600
2020-11-25,41.709999,42.369999,41.509998,41.779999,39.974457,353000
2020-11-27,41.630001,41.689999,40.169998,40.740002,38.979412,87400
2020-11-30,40.619999,40.709999,39.730000,39.820000,38.099159,207400
2020-12-01,40.419998,41.599998,40.310001,40.669998,38.912430,205300
2020-12-02,40.540001,41.000000,39.990002,40.840000,39.075089,91700
2020-12-03,40.889999,41.430000,40.320000,40.419998,38.673233,124200
2020-12-04,40.529999,41.290001,40.529999,41.250000,39.467369,102500
2020-12-07,41.310001,41.849998,41.099998,41.750000,39.945755,125400
2020-12-08,41.590000,42.000000,41.380001,41.930000,40.117981,152700
2020-12-09,41.950001,43.040001,41.950001,42.790001,40.940819,204800
2020-12-10,42.889999,42.990002,42.060001,42.430000,40.596371,130600
2020-12-11,42.430000,43.500000,42.430000,43.380001,41.505322,124900
2020-12-14,43.520000,44.509998,42.880001,43.040001,41.180012,165700
2020-12-15,43.840000,43.919998,42.830002,43.880001,41.983711,130700
2020-12-16,43.910000,44.200001,43.220001,43.660000,41.773220,130500
2020-12-17,43.990002,44.389999,43.770000,44.240002,42.328156,115000
2020-12-18,44.389999,44.450001,42.369999,42.810001,40.959953,719800
2020-12-21,42.209999,42.389999,40.709999,41.470001,39.677864,213600
2020-12-22,41.470001,42.169998,41.130001,42.029999,40.213654,129900
2020-12-23,42.430000,42.750000,41.880001,42.000000,40.184959,211700
2020-12-24,43.020000,43.020000,41.459999,42.189999,40.366741,58300
2020-12-28,42.340000,43.200001,42.340000,42.700001,40.854706,108500
2020-12-29,42.830002,43.009998,42.000000,42.310001,40.481560,83900
2020-12-30,41.889999,42.680000,41.889999,42.369999,40.538963,68000
2020-12-31,42.369999,42.849998,42.150002,42.610001,40.768597,118500
2021-01-04,42.750000,43.000000,41.459999,41.720001,39.917057,158900
2021-01-05,41.709999,42.299999,40.959999,41.490002,39.696999,89200
2021-01-06,41.869999,43.980000,41.820000,43.580002,41.696678,149900
2021-01-07,43.680000,43.720001,42.799999,42.919998,41.065197,99200
2021-01-08,43.000000,43.000000,42.160000,42.669998,40.826004,155100
2021-01-11,42.220001,42.799999,41.820000,42.130001,40.309341,91400
2021-01-12,42.000000,42.439999,41.860001,42.279999,40.452854,87100
2021-01-13,42.130001,42.799999,42.049999,42.669998,40.826004,105700
2021-01-14,42.910000,42.910000,42.049999,42.259998,40.433720,82100
2021-01-15,41.880001,42.330002,41.650002,41.990002,40.175388,154100
2021-01-19,42.369999,42.369999,41.130001,41.220001,39.438671,121100
2021-01-20,41.150002,41.770000,40.959999,41.389999,39.601318,117000
2021-01-21,41.209999,41.529999,40.950001,41.240002,39.457798,111900
2021-01-22,41.000000,41.720001,40.709999,41.599998,39.802242,141200
2021-01-25,41.180000,41.939999,40.910000,41.900002,40.089283,140300
2021-01-26,41.980000,42.070000,41.020000,41.070000,39.295147,130800
2021-01-27,40.700001,40.970001,39.349998,39.599998,37.888672,267400
2021-01-28,39.779999,41.230000,39.630001,40.400002,38.654106,200900
2021-01-29,40.160000,40.450001,39.549999,39.689999,37.974781,139100
2021-02-01,39.700001,40.520000,39.360001,40.139999,38.405334,126900
2021-02-02,40.599998,41.520000,40.169998,41.180000,39.400394,136900
2021-02-03,40.959999,41.209999,40.250000,41.110001,39.333424,118200
2021-02-04,40.959999,41.820000,40.560001,41.450001,39.658726,116500
2021-02-05,41.680000,41.980000,41.349998,41.860001,40.051006,102300
2021-02-08,42.209999,42.230000,41.619999,42.060001,40.242363,112300
2021-02-09,42.240002,42.419998,41.580002,42.340000,40.510258,84300
2021-02-10,42.340000,42.740002,41.950001,42.590000,40.749458,93600
2021-02-11,42.450001,42.470001,41.779999,42.189999,40.739803,139400
2021-02-12,41.939999,42.209999,41.509998,42.169998,40.720482,124800
2021-02-16,42.090000,42.090000,40.750000,41.189999,39.774170,189900
2021-02-17,41.389999,42.689999,41.389999,42.029999,40.585300,165800
2021-02-18,42.049999,42.450001,41.880001,41.930000,40.488743,107600
2021-02-19,41.790001,41.990002,41.570000,41.849998,40.411488,95800
2021-02-22,41.709999,41.849998,40.759998,41.520000,40.092834,133700
2021-02-23,41.570000,42.490002,41.340000,41.450001,40.025238,154100
2021-02-24,41.680000,42.450001,41.209999,41.900002,40.459770,149300
2021-02-25,42.490002,42.490002,41.279999,41.369999,39.947987,89300
2021-02-26,41.410000,41.669998,40.459999,40.520000,39.127205,142800
2021-03-01,41.180000,41.549999,40.869999,41.290001,39.870739,118400
2021-03-02,41.310001,41.549999,40.619999,41.119999,39.706581,105800
2021-03-03,41.250000,42.049999,40.840000,41.750000,40.314930,110600
2021-03-04,41.910000,42.860001,41.299999,41.590000,40.160431,127400
2021-03-05,42.160000,43.070000,41.430000,42.869999,41.396427,168500
2021-03-08,42.990002,43.790001,42.430000,43.599998,42.101334,150600
2021-03-09,43.310001,43.910000,43.209999,43.500000,42.004772,92800
2021-03-10,43.869999,45.250000,43.369999,44.980000,43.433903,176400
2021-03-11,44.740002,44.860001,44.060001,44.520000,42.989712,131100
2021-03-12,44.610001,45.419998,44.410000,45.330002,43.771877,91500
2021-03-15,45.160000,45.700001,44.790001,45.660000,44.090527,106500
2021-03-16,45.459999,45.950001,45.080002,45.950001,44.370567,102600
2021-03-17,45.799999,46.000000,45.000000,45.240002,43.684971,103900
2021-03-18,45.049999,45.680000,44.880001,45.500000,43.936024,87900
2021-03-19,45.520000,46.250000,45.070000,46.200001,44.611969,457100
2021-03-22,46.009998,46.009998,45.049999,45.320000,43.762215,162900
2021-03-23,45.060001,45.770000,45.020000,45.389999,43.829803,110900
2021-03-24,45.730000,46.549999,45.270000,45.599998,44.032589,164000
2021-03-25,45.580002,46.389999,45.099998,45.880001,44.302967,95800
2021-03-26,45.990002,46.680000,45.580002,46.459999,44.863029,86100
2021-03-29,46.320000,47.099998,46.150002,46.730000,45.123753,94100
2021-03-30,46.570000,46.570000,45.910000,46.189999,44.602314,110400
2021-03-31,46.000000,46.639999,45.919998,46.169998,44.582996,186100
2021-04-01,46.040001,46.520000,45.740002,46.509998,44.911308,80100
2021-04-05,46.320000,46.919998,46.180000,46.549999,44.949940,112100
2021-04-06,46.549999,46.840000,46.130001,46.360001,44.766468,77300
2021-04-07,46.360001,46.590000,45.950001,46.189999,44.602314,63900
2021-04-08,46.020000,46.580002,45.610001,45.980000,44.399529,96900
2021-04-09,46.020000,46.349998,45.910000,46.110001,44.525066,56300
2021-04-12,46.299999,46.720001,46.279999,46.650002,45.046497,62400
2021-04-13,46.389999,46.549999,45.869999,46.459999,44.863029,58300
2021-04-14,46.480000,46.750000,45.910000,46.560001,44.959595,62300
2021-04-15,46.919998,47.220001,46.310001,47.220001,45.596909,65600
2021-04-16,47.490002,47.799999,46.419998,47.480000,45.847973,85200
2021-04-19,47.560001,47.630001,47.090000,47.240002,45.616219,76900
2021-04-20,47.200001,47.750000,47.049999,47.529999,45.896252,70800
2021-04-21,47.259998,47.759998,47.080002,47.349998,45.722439,121100
2021-04-22,47.119999,47.610001,47.110001,47.169998,45.548626,73100
2021-04-23,47.389999,47.740002,47.270000,47.509998,45.876938,70800
2021-04-26,47.459999,47.520000,46.709999,47.090000,45.471375,73300
2021-04-27,47.000000,47.000000,46.169998,46.220001,44.631283,56200
2021-04-28,46.130001,46.689999,45.779999,46.330002,44.737503,159400
2021-04-29,46.009998,47.150002,46.009998,46.950001,45.336189,65500
2021-04-30,46.709999,47.480000,46.709999,47.230000,45.606560,141100
2021-05-03,47.590000,48.310001,47.259998,47.889999,46.243874,110600
2021-05-04,48.000000,48.669998,48.000000,48.139999,46.485279,92000
2021-05-05,48.470001,48.470001,46.810001,47.430000,45.799690,63500
2021-05-06,47.779999,48.570000,47.299999,48.570000,46.900505,98000
2021-05-07,48.410000,48.980000,48.299999,48.950001,47.267445,106300
2021-05-10,49.310001,49.450001,48.430000,48.570000,46.900505,108600
2021-05-11,48.380001,48.619999,47.599998,48.439999,46.774971,85500
2021-05-12,48.160000,48.349998,47.009998,47.070000,45.452065,91200
2021-05-13,46.540001,48.470001,45.849998,48.240002,46.971027,91400
2021-05-14,48.490002,48.680000,48.139999,48.340000,47.068398,51100
2021-05-17,48.240002,48.299999,47.529999,47.799999,46.542599,47800
2021-05-18,47.480000,47.889999,47.150002,47.459999,46.211544,93200
2021-05-19,47.389999,47.980000,46.669998,47.230000,45.987591,57700
2021-05-20,47.189999,47.610001,47.090000,47.320000,46.075230,59800
2021-05-21,47.700001,47.900002,46.970001,47.610001,46.357597,58400
2021-05-24,47.889999,47.990002,47.220001,47.810001,46.552341,72000
2021-05-25,47.630001,47.889999,46.880001,46.970001,45.734432,95200
2021-05-26,46.930000,47.990002,46.930000,47.650002,46.396545,161300
2021-05-27,48.150002,48.540001,47.759998,47.810001,46.552341,204400
2021-05-28,47.950001,48.860001,47.529999,47.970001,46.708130,80200
2021-06-01,48.020000,48.419998,47.849998,48.279999,47.009972,80400
2021-06-02,48.619999,48.689999,48.000000,48.299999,47.029446,88500
2021-06-03,48.169998,49.250000,48.040001,49.049999,47.759716,94200
2021-06-04,49.209999,49.330002,48.619999,48.709999,47.428661,86000
2021-06-07,48.779999,49.090000,48.650002,48.889999,47.603924,76500
2021-06-08,48.880001,49.360001,48.619999,49.220001,47.925247,75200
2021-06-09,49.349998,49.639999,49.000000,49.619999,48.314724,93200
2021-06-10,49.889999,49.939999,49.049999,49.419998,48.119984,85500
2021-06-11,49.529999,49.919998,49.299999,49.790001,48.480255,62600
2021-06-14,49.610001,49.810001,49.250000,49.549999,48.246563,70900
2021-06-15,49.650002,49.930000,49.340000,49.790001,48.480255,59200
2021-06-16,49.330002,49.919998,48.939999,49.250000,47.954456,66300
2021-06-17,49.000000,49.470001,48.919998,49.279999,47.983662,85200
2021-06-18,48.700001,49.099998,47.349998,47.520000,46.269966,234900
2021-06-21,48.639999,48.930000,47.290001,48.830002,47.545509,91100
2021-06-22,48.820000,48.880001,47.970001,48.529999,47.253391,109800
2021-06-23,48.410000,48.410000,47.750000,47.889999,46.630230,215500
2021-06-24,48.119999,48.610001,47.720001,48.340000,47.068398,97900
2021-06-25,48.279999,49.369999,48.279999,48.980000,47.691559,655900
2021-06-28,48.880001,48.889999,48.070000,48.389999,47.117077,119300
2021-06-29,48.529999,48.610001,48.009998,48.240002,46.971027,181500
2021-06-30,48.270000,49.090000,47.950001,48.810001,47.526035,239700
2021-07-01,49.150002,49.230000,48.660000,48.900002,47.613667,94600
2021-07-02,48.980000,48.980000,48.230000,48.389999,47.117077,65400
2021-07-06,48.279999,48.560001,47.240002,47.980000,46.717869,72100
2021-07-07,48.000000,48.389999,47.830002,48.299999,47.029446,73300
2021-07-08,47.970001,48.349998,47.680000,48.110001,46.844448,85500
2021-07-09,48.360001,48.779999,48.130001,48.549999,47.272873,62300
2021-07-12,48.599998,48.849998,48.279999,48.799999,47.516296,43600
2021-07-13,48.610001,48.849998,48.439999,48.759998,47.477341,80900
2021-07-14,48.860001,49.220001,48.410000,49.220001,47.925247,83000
2021-07-15,49.009998,50.340000,48.580002,50.320000,48.996311,118500
2021-07-16,50.509998,51.189999,50.470001,50.490002,49.161839,117400
2021-07-19,50.119999,50.150002,48.709999,49.209999,47.915508,136700
2021-07-20,49.500000,51.049999,48.959999,50.130001,48.811310,197200
2021-07-21,50.360001,50.779999,49.360001,49.439999,48.139458,81700
2021-07-22,49.299999,49.349998,48.669998,48.799999,47.516296,74200
2021-07-23,49.029999,49.750000,48.959999,49.700001,48.392620,44100
2021-07-26,49.759998,50.009998,49.450001,49.939999,48.626305,62700
2021-07-27,49.740002,50.340000,49.220001,50.279999,48.957363,75500
2021-07-28,50.040001,50.770000,49.840000,50.689999,49.356575,111400
2021-07-29,51.130001,51.250000,50.419998,51.040001,49.697376,69400
2021-07-30,50.880001,51.240002,50.689999,50.790001,49.453949,100500
2021-08-02,51.000000,51.540001,50.810001,51.150002,49.804474,101600
2021-08-03,52.740002,54.480000,51.990002,53.369999,51.966080,161200
2021-08-04,53.200001,53.380001,52.139999,52.869999,51.479229,103800
2021-08-05,53.080002,53.990002,52.560001,53.980000,52.560028,124100
2021-08-06,54.060001,54.520000,53.180000,53.480000,52.073185,125900
2021-08-09,53.410000,53.430000,52.799999,53.299999,51.897919,57400
2021-08-10,53.400002,53.730000,53.180000,53.290001,51.888184,44800
2021-08-11,53.509998,53.720001,53.009998,53.720001,52.306870,55300
2021-08-12,53.439999,53.669998,53.220001,53.540001,52.512844,58500
2021-08-13,53.439999,53.770000,53.250000,53.700001,52.669773,37500
2021-08-16,53.779999,54.279999,53.230000,53.750000,52.718815,53400
2021-08-17,53.790001,54.009998,53.270000,53.840000,52.807087,74200
2021-08-18,53.790001,53.990002,53.020000,53.209999,52.189171,61000
2021-08-19,53.080002,53.900002,52.830002,53.200001,52.179363,62200
2021-08-20,53.040001,53.709999,52.849998,53.709999,52.679581,98800
2021-08-23,53.880001,53.970001,52.880001,53.849998,52.816891,90000
2021-08-24,53.779999,53.779999,52.490002,52.919998,51.904736,84600
2021-08-25,53.020000,53.320000,52.599998,53.110001,52.091091,141400
2021-08-26,53.320000,53.720001,52.889999,53.410000,52.385338,98500
2021-08-27,53.480000,54.770000,53.369999,54.580002,53.532890,95900
2021-08-30,54.730000,55.230000,54.540001,55.020000,53.964451,90800
2021-08-31,55.070000,55.650002,54.660000,54.869999,53.817326,111900
2021-09-01,55.000000,55.509998,54.630001,55.470001,54.405819,70600
2021-09-02,55.750000,56.150002,55.480000,56.139999,55.062962,81100
2021-09-03,56.139999,56.240002,55.119999,55.259998,54.199844,73200
2021-09-07,55.270000,56.060001,54.799999,55.590000,54.523514,174300
2021-09-08,55.500000,57.410000,55.020000,57.110001,56.014355,159000
2021-09-09,57.240002,57.900002,56.529999,57.590000,56.485146,165200
2021-09-10,57.799999,58.169998,57.250000,57.730000,56.622459,165300
2021-09-13,58.160000,58.599998,56.189999,56.540001,55.455288,133800
2021-09-14,56.750000,56.810001,55.430000,55.700001,54.631405,116800
2021-09-15,55.820000,56.549999,55.060001,56.240002,55.161045,107500
2021-09-16,56.340000,56.580002,55.450001,55.509998,54.445045,88200
2021-09-17,55.779999,55.849998,54.730000,54.980000,53.925217,421900
2021-09-20,54.660000,55.450001,54.139999,54.810001,53.758476,134800
2021-09-21,55.180000,55.189999,54.450001,54.669998,53.621162,100800
2021-09-22,54.610001,55.400002,54.189999,55.110001,54.052723,166600
2021-09-23,55.400002,56.430000,55.110001,56.009998,54.935455,91000
2021-09-24,56.110001,56.590000,55.880001,56.220001,55.141430,101600
2021-09-27,56.209999,57.410000,56.000000,56.759998,55.671062,116600
2021-09-28,56.740002,56.790001,55.709999,55.980000,54.906029,89100
2021-09-29,56.240002,57.000000,56.000000,56.799999,55.710300,68300
2021-09-30,57.099998,57.299999,55.880001,55.970001,54.896225,108700
2021-10-01,56.139999,56.750000,55.360001,56.189999,55.112000,109800
2021-10-04,56.110001,57.360001,55.950001,57.220001,56.122242,91300
2021-10-05,57.560001,57.779999,56.900002,57.560001,56.455719,84200
2021-10-06,57.349998,58.560001,57.099998,58.560001,57.436539,90300
2021-10-07,58.799999,59.400002,58.450001,58.889999,57.760201,138300
2021-10-08,58.889999,59.250000,58.209999,58.230000,57.112865,77500
2021-10-11,58.220001,58.360001,56.750000,56.950001,55.857422,92600
2021-10-12,57.130001,57.369999,56.759998,57.270000,56.171280,112100
2021-10-13,57.299999,57.939999,57.000000,57.750000,56.642071,65500
2021-10-14,57.529999,59.000000,57.529999,58.959999,57.828861,92900
2021-10-15,59.630001,59.740002,58.299999,58.369999,57.250175,136700
2021-10-18,58.080002,58.490002,57.450001,58.240002,57.122673,67300
2021-10-19,58.389999,58.750000,57.689999,57.959999,56.848045,85500
2021-10-20,58.049999,59.299999,58.040001,59.139999,58.005405,87300
2021-10-21,59.220001,59.599998,58.930000,59.549999,58.407543,71400
2021-10-22,59.860001,60.750000,59.529999,60.599998,59.437393,96700
2021-10-25,61.369999,61.419998,60.380001,60.930000,59.761066,99900
2021-10-26,60.830002,62.110001,60.580002,61.490002,60.310326,120900
2021-10-27,61.639999,61.639999,60.009998,60.470001,59.309891,229300
2021-10-28,60.619999,61.470001,60.560001,61.380001,60.202435,89600
2021-10-29,61.209999,62.070000,61.150002,62.009998,60.820347,146800
2021-11-01,62.000000,63.080002,60.959999,62.689999,61.487297,138800
2021-11-02,63.650002,63.740002,62.540001,63.000000,61.791355,168100
2021-11-03,63.180000,65.029999,62.930000,64.510002,63.272385,143900
2021-11-04,64.260002,64.500000,62.660000,63.660000,62.438690,164300
2021-11-05,64.070000,66.099998,64.000000,65.800003,64.537636,134100
2021-11-08,65.970001,66.000000,65.139999,65.459999,64.204155,81600
2021-11-09,65.519997,66.510002,65.519997,66.150002,64.880928,67800
2021-11-10,66.440002,67.389999,66.120003,66.989998,65.704803,95900
2021-11-11,67.050003,67.050003,65.769997,66.449997,65.175163,88900
2021-11-12,66.010002,66.870003,65.699997,66.620003,65.727669,71400
2021-11-15,66.879997,66.889999,65.959999,66.330002,65.441551,63700
2021-11-16,66.580002,67.070000,66.089996,66.410004,65.520477,80800
2021-11-17,67.000000,67.629997,66.110001,67.430000,66.526817,160200
2021-11-18,67.419998,68.550003,66.720001,68.449997,67.533150,153500
2021-11-19,68.669998,69.709999,68.000000,69.620003,68.687485,140200
2021-11-22,69.629997,71.510002,69.610001,70.169998,69.230110,140900
2021-11-23,69.830002,70.089996,68.580002,69.099998,68.174446,169600
2021-11-24,69.129997,69.510002,68.570000,69.000000,68.075783,287500
2021-11-26,68.209999,68.599998,66.160004,66.540001,65.648743,131500
2021-11-29,67.150002,68.000000,66.910004,67.430000,66.526817,160900
2021-11-30,67.370003,67.629997,65.089996,65.389999,64.514145,133800
2021-12-01,66.169998,67.500000,65.250000,65.449997,64.573334,108800
2021-12-02,65.839996,67.610001,65.839996,67.330002,66.428162,96000
2021-12-03,67.620003,67.760002,65.110001,67.019997,66.122299,75300
2021-12-06,67.570000,68.529999,67.349998,67.589996,66.684669,95400
2021-12-07,67.629997,67.889999,66.220001,66.550003,65.658607,147600
2021-12-08,66.599998,67.000000,65.730003,66.860001,65.964455,134800
2021-12-09,66.970001,67.000000,65.959999,66.209999,65.323158,80800
2021-12-10,66.510002,67.410004,66.410004,67.309998,66.408417,102200
2021-12-13,67.559998,67.779999,66.660004,67.230003,66.329498,147100
2021-12-14,67.339996,67.879997,66.900002,67.339996,66.438019,331400
2021-12-15,67.510002,69.870003,67.220001,69.660004,68.726952,192200
2021-12-16,68.839996,69.889999,67.800003,68.199997,67.286499,137800
2021-12-17,68.330002,68.930000,66.720001,67.129997,66.230835,365900
2021-12-20,66.449997,67.629997,65.230003,67.419998,66.516953,140800
2021-12-21,67.919998,68.919998,65.419998,68.739998,67.819267,143100
2021-12-22,68.500000,69.239998,67.879997,69.110001,68.184319,68800
2021-12-23,69.250000,69.849998,68.739998,68.870003,67.947533,85500
2021-12-27,68.870003,69.050003,68.120003,68.809998,67.888329,88500
2021-12-28,68.989998,69.489998,68.370003,68.970001,68.046188,106900
2021-12-29,69.349998,70.639999,69.349998,70.419998,69.476761,131100
2021-12-30,70.629997,71.199997,70.199997,70.680000,69.733284,84700
2021-12-31,70.410004,71.709999,70.199997,71.419998,70.463371,72600
2022-01-03,71.419998,71.889999,69.010002,69.620003,68.687485,146200
2022-01-04,69.570000,69.709999,68.169998,68.360001,67.444359,104700
2022-01-05,68.440002,69.269997,67.239998,67.730003,66.822800,276700
2022-01-06,68.089996,68.980003,67.000000,68.169998,67.256897,110800
2022-01-07,67.879997,68.220001,67.029999,67.790001,66.881996,110200
2022-01-10,67.760002,67.760002,65.550003,65.769997,64.889046,179100
2022-01-11,66.089996,66.430000,64.010002,64.669998,63.803780,195200
2022-01-12,64.709999,65.430000,64.129997,64.199997,63.340076,120500
2022-01-13,64.410004,65.120003,63.759998,63.959999,63.103294,97000
2022-01-14,64.050003,64.410004,63.259998,64.279999,63.419006,116200
2022-01-18,63.939999,63.939999,62.070000,62.590000,61.751644,166900
2022-01-19,63.000000,63.430000,62.500000,62.619999,61.781239,81600
2022-01-20,63.119999,63.820000,62.150002,62.349998,61.514858,157500
2022-01-21,61.900002,64.120003,61.560001,62.980000,62.136421,152000
2022-01-24,62.860001,63.400002,60.570000,62.689999,61.850304,277000
2022-01-25,62.130001,63.119999,61.110001,62.360001,61.524727,164800
2022-01-26,62.799999,63.980000,61.020000,62.040001,61.209011,387700
2022-01-27,62.299999,63.040001,61.599998,62.040001,61.209011,117500
2022-01-28,61.900002,62.900002,61.320000,62.799999,61.958832,116400
2022-01-31,62.540001,63.439999,62.369999,63.400002,62.550797,206900
2022-02-01,63.419998,63.830002,61.799999,62.500000,61.662853,213700
2022-02-02,62.540001,63.209999,62.200001,62.740002,61.899635,99100
2022-02-03,62.560001,63.169998,61.740002,61.860001,61.031422,75900
2022-02-04,61.720001,62.070000,59.720001,60.660000,59.847496,174900
2022-02-07,60.480000,62.290001,60.450001,61.990002,61.159683,158900
2022-02-08,62.360001,62.689999,61.480000,62.410000,61.574055,129500
2022-02-09,62.709999,63.049999,62.169998,62.740002,61.899635,160700
2022-02-10,62.230000,62.380001,59.430000,60.060001,59.255535,319600
2022-02-11,60.320000,61.119999,59.669998,60.380001,59.571247,122500
2022-02-14,60.240002,60.730000,59.060001,60.709999,60.309341,226800
2022-02-15,62.330002,63.189999,59.900002,60.349998,59.951717,198300
2022-02-16,60.230000,61.799999,59.860001,61.430000,61.024590,187000
2022-02-17,61.380001,63.139999,61.060001,62.680000,62.266342,191900
2022-02-18,62.580002,62.680000,60.240002,60.419998,60.021255,178700
2022-02-22,60.830002,61.939999,60.310001,61.169998,60.766304,250900
2022-02-23,61.759998,62.000000,60.630001,60.730000,60.329208,141000
2022-02-24,59.849998,61.360001,59.660000,61.119999,60.716633,204600
2022-02-25,61.580002,62.869999,60.889999,62.820000,62.405415,141900
2022-02-28,62.369999,63.360001,61.619999,61.860001,61.451752,186200
2022-03-01,61.860001,62.320000,58.869999,59.360001,58.968250,206900
2022-03-02,59.639999,61.029999,59.639999,60.700001,60.299408,125800
2022-03-03,60.930000,61.500000,60.650002,61.380001,60.974922,113900
2022-03-04,60.880001,63.250000,60.880001,63.139999,62.723305,94000
2022-03-07,63.200001,63.669998,61.939999,62.290001,61.878914,103000
2022-03-08,62.500000,64.209999,61.799999,63.419998,63.001453,235900
2022-03-09,63.919998,63.919998,62.250000,62.980000,62.564362,108200
2022-03-10,63.139999,63.360001,62.110001,63.060001,62.643833,83700
2022-03-11,63.220001,64.000000,62.310001,62.340000,61.928585,82000
2022-03-14,62.439999,62.639999,60.320000,60.689999,60.289471,144300
2022-03-15,60.730000,62.320000,60.369999,62.060001,61.650433,140600
2022-03-16,62.189999,62.529999,61.180000,62.400002,61.988190,133300
2022-03-17,62.189999,62.290001,61.230000,61.630001,61.223270,116900
2022-03-18,62.290001,62.410000,60.680000,61.099998,60.696766,329200
2022-03-21,61.099998,62.830002,61.099998,62.830002,62.415352,100200
2022-03-22,63.119999,63.119999,62.029999,62.470001,62.057728,142800
2022-03-23,62.380001,62.410000,61.340000,61.580002,61.173603,136600
2022-03-24,61.900002,62.139999,61.480000,61.720001,61.312675,81700
2022-03-25,62.080002,62.860001,61.770000,62.669998,62.256405,83400
2022-03-28,62.660000,62.970001,62.230000,62.900002,62.484890,85600
2022-03-29,63.160000,63.950001,63.000000,63.820000,63.398815,99400
2022-03-30,63.820000,64.000000,62.759998,62.950001,62.534561,92500
2022-03-31,63.150002,63.840000,62.419998,62.500000,62.087528,130300
2022-04-01,62.599998,64.339996,62.560001,64.320000,63.895515,137900
2022-04-04,64.099998,64.750000,62.520000,63.410000,62.991524,107000
2022-04-05,63.410000,64.599998,62.779999,63.049999,62.633900,129800
2022-04-06,63.180000,64.540001,63.060001,64.349998,63.925316,112800
2022-04-07,64.489998,64.699997,63.330002,63.470001,63.051128,159000
2022-04-08,63.900002,64.089996,63.320000,63.419998,63.001453,90000
2022-04-11,63.380001,63.840000,62.430000,62.540001,62.127266,88800
2022-04-12,62.799999,63.599998,62.610001,63.099998,62.683567,85400
2022-04-13,63.310001,63.570000,62.299999,62.610001,62.196804,90300
2022-04-14,62.740002,63.529999,62.529999,62.529999,62.117329,91000
2022-04-18,62.720001,63.160000,61.680000,62.049999,61.640499,66700
2022-04-19,62.070000,62.959999,62.070000,62.779999,62.365681,76500
2022-04-20,63.340000,64.080002,63.340000,63.900002,63.478291,143600
2022-04-21,63.950001,64.279999,62.830002,62.919998,62.504753,106100
2022-04-22,62.750000,62.990002,62.240002,62.419998,62.008053,101500
2022-04-25,62.430000,62.730000,60.400002,61.169998,60.766304,115500
2022-04-26,60.930000,61.320000,60.180000,60.240002,59.842445,91500
2022-04-27,60.240002,61.090000,59.389999,59.660000,59.266270,147200
2022-04-28,60.389999,60.389999,59.029999,59.830002,59.435150,101700
2022-04-29,59.610001,59.610001,57.759998,57.959999,57.577488,157500
2022-05-02,58.160000,59.470001,57.590000,58.860001,58.471550,280800
2022-05-03,60.840000,62.169998,60.130001,60.889999,60.488152,194400
2022-05-04,60.980000,63.759998,60.980000,63.380001,62.961723,140900
2022-05-05,63.240002,63.360001,61.880001,62.590000,62.176933,136400
2022-05-06,62.720001,63.040001,61.380001,62.320000,61.908714,139000
2022-05-09,62.029999,63.560001,61.660000,63.160000,62.743172,149400
2022-05-10,63.320000,64.260002,61.560001,62.299999,61.888847,146100
2022-05-11,62.540001,63.590000,62.230000,62.580002,62.167004,165900
2022-05-12,62.439999,62.650002,60.240002,61.590000,61.590000,162200
2022-05-13,61.740002,63.099998,61.220001,62.560001,62.560001,146100
2022-05-16,62.520000,63.000000,62.310001,62.669998,62.669998,104700
2022-05-17,63.000000,63.959999,62.299999,63.639999,63.639999,106100
2022-05-18,63.959999,66.720001,63.860001,64.269997,64.269997,192100
2022-05-19,63.950001,64.199997,62.130001,62.930000,62.930000,249800
2022-05-20,63.340000,63.590000,62.060001,63.259998,63.259998,160200
2022-05-23,63.939999,64.250000,62.950001,63.340000,63.340000,93000
2022-05-24,63.540001,63.750000,61.830002,63.669998,63.669998,179500
2022-05-25,63.660000,64.470001,63.299999,64.379997,64.379997,186400
2022-05-26,64.820000,65.010002,64.089996,64.519997,64.519997,83100
2022-05-27,64.519997,65.410004,64.290001,65.370003,65.370003,66400
2022-05-31,65.110001,65.559998,64.459999,65.389999,65.389999,215600
2022-06-01,65.870003,66.849998,65.080002,66.449997,66.449997,148300
2022-06-02,66.580002,66.989998,65.070000,66.930000,66.930000,96600
2022-06-03,66.849998,67.220001,66.300003,66.639999,66.639999,81100
2022-06-06,66.690002,68.919998,66.480003,68.690002,68.690002,212300
2022-06-07,68.730003,68.730003,66.839996,67.959999,67.959999,165700
2022-06-08,67.779999,68.480003,67.150002,67.570000,67.570000,154800
2022-06-09,67.290001,68.750000,66.570000,67.400002,67.400002,118900
2022-06-10,66.949997,67.830002,66.339996,67.110001,67.110001,114000
2022-06-13,67.510002,67.510002,63.360001,63.619999,63.619999,153800
2022-06-14,63.830002,64.330002,62.070000,63.240002,63.240002,164600
2022-06-15,63.349998,64.930000,62.580002,64.040001,64.040001,139400
2022-06-16,63.410000,63.509998,62.509998,63.000000,63.000000,135900
2022-06-17,63.580002,64.050003,61.570000,61.779999,61.779999,215500
2022-06-21,62.150002,63.049999,61.259998,62.509998,62.509998,170500
2022-06-22,61.910000,63.980000,61.610001,62.810001,62.810001,178800
2022-06-23,63.099998,64.230003,62.750000,62.959999,62.959999,174600
2022-06-24,63.250000,65.040001,62.910000,65.000000,65.000000,791400
2022-06-27,65.239998,66.089996,64.489998,65.449997,65.449997,186200
2022-06-28,65.629997,67.099998,65.389999,66.160004,66.160004,185300
2022-06-29,66.470001,66.709999,65.129997,65.519997,65.519997,111900
2022-06-30,64.989998,67.180000,64.610001,67.129997,67.129997,202800
2022-07-01,67.129997,69.680000,66.800003,69.459999,69.459999,219100